captured_date,market,market_name,rank,rank_change,track_name,artist_names,artist_spotify_ids,track_spotify_id,image_url
2026-07-29,vn,Vietnam,1,–,Tìm Em (feat. Bảo Anh),Hngle; Bảo Anh,7kBsX15IDun9YxuVmKCMYJ; 4fCHhderLwLacsIOIKgu3J,6ELX356o21U28T73ZxruUj,https://i.scdn.co/image/ab67616d00001e0216d614a859798e628354b232
2026-07-29,vn,Vietnam,2,–,Seven (feat. Latto) (Explicit Ver.),Jung Kook; Latto,6HaGTQPmzraVmaVxvz6EUc; 3MdXrJWsbVzdn6fe5JYkSQ,2HRgqmZQC0MC7GeNuDIXHN,https://i.scdn.co/image/ab67616d00001e02741fd4807f442af3f7359316
2026-07-29,vn,Vietnam,3,–,xương rồng (intro),Dangrangto; DONAL,5xY6E5PMZNtz9jDvxTRiGI; 3rSAej8VUifF02zpsGjsRZ,6CTdPSNvUYw7UjerVIkUia,https://i.scdn.co/image/ab67616d00001e02f5ccda42421dd2d34cef2480
2026-07-29,vn,Vietnam,4,–,Không Buông,Hngle; Ari,7kBsX15IDun9YxuVmKCMYJ; 6cV92JqHZPWNfa7T4oAvR9,1ApIGNgp1azc0qB61x4GzG,https://i.scdn.co/image/ab67616d00001e028e2436033be92c06e4afee32
2026-07-29,vn,Vietnam,5,–,dự báo thời tiết hôm nay mưa,GREY D,6d0dLenjy5CnR5ZMn2agiV,7bFFUPBiF15n8m8RziqS4o,https://i.scdn.co/image/ab67616d00001e0212a6bd687aec4105bc06fcdf
2026-07-29,vn,Vietnam,6,–,vết thương,Fishy,7kSmS2G15QIw8rllwGex9r,6mKMGpkgP2cH5gmqILWe7b,https://i.scdn.co/image/ab67616d00001e02cb2a3066584a339e09508520
2026-07-29,vn,Vietnam,7,–,SWIM,BTS,3Nrfpe0tUJi4K4DXYWgMUX,68lbSrXDORS51pmyjZv712,https://i.scdn.co/image/ab67616d00001e02dfa17fad7f190c901603270e
2026-07-29,vn,Vietnam,8,–,Exit Sign,HIEUTHUHAI; marzuz,5HZtdKfC4xU0wvhEyYDWiY; 3y6Lfjkrdn5TgkbgDxbpvM,4nXrVH5xwN1w6TpmP7uu8n,https://i.scdn.co/image/ab67616d00001e02c006b0181a3846c1c63e178f
2026-07-29,vn,Vietnam,9,2,Và Thế Giới Đã Mất Đi Một Người Cô Đơn,marzuz; Changg,3y6Lfjkrdn5TgkbgDxbpvM; 1nX1HVIUo1Zfs3e2v3lFb9,6Qwl74olNi1rl65FNxG5We,https://i.scdn.co/image/ab67616d00001e02634fee188263a0d6bd8d822d
2026-07-29,vn,Vietnam,10,–,Người Im Lặng Gặp Người Hay Nói,HIEUTHUHAI,5HZtdKfC4xU0wvhEyYDWiY,5xVCfx47vCXuLdpfbepqEo,https://i.scdn.co/image/ab67616d00001e029786a600b159da21312fb356
2026-07-29,vn,Vietnam,11,1,Em (feat. SOOBIN),Binz; SOOBIN,2nSO7JYDbJrYbJmP39qUzj; 6CGGvCBHWqQ4HXtn5aLhbh,0a32EBPjqAe47cYDPE5Ia5,https://i.scdn.co/image/ab67616d00001e02113b4bb24fa0898ce579d19c
2026-07-29,vn,Vietnam,12,3,Ngày Rời Chuyến Bay,Minh Huy; Pinny,5zT1Ku9mzzl6RW5y4z0hUK; 3qkLndunlLATOqHJeefh7J,73RcFjiDtStfP3GCW44vJu,https://i.scdn.co/image/ab67616d00001e026710f4e7e1be806c3e31a67d
2026-07-29,vn,Vietnam,13,1,"THẾ GIỚI CỦA ANH (feat. Dương Domic, WEAN, CONGB, buitruonglinh & Van Toan)","TINH HÀ ""SAY HI""; Dương Domic; WEAN; CONGB; buitruonglinh; Van Toan",2dLayz7AThHVFmsIbsvTKh; 4KPyQxL1zqEiBcTwW6c9HE; 30eFAXoU2kTjJPf2cq80B8; 0n5wPsNoNc7w1bElyNzY4Z; 7Cp2hGcriAaDUAWpXnSEwm; 5af1P6XDYgWZSJ8T0Fh5cT,0CY9y1F7RcRSV3raHljdxu,https://i.scdn.co/image/ab67616d00001e02ecbec3da3fc21b7b720f652e
2026-07-29,vn,Vietnam,14,1,In Love,Low G; JustaTee,6TITnFVRcl0AcZ4syE7Toe; 3rjcQ5VIWCN4q7UFetzdeO,7uUuftbcr94tzGOCJSM25u,https://i.scdn.co/image/ab67616d00001e0223cf61113b6f831989e68725
2026-07-29,vn,Vietnam,15,–,"MVP (MƯA VỘI PHÓNG) (feat. Wren Evans, Ali Hoàng Dương, CODYNAMVO, HYO & 2pillz)","TINH HÀ ""SAY HI""; Wren Evans; Ali Hoàng Dương; CODYNAMVO; HYO; 2Pillz",2dLayz7AThHVFmsIbsvTKh; 5M3ffmRiOX9Q8Y4jNeR5wu; 4RPhZ2g5GYff0hKNBlZKXh; 7MtgS1BXZAtslgSSTpdikk; 62W8AjUxG5FSRXzA9rm7sy; 0XtC2d9ZVigYA7iMy5YkW0,4VjLWbQhf8KUPMeuBO5H55,https://i.scdn.co/image/ab67616d00001e02ecbec3da3fc21b7b720f652e
2026-07-29,vn,Vietnam,16,3,Vết Mưa,Vũ Cát Tường,7yquVKfxBuNFJbG9cy2R8A,5cn5oHiXJTLiuthgbgfkMh,https://i.scdn.co/image/ab67616d00001e024992bf290fe8c9f82a0e66e4
2026-07-29,vn,Vietnam,17,1,Mơ,Vũ Cát Tường,7yquVKfxBuNFJbG9cy2R8A,2a5hng9yXtbjtTVVm9UviC,https://i.scdn.co/image/ab67616d00001e028b40ad72aa86e76099297d7b
2026-07-29,vn,Vietnam,18,3,She Neva Knows,JustaTee,3rjcQ5VIWCN4q7UFetzdeO,0NyrI1tMvqcK3vU5z9DMdI,https://i.scdn.co/image/ab67616d00001e023ecc6ca902daf3617c75d336
2026-07-29,vn,Vietnam,19,2,Nếu Ngày Ấy,SOOBIN,6CGGvCBHWqQ4HXtn5aLhbh,4BdB08vuS9r4HOoY7GkAxT,https://i.scdn.co/image/ab67616d00001e0294bae292aed83118570ea86a
2026-07-29,vn,Vietnam,20,–,Âm Thầm Bên Em,Sơn Tùng M-TP,5dfZ5uSmzR7VQK0udbAVpf,2wZAvkgiOE5tyrnqhB69KA,https://i.scdn.co/image/ab67616d00001e02794744c57c9f35db88249842
2026-07-29,vn,Vietnam,21,5,Nếu Như Ta Chẳng Còn (feat. A$AP Ướt Mi),RPT MCK; A$AP Ướt Mi,1zSv9qZANOWB4HRE8sxeTL; 0b27MQbpjE65gcXwgIN2jw,6BnPsHZv1jPbPAsQsm0s5b,https://i.scdn.co/image/ab67616d00001e02a2907cc0804151b77ca8667d
2026-07-29,vn,Vietnam,22,38,một đời,14 Casper; Bon Nghiêm; buitruonglinh,0zo8kCJVktn7oPnzpkbC2p; 6hnfLIkvDl6pjlAe1YRGXY; 7Cp2hGcriAaDUAWpXnSEwm,4gaxEUZE4z9pJAVTSFwgQI,https://i.scdn.co/image/ab67616d00001e0270cb943c9a67b7eda3414366
2026-07-29,vn,Vietnam,23,3,Chuyện Đôi Ta (feat. Muộii),Emcee L (Da LAB); Da LAB; Muộii (Starry Night),4bPYvyUn1mWwUwIW57oST2; 6zUWZmyi5MLOEynQ5wCI5f; 1Tdy7LZnrufTyuEbgDi1D8,4CUvVaAYuXtvYURLFz7EIL,https://i.scdn.co/image/ab67616d00001e02a400211178f6d590d875f2da
2026-07-29,vn,Vietnam,24,1,Less than a Lover,JENNIE,250b0Wlc5Vk0CoUsaCY84M,19UnXjpLshSLobPspdyxlD,https://i.scdn.co/image/ab67616d00001e021568796289f10031724bc780
2026-07-29,vn,Vietnam,25,36,Thằng Điên,JustaTee; Phương Ly,3rjcQ5VIWCN4q7UFetzdeO; 5Kh0ta0UY4uJ4g2CIdq9V9,27Z9T0mSWHYWSj9SNOGvyt,https://i.scdn.co/image/ab67616d00001e0202dc41ad81138aa3c53d2b98
2026-07-29,vn,Vietnam,26,4,Vùng An Toàn,B Ray; V#,1WvNgEoB66jmHodcj15Zi9; 3XevJv2rTKu5WYtD0LW6om,6Zoi4ue74UdUeYmHXItXnf,https://i.scdn.co/image/ab67616d00001e024e1566cecfa3c836f48f80f6
2026-07-29,vn,Vietnam,27,4,"50 CUỘC GỌI NHỠ (feat. CoolKid, Quang Hùng MasterD, Jaysonlei & CODYNAMVO)","TINH HÀ ""SAY HI""; CoolKid; Quang Hùng MasterD; Jaysonlei; CODYNAMVO",2dLayz7AThHVFmsIbsvTKh; 1Qia4CTwh6x0CZbD0079zi; 0slOzRzTQb1RBBVJbvRITP; 5BQgZQPuGImYR5xgbytUKg; 7MtgS1BXZAtslgSSTpdikk,4HjBeRYorM50d1rCrl853a,https://i.scdn.co/image/ab67616d00001e02c823e4437a4a00db2855f94b
2026-07-29,vn,Vietnam,28,9,Sinh Ra Đã Là Thứ Đối Lập Nhau (feat. Badbies),Emcee L (Da LAB); Da LAB; Badbies,4bPYvyUn1mWwUwIW57oST2; 6zUWZmyi5MLOEynQ5wCI5f; 2ZjO6APYelcHcLd2pWMx8x,5BTzf3doGTigDIYUFtbkI9,https://i.scdn.co/image/ab67616d00001e02d6ebd978c7c460eaf3f75f85
2026-07-29,vn,Vietnam,29,17,id 072019,W/N,6NF9Oa4ThQWCj6mogFSrVD,1o6cYDMHvKOfizi4d9Lqxr,https://i.scdn.co/image/ab67616d00001e02dc031e2429585e32b4ccb69b
2026-07-29,vn,Vietnam,30,11,Đã Lỡ Yêu Em Nhiều,JustaTee,3rjcQ5VIWCN4q7UFetzdeO,3J3nv18iIrOhca1ZWNeuyW,https://i.scdn.co/image/ab67616d00001e02636bd3e9f31e1ea1e7bb389e
2026-07-29,vn,Vietnam,31,7,"ex's hate me, Pt.2",AMEE,2aQnC3DbZB9GbauvhAw7ve,5tdz7T4hTxA1ipJMBe24uX,https://i.scdn.co/image/ab67616d00001e02819219f4ea0ad1e11cb78411
2026-07-29,vn,Vietnam,32,8,Không Thể Say,HIEUTHUHAI,5HZtdKfC4xU0wvhEyYDWiY,1K0HQ30Wc11okzlcnFA7Ub,https://i.scdn.co/image/ab67616d00001e02c006b0181a3846c1c63e178f
2026-07-29,vn,Vietnam,33,1,chẳng phải tình đầu sao đau đến thế,MIN; Dangrangto; antransax,0IdAjS2LRieBR3gzoazdAw; 5xY6E5PMZNtz9jDvxTRiGI; 3E3VtUZsU5Ci439SjOdCd0,3T7XHOdRcyhKU3QCB6kZG3,https://i.scdn.co/image/ab67616d00001e02e1b3669f2b8eba5bb7b10b3b
2026-07-29,vn,Vietnam,34,6,"IDNAT (IM ĐỢI NGƯỜI ANH THƯƠNG) (feat. Wren Evans, IVAN, CAPTAIN BOY & Thể Thiên)","TINH HÀ ""SAY HI""; Wren Evans; IVAN; CAPTAIN BOY; Thể Thiên",2dLayz7AThHVFmsIbsvTKh; 5M3ffmRiOX9Q8Y4jNeR5wu; 0BaA7hESJdlOMitd8QM7jY; 1pKPrziZw7C4GvOlBIXqP5; 7Icw7iVmCgkKkfRrYvlKZU,5KGa9rEkL3qUNFuIhNo90e,https://i.scdn.co/image/ab67616d00001e02c823e4437a4a00db2855f94b
2026-07-29,vn,Vietnam,35,4,"MỘNG DUYÊN (feat. Quang Hùng MasterD, Song Luân, JSOL, Sơn.K & Emil Vergo)","TINH HÀ ""SAY HI""; Quang Hùng MasterD; Song Luân; JSOL; Sơn.K; Emil Vergo",2dLayz7AThHVFmsIbsvTKh; 0slOzRzTQb1RBBVJbvRITP; 0iqum9KAHh3LkgDhuqvTxM; 6EybZ5zwPNEtEngfrEMevN; 4APAeuMjgVjYGMWVDehJrc; 3Vj8qzsjQaQoZVFrlGsLDF,7DKTqxctuNjAUsU2a8jVv2,https://i.scdn.co/image/ab67616d00001e02ecbec3da3fc21b7b720f652e
2026-07-29,vn,Vietnam,36,19,Buông,Hngle,7kBsX15IDun9YxuVmKCMYJ,2ZBi1KpCR0grEWRNgySqwg,https://i.scdn.co/image/ab67616d00001e02a0f799b6e0d1e4edadc98a3a
2026-07-29,vn,Vietnam,37,10,Nắng có mang em về,Shartnuss; Phankeo; Tr.D,2BoU3GzyaG397l5ci1twa9; 2rv0GwxSEWKhz54nLluNhK; 6jiITlNS4hrm3dq90ZDftJ,6nInHlewtrNKguNKlXt0Ur,https://i.scdn.co/image/ab67616d00001e029e8842387d1017cf5581c4cc
2026-07-29,vn,Vietnam,38,4,bình yên,Vũ.; Binz,57g2v7gJZepcwsuwssIfZs; 2nSO7JYDbJrYbJmP39qUzj,41DlPJXKTCypXdf2eSqa03,https://i.scdn.co/image/ab67616d00001e026f76636916ae7d5d930b1656
2026-07-29,vn,Vietnam,39,4,"CÔ ĐƠN ANH CŨNG VUI (feat. WEAN, KIMLONG, Xuân Định K.Y & DILLAN)","TINH HÀ ""SAY HI""; WEAN; KIMLONG; Xuân Định K.Y; DILLAN",2dLayz7AThHVFmsIbsvTKh; 30eFAXoU2kTjJPf2cq80B8; 26GpU9jkhwkZCyWBw6Prbf; 7G5AEkY5idIoHytk72GGyf; 1PR1ZkCybfd7U1TXvjglNq,3bmqUlen7AJeTh3EKCEPHe,https://i.scdn.co/image/ab67616d00001e02c823e4437a4a00db2855f94b
2026-07-29,vn,Vietnam,40,5,NỢ EM CẢ BẦU TRỜI,Anh Trai Vượt Ngàn Chông Gai; THỎ (Da LAB); Hoàng Tôn; Osad; Hồ Đông Quan; Hà An Huy,1NVwSzuIbuPJEGWhUQRlnv; 1PzGERJ55N7ZAgusauBAFN; 6xRZoWlE9twEkMC5NW4Z9f; 6sJBvMCAi9NuNCxI9RDYDW; 29odnaxmCx4mwOKL4mjEFL; 6cz81gA7fLpRK4qKeLsGIn,1GvilcxzSotX6bFHuwCJiz,https://i.scdn.co/image/ab67616d00001e022970a90780d33bc31f885bd3
2026-07-29,vn,Vietnam,41,1,toidaidot,GREY D,6d0dLenjy5CnR5ZMn2agiV,6uA9tUGo5WUhFPUR93F4jO,https://i.scdn.co/image/ab67616d00001e02232febcafd911a1addb774ae
2026-07-29,vn,Vietnam,42,2,Earrings,Malcolm Todd,7eKkW1zo5uzW8kUntiiBvz,0eAuGrXyGFYwur9ARUe7LJ,https://i.scdn.co/image/ab67616d00001e022c1f34ecc1929fb59908aad1
2026-07-29,vn,Vietnam,43,3,REDRED,CORTIS,1ebt9HnXdyYA6KgLXr1n4P,2fCwv2ppU5nTRTckomIGsd,https://i.scdn.co/image/ab67616d00001e0224ace1518851b27e9983f739
2026-07-29,vn,Vietnam,44,7,Từng Là Của Nhau,Bảo Anh; Táo,4fCHhderLwLacsIOIKgu3J; 23xCr75lKvnFvKi8ImHE7S,5KYv3kORBKUmVEoqbRRWxt,https://i.scdn.co/image/ab67616d00001e0267e926bba0c1032a8414fc8c
2026-07-29,vn,Vietnam,45,6,Dạo Này,Obito,0ZbgKh0FgPYeFP38nVaEGp,4MCP9l0QB9YN2LCkIy8mz4,https://i.scdn.co/image/ab67616d00001e025ec4c60ff0fc01236d2653b0
2026-07-29,vn,Vietnam,46,10,Wrong Times,Puppy; Dangrangto,2dC1IBU9NOD9xsQJ5RE7j7; 5xY6E5PMZNtz9jDvxTRiGI,6n2xOcqQrNOY0IfgATSwWs,https://i.scdn.co/image/ab67616d00001e02566178ff844ca2b57f959374
2026-07-29,vn,Vietnam,47,17,nếu lúc đó,tlinh; 2Pillz,3diftVOq7aEIebXKkC34oR; 0XtC2d9ZVigYA7iMy5YkW0,5ouxRyInSdRBQubu3KTd97,https://i.scdn.co/image/ab67616d00001e02484c56addba0e4dad8be48c9
2026-07-29,vn,Vietnam,48,19,2AM,JustaTee; BigDaddy,2ZN2K5xz3BDmfWYaA5dgce; 3Tehj7YghQc7zH0I1faGc6,3DLtPObflLQBodZN8qGODT,https://i.scdn.co/image/ab67616d00001e020b97a73cab024885e9819a9e
2026-07-29,vn,Vietnam,49,1,"XOAY VÒNG (feat. HURRYKNG, CONGB, JSOL & VƯƠNG BÌNH)","TINH HÀ ""SAY HI""; HURRYKNG; CONGB; JSOL; VƯƠNG BÌNH",2dLayz7AThHVFmsIbsvTKh; 5ulyphh5uJrH4Gb1JpSMkV; 0n5wPsNoNc7w1bElyNzY4Z; 6EybZ5zwPNEtEngfrEMevN; 351mBX7BjjI2plbfozIzqb,2WLwTRDgtO4vwjZReiOdNB,https://i.scdn.co/image/ab67616d00001e02c823e4437a4a00db2855f94b
2026-07-29,vn,Vietnam,50,2,Ai Ngoài Anh,VSTRA; Tyronee,2aMo0CYbTieTisS0BlWc59; 04xz9bIBYTIqEpmRvQkfvu,6GM4ZOBDcDroldUxI8GZ2B,https://i.scdn.co/image/ab67616d00001e021e3ae4d328b0937f13e52c9f
2026-07-29,vn,Vietnam,51,6,Sài Gòn Hôm Nay Mưa,JSOL; Hoàng Duyên,6EybZ5zwPNEtEngfrEMevN; 3LbBKYlyMaATS8IIe7HJ0d,1xoadYaxtOp9gHDwgmPDuz,https://i.scdn.co/image/ab67616d00001e025436229d006af6580dfee6bc
2026-07-29,vn,Vietnam,52,17,Tình Mình Lạ Kì,Lil Zpoet,0T8DkuhhFhdWAMN0bdeLL7,3VkV6L37ub0rtuYQoawAqz,https://i.scdn.co/image/ab67616d00001e02921051f4f50a3d20946afb16
2026-07-29,vn,Vietnam,53,3,Có Em,Madihu; Low G,1OIYKbmhG0RxPXvVPNj3NN; 6TITnFVRcl0AcZ4syE7Toe,6Hs2xIgB8nzyGFDvVA8lFa,https://i.scdn.co/image/ab67616d00001e02556e7b75fb148c696f99a709
2026-07-29,vn,Vietnam,54,21,Nơi Này Có Anh,Sơn Tùng M-TP,5dfZ5uSmzR7VQK0udbAVpf,5rSAUmbOg4giDrM29vUyHe,https://i.scdn.co/image/ab67616d00001e02794744c57c9f35db88249842
2026-07-29,vn,Vietnam,55,1,DANCING IN THE DARK,SOOBIN,6CGGvCBHWqQ4HXtn5aLhbh,3x7Hh3zsE1wcXCU2G8l5tP,https://i.scdn.co/image/ab67616d00001e026633cc43560566dbdaa38d99
2026-07-29,vn,Vietnam,56,7,vaicaunoicokhiennguoithaydoi,GREY D; tlinh,6d0dLenjy5CnR5ZMn2agiV; 3diftVOq7aEIebXKkC34oR,25h0TqC9H3BcMA7KjK5nHK,https://i.scdn.co/image/ab67616d00001e0294df376aa7f0890380ea4688
2026-07-29,vn,Vietnam,57,3,Anh Muốn Nhìn Thấy Em,The Wind; Dangrangto,5mPRDRL2rclNaPJXOg56Jy; 5xY6E5PMZNtz9jDvxTRiGI,5VGOYjxkEaf19LoRPIolD2,https://i.scdn.co/image/ab67616d00001e0291db5c2d5e551d1bb085b20c
2026-07-29,vn,Vietnam,58,9,"MẤT LA BÀN (feat. Pháp Kiều, Thể Thiên, DANG HONG HAI, VƯƠNG BÌNH & TorySax)","TINH HÀ ""SAY HI""; Pháp Kiều; Thể Thiên; DANG HONG HAI; VƯƠNG BÌNH; TorySax",2dLayz7AThHVFmsIbsvTKh; 13c4ijEkXNvEFoxGxwp5Su; 7Icw7iVmCgkKkfRrYvlKZU; 1f1IoKY0O8x1hlTZztHnXc; 351mBX7BjjI2plbfozIzqb; 4BI5IGyclte5NbHWwzvPRY,1tR4UxGC18cVRH6sCha0ec,https://i.scdn.co/image/ab67616d00001e02ecbec3da3fc21b7b720f652e
2026-07-29,vn,Vietnam,59,2,Mắt Môi Tay Chân (feat. Tage),RPT MCK; Tage,1zSv9qZANOWB4HRE8sxeTL; 6kFhNMq6O8P5QKdqlGMUVW,5ze1OgIdC5fJLJfpvT9Jog,https://i.scdn.co/image/ab67616d00001e02a2907cc0804151b77ca8667d
2026-07-29,vn,Vietnam,60,4,Phép Màu - Đàn Cá Gỗ Original Soundtrack,MAYDAYs; Minh Tốc & Lam,2iYUs3FoNodbZXKf4mkjGM; 27RoKwun6jKycKbH2iYUFU,1DVYafsLmcQySKkJnY4RCs,https://i.scdn.co/image/ab67616d00001e02c51258e41841d5b0365054e7
2026-07-29,vn,Vietnam,61,3,Thức Giấc,Da LAB,6zUWZmyi5MLOEynQ5wCI5f,1MiJk3dXC5jzhvLFP0dUM7,https://i.scdn.co/image/ab67616d00001e02fea8333dc89ceb644766ab5b
2026-07-29,vn,Vietnam,62,13,Cơn Mưa Cuối,JustaTee; Binz,3rjcQ5VIWCN4q7UFetzdeO; 2nSO7JYDbJrYbJmP39qUzj,6E3P4uOfKHYXJLK6Q3s0Tj,https://i.scdn.co/image/ab67616d00001e0222612841829252b1f3018c2e
2026-07-29,vn,Vietnam,63,5,10 Ngàn Năm,PC,3HD3V1nGFPwepBO7064Ij0,2pm7K14nHj2fLrpU8j9bit,https://i.scdn.co/image/ab67616d00001e0273af43a330332f0ad89d160b
2026-07-29,vn,Vietnam,64,2,Nguyễn Văn Mười,RPT MCK,1zSv9qZANOWB4HRE8sxeTL,1ap1uhhvWmyZDJZ0HBWpvo,https://i.scdn.co/image/ab67616d00001e02a2907cc0804151b77ca8667d
2026-07-29,vn,Vietnam,65,12,Anh Đã Quen Với Cô Đơn,SOOBIN,6CGGvCBHWqQ4HXtn5aLhbh,39KWnPNEvbXt423CzjvBfA,https://i.scdn.co/image/ab67616d00001e022922307c16bb852a0849bea0
2026-07-29,vn,Vietnam,66,Re-Entry,HONGKONG1,Nguyễn Trọng Tài; Don Raemo; Double X,2UCPMrvFm42t3w5duYfQHl; 4M86uhyARnHypunU4dhRqG; 1mOcX2DsOhhWYDIgeRXkmm,6UFvSmKzCZ16fxsybf4PhE,https://i.scdn.co/image/ab67616d00001e02e6508f2160d972cc736776fe
2026-07-29,vn,Vietnam,67,20,MOVE ON,Anh Trai Vượt Ngàn Chông Gai; Hoàng Tôn; Osad; Thái Lê Minh Hiếu,1NVwSzuIbuPJEGWhUQRlnv; 6xRZoWlE9twEkMC5NW4Z9f; 6sJBvMCAi9NuNCxI9RDYDW; 06poxdxQLKoN1WqCvk4qcP,5jCSifehmtV2KDWLoXgA8F,https://i.scdn.co/image/ab67616d00001e020c0c7ddc27dee81663a541ce
2026-07-29,vn,Vietnam,68,9,hoá ra…,GREY D,6d0dLenjy5CnR5ZMn2agiV,0EGwksIbRx7VflNBzuIBvc,https://i.scdn.co/image/ab67616d00001e02232febcafd911a1addb774ae
2026-07-29,vn,Vietnam,69,8,Nếu Những Tiếc Nuối,Vũ.,57g2v7gJZepcwsuwssIfZs,2dPJtlvoa3GDowCh035M8P,https://i.scdn.co/image/ab67616d00001e026f76636916ae7d5d930b1656
2026-07-29,vn,Vietnam,70,5,3D (feat. Jack Harlow),Jung Kook; Jack Harlow,6HaGTQPmzraVmaVxvz6EUc; 2LIk90788K0zvyj2JJVwkJ,01qFKNWq73UfEslI0GvumE,https://i.scdn.co/image/ab67616d00001e0299583bb32b47e87d55c6064b
2026-07-29,vn,Vietnam,71,13,Người Đầu Tiên,Juky San; buitruonglinh,51wGpVg4Z3lv1IjuZAQjXn; 7Cp2hGcriAaDUAWpXnSEwm,3dbfL7nHOZlM4adzLHNnB3,https://i.scdn.co/image/ab67616d00001e029b8f9d96ac892ebf1ad3cc56
2026-07-29,vn,Vietnam,72,5,Standing Next to You,Jung Kook,6HaGTQPmzraVmaVxvz6EUc,2KslE17cAJNHTsI2MI0jb2,https://i.scdn.co/image/ab67616d00001e02741fd4807f442af3f7359316
2026-07-29,vn,Vietnam,73,32,đôi mắt kẻ tình si,GREY D; MIN,6d0dLenjy5CnR5ZMn2agiV; 0IdAjS2LRieBR3gzoazdAw,1ordU9Ts6JNRalwVoXgJd6,https://i.scdn.co/image/ab67616d00001e02232febcafd911a1addb774ae
2026-07-29,vn,Vietnam,74,3,hate that i made you love me,Ariana Grande,66CXWjxzNUsdJxJ2JdwvnR,20jbSiX29FDX4oQxBXyUEi,https://i.scdn.co/image/ab67616d00001e02b622d42c30697e1e1414343c
2026-07-29,vn,Vietnam,75,3,Bạn Đời,Karik; GDucky,2Bwp23pD4UVsSkchHDZw4F; 3T3DOlgOEkr243zdzFCrXW,0fGJiHH6xSUJU1MAVjxq5m,https://i.scdn.co/image/ab67616d00001e02b37fa6ada1fe1a79194db5a0
2026-07-29,vn,Vietnam,76,24,Đừng Làm Trái Tim Anh Đau,Sơn Tùng M-TP,5dfZ5uSmzR7VQK0udbAVpf,31VNCmwspR7nVJ6kruUuJt,https://i.scdn.co/image/ab67616d00001e02a1bc26cdd8eecd89da3adc39
2026-07-29,vn,Vietnam,77,3,Bông Hoa Đẹp Nhất,Quân A.P,2NRcG7E1j2sSi8vnUzCcpi,4TyQKEifYDWTfTSRwpxlYI,https://i.scdn.co/image/ab67616d00001e025a0419100f999929e19c6ca7
2026-07-29,vn,Vietnam,78,2,Từng Ngày Yêu Em,buitruonglinh,7Cp2hGcriAaDUAWpXnSEwm,3Ids3RXurYBgySph53qWnB,https://i.scdn.co/image/ab67616d00001e02fe0cbef064f18008462d29ef
2026-07-29,vn,Vietnam,79,17,24H,Lyly; Magazine,4POahBr8YCPNKGErIiofyx; 6sMgWEav2BrXWMRmP56oRS,4UC3NBjtqbYcqPqRq1s57D,https://i.scdn.co/image/ab67616d00001e02fa10ce68802568a9f53ecb8a
2026-07-29,vn,Vietnam,80,2,Vì Anh Đâu Có Biết,Madihu; Vũ.,1OIYKbmhG0RxPXvVPNj3NN; 57g2v7gJZepcwsuwssIfZs,6VXVYATpQXEIoZ97NnWCmn,https://i.scdn.co/image/ab67616d00001e022461003df8139247949c8a9d
2026-07-29,vn,Vietnam,81,12,Không Thời Gian,Dương Domic,4KPyQxL1zqEiBcTwW6c9HE,4QalnBNnw9uK1dj543nf76,https://i.scdn.co/image/ab67616d00001e02d7c28617d440ee3430c5bf48
2026-07-29,vn,Vietnam,82,3,tình yêu chậm trễ,MONSTAR; GREY D; NICKY; VƯƠNG BÌNH,2CLdtsyD2NsTOBBOVr7fi8; 6d0dLenjy5CnR5ZMn2agiV; 006RBJU7ScwRg9eouP4kJw; 351mBX7BjjI2plbfozIzqb,6jcLKVmEKAQIXIVHJZ8vzS,https://i.scdn.co/image/ab67616d00001e029f62ee847bc8904b5c2d2343
2026-07-29,vn,Vietnam,83,16,Một Nửa Sự Thật,24k.Right; Ngắn; Hipz,0hUr8xEtATxbq2OTiJFAP0; 4Xz2dDcMF1DDfwFcr8Xa5P; 3g8l4a4JtYNpYKqSMZMnK0,0pavLg3wbL6PVXAgXoWv4S,https://i.scdn.co/image/ab67616d00001e022b15141481fc025cd0ede7a8
2026-07-29,vn,Vietnam,84,11,Khi Em Lớn,Orange; Hoàng Dũng,5lAfakPZgxFKgiJD6xAF1G; 6OzE2OdvV2tGAxSBsBuZ74,3J06iY9IRWKr1H0zIxrUby,https://i.scdn.co/image/ab67616d00001e02376b1dd4653e78ea81f42dd2
2026-07-29,vn,Vietnam,85,12,Wtf Bby I'm Lit,RPT MCK,1zSv9qZANOWB4HRE8sxeTL,1k9KzeTfQTmUDVtVWdSYAM,https://i.scdn.co/image/ab67616d00001e02430659fa8179500bd2b5e55f
2026-07-29,vn,Vietnam,86,6,Thêm Bao Nhiêu Lâu,Đạt G,4R3mugkUqCALXgkwSptTbg,43zzuEWDotRcKlSFzrlJqs,https://i.scdn.co/image/ab67616d00001e02646bbe6d09903e5ecbc86d1c
2026-07-29,vn,Vietnam,87,17,Come My Way - softer version,Sơn Tùng M-TP,5dfZ5uSmzR7VQK0udbAVpf,331pu1rdL2Yn7Z3F1RNXBR,https://i.scdn.co/image/ab67616d00001e0277ee25c2b6bde5aa489b2074
2026-07-29,vn,Vietnam,88,32,Hẹn Lần Sau,MAYDAYs,2iYUs3FoNodbZXKf4mkjGM,1r9gNSD1WUFscqTSA2Rcet,https://i.scdn.co/image/ab67616d00001e02304b7adea4c0e548121784e6
2026-07-29,vn,Vietnam,89,19,Nói Dối,Ronboogz,0dBcEvEklr1jx4uZuhFX5e,19U8QkwGDiQnYtnNIlspuo,https://i.scdn.co/image/ab67616d00001e026839560afdf58d075d3229bb
2026-07-29,vn,Vietnam,90,16,Có Đôi Điều,Shiki,3hRnvEdu1iPyB6EzMBbuZq,2Pwou3Q2Cf59RxdX2V6MgV,https://i.scdn.co/image/ab67616d00001e023d8f5ef4ca6a5d6a22af538a
2026-07-29,vn,Vietnam,91,10,NORMAL,BTS,3Nrfpe0tUJi4K4DXYWgMUX,4B4Q7zfd0aHcuhQBfCRnH5,https://i.scdn.co/image/ab67616d00001e02dfa17fad7f190c901603270e
2026-07-29,vn,Vietnam,92,9,một bài hát không vui mấy - Extended Version,T.R.I; Dangrangto; DONAL,2rVYwIYNEsMxtt8j5yemHb; 5xY6E5PMZNtz9jDvxTRiGI; 3rSAej8VUifF02zpsGjsRZ,36fgG6NiEuQXznNgf5y2Ck,https://i.scdn.co/image/ab67616d00001e02be28c7163d45474004d49b9d
2026-07-29,vn,Vietnam,93,5,Bầu Trời Mới,Da LAB; Minh Tốc & Lam,6zUWZmyi5MLOEynQ5wCI5f; 27RoKwun6jKycKbH2iYUFU,7fCeYpR02Q8JVuD88hJZVT,https://i.scdn.co/image/ab67616d00001e0264eefeaaf062b7fdf9f7e6a0
2026-07-29,vn,Vietnam,94,3,Xin Đừng Lặng Im,SOOBIN,6CGGvCBHWqQ4HXtn5aLhbh,4CVxKSRLUxqUuj2z9vn4fS,https://i.scdn.co/image/ab67616d00001e02a8b7898d6d2d9e85c9c51cb0
2026-07-29,vn,Vietnam,95,20,Buông Đôi Tay Nhau Ra,Sơn Tùng M-TP,5dfZ5uSmzR7VQK0udbAVpf,3P3rcI48wwVEgxF5vPM6pG,https://i.scdn.co/image/ab67616d00001e02794744c57c9f35db88249842
2026-07-29,vn,Vietnam,96,8,Anh Đã Không Biết Cách Yêu Em,Quang Đăng Trần,2LX2SKJhvZjyH4Z7XMptjd,1hPbWyZnUPaeAWbOSKwkXJ,https://i.scdn.co/image/ab67616d00001e02b6dfaf73fca0fe1ca7461d80
2026-07-29,vn,Vietnam,97,93,Text 07 (W/N ft. 267),W/N; 267,6NF9Oa4ThQWCj6mogFSrVD; 1jLM6ulW6ldwRWX9smNYmt,1cVc6XetpYuJRm4R1MhSW7,https://i.scdn.co/image/ab67616d00001e023945315178acc7379d0b917f
2026-07-29,vn,Vietnam,98,6,Hôm Nay Tôi Buồn,Phùng Khánh Linh,23Gbd21nBxC1kCtcG2Cd0C,5SzJs9cwYXdSm9G3xcXuA2,https://i.scdn.co/image/ab67616d00001e029cbfe886d191c4c06a132cab
2026-07-29,vn,Vietnam,99,13,Nếu Biết Đó Là Lần Cuối,Đức Trường; BMZ,4R2engiAed6QeIV63PDAz0; 3euFcFd5Dc7JAz6t7oKg7m,2w7jOvl0kpplNxisgfnCdT,https://i.scdn.co/image/ab67616d00001e02b667917dd1a458f91d15b146
2026-07-29,vn,Vietnam,100,9,"CÓ GÌ ĐÂU MÀ CAY (feat. CAPTAIN BOY, CoolKid, IVAN, Xuân Định K.Y & leonsash)","TINH HÀ ""SAY HI""; CAPTAIN BOY; CoolKid; IVAN; Xuân Định K.Y; leonsash",2dLayz7AThHVFmsIbsvTKh; 1pKPrziZw7C4GvOlBIXqP5; 1Qia4CTwh6x0CZbD0079zi; 0BaA7hESJdlOMitd8QM7jY; 7G5AEkY5idIoHytk72GGyf; 0xhFMncGgY5cKn4FmLeM2a,22GBoFAjFPlJ44Mef8mnOb,https://i.scdn.co/image/ab67616d00001e02ecbec3da3fc21b7b720f652e
2026-07-29,vn,Vietnam,101,–,Giờ Thì,buitruonglinh,7Cp2hGcriAaDUAWpXnSEwm,7mblTCdc14ylJ1JW71MODb,https://i.scdn.co/image/ab67616d00001e02fe0cbef064f18008462d29ef
2026-07-29,vn,Vietnam,102,15,giá như,SOOBIN,6CGGvCBHWqQ4HXtn5aLhbh,58ZlEBxBrzISXtmcOPo476,https://i.scdn.co/image/ab67616d00001e026633cc43560566dbdaa38d99
2026-07-29,vn,Vietnam,103,29,NGƯỜI NHƯ ANH XỨNG ĐÁNG CÔ ĐƠN - KHÔNG ĐAU NỮA RỒI,Vũ Cát Tường; Negav; Jey B; Ngô Kiến Huy,7yquVKfxBuNFJbG9cy2R8A; 4fg8aMZ23d2bxKz7r2vt9v; 4nxHXVJhEDW8IBb2oUwWxA; 7at0gkjCnhOBrxwQlJPJ4s,6ag0c7tBr3PIqPb00C2rK4,https://i.scdn.co/image/ab67616d00001e02d3d0d8c5e50cbb05b2d2e6b2
2026-07-29,vn,Vietnam,104,25,Không Yêu Em Thì Yêu Ai?,Vũ.; Low G,57g2v7gJZepcwsuwssIfZs; 6TITnFVRcl0AcZ4syE7Toe,0e6fZkLArSmDIHnZcIua7t,https://i.scdn.co/image/ab67616d00001e026f76636916ae7d5d930b1656
2026-07-29,vn,Vietnam,105,1,海屿你,马也_Crabbit,1V6Bl7Ny5loHozQUalAd6M,6UO9nrihAk6sFGvVHDVTz8,https://i.scdn.co/image/ab67616d00001e027d721d0483ccd72e6581e858
2026-07-29,vn,Vietnam,106,17,Mất Kết Nối,Dương Domic,4KPyQxL1zqEiBcTwW6c9HE,0rR27Ayle8G7sKoCt8OWUr,https://i.scdn.co/image/ab67616d00001e02f2e33afbb2d8b486c1c98aa3
2026-07-29,vn,Vietnam,107,13,Ngàn Năm Ánh Sáng,Đặng Vĩnh Thịnh; BMZ; Nguyễn Trung Đức,5HoKHEC3OTaMgMDnCqc00B; 3euFcFd5Dc7JAz6t7oKg7m; 0AOAMHZgHaxM71om8IDGsv,4nyoalDFgUaZOzIKqj3aS5,https://i.scdn.co/image/ab67616d00001e023208189a3af9c86777447120
2026-07-29,vn,Vietnam,108,6,Sau Cơn Mưa,CoolKid; RHYDER,1Qia4CTwh6x0CZbD0079zi; 1W2pigH6UYwuTuFbwoSfVZ,48MtqfQw716EZaNzOKNnuR,https://i.scdn.co/image/ab67616d00001e02a873f1cbca66eb2a77052483
2026-07-29,vn,Vietnam,109,6,Chúng Ta Của Hiện Tại,Sơn Tùng M-TP,5dfZ5uSmzR7VQK0udbAVpf,1J3SmWwlYAG68LGKr86MVH,https://i.scdn.co/image/ab67616d00001e022cd9649ea111a552283f0165
2026-07-29,vn,Vietnam,110,4,NGƯỜI NHƯ ANH XỨNG ĐÁNG CÔ ĐƠN,"ANH TRAI ""SAY HI""; Vũ Cát Tường; Karik; Negav; Ngô Kiến Huy; Jey B",4wZ6awunqaaVLl5j0WpDFu; 7yquVKfxBuNFJbG9cy2R8A; 2Bwp23pD4UVsSkchHDZw4F; 4fg8aMZ23d2bxKz7r2vt9v; 7at0gkjCnhOBrxwQlJPJ4s; 4nxHXVJhEDW8IBb2oUwWxA,5u5AsK8JLgkr154QHZjJqh,https://i.scdn.co/image/ab67616d00001e02d33346ad3d2ae52cb3427f4b
2026-07-29,vn,Vietnam,111,2,IDK,RPT MCK,1zSv9qZANOWB4HRE8sxeTL,4oZqNyQWRIYB4hzrLNong1,https://i.scdn.co/image/ab67616d00001e02430659fa8179500bd2b5e55f
2026-07-29,vn,Vietnam,112,6,Tháng Năm,SOOBIN,6CGGvCBHWqQ4HXtn5aLhbh,0SmQ0UWeiHKQtxUej4Rem6,https://i.scdn.co/image/ab67616d00001e0287804726f6db818095a40a86
2026-07-29,vn,Vietnam,113,–,Ngày Này Năm Ấy,Việt Anh,0cf0oidLIQoNhGTp0SHzhU,2pBZoglJzsRk4UeVey8n0k,https://i.scdn.co/image/ab67616d00001e02aeae15f8ddb16be02e781e51
2026-07-29,vn,Vietnam,114,2,vạn vật như muốn ta bên nhau,RIO,4dH6uW4FU977FDuTcCHGUf,0Gi23nmOQ0eaPASq2VoMOW,https://i.scdn.co/image/ab67616d00001e02ef562e96cb05a6238204e15f
2026-07-29,vn,Vietnam,115,20,Ghé Qua,PC; Dick; tofutns,3HD3V1nGFPwepBO7064Ij0; 1tikl40deDgJWS57GTKiVh; 0Ux2qIQbEeqvv7uYLgHhDH,6Q2oEdOhRjZ1DTv2a7j0lN,https://i.scdn.co/image/ab67616d00001e02acf81fac104612777326b0cf
2026-07-29,vn,Vietnam,116,3,Love is,Dangrangto,5xY6E5PMZNtz9jDvxTRiGI,3UJ2gSPFPSkPKZghRI8y1e,https://i.scdn.co/image/ab67616d00001e026ffd808cd4a0e3347ba6131e
2026-07-29,vn,Vietnam,117,7,Baby (feat. marzuz),RPT MCK; marzuz,1zSv9qZANOWB4HRE8sxeTL; 3y6Lfjkrdn5TgkbgDxbpvM,6cZ6NqFHytVdRMG2QB3n8q,https://i.scdn.co/image/ab67616d00001e02a2907cc0804151b77ca8667d
2026-07-29,vn,Vietnam,118,45,Forget Me Now,Fishy; Trí Dũng,7kSmS2G15QIw8rllwGex9r; 3vrLtReLclPLq5VvCAxCik,6sUXtdG33WW3qANi8phOON,https://i.scdn.co/image/ab67616d00001e02c02454f5d89c94e488b4ac45
2026-07-29,vn,Vietnam,119,34,Bước Qua Mùa Cô Đơn,Vũ.,57g2v7gJZepcwsuwssIfZs,6uxuJ8Fr1AAfSPJUF9N1yr,https://i.scdn.co/image/ab67616d00001e027c2c7660ba4e8060a10fc9c5
2026-07-29,vn,Vietnam,120,75,2 4,W/N,6NF9Oa4ThQWCj6mogFSrVD,6r5o9yIc16ZvymXUKJQ1yy,https://i.scdn.co/image/ab67616d00001e02d2d41a6ed463bbd19006e78b
2026-07-29,vn,Vietnam,121,18,NORMAL,BTS,3Nrfpe0tUJi4K4DXYWgMUX,1FnbkQ5WqapDIp0GOVufpO,https://i.scdn.co/image/ab67616d00001e02f9cb83c28ce6ce9d5c97cc1f
2026-07-29,vn,Vietnam,122,11,Simp Gái 808,Low G,6TITnFVRcl0AcZ4syE7Toe,2ppLwHSMgDGEQ5c8o6nAX2,https://i.scdn.co/image/ab67616d00001e021d66c4676b09e84c90333a14
2026-07-29,vn,Vietnam,123,6,Thu Đợi,Wren Evans; itsnk,5M3ffmRiOX9Q8Y4jNeR5wu; 0hy8mfXxfD8kQ6MRQkDVrn,65st6HfPZyxq1RNTvqSIos,https://i.scdn.co/image/ab67616d00001e02bbbeacf07777727cc381797b
2026-07-29,vn,Vietnam,124,38,Có Em Chờ,MIN,0IdAjS2LRieBR3gzoazdAw,6KIhgRkprgyJNERRMu7Quh,https://i.scdn.co/image/ab67616d00001e021afa18b0fb9197e45352813a
2026-07-29,vn,Vietnam,125,11,ACAI,CORTIS,1ebt9HnXdyYA6KgLXr1n4P,7Ldcvhcl4Xj4eOTSWpZus5,https://i.scdn.co/image/ab67616d00001e027a702a4c3a18c1439fdc29ff
2026-07-29,vn,Vietnam,126,2,nhắn nhủ,Ronboogz,0dBcEvEklr1jx4uZuhFX5e,2Wjghh0RpiBquLsJ932X6R,https://i.scdn.co/image/ab67616d00001e0284942e474336017c5bd1f90e
2026-07-29,vn,Vietnam,127,Re-Entry,Bánh Mì Không,Đạt G; Du Uyên,4R3mugkUqCALXgkwSptTbg; 196qGzmjvUJDtjKjO2604d,4XdwiyFDTF1oM8rALFmyZx,https://i.scdn.co/image/ab67616d00001e0251f5dfa2735870bb5dab7e37
2026-07-29,vn,Vietnam,128,26,Đánh Đổi,Obito; Shiki; RPT MCK,0ZbgKh0FgPYeFP38nVaEGp; 3hRnvEdu1iPyB6EzMBbuZq; 1zSv9qZANOWB4HRE8sxeTL,1UQNU5O9VttUgO16pxUnjw,https://i.scdn.co/image/ab67616d00001e0292824dc99ef88e1bd6d79904
2026-07-29,vn,Vietnam,129,1,Em Mới Là Người Yêu Anh,MIN,0IdAjS2LRieBR3gzoazdAw,1zvL2X6HPrLfvtSY4DpopE,https://i.scdn.co/image/ab67616d00001e029deb738a3eaf2dd108ade7e0
2026-07-29,vn,Vietnam,130,38,Thanh Xuân,Da LAB,6zUWZmyi5MLOEynQ5wCI5f,3b34161QoxLwsqhWSPy9i5,https://i.scdn.co/image/ab67616d00001e02e6e2f687354cad6c6bfbfae8
2026-07-29,vn,Vietnam,131,35,thế giới của anh,Dangrangto; DONAL,5xY6E5PMZNtz9jDvxTRiGI; 3rSAej8VUifF02zpsGjsRZ,6TGwaBlfUGVoeZMBLzvXGP,https://i.scdn.co/image/ab67616d00001e021ebf29af848d1d40146bdb98
2026-07-29,vn,Vietnam,132,14,"One Of The Girls (with JENNIE, Lily Rose Depp)",The Weeknd; JENNIE; Lily-Rose Depp,1Xyo4u8uXC1ZmMpatF05PJ; 250b0Wlc5Vk0CoUsaCY84M; 1pBLC0qVRTB5zVMuteQ9jJ,7CyPwkp0oE8Ro9Dd5CUDjW,https://i.scdn.co/image/ab67616d00001e02b0dd6a5cd1dec96c4119c262
2026-07-29,vn,Vietnam,133,36,We Don't Talk Anymore (feat. Selena Gomez),Charlie Puth; Selena Gomez,6VuMaDnrHyPL1p4EHjYLi7; 0C8ZW7ezQVs4URX5aX7Kqx,54PbBpquVfhfrwRwvjSXbI,https://i.scdn.co/image/ab67616d00001e0215145482a542a9adb282250b
2026-07-29,vn,Vietnam,134,8,vùng vẫy,Dangrangto; DONAL; ZEXZEX,5xY6E5PMZNtz9jDvxTRiGI; 3rSAej8VUifF02zpsGjsRZ; 4hNP1VYe1hO5ppmWDlGhsx,4ZIwFLm8C7MUe7JR1G9CGa,https://i.scdn.co/image/ab67616d00001e02f5ccda42421dd2d34cef2480
2026-07-29,vn,Vietnam,135,7,Beauty And A Beat,Justin Bieber; Nicki Minaj,1uNFoZAHBGtllmzznpCI3s; 0hCNtLu0JehylgoiP8L4Gh,6QFCMUUq1T2Vf5sFUXcuQ7,https://i.scdn.co/image/ab67616d00001e02f1d02a6cec967f8b6b78f76e
2026-07-29,vn,Vietnam,136,23,Ngồi Nghe Em Khóc,Đạt G,4R3mugkUqCALXgkwSptTbg,7roD87qxMavNuGydYSRtI2,https://i.scdn.co/image/ab67616d00001e02f778cfa86fd95e7894356eed
2026-07-29,vn,Vietnam,137,41,Trạng Thái Mộng Mơ,Đỗ Hoàng Long,7rkudDmJqV6OIv9EvCOWoG,0KA8tBqZ81mBe2po59GK5j,https://i.scdn.co/image/ab67616d00001e02c974be1c42a0e44df48f299c
2026-07-29,vn,Vietnam,138,15,An Thần,Low G; Thắng,6TITnFVRcl0AcZ4syE7Toe; 1oD9fKbb7qQ2nhn9JJC24F,5C3fx9rdM4Bxf1MSOQC4Ym,https://i.scdn.co/image/ab67616d00001e02c8d355355c2c62b74b0809e4
2026-07-29,vn,Vietnam,139,Re-Entry,Em Không Khóc (feat. Vũ Phụng Tiên),buitruonglinh; Vũ Phụng Tiên,7Cp2hGcriAaDUAWpXnSEwm; 70ULEgr5A3zBL12foM4bnj,4N99EuIjwSSFFFMDfTeOLU,https://i.scdn.co/image/ab67616d00001e021dddee08b987379428e54168
2026-07-29,vn,Vietnam,140,58,Yêu Một Người Có Lẽ,Lou Hoàng; Miu Lê,75Ki5hBCOpDtKGoFyTvLxP; 4e5LAUvM35jleGg8gElTsP,2o4dDfLK6NVI7TjBm5VoMv,https://i.scdn.co/image/ab67616d00001e02d28b4546b16fc8e0000f277e
2026-07-29,vn,Vietnam,141,1,Chiều Hôm Ấy,JayKii,4ZSYaCMxF2k6maN3KTP17F,5tmA5oQDF0ULqRI12LKCDw,https://i.scdn.co/image/ab67616d00001e02dd99a8ac0e175d34167d96f4
2026-07-29,vn,Vietnam,142,30,Ex's Hate Me,B Ray; AMEE,1WvNgEoB66jmHodcj15Zi9; 2aQnC3DbZB9GbauvhAw7ve,6su7ekPw5AAIU2OUCvos6S,https://i.scdn.co/image/ab67616d00001e0225b293d1ca066c650a0f9c69
2026-07-29,vn,Vietnam,143,42,có hẹn với thanh xuân,MONSTAR; GREY D; VƯƠNG BÌNH,2CLdtsyD2NsTOBBOVr7fi8; 6d0dLenjy5CnR5ZMn2agiV; 351mBX7BjjI2plbfozIzqb,54UNNgtE3zzERwTuWSQLqd,https://i.scdn.co/image/ab67616d00001e029f62ee847bc8904b5c2d2343
2026-07-29,vn,Vietnam,144,23,Hẹn Gặp Em Dưới Ánh Trăng,MANBO; HIEUTHUHAI; HURRYKNG,2rKtPYcwYmevNcaqzJOwvf; 5HZtdKfC4xU0wvhEyYDWiY; 5ulyphh5uJrH4Gb1JpSMkV,0s7RyyUlQfd8mnnboHe18n,https://i.scdn.co/image/ab67616d00001e0203828121665d8419f71f6499
2026-07-29,vn,Vietnam,145,38,NOLOVENOLIFE,HIEUTHUHAI,5HZtdKfC4xU0wvhEyYDWiY,6D94p9ASguBcYlDC0o56vx,https://i.scdn.co/image/ab67616d00001e02c006b0181a3846c1c63e178f
2026-07-29,vn,Vietnam,146,4,Liệm,RPT MCK,1zSv9qZANOWB4HRE8sxeTL,6gmXMeStkiDoAbNaUeHbqU,https://i.scdn.co/image/ab67616d00001e02430659fa8179500bd2b5e55f
2026-07-29,vn,Vietnam,147,17,Chờ Tới Khi Anh Về,HIEUTHUHAI; Hoàng Tôn,5HZtdKfC4xU0wvhEyYDWiY; 6xRZoWlE9twEkMC5NW4Z9f,6lRlM6bClcoOBLQi0zfA34,https://i.scdn.co/image/ab67616d00001e029786a600b159da21312fb356
2026-07-29,vn,Vietnam,148,Re-Entry,Pin Dự Phòng,Dương Domic; Lou Hoàng,4KPyQxL1zqEiBcTwW6c9HE; 75Ki5hBCOpDtKGoFyTvLxP,1YG2V1ejfyoKgrPPGJDrVW,https://i.scdn.co/image/ab67616d00001e02f2e33afbb2d8b486c1c98aa3
2026-07-29,vn,Vietnam,149,27,Chịu Cách Mình Nói Thua,RHYDER; CoolKid; BAN,1W2pigH6UYwuTuFbwoSfVZ; 1Qia4CTwh6x0CZbD0079zi; 0CO1IZAPmgTbkfXvcRCLsL,3ZbZtdEw9U0uZW4tZItIwq,https://i.scdn.co/image/ab67616d00001e023687e8b4ade89380cb3d27c6
2026-07-29,vn,Vietnam,150,14,Trở Về,Wxrdie; JustaTee,1Jmkhzve9TuXHUUWGmpANw; 3rjcQ5VIWCN4q7UFetzdeO,0oL2jCTf9P9a7flY5mCpYu,https://i.scdn.co/image/ab67616d00001e02f3b9c8061be9fc0bdebad64e
2026-07-29,vn,Vietnam,151,20,Hà Nội,Obito; Shiki; VSTRA,0ZbgKh0FgPYeFP38nVaEGp; 3hRnvEdu1iPyB6EzMBbuZq; 2aMo0CYbTieTisS0BlWc59,5PGh9MyKry8slG5AfvD1eD,https://i.scdn.co/image/ab67616d00001e0292824dc99ef88e1bd6d79904
2026-07-29,vn,Vietnam,152,3,Những Lời Hứa Bỏ Quên,Vũ.; Dear Jane,57g2v7gJZepcwsuwssIfZs; 6V1SwiosQqf5XvmoTMCGa9,1LJyhnPdYGRLerwJd8CmL1,https://i.scdn.co/image/ab67616d00001e026f76636916ae7d5d930b1656
2026-07-29,vn,Vietnam,153,15,1000 Ánh Mắt,Shiki; Obito,3hRnvEdu1iPyB6EzMBbuZq; 0ZbgKh0FgPYeFP38nVaEGp,5XfGQZA0ioQAWUjlyJRcHc,https://i.scdn.co/image/ab67616d00001e023d8f5ef4ca6a5d6a22af538a
2026-07-29,vn,Vietnam,154,Re-Entry,Chắc Ai Đó Sẽ Về,Sơn Tùng M-TP,5dfZ5uSmzR7VQK0udbAVpf,527UV7H9SbnmTVkxBVg56X,https://i.scdn.co/image/ab67616d00001e02794744c57c9f35db88249842
2026-07-29,vn,Vietnam,155,–,3107 3,W/N; Duongg; Nau; titie,6NF9Oa4ThQWCj6mogFSrVD; 3JkGKNawown8MgcJsDw1WT; 38QautgC2LNYKiu10BB0sF; 2I8garg5B5BsdmetbsXsjG,1EmMFSLRVkOszCa4ul9z0F,https://i.scdn.co/image/ab67616d00001e021f24e7802fe66cb93779a44b
2026-07-29,vn,Vietnam,156,19,PHÓNG ZÌN ZÌN,tlinh; Low G,3diftVOq7aEIebXKkC34oR; 6TITnFVRcl0AcZ4syE7Toe,3COYA2vgfcUhDyRlVpZy5p,https://i.scdn.co/image/ab67616d00001e02d7d3c1abbc451131fa7523e8
2026-07-29,vn,Vietnam,157,Re-Entry,Thanh Tân,VƯƠNG BÌNH,351mBX7BjjI2plbfozIzqb,2eVsKrWqJhTAVItaTRashw,https://i.scdn.co/image/ab67616d00001e026bdb084b44790e92eb775987
2026-07-29,vn,Vietnam,158,25,Cảm Ơn Người Đã Thức Cùng Tôi,Phùng Khánh Linh; 30 Pictures,23Gbd21nBxC1kCtcG2Cd0C; 4fuBxSAuP6X7YxDZYVaLsz,0t8g66pWghsU8MphjUQIdg,https://i.scdn.co/image/ab67616d00001e02e292ad3d0b2c9439981132e5
2026-07-29,vn,Vietnam,159,11,Thích Quá Rùi Nà,tlinh; Trung Trần,3diftVOq7aEIebXKkC34oR; 2v14NO80QYditUms7sbEIZ,2q2DN73j7oY2igLflertN3,https://i.scdn.co/image/ab67616d00001e023b8fccabde0a2d2eb00c16b0
2026-07-29,vn,Vietnam,160,10,GO!,CORTIS,1ebt9HnXdyYA6KgLXr1n4P,6OWWZtNQORY1McaZmOrwhc,https://i.scdn.co/image/ab67616d00001e024b56a34b0c2b3798fd46f855
2026-07-29,vn,Vietnam,161,3,FaSHioN,CORTIS,1ebt9HnXdyYA6KgLXr1n4P,4ecdsGz3Hg6TKPwQ0ZOdJz,https://i.scdn.co/image/ab67616d00001e024b56a34b0c2b3798fd46f855
2026-07-29,vn,Vietnam,162,13,Em,Binz,2nSO7JYDbJrYbJmP39qUzj,1UhQ0VwKq2PGnLiAZOJYV1,https://i.scdn.co/image/ab67616d00001e029b837a5dd78092c5940f51ff
2026-07-29,vn,Vietnam,163,23,‘ NHỨC TIỀM THỨC |,Anh Trai Vượt Ngàn Chông Gai; Hà An Huy,1NVwSzuIbuPJEGWhUQRlnv; 6cz81gA7fLpRK4qKeLsGIn,5eIlFqBhWf2LBupYIj29T2,https://i.scdn.co/image/ab67616d00001e020c0c7ddc27dee81663a541ce
2026-07-29,vn,Vietnam,164,20,Xa Xôi (feat. Obito),RPT MCK; Obito,1zSv9qZANOWB4HRE8sxeTL; 0ZbgKh0FgPYeFP38nVaEGp,3SJBCyImil9sNCH8lcCnqO,https://i.scdn.co/image/ab67616d00001e02430659fa8179500bd2b5e55f
2026-07-29,vn,Vietnam,165,22,Muộn Rồi Mà Sao Còn,Sơn Tùng M-TP,5dfZ5uSmzR7VQK0udbAVpf,4vfhartd7HDWGJbdVIycEu,https://i.scdn.co/image/ab67616d00001e020121ea113166222d5c743e2e
2026-07-29,vn,Vietnam,166,76,Cho Mình Em,Binz; Đen,2nSO7JYDbJrYbJmP39qUzj; 1HMF5R4KSzEMxB54ihlOdj,51bYFYWODfYOZU0rwvjiCc,https://i.scdn.co/image/ab67616d00001e02b68fa08bdfd02ca2b6a044a3
2026-07-29,vn,Vietnam,167,Re-Entry,Chờ Anh Nhé,Hoàng Dũng; Hoàng Rob,6OzE2OdvV2tGAxSBsBuZ74; 43qZrcVKZleWlmoBVRBPO8,2uxjHthUJd2A8PmWaUGGsI,https://i.scdn.co/image/ab67616d00001e02a09fb80b07fb17f8ab7b844a
2026-07-29,vn,Vietnam,168,43,Từng Quen,Wren Evans; itsnk,5M3ffmRiOX9Q8Y4jNeR5wu; 0hy8mfXxfD8kQ6MRQkDVrn,4qYfRfSxsmhJ1WMaywtLyI,https://i.scdn.co/image/ab67616d00001e0271d5ffe4407f913393ecdd11
2026-07-29,vn,Vietnam,169,Re-Entry,Cause I Love You,Noo Phước Thịnh,3mibIJiduF0MVLLAvHZAxw,5vODf231esazyTFBRN6Tdc,https://i.scdn.co/image/ab67616d00001e02100e0fb26ce43fd0e879911c
2026-07-29,vn,Vietnam,170,4,Em Đừng Khóc,Chillies,2xvW7dgL1640K8exTcRMS4,0JKEP4dB1riE6l7Kq5kJm1,https://i.scdn.co/image/ab67616d00001e02e8a6054b92e9c63bbf5ff205
2026-07-29,vn,Vietnam,171,5,TNT,CORTIS,1ebt9HnXdyYA6KgLXr1n4P,7diH1qnFziArYzynk3vkr6,https://i.scdn.co/image/ab67616d00001e027a702a4c3a18c1439fdc29ff
2026-07-29,vn,Vietnam,172,1,Nước Mắt Em Lau Bằng Tình Yêu Mới,Da LAB; Tóc Tiên,6zUWZmyi5MLOEynQ5wCI5f; 4YkqEuVf1Jf2x2XDqJ2CvC,7J9l9ebYB3IEs5ea5J1M7a,https://i.scdn.co/image/ab67616d00001e02a8841feab76e269590320623
2026-07-29,vn,Vietnam,173,Re-Entry,Nằm Bên Anh,Minh Đinh; Hà An Huy,4NfuHLESitkh66LOZeyzsu; 6cz81gA7fLpRK4qKeLsGIn,20gsAL3ybtvJrk9NXCDf7h,https://i.scdn.co/image/ab67616d00001e02a77f6467328fb3be03af1ff7
2026-07-29,vn,Vietnam,174,43,Nghe Như Tình Yêu,HIEUTHUHAI,5HZtdKfC4xU0wvhEyYDWiY,1J12HjUuXfJnaUdubTEzSR,https://i.scdn.co/image/ab67616d00001e02ff825e8af61dad96490e8192
2026-07-29,vn,Vietnam,175,Re-Entry,Phonecert,Hoàng Dũng,6OzE2OdvV2tGAxSBsBuZ74,498g7npirihKT5MPdVSfb0,https://i.scdn.co/image/ab67616d00001e02d366487daa325f4bd2d803cc
2026-07-29,vn,Vietnam,176,19,Già Cùng Nhau Là Được,Tùng TeA; PC; TaynguyenSound,2SWNzbf1maA3oR4x56Uv9W; 3HD3V1nGFPwepBO7064Ij0; 5ayWRfrcpObgDDlzheJ2Gr,0jHpGB1Xt2kIX0VaPFvStp,https://i.scdn.co/image/ab67616d00001e0276c10c0497647b0cee2dba35
2026-07-29,vn,Vietnam,177,Re-Entry,Anh Là Ai,Phương Ly,5Kh0ta0UY4uJ4g2CIdq9V9,3gLRyMbg5nWLcuKD46Uz72,https://i.scdn.co/image/ab67616d00001e02ed4d44c4f824776af51829d1
2026-07-29,vn,Vietnam,178,2,Anh Không Muốn Nó Dễ Dàng,RPT MCK,1zSv9qZANOWB4HRE8sxeTL,5cJXrld8l8ZW6dAIo4P0O6,https://i.scdn.co/image/ab67616d00001e02430659fa8179500bd2b5e55f
2026-07-29,vn,Vietnam,179,Re-Entry,Thành phố phía Đông,VƯƠNG BÌNH; Phùng Khánh Linh,351mBX7BjjI2plbfozIzqb; 23Gbd21nBxC1kCtcG2Cd0C,2vxMUUjyqpBzI9PHm7YtKQ,https://i.scdn.co/image/ab67616d00001e026bdb084b44790e92eb775987
2026-07-29,vn,Vietnam,180,20,Đường Tôi Chở Em Về,buitruonglinh,7Cp2hGcriAaDUAWpXnSEwm,7H2j1yMCXXNfd9V9aKeodi,https://i.scdn.co/image/ab67616d00001e0222029966c28f9d19ab54143c
2026-07-29,vn,Vietnam,181,36,Forget About Her,JustaTee,3rjcQ5VIWCN4q7UFetzdeO,5kJMW3pK49PvQDtpVryHf5,https://i.scdn.co/image/ab67616d00001e02c3e00da7dc9099c24abc44cd
2026-07-29,vn,Vietnam,182,Re-Entry,Lễ Đường,Kai Đinh,3E6LGptA8lBEXPHAQCE3vr,3y66li7DIrH7HLKIZzxR5H,https://i.scdn.co/image/ab67616d00001e02312aebc924ae317397fdcff5
2026-07-29,vn,Vietnam,183,50,' CHẲNG CẦN BÌNH YÊN |,Hà An Huy,6cz81gA7fLpRK4qKeLsGIn,2KadxdRVKWJy3ahMnlClhq,https://i.scdn.co/image/ab67616d00001e02f685c1305ca0cd33f29ac7fc
2026-07-29,vn,Vietnam,184,Re-Entry,Anh Sai Rồi,Sơn Tùng M-TP,5dfZ5uSmzR7VQK0udbAVpf,4L2oeZlKbhJZK2qiu4UaeD,https://i.scdn.co/image/ab67616d00001e02794744c57c9f35db88249842
2026-07-29,vn,Vietnam,185,6,3 1 0 7 (feat. Duongg & Nâu),W/N; Duongg; Nâu,6NF9Oa4ThQWCj6mogFSrVD; 3JkGKNawown8MgcJsDw1WT; 5zifyPCJIZxUBhVq7AydsT,5xuaCJaNAqRLwV7OO5zPiF,https://i.scdn.co/image/ab67616d00001e02adc789d731eff56c9b448737
2026-07-29,vn,Vietnam,186,39,MỘNG YU,AMEE; RPT MCK,2aQnC3DbZB9GbauvhAw7ve; 1zSv9qZANOWB4HRE8sxeTL,5oFEvbM7lGnx8jfAkuhVyo,https://i.scdn.co/image/ab67616d00001e02e4522860e86653f2595a64a4
2026-07-29,vn,Vietnam,187,New,Animal,KATSEYE,3c0gDdb9lhnHGFtP4prQpn,3ouNEk0tv5TTi8VWMe1xbX,https://i.scdn.co/image/ab67616d00001e029e8d48f27391ce383862b8e8
2026-07-29,vn,Vietnam,188,Re-Entry,"Đừng Yêu Nữa, Em Mệt Rồi",MIN,0IdAjS2LRieBR3gzoazdAw,4DJZfZPvWYbSeFVFf2b2aS,https://i.scdn.co/image/ab67616d00001e02886cc92143ccb54acf8bbf5e
2026-07-29,vn,Vietnam,189,33,A Little Dream Of Me,Công Dương; Nguyễn Lâm Thảo Tâm; 30 Pictures,7rpD9lGecstoaVj2vGXUex; 5YG0ioEAI3lSqkJqAP2bDO; 4fuBxSAuP6X7YxDZYVaLsz,66v7AvDs5gZfmkJgFMMtHL,https://i.scdn.co/image/ab67616d00001e02fdf13f949241aff6ff3e714f
2026-07-29,vn,Vietnam,190,2,Đầu Đường Xó Chợ,Obito; Shiki; Lăng LD,0ZbgKh0FgPYeFP38nVaEGp; 3hRnvEdu1iPyB6EzMBbuZq; 0EOMdQwzUG6CKh9oWvcANr,2G5ujw3rrWcAXQqT8PVnrz,https://i.scdn.co/image/ab67616d00001e0292824dc99ef88e1bd6d79904
2026-07-29,vn,Vietnam,191,40,' NHỨC TIỀM THỨC |,Hà An Huy,6cz81gA7fLpRK4qKeLsGIn,3GB4HXnN9unbC4SqxSF3dW,https://i.scdn.co/image/ab67616d00001e02c701c3d9cf3c1e58b84821a3
2026-07-29,vn,Vietnam,192,Re-Entry,trời giấu trời mang đi,AMEE,2aQnC3DbZB9GbauvhAw7ve,2SykQzXuFSeprST1uDjj1m,https://i.scdn.co/image/ab67616d00001e02819219f4ea0ad1e11cb78411
2026-07-29,vn,Vietnam,193,41,0 AI NGHĨ,Wxrdie,1Jmkhzve9TuXHUUWGmpANw,2kt7udEZmN2kj1Jsl118zY,https://i.scdn.co/image/ab67616d00001e020654d645c1868aa897ee1f19
2026-07-29,vn,Vietnam,194,Re-Entry,Đó Chỉ Là Thành Phố Của Anh,Luxuyen; New$oulz,0B9sKSEY2YQpILrF2HHng4; 7GKDb02uOcMnDS5fUixNEc,2qU7v0idyT8aTp8FVxl23c,https://i.scdn.co/image/ab67616d00001e0257fbe5bd828fc8974e7e0a9b
2026-07-29,vn,Vietnam,195,18,Lạ Lùng,Vũ.,57g2v7gJZepcwsuwssIfZs,5Bti0azlFhMattVY76qFr9,https://i.scdn.co/image/ab67616d00001e024d2f9d43a77e3e72070bb27a
2026-07-29,vn,Vietnam,196,62,Đến Đây Bên Anh,Cloud 5; Dangrangto,4jpoAFITrFeFHeZ7Fgv3KZ; 5xY6E5PMZNtz9jDvxTRiGI,55Eo6NDkVhSRBonrT16kXM,https://i.scdn.co/image/ab67616d00001e02bed265ca42ecbd6daf08a7a1
2026-07-29,vn,Vietnam,197,1,Sweet Boy,Malcolm Todd,7eKkW1zo5uzW8kUntiiBvz,59c2xv2kMzYM6HR9oY6BIa,https://i.scdn.co/image/ab67616d00001e022c1f34ecc1929fb59908aad1
2026-07-29,vn,Vietnam,198,31,Yêu 5,Rhymastic,0gGd4WhPXBSgDX6fdOHcOw,5U30iZBlmxkpHqzb1OSnBS,https://i.scdn.co/image/ab67616d00001e02d085c32d050bc832a8075ce6
2026-07-29,vn,Vietnam,199,6,Dù Cho Mai Về Sau,buitruonglinh,7Cp2hGcriAaDUAWpXnSEwm,4Iz5EWPCAT8jYNk4IpLoll,https://i.scdn.co/image/ab67616d00001e02ff2d5a6f74d5141af7a371ea
2026-07-29,vn,Vietnam,200,19,hello em có khỏe không,Dfoxie37; myhoa; Tuann,4zg9WrDAFl1dGh2eSWLnOG; 2zosA3SHMUhpmKTmsfTANv; 0gyjtTN7dfUe59UT0a0fKR,25NLn8W1JxuVrXQTVrDA4c,https://i.scdn.co/image/ab67616d00001e029c066fabb8afc9943e042b77
2026-07-29,jp,Japan,1,–,Brand New,Mrs. GREEN APPLE,4QvgGvpgzgyUOo8Yp8LDm9,3Z8NMM7IRu4YKDHBo6vmX3,https://i.scdn.co/image/ab67616d00001e028bc6d0a539486bdb1a9f2968
2026-07-29,jp,Japan,2,1,高嶺の花子さん,back number,6rs1KAoQnFalSqSU4LTh8g,2jdbZGFp8KVTuk0YxDNL4l,https://i.scdn.co/image/ab67616d00001e02783ed3c2af46af7ab7c671c0
2026-07-29,jp,Japan,3,3,花束,back number,6rs1KAoQnFalSqSU4LTh8g,3QIAwtEEDOrv0g5NKCGrXZ,https://i.scdn.co/image/ab67616d00001e024951a4f5f9d719dfa4ef3d75
2026-07-29,jp,Japan,4,–,Sukisugite METSU!,M!LK,4jhJ8cnJ9vYKyCh289nuwQ,0vDqNzQqEhl7boeRS3Joli,https://i.scdn.co/image/ab67616d00001e0209fb0acaaf2416132c914eb5
2026-07-29,jp,Japan,5,3,ブルーアンバー,back number,6rs1KAoQnFalSqSU4LTh8g,35MeePbBnryubkVG0v8GbI,https://i.scdn.co/image/ab67616d00001e02a58f0d10db6a676c3b422fda
2026-07-29,jp,Japan,6,1,青と夏,Mrs. GREEN APPLE,4QvgGvpgzgyUOo8Yp8LDm9,5BC6kr6etk2Y9J62AyI4i3,https://i.scdn.co/image/ab67616d00001e0281f55cd879e9480e3ed313df
2026-07-29,jp,Japan,7,–,It's Me,ILLIT,36cgvBn0aadzOijnjjwqMN,1D5L58KLBbceOynTP4DQnY,https://i.scdn.co/image/ab67616d00001e0261eea484e31bca065904f1c6
2026-07-29,jp,Japan,8,53,GO GHOST,King Gnu,6wxfx1yhyqjCPYwwxJktR2,54kwD19pq6ea4yGiiX84QB,https://i.scdn.co/image/ab67616d00001e021c4531b72e6d1e25580573ff
2026-07-29,jp,Japan,9,–,点描の唄,Mrs. GREEN APPLE; Sonoko Inoue,4QvgGvpgzgyUOo8Yp8LDm9; 71hQB5jxdNiHk5gzZRhicQ,1sIIlVrnPhrvmTrHtzM7tV,https://i.scdn.co/image/ab67616d00001e02b68755a98268d7aa297549d5
2026-07-29,jp,Japan,10,2,夜の踊り子,sakanaction,0hCWVMGGQnRVfDgmhwLIxq,6qB3lZIfnDC8TE2245NDtO,https://i.scdn.co/image/ab67616d00001e026dd4b6207e6e3780e50a24d6
2026-07-29,jp,Japan,11,–,ライラック,Mrs. GREEN APPLE,4QvgGvpgzgyUOo8Yp8LDm9,21VsLvoE7elUmJZLSawaMh,https://i.scdn.co/image/ab67616d00001e02232b48311e311ba914af2811
2026-07-29,jp,Japan,12,2,Bakuretsu Aishiteru,M!LK,4jhJ8cnJ9vYKyCh289nuwQ,1F1hibBCtNeObRMmEMLHNh,https://i.scdn.co/image/ab67616d00001e023307c09719bde062177f93c7
2026-07-29,jp,Japan,13,1,Don’t Say You Love Me,Jin,5vV3bFXnN6D6N3Nj4xRvaV,27xkOIER6uDLKALIelHylZ,https://i.scdn.co/image/ab67616d00001e0289228504f700641956e29f5d
2026-07-29,jp,Japan,14,2,烏 - Raven,Kenshi Yonezu,1snhtMLeb2DYoMOcVbb8iB,5Ij88F5dK7yib1RoNA8wGV,https://i.scdn.co/image/ab67616d00001e026587e9ae2e13c8bd69c0bf7e
2026-07-29,jp,Japan,15,2,IRIS OUT,Kenshi Yonezu,1snhtMLeb2DYoMOcVbb8iB,59hVbgr8rfYkDbHfr8RcGI,https://i.scdn.co/image/ab67616d00001e026d1d4e875e2424cdd07f3232
2026-07-29,jp,Japan,16,1,ハッピーエンド,back number,6rs1KAoQnFalSqSU4LTh8g,4GqO80eGXA542oTvlYv4LS,https://i.scdn.co/image/ab67616d00001e02e09353d6028fda18c3699085
2026-07-29,jp,Japan,17,2,水平線,back number,6rs1KAoQnFalSqSU4LTh8g,3RvdkNMcSy71m0aT6UF9Uf,https://i.scdn.co/image/ab67616d00001e02fd363d834b815375814ae78e
2026-07-29,jp,Japan,18,4,Soranji,Mrs. GREEN APPLE,4QvgGvpgzgyUOo8Yp8LDm9,3YML5IHoqWbw9c9vJJvrvM,https://i.scdn.co/image/ab67616d00001e02d482c602732da71e7cdf04c3
2026-07-29,jp,Japan,19,–,Blue Jeans,HANA,7fmXV2O48buswss04YetaN,6hnk0Fesq9JOhWpck8HJsj,https://i.scdn.co/image/ab67616d00001e02c175a1d89c39c1cd297cb669
2026-07-29,jp,Japan,20,2,You!Joy!Parade!,M!LK,4jhJ8cnJ9vYKyCh289nuwQ,74ThDjhS3BXmghci7Qbhv9,https://i.scdn.co/image/ab67616d00001e020c91cd279b5581517a3eb578
2026-07-29,jp,Japan,21,3,3XL,Number_i,4XFkDALFTsSHVnRtJSsaMN,6ggjkwPk8ghOR5Pu5rTRH6,https://i.scdn.co/image/ab67616d00001e02633ad0881110110829018a69
2026-07-29,jp,Japan,22,2,BUGS LIFE,Number_i,4XFkDALFTsSHVnRtJSsaMN,3o9jxRsczWG6Juy1KTDNuG,https://i.scdn.co/image/ab67616d00001e02425a1d2feed9239e8214a609
2026-07-29,jp,Japan,23,7,lulu.,Mrs. GREEN APPLE,4QvgGvpgzgyUOo8Yp8LDm9,0vE1WglBbhmd5wDO49lcih,https://i.scdn.co/image/ab67616d00001e029f3b4070433475c017120dec
2026-07-29,jp,Japan,24,3,夜鷹 - Yodaka,Kenshi Yonezu,1snhtMLeb2DYoMOcVbb8iB,4Qa2LME2vWWPXMLnFCGgxU,https://i.scdn.co/image/ab67616d00001e0262249e32fd6ee1ce0b34640b
2026-07-29,jp,Japan,25,2,Marigold,Aimyon,5kVZa4lFUmAQlBogl1fkd6,2cKiHG16JBiqHdi7Llq0r7,https://i.scdn.co/image/ab67616d00001e023bc8c5a65f225815fa3844e1
2026-07-29,jp,Japan,26,–,ダーリン,Mrs. GREEN APPLE,4QvgGvpgzgyUOo8Yp8LDm9,7ikOwlVju9HYUKthPiNHwr,https://i.scdn.co/image/ab67616d00001e02232b48311e311ba914af2811
2026-07-29,jp,Japan,27,1,夢中,BE:FIRST,4wCW8kZ8LL7QIdcE8EOKPP,7KNY1e9x1MDvpBAmIAN3tz,https://i.scdn.co/image/ab67616d00001e02530e4b27e7f9281ee1ad4ee6
2026-07-29,jp,Japan,28,1,君の恋人になったら,back number,6rs1KAoQnFalSqSU4LTh8g,0k4KaqElLVjdR6sVHPTS6h,https://i.scdn.co/image/ab67616d00001e02e09353d6028fda18c3699085
2026-07-29,jp,Japan,29,4,恋,back number,6rs1KAoQnFalSqSU4LTh8g,7f9DsQEsIoeTwKxV6shsom,https://i.scdn.co/image/ab67616d00001e0203808f76fad28ce8523f5ac6
2026-07-29,jp,Japan,30,5,愛を伝えたいだとか,Aimyon,5kVZa4lFUmAQlBogl1fkd6,0N8Xztr4pBHJ7V0moJWhbO,https://i.scdn.co/image/ab67616d00001e0233c05e1d08fec494a30bd240
2026-07-29,jp,Japan,31,4,Kaiju no Hanauta,Vaundy,2IUl3m1H1EQ7QfNbNWvgru,7dTW21YAJxnAOiUh7Rtu9S,https://i.scdn.co/image/ab67616d00001e02cf855f0c6dee3a4b541b48e7
2026-07-29,jp,Japan,32,1,ケセラセラ,Mrs. GREEN APPLE,4QvgGvpgzgyUOo8Yp8LDm9,0teqQ0PYqVDyyXJuPOyMhu,https://i.scdn.co/image/ab67616d00001e02d482c602732da71e7cdf04c3
2026-07-29,jp,Japan,33,3,IDOLPOWER,M!LK,4jhJ8cnJ9vYKyCh289nuwQ,3NPdo1QXqBKIoQAX2xSCRJ,https://i.scdn.co/image/ab67616d00001e020147cecbbbc8b8237ed95dc9
2026-07-29,jp,Japan,34,–,幸せ,back number,6rs1KAoQnFalSqSU4LTh8g,1YVuXOCjN1GkGYqZ8RCcF3,https://i.scdn.co/image/ab67616d00001e024951a4f5f9d719dfa4ef3d75
2026-07-29,jp,Japan,35,3,Kaiju,sakanaction,0hCWVMGGQnRVfDgmhwLIxq,6FhWelfRDMFZRtFUU6SIdC,https://i.scdn.co/image/ab67616d00001e022337f03620420d4561c7e6c9
2026-07-29,jp,Japan,36,7,君はロックを聴かない,Aimyon,5kVZa4lFUmAQlBogl1fkd6,59eluCMn0XbOWqeWQ91FTM,https://i.scdn.co/image/ab67616d00001e0233c05e1d08fec494a30bd240
2026-07-29,jp,Japan,37,5,HAPPY BIRTHDAY,back number,6rs1KAoQnFalSqSU4LTh8g,4FMz2RFrbDGzJO7K4D0vS3,https://i.scdn.co/image/ab67616d00001e02ce51ffc5c742ed217779cb9d
2026-07-29,jp,Japan,38,5,Missing,BE:FIRST,4wCW8kZ8LL7QIdcE8EOKPP,1zsPhef2vOQaRSj1H7yvXq,https://i.scdn.co/image/ab67616d00001e022cd4bda9ecd034c7bacf2838
2026-07-29,jp,Japan,39,3,Yes! 東京,EBiDAN (恵比寿学園男子部); chotokkyu; M!LK; GNJB; SUPER★DRAGON; Sakurashimeji; ONE N' ONLY; BUDDiiS; ICEx; Lienel,4jtwvvkDVrBZosFsvbSLXm; 0udR1QMfgT37SQnL1QClTU; 4jhJ8cnJ9vYKyCh289nuwQ; 752sVqd0A0Hki7Gd2iOOV6; 2O86rYMEuvyrkOhyooK87W; 4GEJn9D9CbxI4UV8zQHxCY; 6Pob63g9NOdT7moTAUZ4GB; 68hd7ONzgN98uAZDWMlmAQ; 36eLruAH70vIII9ppzQ5QP; 2OqRcm0u2f7DpFoQZQiIoj,7L1UsUbSqowTKwrgT0v8AS,https://i.scdn.co/image/ab67616d00001e02902e640490a6decd6dcebef8
2026-07-29,jp,Japan,40,3,僕のこと,Mrs. GREEN APPLE,4QvgGvpgzgyUOo8Yp8LDm9,0tnhoHUrHfcLi9hPknUFZ4,https://i.scdn.co/image/ab67616d00001e0281f55cd879e9480e3ed313df
2026-07-29,jp,Japan,41,1,愛をこめて花束を,Superfly,5M8AXrOifBT8elkLKbGPQZ,7CmWXD3w1xOO53AAO4LRVQ,https://i.scdn.co/image/ab67616d00001e02f4ba4f68c6906e2cd85fd54a
2026-07-29,jp,Japan,42,3,革命道中 - On The Way,AiNA THE END,5k7KS34gxQbzdQaXWSOVKC,1oFqKeepmT5S8BCGqJl7Ar,https://i.scdn.co/image/ab67616d00001e029df9218f742e792bcbd711d3
2026-07-29,jp,Japan,43,11,ただ君に晴れ,Yorushika,4UK2Lzi6fBfUi9rpDt6cik,3wJHCry960drNlAUGrJLmz,https://i.scdn.co/image/ab67616d00001e0228b535c92629e3c8d20ec242
2026-07-29,jp,Japan,44,3,AIZO,King Gnu,6wxfx1yhyqjCPYwwxJktR2,65X2koe1LhDgQmRkNdJFv9,https://i.scdn.co/image/ab67616d00001e02120734724ff398a2d812f982
2026-07-29,jp,Japan,45,1,ROSE,HANA,7fmXV2O48buswss04YetaN,3920QegiL2PHmaYYBVwexC,https://i.scdn.co/image/ab67616d00001e02c175a1d89c39c1cd297cb669
2026-07-29,jp,Japan,46,–,恋人ごっこ,Macaroni Empitsu,1t17z3vfuc82cxSDMrvryJ,2SihT7AVMiI2VtaAyVIcnO,https://i.scdn.co/image/ab67616d00001e02ad388532d6600cc70e57139d
2026-07-29,jp,Japan,47,–,奏(かなで),Sukima Switch,0wRzWf3I4lUl9hdFF5uL0m,5RbMlPFL4gVyEHW2lEOuzG,https://i.scdn.co/image/ab67616d00001e02a716d5aa6f08492ad5bdae37
2026-07-29,jp,Japan,48,3,ヒロイン,back number,6rs1KAoQnFalSqSU4LTh8g,3hBAYbAECEix9raaTq8S3H,https://i.scdn.co/image/ab67616d00001e0259a14a1d53eb5610f84c8382
2026-07-29,jp,Japan,49,–,Five,ARASHI,1XYuC1vxinTjHCNd5clB8C,2cIqVZFyBH8h5dnrzBvtre,https://i.scdn.co/image/ab67616d00001e02d4223a5dd64fe336dd9951e2
2026-07-29,jp,Japan,50,2,とくべチュ、して,=LOVE,1j2WhcTW00Zd2SjFYsJVc6,2XS2jEncSJsetNZdVtlpeo,https://i.scdn.co/image/ab67616d00001e02d7f3a9e810813d803a8173eb
2026-07-29,jp,Japan,51,1,マイオンリー,SixTONES,7dhueqtbx2NVq1leXyqaNl,0CeyAPE5CjL749WIjveUAc,https://i.scdn.co/image/ab67616d00001e02a90ea8ab71e6ada1f1b79222
2026-07-29,jp,Japan,52,–,Setsugekka,yangskinny,3VVMRDGpbQR2SK9nHX3DW5,21UVLrJ0yuJ6CGeElXMG0C,https://i.scdn.co/image/ab67616d00001e024ccbea10c9ca9f47eab6d200
2026-07-29,jp,Japan,53,New,Suki,Gen Hoshino,1S2S00lgLYLGHWA44qGEUs,6MDEjTLKMKJFcLTF274VSK,https://i.scdn.co/image/ab67616d00001e0274288243e11b8de17f9d3e52
2026-07-29,jp,Japan,54,3,チェリー,SPITZ,5kjGRHClVacSyllOUqU1S0,1ihCiJaXRl4f6Sy4LJov5z,https://i.scdn.co/image/ab67616d00001e02ca6cb1176913264c1f402f68
2026-07-29,jp,Japan,55,1,SAD SONG,CHANMINA,2vjeuQwzSP5ErC1S41gONX,2zxK14g3shGRbgjUmKaj2x,https://i.scdn.co/image/ab67616d00001e0266c40b99a73fab7a12ceb7a8
2026-07-29,jp,Japan,56,1,きらり,Fujii Kaze,6bDWAcdtVR3WHz2xtiIPUi,3L7ISJTvKx56uhsF28aJ4p,https://i.scdn.co/image/ab67616d00001e02af62b027ee85ae2e2f7c9702
2026-07-29,jp,Japan,57,5,Who,Jimin,1oSPZhvZMIrWW5I41kPkkY,7tI8dRuH2Yc6RuoTjxo4dU,https://i.scdn.co/image/ab67616d00001e02f02c451189a709b9a952aaec
2026-07-29,jp,Japan,58,5,瞬き,back number,6rs1KAoQnFalSqSU4LTh8g,7hIfpcdUZcyCKHYy8gp49E,https://i.scdn.co/image/ab67616d00001e02ce51ffc5c742ed217779cb9d
2026-07-29,jp,Japan,59,21,Never Grow Up,CHANMINA,2vjeuQwzSP5ErC1S41gONX,5aDgM8rYPT15CqjkN1EIKq,https://i.scdn.co/image/ab67616d00001e0266c40b99a73fab7a12ceb7a8
2026-07-29,jp,Japan,60,5,HANABI,Mr.Children,1qma7XhwZotCAucL7NHVLY,77lmDcPPyY6kK907gdgC6i,https://i.scdn.co/image/ab67616d00001e024eb972483c4de7618b526019
2026-07-29,jp,Japan,61,5,Naked Heart,Aimyon,5kVZa4lFUmAQlBogl1fkd6,4Jv7U0JJpbQnOrjtDwDZTZ,https://i.scdn.co/image/ab67616d00001e02d56ef749e7eeb2f070619bcc
2026-07-29,jp,Japan,62,2,ブルーベリー・ナイツ,Macaroni Empitsu,1t17z3vfuc82cxSDMrvryJ,2UdvMWk0Z83lMJPbawy2Sm,https://i.scdn.co/image/ab67616d00001e02ad388532d6600cc70e57139d
2026-07-29,jp,Japan,63,5,Shape of You,Ed Sheeran,6eUKZXaKkcviH0Ku9w2n3V,7qiZfU4dY1lWllzX7mPBI3,https://i.scdn.co/image/ab67616d00001e02ba5db46f4b838ef6027e6f96
2026-07-29,jp,Japan,64,5,イケナイ太陽,ORANGE RANGE,4upiYMjsFfLRieGo8RVRzD,7emibp3qHeqNNYqZ2Y09xb,https://i.scdn.co/image/ab67616d00001e02dce91774924868ea69bd4b87
2026-07-29,jp,Japan,65,7,君が眩しいから僕は星が見えない,SIX LOUNGE,0hOOhY33adbUdYjrzJHYlX,2AofAbNYmyevuCF6JEnyOZ,https://i.scdn.co/image/ab67616d00001e028c6407f35ae6d47dccba10e8
2026-07-29,jp,Japan,66,3,Hanabi,aiko,6TDMbiQCWeMClsMr9ORLRK,0I0zZHGJ6ea8TxwbUvvJEH,https://i.scdn.co/image/ab67616d00001e02b62f14c264f8be2b3ab3f9c3
2026-07-29,jp,Japan,67,2,キセキ,GReeeeN,14T8NkbwXVZgbOvwnuGV89,7ztdl6cnbJgHRdMkKldkts,https://i.scdn.co/image/ab67616d00001e0257fc2bbd3061376a6058fc74
2026-07-29,jp,Japan,68,2,インフェルノ,Mrs. GREEN APPLE,4QvgGvpgzgyUOo8Yp8LDm9,2vOAHp8PBBFYqvQUWSoITY,https://i.scdn.co/image/ab67616d00001e0281f55cd879e9480e3ed313df
2026-07-29,jp,Japan,69,1,わたがし,back number,6rs1KAoQnFalSqSU4LTh8g,23NPPhiLqHywaExkaEey8l,https://i.scdn.co/image/ab67616d00001e0203808f76fad28ce8523f5ac6
2026-07-29,jp,Japan,70,17,オールドファッション,back number,6rs1KAoQnFalSqSU4LTh8g,0Xn30nT5EKFPsWvpiJ2Iav,https://i.scdn.co/image/ab67616d00001e02ce51ffc5c742ed217779cb9d
2026-07-29,jp,Japan,71,5,Love So Sweet,ARASHI,1XYuC1vxinTjHCNd5clB8C,5I6JLJqnZICLvPebTj2YCm,https://i.scdn.co/image/ab67616d00001e02678947aeda2dc2b7aa22b8a7
2026-07-29,jp,Japan,72,4,新宝島,sakanaction,0hCWVMGGQnRVfDgmhwLIxq,4a48lWUd64bZgHUDx0GZlj,https://i.scdn.co/image/ab67616d00001e023bffc3038f2ace41272d9952
2026-07-29,jp,Japan,73,6,ガーデン,Fujii Kaze,6bDWAcdtVR3WHz2xtiIPUi,5U4PgFWzfzY7VEg9Ck4ziF,https://i.scdn.co/image/ab67616d00001e02af62b027ee85ae2e2f7c9702
2026-07-29,jp,Japan,74,3,Pretender,OFFICIAL HIGE DANDISM,5Vo1hnCRmCM6M4thZCInCj,15HNdxGKNCIO9pgaY4n7FU,https://i.scdn.co/image/ab67616d00001e02fc273337d7aafc7e907c383d
2026-07-29,jp,Japan,75,2,GG EZ,M.Sasuke,75t1r7Dnlz4EDc1Dn7Yqtd,0kPlZm0R1uQpv6VerQF9cM,https://i.scdn.co/image/ab67616d00001e02165a5daacb06c80c0de752f6
2026-07-29,jp,Japan,76,8,クスシキ,Mrs. GREEN APPLE,4QvgGvpgzgyUOo8Yp8LDm9,57zS3lPil2VxdlBLXHu8l2,https://i.scdn.co/image/ab67616d00001e02232b48311e311ba914af2811
2026-07-29,jp,Japan,77,–,JANE DOE,Kenshi Yonezu; Hikaru Utada,1snhtMLeb2DYoMOcVbb8iB; 7lbSsjYACZHn1MSDXPxNF2,4oE7MyJhqSD3BaHRpNs8Nl,https://i.scdn.co/image/ab67616d00001e028131aa99fb87ff0e9c511851
2026-07-29,jp,Japan,78,3,アイネクライネ,Kenshi Yonezu,1snhtMLeb2DYoMOcVbb8iB,45YBVp6zMwQZRbUDcPzmMB,https://i.scdn.co/image/ab67616d00001e024f220d17ad81c943221ce335
2026-07-29,jp,Japan,79,2,SWIM,BTS,3Nrfpe0tUJi4K4DXYWgMUX,68lbSrXDORS51pmyjZv712,https://i.scdn.co/image/ab67616d00001e02dfa17fad7f190c901603270e
2026-07-29,jp,Japan,80,6,115 million kilometer film,OFFICIAL HIGE DANDISM,5Vo1hnCRmCM6M4thZCInCj,278JqkBGkjDovOYAwE8TW7,https://i.scdn.co/image/ab67616d00001e02b0ab6e5ff8ba422784d60191
2026-07-29,jp,Japan,81,10,なんでもないよ、,Macaroni Empitsu,1t17z3vfuc82cxSDMrvryJ,5W7Y92LB4jWvu9NeEQ0GZl,https://i.scdn.co/image/ab67616d00001e0228374927acef64f376e7bed5
2026-07-29,jp,Japan,82,5,BAD,ATEEZ,68KmkJeZGfwe1OUaivBa2L,55UDXtbNJBAdTdUdbRu8T3,https://i.scdn.co/image/ab67616d00001e027e77585ffef632e51313b3e0
2026-07-29,jp,Japan,83,11,愛のレンタル,Macaroni Empitsu,1t17z3vfuc82cxSDMrvryJ,4GgI6ESeHw4SPqicVY3HPV,https://i.scdn.co/image/ab67616d00001e02ad388532d6600cc70e57139d
2026-07-29,jp,Japan,84,6,怪盗,back number,6rs1KAoQnFalSqSU4LTh8g,014Dp0tBp4d9uuFAvH1mlc,https://i.scdn.co/image/ab67616d00001e02fd363d834b815375814ae78e
2026-07-29,jp,Japan,85,1,ドライフラワー,Yuuri,0ixzjrK1wkN2zWBXt3VW3W,4kPlQKwtPrnqLgrmmKFSlA,https://i.scdn.co/image/ab67616d00001e02d0bd51668da5629aa0cc77d8
2026-07-29,jp,Japan,86,27,ツキミソウ,Novelbright,0jWCX6zp4RjWrmZRxJ2uri,6sElEqOIGENWjpxGFeo5ct,https://i.scdn.co/image/ab67616d00001e02a15dc066cec020b5da991c34
2026-07-29,jp,Japan,87,5,Ice Cream,YEONJUN,2Mo2yHjmrDRZW7yRuJwR2w,10aWlzB6sD6iF58yKPMgVB,https://i.scdn.co/image/ab67616d00001e02507b4d02c0225d567b3871f4
2026-07-29,jp,Japan,88,28,Harunohi,Aimyon,5kVZa4lFUmAQlBogl1fkd6,1oNeSCt0CMekCyyLo06kFs,https://i.scdn.co/image/ab67616d00001e02d56ef749e7eeb2f070619bcc
2026-07-29,jp,Japan,89,4,BPM (feat. KREVA),Kvi Baba; KREVA,5VxQzcVrakID2E4UxaDPNs; 6lAinPkC2U1Huibu6Vfr9R,6SMUXzvpo1dGg1N7QaMjvy,https://i.scdn.co/image/ab67616d00001e0228e2e4491b404294034e8a29
2026-07-29,jp,Japan,90,3,KISS N TELL,aespa,6YVMFz59CuY7ngCxTxjpxE,3Fse9qXqMNey4TL5mLy8IF,https://i.scdn.co/image/ab67616d00001e02304c46fde5f5244a66f7317b
2026-07-29,jp,Japan,91,5,TSUNAMI,SOUTHERN ALL STARS,79nkC8XZ5ohEVU0Xlf5Ael,2iXZA6Ecf9AZHw92tZBNLv,https://i.scdn.co/image/ab67616d00001e0243ea9e1f2ebeb01786d83676
2026-07-29,jp,Japan,92,3,E Jan,M!LK,4jhJ8cnJ9vYKyCh289nuwQ,0jj4mLjwYcos3PPzjQwVzh,https://i.scdn.co/image/ab67616d00001e02ac7d7b79a3f5e6610779581e
2026-07-29,jp,Japan,93,8,旅路,Fujii Kaze,6bDWAcdtVR3WHz2xtiIPUi,7uSLJCDetmdm3tQcoYLyty,https://i.scdn.co/image/ab67616d00001e02af62b027ee85ae2e2f7c9702
2026-07-29,jp,Japan,94,11,me me she,RADWIMPS,1EowJ1WwkMzkCkRomFhui7,0BYa5V0RyOYthDeCMUBJQZ,https://i.scdn.co/image/ab67616d00001e02a2f4114eb1e98cafef5a3f3d
2026-07-29,jp,Japan,95,6,ダンスホール,Mrs. GREEN APPLE,4QvgGvpgzgyUOo8Yp8LDm9,4QIKSlDV5YIjr0kqT1Ad32,https://i.scdn.co/image/ab67616d00001e02232b48311e311ba914af2811
2026-07-29,jp,Japan,96,14,カリスマックス,Snow Man,0UuiWPm9FpWvRuWNrXO98N,6YGXfo3seXKt7rm7YDb9ne,https://i.scdn.co/image/ab67616d00001e022b1c215f78cddaa4a440c718
2026-07-29,jp,Japan,97,19,美しい鰭,SPITZ,5kjGRHClVacSyllOUqU1S0,1H3qOzheTPhE7aVvJOWfvA,https://i.scdn.co/image/ab67616d00001e02622ca4b0159cc73e9c7c1c57
2026-07-29,jp,Japan,98,19,SUMMER SONG,YUI,5WBO8UyOuJ1l7ZBqqBimpO,1ZCFq7Fq1ZN5nI5GHXEAdg,https://i.scdn.co/image/ab67616d00001e02fdec3ee19da7cd9b1b02ca9c
2026-07-29,jp,Japan,99,8,Theater,King & Prince,1nzId6SLDDTUTRV7lNbgxp,6iltt0n1DkQ0AtCcwxXNZJ,https://i.scdn.co/image/ab67616d00001e0217729fc980bfd497e1a62dc3
2026-07-29,jp,Japan,100,8,ロビンソン,SPITZ,5kjGRHClVacSyllOUqU1S0,0sVnyL71jTOuMt9TZ59bws,https://i.scdn.co/image/ab67616d00001e0216aeaa20fccbe7ef8e32f876
2026-07-29,jp,Japan,101,11,幾億光年,Omoinotake,63ylN6WBUUxxMsySiDmr0B,5Ak1F5nGzM4KRhE0H1Q3CP,https://i.scdn.co/image/ab67616d00001e02734c65d0b31e87000e49b1ae
2026-07-29,jp,Japan,102,14,どうしてもどうしても,back number,6rs1KAoQnFalSqSU4LTh8g,6hlYmR30RGaHIz4UlVOG2U,https://i.scdn.co/image/ab67616d00001e026742a4c3db5d172a98733e91
2026-07-29,jp,Japan,103,6,Lemon,Kenshi Yonezu,1snhtMLeb2DYoMOcVbb8iB,04TshWXkhV1qkqHzf31Hn6,https://i.scdn.co/image/ab67616d00001e02775e8184725e0fb89337dd9a
2026-07-29,jp,Japan,104,1,HOT LIMIT,T.M.Revolution,3jdzcmtw5XOmOkSb2mRDtr,28lzJcFE5mEwL9BkxQ4CrQ,https://i.scdn.co/image/ab67616d00001e02de9d193c6087fdcdf6b2f98a
2026-07-29,jp,Japan,105,5,愛とか恋とか,Novelbright,0jWCX6zp4RjWrmZRxJ2uri,1VHL1PIkhDwWbFc65xHwOr,https://i.scdn.co/image/ab67616d00001e027b5dacdec4e8cc4ce9b93665
2026-07-29,jp,Japan,106,12,Harenchi,CHANMINA,2vjeuQwzSP5ErC1S41gONX,2BfzhBl79bcPOHHXAXJkTY,https://i.scdn.co/image/ab67616d00001e02b6274d484c9ea468882ada0d
2026-07-29,jp,Japan,107,9,Beauty And A Beat,Justin Bieber; Nicki Minaj,1uNFoZAHBGtllmzznpCI3s; 0hCNtLu0JehylgoiP8L4Gh,6QFCMUUq1T2Vf5sFUXcuQ7,https://i.scdn.co/image/ab67616d00001e02f1d02a6cec967f8b6b78f76e
2026-07-29,jp,Japan,108,2,On a Cherry Blossom Night,Aimyon,5kVZa4lFUmAQlBogl1fkd6,0H2n6GpHAMlujiER71ubMB,https://i.scdn.co/image/ab67616d00001e02ca9868f5b6ada24ce2fa0150
2026-07-29,jp,Japan,109,11,満ちてゆく,Fujii Kaze,6bDWAcdtVR3WHz2xtiIPUi,3Ez9uxIM4nwbAZRAdJvBxS,https://i.scdn.co/image/ab67616d00001e024f079859392a11ff71b94814
2026-07-29,jp,Japan,110,4,ベテルギウス,Yuuri,0ixzjrK1wkN2zWBXt3VW3W,4JK1kDUdH9RTBQrrSO1QfR,https://i.scdn.co/image/ab67616d00001e02d0bd51668da5629aa0cc77d8
2026-07-29,jp,Japan,111,–,Billie Jean,Michael Jackson,3fMbdgg4jU18AjLCKBhRSm,7J1uxwnxfQLu4APicE5Rnj,https://i.scdn.co/image/ab67616d00001e0232a7d87248d1b75463483df5
2026-07-29,jp,Japan,112,9,チェックのワンピース,back number,6rs1KAoQnFalSqSU4LTh8g,3TpD7kfsRSbXYzYvug4yey,https://i.scdn.co/image/ab67616d00001e024951a4f5f9d719dfa4ef3d75
2026-07-29,jp,Japan,113,4,グッタイム,Snow Man,0UuiWPm9FpWvRuWNrXO98N,0bC8wYBhXCynw1Jt6QgMrg,https://i.scdn.co/image/ab67616d00001e02a723614a89ac1214ba593f17
2026-07-29,jp,Japan,114,19,白日,King Gnu,6wxfx1yhyqjCPYwwxJktR2,172fMG26G2OoEzzg0wn26r,https://i.scdn.co/image/ab67616d00001e02a2272c8966971b7b04066241
2026-07-29,jp,Japan,115,7,Dai Dai,Shakira; Burna Boy,0EmeFodog0BfCgMzAIvKQp; 3wcj11K77LjEY1PkEazffa,0kosUz0jePvjiz4ctmR6wL,https://i.scdn.co/image/ab67616d00001e0203cadf1b3fe324c1dc710ed4
2026-07-29,jp,Japan,116,9,Magnetic,ILLIT,36cgvBn0aadzOijnjjwqMN,1aKvZDoLGkNMxoRYgkckZG,https://i.scdn.co/image/ab67616d00001e02f037c5fb9de6c78726cb8e2c
2026-07-29,jp,Japan,117,–,小さな恋のうた,MONGOL800,2zUQjYvy0TevSi4d3PjqQO,23atyJacJVHvB9RHBNhr35,https://i.scdn.co/image/ab67616d00001e02c6a3678b061e8586d7a13db6
2026-07-29,jp,Japan,118,66,夏夜のマジック,indigo la End,26ZBeXl5Gqr3TAv2itmyCU,144pIQC3mpmUkZXMt8fIwb,https://i.scdn.co/image/ab67616d00001e024a0591543ec959eead4e2a1a
2026-07-29,jp,Japan,119,14,さよならエレジー,SUDA MASAKI,6n4SsAp5VjvIBg3s9QCcPX,3oYD2O31b05fILFpv0AXRI,https://i.scdn.co/image/ab67616d00001e028d7af4bb11a16acd8c0d3e50
2026-07-29,jp,Japan,120,17,I Love...,OFFICIAL HIGE DANDISM,5Vo1hnCRmCM6M4thZCInCj,5wWLNNwMAehpj83FU4Lz0m,https://i.scdn.co/image/ab67616d00001e02bbf9d502f3ce4a15b3c43f7a
2026-07-29,jp,Japan,121,5,W / X / Y,Tani Yuuki,0B1ce3uNrzkdm76NXI4mhX,4IfrM44LofE9bSs6TDZS49,https://i.scdn.co/image/ab67616d00001e02a2228dec6c49ad500f9de234
2026-07-29,jp,Japan,122,7,Magic,Mrs. GREEN APPLE,4QvgGvpgzgyUOo8Yp8LDm9,170XOP1T4MvY9TLTgPw07D,https://i.scdn.co/image/ab67616d00001e02d482c602732da71e7cdf04c3
2026-07-29,jp,Japan,123,21,Happiness,ARASHI,1XYuC1vxinTjHCNd5clB8C,5p2NSsBiaKK1CJwM7Rc1Yp,https://i.scdn.co/image/ab67616d00001e029c3da739aa25fc886f0263c9
2026-07-29,jp,Japan,124,2,ミスター・ブルースカイ,Macaroni Empitsu,1t17z3vfuc82cxSDMrvryJ,6glcoO077gTGhgdVI9X5wA,https://i.scdn.co/image/ab67616d00001e0234b9dfe360fcfadd776159fc
2026-07-29,jp,Japan,125,5,Manatsu no Kajitsu,SOUTHERN ALL STARS,79nkC8XZ5ohEVU0Xlf5Ael,7k2lMxHBsiz4dlVb1HDy9b,https://i.scdn.co/image/ab67616d00001e02009b47bd4e617032e5e47e45
2026-07-29,jp,Japan,126,25,ワタリドリ,[Alexandros],1luOe8HkZQ7zwuaO2wuJqI,0ve9Tpz8Yw0I4eXhWsy21o,https://i.scdn.co/image/ab67616d00001e02ee9ddd9ff22b6ea5458b8f29
2026-07-29,jp,Japan,127,28,プラネタリウム,Ai Otsuka,0q7KOr99MYmwKxivChxpSd,3zfyzbHuqcT2AAffAyLm02,https://i.scdn.co/image/ab67616d00001e02bfca414b7a654241a6950e35
2026-07-29,jp,Japan,128,4,風と町,Mrs. GREEN APPLE,4QvgGvpgzgyUOo8Yp8LDm9,1ZcCFpGA7ufRBPsNIsTKa8,https://i.scdn.co/image/ab67616d00001e0279c23142d0d11887158fe9da
2026-07-29,jp,Japan,129,1,Beat It,Michael Jackson,3fMbdgg4jU18AjLCKBhRSm,3BovdzfaX4jb5KFQwoPfAw,https://i.scdn.co/image/ab67616d00001e0232a7d87248d1b75463483df5
2026-07-29,jp,Japan,130,3,REDRED,CORTIS,1ebt9HnXdyYA6KgLXr1n4P,2fCwv2ppU5nTRTckomIGsd,https://i.scdn.co/image/ab67616d00001e0224ace1518851b27e9983f739
2026-07-29,jp,Japan,131,15,Itsuka,Saucy Dog,4WqXqPmUuenMIr4QaFrZXN,5gjAdhfzftzFR7sriEYUCt,https://i.scdn.co/image/ab67616d00001e02a78d1ec6ed9fedac2301af7b
2026-07-29,jp,Japan,132,9,One Love,ARASHI,1XYuC1vxinTjHCNd5clB8C,3r6Am8NvUDbuS2Yqv76ivi,https://i.scdn.co/image/ab67616d00001e025d21e1c01f9e127efff4e23e
2026-07-29,jp,Japan,133,9,ともに,WANIMA,6YqdtpUutxodni6lUD4stM,6FHgHDXiGnRfhrSok9xAz3,https://i.scdn.co/image/ab67616d00001e02be77ec342dae727a2ce8c7d7
2026-07-29,jp,Japan,134,2,花,Fujii Kaze,6bDWAcdtVR3WHz2xtiIPUi,4CRqeGDZZ9IgvrfkAnbv57,https://i.scdn.co/image/ab67616d00001e024f079859392a11ff71b94814
2026-07-29,jp,Japan,135,48,花に亡霊,Yorushika,4UK2Lzi6fBfUi9rpDt6cik,3FUqp10RhCmMjyyB9extmo,https://i.scdn.co/image/ab67616d00001e022794743c6eb13addc2b01420
2026-07-29,jp,Japan,136,13,愛唄,GReeeeN,14T8NkbwXVZgbOvwnuGV89,7iXHLtPosbHvglVSJ4rxLq,https://i.scdn.co/image/ab67616d00001e0289b4d69bb7719af21f770f3f
2026-07-29,jp,Japan,137,59,楓,SPITZ,5kjGRHClVacSyllOUqU1S0,0b7IBgZjedM53ufZV4f4CL,https://i.scdn.co/image/ab67616d00001e02af435c7a624796983dd8d34f
2026-07-29,jp,Japan,138,6,Golden,HUNTR/X; EJAE; AUDREY NUNA; REI AMI; KPop Demon Hunters Cast,2yNNYQBChuox9A5Ka93BIn; 0RMJOzHDhAKY1o2j0W0vxY; 0Wwji82sLA0Hcvtuak3omb; 6U1dV7aL68N7Gb0Naq34V5; 7mW7Tv7NvywKKXqafZo0Lc,1CPZ5BxNNd0n0nF4Orb9JS,https://i.scdn.co/image/ab67616d00001e024dcb6c5df15cf74596ab25a4
2026-07-29,jp,Japan,139,24,Subtitle,OFFICIAL HIGE DANDISM,5Vo1hnCRmCM6M4thZCInCj,5ZkHkXPHrIM8K5twCe78i9,https://i.scdn.co/image/ab67616d00001e02f780c0095cdf7f718c71af8e
2026-07-29,jp,Japan,140,9,Story,AI,0aD7NQx7yauKlVDnqOxk6q,0V2axJ946WH1vt9t5SGMLV,https://i.scdn.co/image/ab67616d00001e0247a3624f693bef84341f2c94
2026-07-29,jp,Japan,141,–,シルエット,KANA-BOON,3PWp9R5HvbQgxI5KBx5kVd,1di1C0QI6Y92yZPYn6XYAZ,https://i.scdn.co/image/ab67616d00001e0264be01336a8f917538a60b74
2026-07-29,jp,Japan,142,7,Naminori Johnny [2022 Remaster],Keisuke Kuwata,6YIqgghQqnkNne8BKQpW6v,1vj2fZ0MW8kcHG6lHoFRJW,https://i.scdn.co/image/ab67616d00001e027392794a4a3d2fb26052ec12
2026-07-29,jp,Japan,143,12,感電,Kenshi Yonezu,1snhtMLeb2DYoMOcVbb8iB,6H0PLsSYMzDOqhLgyOlzIj,https://i.scdn.co/image/ab67616d00001e02775e8184725e0fb89337dd9a
2026-07-29,jp,Japan,144,3,セレナーデ,natori,6WmXWHmfBMhupyIs8MSqtu,0CWAQlHsvfqcKJVVz9up2R,https://i.scdn.co/image/ab67616d00001e0229f649edf51edde6fdf01a09
2026-07-29,jp,Japan,145,13,Fukakoryoku,Vaundy,2IUl3m1H1EQ7QfNbNWvgru,6AncLCxf4U7ivJEaqih9zA,https://i.scdn.co/image/ab67616d00001e02cf855f0c6dee3a4b541b48e7
2026-07-29,jp,Japan,146,6,打上花火,Daoko; Kenshi Yonezu,5Qeyh2XKoITt1mlEVtzazC; 1snhtMLeb2DYoMOcVbb8iB,4IouQaO9GkaHC7AtMErdSa,https://i.scdn.co/image/ab67616d00001e02e7f0b1cfcf4da8333f7644aa
2026-07-29,jp,Japan,147,6,Seven (feat. Latto) (Explicit Ver.),Jung Kook; Latto,6HaGTQPmzraVmaVxvz6EUc; 3MdXrJWsbVzdn6fe5JYkSQ,2HRgqmZQC0MC7GeNuDIXHN,https://i.scdn.co/image/ab67616d00001e02741fd4807f442af3f7359316
2026-07-29,jp,Japan,148,4,君と夏フェス,SHISHAMO,6MGHit7sV38BhpChZYByFv,74zARC4MuJSrlq0QaaE13j,https://i.scdn.co/image/ab67616d00001e0292c81b46a52de26a50e02f74
2026-07-29,jp,Japan,149,7,晴る,Yorushika,4UK2Lzi6fBfUi9rpDt6cik,6kFIakexzgsZwsfWDmb36o,https://i.scdn.co/image/ab67616d00001e02872720120ae663afd14b77b3
2026-07-29,jp,Japan,150,9,天体観測,BUMP OF CHICKEN,0hSFeqPehe7FtCNWuQ6Bsy,3hRRYgBeunE3PTmnzATTS0,https://i.scdn.co/image/ab67616d00001e02f5017c120597ec5a35015ef6
2026-07-29,jp,Japan,151,16,STAY (with Justin Bieber),The Kid LAROI; Justin Bieber,2tIP7SsRs7vjIcLrU85W8J; 1uNFoZAHBGtllmzznpCI3s,567e29TDzLwZwfDuEpGTwo,https://i.scdn.co/image/ab67616d00001e02b4d59e6fa7e5e7cbc57ac33a
2026-07-29,jp,Japan,152,4,Let the Night,Aimyon,5kVZa4lFUmAQlBogl1fkd6,6kKvmT4i0Dercz6f3kftg3,https://i.scdn.co/image/ab67616d00001e023bc8c5a65f225815fa3844e1
2026-07-29,jp,Japan,153,15,Cinderella Boy,Saucy Dog,4WqXqPmUuenMIr4QaFrZXN,4ZIr1NSxVihtHcD6EnG65f,https://i.scdn.co/image/ab67616d00001e029efb3f62b3d4862c7bd5d6a1
2026-07-29,jp,Japan,154,32,晩餐歌 - Bansanka,tuki.,1Y5vJqABeI6QI6R95EDV6o,075HUD50Nuea3rNaABIsNZ,https://i.scdn.co/image/ab67616d00001e022d68ffbcaeaa5e6fbe102202
2026-07-29,jp,Japan,155,9,アイラブユー,back number,6rs1KAoQnFalSqSU4LTh8g,34ayWAUrQcrjlKZOJAzqke,https://i.scdn.co/image/ab67616d00001e02fd363d834b815375814ae78e
2026-07-29,jp,Japan,156,17,"Us, again",SG,216arN9tLMMn2ltwEAxmF5,6II2hXGYMd9cTZWshcPUf8,https://i.scdn.co/image/ab67616d00001e02db8a565ed6823c6fdee35387
2026-07-29,jp,Japan,157,23,GOOD DAY,Mrs. GREEN APPLE,4QvgGvpgzgyUOo8Yp8LDm9,61UOoqGI1B9qdeD5Dzupyb,https://i.scdn.co/image/ab67616d00001e02cd0ab9dc9d7c0a58553005a6
2026-07-29,jp,Japan,158,54,だから僕は音楽を辞めた,Yorushika,4UK2Lzi6fBfUi9rpDt6cik,5j7ixaLeGTGSv4DzKs0pCM,https://i.scdn.co/image/ab67616d00001e02b1b3b83ffee5925197e7ef2c
2026-07-29,jp,Japan,159,9,Wherever you are,ONE OK ROCK,7k73EtZwoPs516ZxE72KsO,1TZjEATJpF5LaVL7oJHDMn,https://i.scdn.co/image/ab67616d00001e02e8336ffe34220ffc7729c233
2026-07-29,jp,Japan,160,24,空も飛べるはず,SPITZ,5kjGRHClVacSyllOUqU1S0,3P2aSkjcbUYbcYr13EFE8n,https://i.scdn.co/image/ab67616d00001e0243a4feca9399f68cc2ba1200
2026-07-29,jp,Japan,161,42,Lovers,sumika,0ySFZq3Wd0SQUyJUzmJAeb,6IEqiEgTQn4FwE0seKXFZO,https://i.scdn.co/image/ab67616d00001e02b4695efdcdd9e57051815e48
2026-07-29,jp,Japan,162,47,"Stand by me, Stand by you.",HIRAIDAI,7JthQ6zwNzfxRfIEjp6wUs,7DyS11kB1YNrfDzQqtjmTh,https://i.scdn.co/image/ab67616d00001e0286a86bc3753b237672859788
2026-07-29,jp,Japan,163,2,ロマンチシズム,Mrs. GREEN APPLE,4QvgGvpgzgyUOo8Yp8LDm9,0JcI7OdALbpSFkyKoufRYs,https://i.scdn.co/image/ab67616d00001e0281f55cd879e9480e3ed313df
2026-07-29,jp,Japan,164,14,春愁,Mrs. GREEN APPLE,4QvgGvpgzgyUOo8Yp8LDm9,5SHguvOUbyPTINNjCvRo8K,https://i.scdn.co/image/ab67616d00001e0235559b23aa4aeba5bf5c18a9
2026-07-29,jp,Japan,165,8,First Love,Hikaru Utada,7lbSsjYACZHn1MSDXPxNF2,39HrUxcvKF3jtLz7fUDWXc,https://i.scdn.co/image/ab67616d00001e024fa36b14a276fe560940baa0
2026-07-29,jp,Japan,166,3,Mela!,Ryokuoushoku Shakai,4SJ7qRgJYNXB9Yttzs4aSa,6IO5nn84TKArsi3cjpIqaD,https://i.scdn.co/image/ab67616d00001e02c753d46683786eed63d41a90
2026-07-29,jp,Japan,167,4,LEMONADE,aespa,6YVMFz59CuY7ngCxTxjpxE,6vjt2smGK75oc9r2OGFfgp,https://i.scdn.co/image/ab67616d00001e025f0171c63cceb32ccff8b9a9
2026-07-29,jp,Japan,168,24,Kisshug,aiko,6TDMbiQCWeMClsMr9ORLRK,2Pg6Ky5dzhWHv8uB9fNiOR,https://i.scdn.co/image/ab67616d00001e02e7d9d5110e2c127df67183d8
2026-07-29,jp,Japan,169,7,I Got Your Back,ILLIT; HANA,36cgvBn0aadzOijnjjwqMN; 7fmXV2O48buswss04YetaN,7rDleP2IpI5dpyzEcXcAUr,https://i.scdn.co/image/ab67616d00001e02c54aa6a97c499f2d85449c7e
2026-07-29,jp,Japan,170,16,LAVALAVA,Number_i,4XFkDALFTsSHVnRtJSsaMN,6V89aTBN9tKj7vxHimz13V,https://i.scdn.co/image/ab67616d00001e02ee5d0c9b74cc52f066a6b572
2026-07-29,jp,Japan,171,4,Dynamite,BTS,3Nrfpe0tUJi4K4DXYWgMUX,5QDLhrAOJJdNAmCTJ8xMyW,https://i.scdn.co/image/ab67616d00001e02c07d5d2fdc02ae252fcd07e5
2026-07-29,jp,Japan,172,23,Shiozaki Wonderland (Daichi Shiozaki),M!LK,4jhJ8cnJ9vYKyCh289nuwQ,5NMRvK9FqPwbAbB7okqxXo,https://i.scdn.co/image/ab67616d00001e02c5f27e2eb874ed4f2bee4a58
2026-07-29,jp,Japan,173,12,Seikai,RADWIMPS,1EowJ1WwkMzkCkRomFhui7,6vg9UGXRVL4YKNVqVMmOKF,https://i.scdn.co/image/ab67616d00001e027589b5f55e08688643ec63f0
2026-07-29,jp,Japan,174,13,プロポーズ,natori,6WmXWHmfBMhupyIs8MSqtu,2BcQfb9SfauDQdeXHTfLsT,https://i.scdn.co/image/ab67616d00001e0229f649edf51edde6fdf01a09
2026-07-29,jp,Japan,175,32,春泥棒,Yorushika,4UK2Lzi6fBfUi9rpDt6cik,1rr2DJOxV0sHXeUXCAz1yf,https://i.scdn.co/image/ab67616d00001e02a19652713b50a721360c1775
2026-07-29,jp,Japan,176,16,Walking with you,Novelbright,0jWCX6zp4RjWrmZRxJ2uri,7tGDXCPLpAScEwmqab9YZd,https://i.scdn.co/image/ab67616d00001e02e984d27d0de318dc56f123d4
2026-07-29,jp,Japan,177,5,What Makes You Beautiful,One Direction,4AK6F7OLvEQ5QYCBNiQWHq,4cluDES4hQEUhmXj6TXkSo,https://i.scdn.co/image/ab67616d00001e024a5584795dc73860653a9a3e
2026-07-29,jp,Japan,178,1,さよーならまたいつか！- Sayonara,Kenshi Yonezu,1snhtMLeb2DYoMOcVbb8iB,5pN2AyWwjzwRoI7gukEVNd,https://i.scdn.co/image/ab67616d00001e0203d3216d6c463f993c96c9c7
2026-07-29,jp,Japan,179,5,日曜日,back number,6rs1KAoQnFalSqSU4LTh8g,1LDxe7AgJ7DRYdV012EmyR,https://i.scdn.co/image/ab67616d00001e0203808f76fad28ce8523f5ac6
2026-07-29,jp,Japan,180,2,Ellie My Love [2024 Remaster],SOUTHERN ALL STARS,79nkC8XZ5ohEVU0Xlf5Ael,2LtG3J6QQK1ETcGLaDcHbY,https://i.scdn.co/image/ab67616d00001e0275b12b67d6eeb66066b86bc7
2026-07-29,jp,Japan,181,8,君の為のキミノウタ,Takaya Kawasaki,3BjFX1nExMNHvSaoLd1I1k,56Cdqx7BdhEsUUMctdORvU,https://i.scdn.co/image/ab67616d00001e025af8657f74b75c09c6a66a30
2026-07-29,jp,Japan,182,12,No Doubt,OFFICIAL HIGE DANDISM,5Vo1hnCRmCM6M4thZCInCj,5DMEvbg3gUmiR5HIBWdveV,https://i.scdn.co/image/ab67616d00001e02b0ab6e5ff8ba422784d60191
2026-07-29,jp,Japan,183,8,Bad Girl,HANA,7fmXV2O48buswss04YetaN,2bLQ0HMyuUWI7uPRzCy5Lo,https://i.scdn.co/image/ab67616d00001e026dfc60ab085c9ceda0557548
2026-07-29,jp,Japan,184,6,踊り子,Vaundy,2IUl3m1H1EQ7QfNbNWvgru,1YXot2MLAG9sttepCtBRM7,https://i.scdn.co/image/ab67616d00001e02e0c3a68b9981c2e7b25f9737
2026-07-29,jp,Japan,185,5,アゲハ蝶,PornoGraffitti,5jQa0f5MIMPEK7udL7UpI6,3blWd9ZEt4VSY5udhugpRs,https://i.scdn.co/image/ab67616d00001e02968db95fef5d119ec3850d49
2026-07-29,jp,Japan,186,–,Rashisa,OFFICIAL HIGE DANDISM,5Vo1hnCRmCM6M4thZCInCj,2TRxremVZ0t2JVu5OFxbiA,https://i.scdn.co/image/ab67616d00001e02d4cc253a7c70b0f38b68c61f
2026-07-29,jp,Japan,187,22,ICONIC BY MISTAKE,LE SSERAFIM; ILLIT; KATSEYE,4SpbR6yFEvexJuaBpgAU5p; 36cgvBn0aadzOijnjjwqMN; 3c0gDdb9lhnHGFtP4prQpn,6fl4Gu0lJm5hc8FM5JzCZD,https://i.scdn.co/image/ab67616d00001e0255886e2f0784a2b7b62b7fe7
2026-07-29,jp,Japan,188,22,また逢う日まで,HIRAIDAI,7JthQ6zwNzfxRfIEjp6wUs,3awymLmIrvn9lkJeFpmRSf,https://i.scdn.co/image/ab67616d00001e020b9da87104796c7f64996da3
2026-07-29,jp,Japan,189,13,丸ノ内サディスティック,Sheena Ringo,2XjqKvB2Xz9IdyjWPIHaXi,1mWN1USPKg632qQXG9sfDL,https://i.scdn.co/image/ab67616d00001e0246be6d955cd9c389fd7da5b2
2026-07-29,jp,Japan,190,1,魔法の絨毯,Takaya Kawasaki,3BjFX1nExMNHvSaoLd1I1k,3PK5ERLCyMuQ5Cb89GbZVL,https://i.scdn.co/image/ab67616d00001e025af8657f74b75c09c6a66a30
2026-07-29,jp,Japan,191,13,大阪LOVER,DREAMS COME TRUE,2mJOGcLR3aCHkM1uAF93or,2WpgKrUoWaZHQLTgT6aZBF,https://i.scdn.co/image/ab67616d00001e0296550f393c95d7e4cf85171c
2026-07-29,jp,Japan,192,7,群青,YOASOBI,64tJ2EAv1R6UaZqc4iOCyj,1zd35Y44Blc1CwwVbW3Qnk,https://i.scdn.co/image/ab67616d00001e0239917845c74c9e64320fbed9
2026-07-29,jp,Japan,193,1,napori,Vaundy,2IUl3m1H1EQ7QfNbNWvgru,7hDX39mc6Uf6zp8RXYUQ6d,https://i.scdn.co/image/ab67616d00001e02cf855f0c6dee3a4b541b48e7
2026-07-29,jp,Japan,194,Re-Entry,Mahou Ga Toketara,Saucy Dog,4WqXqPmUuenMIr4QaFrZXN,3TplgwQZg91VTrAu5pK9lq,https://i.scdn.co/image/ab67616d00001e0246114d0636c61bc42ff122fc
2026-07-29,jp,Japan,195,Re-Entry,花束を君に,Hikaru Utada,7lbSsjYACZHn1MSDXPxNF2,31yv1hR9gw1WSEmtqsaZbD,https://i.scdn.co/image/ab67616d00001e029f5c5e06d31160668cd48c22
2026-07-29,jp,Japan,196,Re-Entry,Tiger,HANA,7fmXV2O48buswss04YetaN,20VZXnRzvcS0qVMOThjjmM,https://i.scdn.co/image/ab67616d00001e02c42d40d89849e922c95b9f32
2026-07-29,jp,Japan,197,18,ai no hana,Aimyon,5kVZa4lFUmAQlBogl1fkd6,49DUifaclCSbxQa1upNXuO,https://i.scdn.co/image/ab67616d00001e02cd91f4525c81a262ddf88ccc
2026-07-29,jp,Japan,198,17,明日も,SHISHAMO,6MGHit7sV38BhpChZYByFv,2GICOigS4ByugDisRegs3M,https://i.scdn.co/image/ab67616d00001e02f4255195745e9634637114cb
2026-07-29,jp,Japan,199,1,ビリミリオン,Yuuri,0ixzjrK1wkN2zWBXt3VW3W,7M0dIdZWN1FDcveRdoOzbZ,https://i.scdn.co/image/ab67616d00001e02188327ac9022d86ad2dd6483
2026-07-29,jp,Japan,200,55,頬を濡らす雨のように,back number,6rs1KAoQnFalSqSU4LTh8g,319VtHh8vtMRqSoZigWOtT,https://i.scdn.co/image/ab67616d00001e02783ed3c2af46af7ab7c671c0
2026-07-29,th,Thailand,1,–,SWIM,BTS,3Nrfpe0tUJi4K4DXYWgMUX,68lbSrXDORS51pmyjZv712,https://i.scdn.co/image/ab67616d00001e02dfa17fad7f190c901603270e
2026-07-29,th,Thailand,2,–,If You Don’t Mean It (ถ้าไม่คิด อย่าทำให้คิด),TEN,3Q5Qep7ytrjVleNnMnntgQ,2d3fZAlYyt6xqPkL9U9h1f,https://i.scdn.co/image/ab67616d00001e02c28e386522dea30cf757654c
2026-07-29,th,Thailand,3,–,เมื่อไหร่จะมี (มีใจให้กัน),BLVCKHEART,3Ld1g6LjfR2ILDB6SD8aJV,7L3sb4eqF8zfQU8nAekHPm,https://i.scdn.co/image/ab67616d00001e02867017bcc32c6a32fa7d94b3
2026-07-29,th,Thailand,4,–,นาฬิกาทราย (sign),BOWKYLION,2SWWw5uB9cO5m7zJQZqwmr,4S0zJwuiJF9ImbGYUbGrNT,https://i.scdn.co/image/ab67616d00001e02730b2376db7c593147c5f870
2026-07-29,th,Thailand,5,1,Living Death,PUN,6HEMZkIMQAPnd36iLsUlTx,0ze2gwpSfT2leQALslUXId,https://i.scdn.co/image/ab67616d00001e02fa0eba8392217e6b1d061791
2026-07-29,th,Thailand,6,1,กลัวว่าฉันจะไม่เสียใจ (Fear),PURPEECH,3xlC7Dw0uiwprXDHCU9SAu,4ntIPuXf6DpvrZExXrn5QA,https://i.scdn.co/image/ab67616d00001e02d40ab8c072495fa960817cdd
2026-07-29,th,Thailand,7,4,คืนจันทร์,Loso,68ASbzKA9iG2gd7JRfPD71,5G9QIsPENzaSjyipcQQAqL,https://i.scdn.co/image/ab67616d00001e02467b0182ff2e5256ff656797
2026-07-29,th,Thailand,8,2,ขี้แง (Boys Don't Cry),PROXIE,4tNPboeMQnpoUX7IEbPLdF,04nwoRnWqFYhFLaRNWuNw5,https://i.scdn.co/image/ab67616d00001e02eb508df0affe01b473e70300
2026-07-29,th,Thailand,9,2,รักให้เธอได้รู้ (Proof.),PUN,6HEMZkIMQAPnd36iLsUlTx,0jmSojJLnjiQpGGM3HHlYS,https://i.scdn.co/image/ab67616d00001e02aa8d481dd7dc1824b900dd67
2026-07-29,th,Thailand,10,2,รักมือสอง,Bedroom Audio,5NTMa7YJCseQqw70zgF7b5,6FngEZyo8Gg5P4fzckJeX4,https://i.scdn.co/image/ab67616d00001e02c4437eb590c34989f940374d
2026-07-29,th,Thailand,11,3,ได้แค่เดินมาส่ง (The Last Walk),GAVIN:D; BLVCKHEART,6gYafDbRgLFc6zFKxKCP22; 3Ld1g6LjfR2ILDB6SD8aJV,1FhxX1Su9kwKFEqM4qqEJ6,https://i.scdn.co/image/ab67616d00001e02dff3f8fad5c3c0a439f14547
2026-07-29,th,Thailand,12,4,Winter Ahead (with PARK HYO SHIN),V; Park Hyo Shin,3JsHnjpbhX4SnySpvpa9DK; 57htMBtzpppc1yoXgjbslj,7G7mSV4BebkoHWwKTDvXu9,https://i.scdn.co/image/ab67616d00001e0216ba2a3622bd0d0d985e3234
2026-07-29,th,Thailand,13,4,อยากจะกอดเธอนาน ๆ (HAVE A GOOD TIME),BLVCKHEART,3Ld1g6LjfR2ILDB6SD8aJV,63oA4hG0SqvsUFfaEhgqVX,https://i.scdn.co/image/ab67616d00001e02dc679b969c81ebc604b1e7da
2026-07-29,th,Thailand,14,3,FRI(END)S,V,3JsHnjpbhX4SnySpvpa9DK,0PBTlQ84CBJF0tBnKGmQa6,https://i.scdn.co/image/ab67616d00001e02377ee031d0a3da40db19ccf4
2026-07-29,th,Thailand,15,2,ที่คั่นหนังสือ (Sometimes),BOWKYLION; NONT TANONT,2SWWw5uB9cO5m7zJQZqwmr; 6chmC6o0wvACYVGTITw3Pz,6vn8nzgxByxZDKLmIKYAkn,https://i.scdn.co/image/ab67616d00001e0293078ffbe895d3504ccd9881
2026-07-29,th,Thailand,16,5,รักมักยาก (Lover Loser),BUS,5kU6FKYW7YBB2ikPQnk8cS,746ratCSSeCGRVZVoy6lLA,https://i.scdn.co/image/ab67616d00001e028c6014e2a87c000ad1de4234
2026-07-29,th,Thailand,17,1,ดาวตก (Wish) [feat. Z9],WANYAi; Z9,3yLZtAIGm6Eq4WSfnimZad; 4CuVt3p02OaWu4klQuJoDP,4YkPsxVBXkM4jBgMTAxtFz,https://i.scdn.co/image/ab67616d00001e02b82d5332a7a169def634827f
2026-07-29,th,Thailand,18,5,Who,Jimin,1oSPZhvZMIrWW5I41kPkkY,7tI8dRuH2Yc6RuoTjxo4dU,https://i.scdn.co/image/ab67616d00001e02f02c451189a709b9a952aaec
2026-07-29,th,Thailand,19,7,จากกันโดยสมบูรณ์,guncharlie,1qveov8f3HXFhDIWtFO5tG,7LSUaVDiEO3W6Fp67yKumm,https://i.scdn.co/image/ab67616d00001e02afbae55931618ecd661b6db0
2026-07-29,th,Thailand,20,–,Earrings,Malcolm Todd,7eKkW1zo5uzW8kUntiiBvz,0eAuGrXyGFYwur9ARUe7LJ,https://i.scdn.co/image/ab67616d00001e022c1f34ecc1929fb59908aad1
2026-07-29,th,Thailand,21,6,ขอแค่นี้ (Forever n ever),PUN,6HEMZkIMQAPnd36iLsUlTx,6uS1yKSfktHNN7o4AradRV,https://i.scdn.co/image/ab67616d00001e02556a0b3b538f6d7cf5a5b057
2026-07-29,th,Thailand,22,8,ความรัก,Bodyslam,76VTagPgPgPlFE7hfjT0Zt,5djtarcayWp2DK6DQ1Z9P6,https://i.scdn.co/image/ab67616d00001e029a7514703bbd3b230399d942
2026-07-29,th,Thailand,23,4,กลัวความเสียใจ,Saran; Pearpilincys,3moR9d0X97NAtZRhHWOta5; 3Htj1ew5zqwv3nJNNFfXxP,52ijTzD9HujnkPswlVPGrF,https://i.scdn.co/image/ab67616d00001e028cef18173b59380b5129b23c
2026-07-29,th,Thailand,24,1,hate that i made you love me,Ariana Grande,66CXWjxzNUsdJxJ2JdwvnR,20jbSiX29FDX4oQxBXyUEi,https://i.scdn.co/image/ab67616d00001e02b622d42c30697e1e1414343c
2026-07-29,th,Thailand,25,1,รักใครไม่ไหว,Three Man Down,1qAOsY7jv9GFTv4HoVof5P,3ZxGBncHdyXG7Mxa7d429r,https://i.scdn.co/image/ab67616d00001e02b665b01883c990a870e2a99c
2026-07-29,th,Thailand,26,4,ที่เดิม,PUN,6HEMZkIMQAPnd36iLsUlTx,4KZRjuldIGTS7AQUPbUvbs,https://i.scdn.co/image/ab67616d00001e02cc05ec584ca006c1a29e54f0
2026-07-29,th,Thailand,27,16,กอดไม่ได้,Bedroom Audio,5NTMa7YJCseQqw70zgF7b5,6OtTqu9t1RitlU1RjUfEXe,https://i.scdn.co/image/ab67616d00001e02420440a036c4a1a64e7eb421
2026-07-29,th,Thailand,28,1,Rain Zone,Maiyarap; Z9,4QLlbZcntdcWpm40NooC2M; 4CuVt3p02OaWu4klQuJoDP,7nSkSqb1WDtZ7hY2dVEvWY,https://i.scdn.co/image/ab67616d00001e0290518e881786f10df122a475
2026-07-29,th,Thailand,29,16,ซมซาน,Loso,68ASbzKA9iG2gd7JRfPD71,77VHyliZJz9BScxzMsplFs,https://i.scdn.co/image/ab67616d00001e02a352ad1ec54914c5c824e79f
2026-07-29,th,Thailand,30,1,ซาโยนาระ,Mild,2fLbT474RKQfdWHLw8Bf0G,1MkgN3lRBf5mXbxY6CWU9s,https://i.scdn.co/image/ab67616d00001e028e104724f24489a06887b626
2026-07-29,th,Thailand,31,3,ฝากให้เขารัก,Yes'sir Days,5fWMZzHHJQmCVt3W2ejVbV,198pPjDG0juHRjechZrWer,https://i.scdn.co/image/ab67616d00001e02b324274fba21a713c650259f
2026-07-29,th,Thailand,32,17,Less than a Lover,JENNIE,250b0Wlc5Vk0CoUsaCY84M,19UnXjpLshSLobPspdyxlD,https://i.scdn.co/image/ab67616d00001e021568796289f10031724bc780
2026-07-29,th,Thailand,33,4,One Of My Life,BLVCKHEART; K6Y,3Ld1g6LjfR2ILDB6SD8aJV; 0QxCgzdTynqgvj1OWRllYt,6Mm77XGJld1QxvKyMrYbFj,https://i.scdn.co/image/ab67616d00001e024574863ddb40a0a5c9941ed1
2026-07-29,th,Thailand,34,4,ใจเหลือเหลือ,Dr.Fuu,5ksYtzE6rgRhlJPw0GTvy6,5mcCatVvcUeNQpli4Mpaxl,https://i.scdn.co/image/ab67616d00001e02bc6833fe0c8989d7a901e36e
2026-07-29,th,Thailand,35,12,LEMONADE,aespa,6YVMFz59CuY7ngCxTxjpxE,6vjt2smGK75oc9r2OGFfgp,https://i.scdn.co/image/ab67616d00001e025f0171c63cceb32ccff8b9a9
2026-07-29,th,Thailand,36,8,ไม่บอกเธอ,Bedroom Audio,5NTMa7YJCseQqw70zgF7b5,7F9ptErLnyt0r4Q0azfqDG,https://i.scdn.co/image/ab67616d00001e02420440a036c4a1a64e7eb421
2026-07-29,th,Thailand,37,23,UP - KARINA Solo,aespa,6YVMFz59CuY7ngCxTxjpxE,5sjnkOfTLCLNfkkchI2re2,https://i.scdn.co/image/ab67616d00001e02253096eda3b7826c11c7fab8
2026-07-29,th,Thailand,38,4,อะไรก็ยอม,Loso,68ASbzKA9iG2gd7JRfPD71,6mGIzdCMlkuvBpZ8LhXmJS,https://i.scdn.co/image/ab67616d00001e02a352ad1ec54914c5c824e79f
2026-07-29,th,Thailand,39,12,9 นาฬิกา,SPF,3ZUdKB3VGo26BxRSmnv5n2,1RIcNj56JKuH0WB9AyNARB,https://i.scdn.co/image/ab67616d00001e025fed9088f057bcec9ef9f25a
2026-07-29,th,Thailand,40,5,ผมมีหัวใจจริงๆ (For The Girl...),T!NE,325C5PNmvA8luRIOYy1dmQ,0yKr4gsqBjdZqrWhQp5Kny,https://i.scdn.co/image/ab67616d00001e0260f235eab5f77c9176c0715d
2026-07-29,th,Thailand,41,5,บทสรุปสุดท้าย,Z9,4CuVt3p02OaWu4klQuJoDP,0gpFtSxhDc1gC7kYJ927fJ,https://i.scdn.co/image/ab67616d00001e0205c3fb79c77c600a45e9c992
2026-07-29,th,Thailand,42,3,คำยินดี,KLEAR,2PfxoKmrvMLvTAkn5azNZ6,1ur8R3ThdEg3BdD844G6Mw,https://i.scdn.co/image/ab67616d00001e02e44a6c1b09844f232da0872b
2026-07-29,th,Thailand,43,13,ใจบาง,LUMMUN,6Qk2g62cWGo8Ji8hSBoriS,1znP3iOktHkMy0P8ZFPFe9,https://i.scdn.co/image/ab67616d00001e0270048701303d388430a9977f
2026-07-29,th,Thailand,44,14,นครดารา,YOUNGOHM,0AvGycOEDZTaBFLCaiGd9S,1x0rPOZKfNKkfWETw4nB6K,https://i.scdn.co/image/ab67616d00001e0289010986807175896f24855e
2026-07-29,th,Thailand,45,13,ก่อนตาย,Big Ass,0GsileCtd1UjaVh4OpW7Qv,5pqAbpHRuFhcACwvVBi69V,https://i.scdn.co/image/ab67616d00001e0252e0c225cf0eb353812294c7
2026-07-29,th,Thailand,46,36,Sunset In Pattaya,YOUNGOHM,0AvGycOEDZTaBFLCaiGd9S,3xAsJQO4g5ZBUL6U6k5CzW,https://i.scdn.co/image/ab67616d00001e0289010986807175896f24855e
2026-07-29,th,Thailand,47,11,DAY ONE,PUN,6HEMZkIMQAPnd36iLsUlTx,5QxNmQBXpLPemzpDvsuiLM,https://i.scdn.co/image/ab67616d00001e02cc05ec584ca006c1a29e54f0
2026-07-29,th,Thailand,48,19,ขอ (WARM EYES),Lomosonic,3RnRECOTd7fAWTPgmwRYMc,5MZe9NqyaSvtoaZKCeyGee,https://i.scdn.co/image/ab67616d00001e02e526774be56912b327398dbe
2026-07-29,th,Thailand,49,1,สองรัก,Zeal,6f1tNwK04d6t8jFSOXGvrY,7sWVkwBJ8J1JPS1hmLwIYL,https://i.scdn.co/image/ab67616d00001e0262fdddd5a407f276664fad2b
2026-07-29,th,Thailand,50,14,เล่นของสูง,Big Ass,0GsileCtd1UjaVh4OpW7Qv,5ILPWem0xm3v85WeXqrTKP,https://i.scdn.co/image/ab67616d00001e025e3a93110fb655db8060bea8
2026-07-29,th,Thailand,51,2,PLEASE,atom chanakan,2iLCiSxdwUMDEfqyfkuLEw,3Ohb6hLc9rdw63nq8NMC17,https://i.scdn.co/image/ab67616d00001e024eec4ae9817e05bcce951f58
2026-07-29,th,Thailand,52,10,ลบไม่ได้ช่วยให้ลืม - LIVE SESSION,BILLKIN; Ink Waruntorn,2a727ekkPaUHk0bMifk7fj; 1Twi7NfmUzbXF7lEMaGCqF,1LHSjq4rMOXJ2ldQ1uUDYw,https://i.scdn.co/image/ab67616d00001e02ba88f47523d8dfe21480e45e
2026-07-29,th,Thailand,53,4,I Just Wanna Know,PUN,6HEMZkIMQAPnd36iLsUlTx,2a78JDp7YVCyEydtRiHOn7,https://i.scdn.co/image/ab67616d00001e02cc05ec584ca006c1a29e54f0
2026-07-29,th,Thailand,54,2,เจิดจรัส,YOUNGOHM,0AvGycOEDZTaBFLCaiGd9S,756CfCm14O6NqBUld3CWv3,https://i.scdn.co/image/ab67616d00001e0289010986807175896f24855e
2026-07-29,th,Thailand,55,10,ใจฉันตามเธอไป,YOUNGOHM,0AvGycOEDZTaBFLCaiGd9S,75mFrseCKSI6Nz8WANXq90,https://i.scdn.co/image/ab67616d00001e0289010986807175896f24855e
2026-07-29,th,Thailand,56,2,ไกล,Musketeers,0OjRa6r1EIPF5RZPy1SGz9,07ZIrtR00m3t9AcmeRZ7vQ,https://i.scdn.co/image/ab67616d00001e02b0f744fa9ec23266c747a606
2026-07-29,th,Thailand,57,5,สาหัส,Loso,68ASbzKA9iG2gd7JRfPD71,1sjiQsNatr158lrSidleY2,https://i.scdn.co/image/ab67616d00001e02467b0182ff2e5256ff656797
2026-07-29,th,Thailand,58,42,นาฬิกาตาย,Bodyslam,76VTagPgPgPlFE7hfjT0Zt,5XhAqG6dRhLYJb2QF6WhL4,https://i.scdn.co/image/ab67616d00001e02f049f5c0135c1d77045eea7a
2026-07-29,th,Thailand,59,22,สารภาพลดโทษกึ่งหนึ่ง,MaxMillor; PORZAX,4Yk2QTFYbKN55vfo8ghH63; 4ykAAPcxGHz8z6N0muxbIP,5TO9QdzAiAw9fBTiDpiNcg,https://i.scdn.co/image/ab67616d00001e0236cd6d6518528219e4e7f148
2026-07-29,th,Thailand,60,19,ขี้หึง,Silly Fools,2xjp1njSsecnNhjgKZ35Ok,1nmdJTwB575vxvNm6PdXHq,https://i.scdn.co/image/ab67616d00001e02a3d8548ad8b8cc3da3194b0c
2026-07-29,th,Thailand,61,28,เมื่อถูกค้นพบ (Finally She Found.),FREEHAND,5zBAiLz5CVwrgeA7UGQZli,7q9cMJ0oDZFZSnqatZNabo,https://i.scdn.co/image/ab67616d00001e02c57a351eb9777e70862c2b9a
2026-07-29,th,Thailand,62,3,สายไป,9tokyo; BLVCKHEART,3FxGLtMGpuO4myzWo0gktr; 3Ld1g6LjfR2ILDB6SD8aJV,45VmbHRJywi2mNaIGvHs44,https://i.scdn.co/image/ab67616d00001e02904c18125aeb753e3aeb8d87
2026-07-29,th,Thailand,63,23,สาธุ (Sathu) [feat. ปลาย กนกพร],ASIA7; ปลาย กนกพร,5ghOUzxpnQmnPQDwC1thIz; 5UtsnPxhjHtOM6cyv8iqVN,0pa70WIyVyI3DY4bcL2vZo,https://i.scdn.co/image/ab67616d00001e02b563a468b0dde8b8fbecdc2a
2026-07-29,th,Thailand,64,29,ขึ้นใจ (3am call),Mirrr; BLVCKHEART,5zSQoNQ9o2dnT1LPTzDxg7; 3Ld1g6LjfR2ILDB6SD8aJV,36OWvhv70Cu3LGC92N79qs,https://i.scdn.co/image/ab67616d00001e02c94c223bcd576d2ca2c02a6e
2026-07-29,th,Thailand,65,14,สลักจิต (feat. ดา เอ็นโดรฟิน),Pop Pongkool; ดา เอ็นโดรฟิน,1C6qssOWal7Sii2guMg0mx; 2hmi6s1Fv2lxH8OurBfLVZ,151RFTqNBV4hcJLOAux0FR,https://i.scdn.co/image/ab67616d00001e02b27b12278e96d3a750492569
2026-07-29,th,Thailand,66,25,คืนที่ดาวเต็มฟ้า,Pramote Vilepana,5ymrPYlQszvpBHwIVHGPcQ,5JoSLllHkOdE56kpHU4fi6,https://i.scdn.co/image/ab67616d00001e02d51e8ee26a1710b58d8502fa
2026-07-29,th,Thailand,67,17,ความทรงจำ,Musketeers,0OjRa6r1EIPF5RZPy1SGz9,24VfUtHxbkCrscWC00toom,https://i.scdn.co/image/ab67616d00001e02b0f744fa9ec23266c747a606
2026-07-29,th,Thailand,68,4,รู้ตัวอีกที,Sexski; 2T FLOW,6QeYcD1n2YcWygCScfLhRE; 1ymRpNPlxJRVT00kmJk8AZ,7kiPXq1mQ8yakcIYmqrw6t,https://i.scdn.co/image/ab67616d00001e02ee931143f33a710ca40c3236
2026-07-29,th,Thailand,69,8,ทิ้งไป,Only Monday,2zByTMDKM5g76Kbz4huf0A,4MEn5CNtwf4VVEfmZVcpTC,https://i.scdn.co/image/ab67616d00001e0215ef96619aef22d39355760c
2026-07-29,th,Thailand,70,2,Hurry up!,JayQ; 7Vibes,5SLXYrzObBv7IrLzo4I4S6; 1WJ1KSMt6Yuf1cQ0MVtqTC,6i03vhoaUZxi3MfICeF3s9,https://i.scdn.co/image/ab67616d00001e024c9e28bf31822294a9684ade
2026-07-29,th,Thailand,71,5,Benz ดำ,YOUNGOHM,0AvGycOEDZTaBFLCaiGd9S,3RPiQqgZbe4jFNMIZtGoaU,https://i.scdn.co/image/ab67616d00001e0289010986807175896f24855e
2026-07-29,th,Thailand,72,1,สิ้นสุดความพยายาม,PORZAX,4ykAAPcxGHz8z6N0muxbIP,0eHTM1Udi2NLiOJ3ja63nh,https://i.scdn.co/image/ab67616d00001e02a83f0a0fa2ba5f4962b62917
2026-07-29,th,Thailand,73,2,เพลงรัก,Three Man Down,1qAOsY7jv9GFTv4HoVof5P,35wMKn5IxX8DYnCuyIEdQq,https://i.scdn.co/image/ab67616d00001e02b665b01883c990a870e2a99c
2026-07-29,th,Thailand,74,3,วิงวอน (ex-change),BOWKYLION,2SWWw5uB9cO5m7zJQZqwmr,4XaJuCQuIPM4Xz8O6csrdZ,https://i.scdn.co/image/ab67616d00001e028ace3e29045e35179313e68a
2026-07-29,th,Thailand,75,33,ถามเพื่ออะไร,KLEAR,2PfxoKmrvMLvTAkn5azNZ6,5U6PMPTcwsRtYc2CdXsCb7,https://i.scdn.co/image/ab67616d00001e0222dd7e75a10777057b9bd6ea
2026-07-29,th,Thailand,76,11,รออยู่อย่างนั้น,Saran; Z9; SIMON,3moR9d0X97NAtZRhHWOta5; 4CuVt3p02OaWu4klQuJoDP; 6gL6AwaRQKqK9VGBqi5zDo,24wXz2WuaF02y0mrKNPMsN,https://i.scdn.co/image/ab67616d00001e02f36dd862442eeb4f2eb53223
2026-07-29,th,Thailand,77,19,คิดถึงฉันไหมเวลาที่เธอ...,Taxi,7GYGQbPxBVlemT6gxPs8Yk,0NrdH75exgYJWrF5M7fblm,https://i.scdn.co/image/ab67616d00001e0247a43b58b528193f7320da9c
2026-07-29,th,Thailand,78,9,ใจสั่งมา,Loso,68ASbzKA9iG2gd7JRfPD71,1RqIHW6YAOdDKzrRs9Cgll,https://i.scdn.co/image/ab67616d00001e02467b0182ff2e5256ff656797
2026-07-29,th,Thailand,79,5,คิด(แต่ไม่)ถึง (Same Page?),Tilly Birds,4esoPgrgPKbWa6gwU8EGmH,6zZsio19rHayse0WDDLboq,https://i.scdn.co/image/ab67616d00001e028bdbd90bed616e60e47bfc07
2026-07-29,th,Thailand,80,2,ไฟเย็น,YOUNGOHM,0AvGycOEDZTaBFLCaiGd9S,4ZU069vAYkr7soRzdzNdjF,https://i.scdn.co/image/ab67616d00001e028c8ef01ec2df170143555605
2026-07-29,th,Thailand,81,5,เพลงของเรา,Tattoo Colour,5pxvW2nJ0a77b9oX24Unwi,6j0ptBWgkaFwOtK4rhUVsW,https://i.scdn.co/image/ab67616d00001e02e8578c2848a32c674776291f
2026-07-29,th,Thailand,82,3,ไม่ให้ไป,Three Man Down,1qAOsY7jv9GFTv4HoVof5P,70sb4kxm9A4fDw8ZltDpW2,https://i.scdn.co/image/ab67616d00001e02b665b01883c990a870e2a99c
2026-07-29,th,Thailand,83,12,ไม่มีวันไหนที่ไม่คิดถึง (starlost.),PURPEECH,3xlC7Dw0uiwprXDHCU9SAu,2L54tWSpB5yeAYvienaKTT,https://i.scdn.co/image/ab67616d00001e029a22294e4da9735d6f8d743f
2026-07-29,th,Thailand,84,5,มือเปล่า (PUT THE GUN DOWN),ALIE BLACKCOBRA,2kGEcklZxkQPpESUB3QZ0q,0bHItXcLtqCnlVx6dlflQi,https://i.scdn.co/image/ab67616d00001e0279a12d3970999cff5d6dfbe7
2026-07-29,th,Thailand,85,30,เธอ,Cocktail,6JrR3zrG0NQiXb9N9XSyGb,3HlTt5df6OrvtwTvO6iFla,https://i.scdn.co/image/ab67616d00001e020a770590da24ef0f70fc0155
2026-07-29,th,Thailand,86,10,"สนิทใจ - เพลงจากละคร ""รักร้าย""",Palmy,3yfUy4dhvq5DwrSMsEE6od,1XdaaI0bz0ILJzl1oBq2In,https://i.scdn.co/image/ab67616d00001e021050a005ed305489e4c7018f
2026-07-29,th,Thailand,87,3,สมดุลรัก (Balance),SEA.; Sexski,0uu4cmaCJaaVOiUHQUG2ZC; 6QeYcD1n2YcWygCScfLhRE,2luYdyxKSSxuC3cSW8N6A0,https://i.scdn.co/image/ab67616d00001e020da22efb6e8336eefd57e979
2026-07-29,th,Thailand,88,62,เคยรัก,9tokyo; 2K,3FxGLtMGpuO4myzWo0gktr; 7w08uJNZmg9HTsS6XeHX9E,5kphwAzHksSZrkrQbQdfXy,https://i.scdn.co/image/ab67616d00001e02d2ecaeebd58adf1196b62d83
2026-07-29,th,Thailand,89,16,ฉันจะรีบบอกรักเธอ,T!NE,325C5PNmvA8luRIOYy1dmQ,0VOIQcLeVfauNE0uwmIWD6,https://i.scdn.co/image/ab67616d00001e02f59cff9c7f5a9e8e7aeb3aff
2026-07-29,th,Thailand,90,–,Love Me Harder,Ariana Grande; The Weeknd,66CXWjxzNUsdJxJ2JdwvnR; 1Xyo4u8uXC1ZmMpatF05PJ,5J4ZkQpzMUFojo1CtAZYpn,https://i.scdn.co/image/ab67616d00001e02deec12a28d1e336c5052e9aa
2026-07-29,th,Thailand,91,66,Loop (ฉันจึงวนกลับมา),ASIA7,5ghOUzxpnQmnPQDwC1thIz,2wyMhqD3UtR8Ucg59UZhZd,https://i.scdn.co/image/ab67616d00001e02b563a468b0dde8b8fbecdc2a
2026-07-29,th,Thailand,92,12,เลือกเองกับมือ (Bad Choices),Season Five,2DWxd6CkiJVMnTqSbtd56H,4gHm2mJ5WC9nPomTXuwg3c,https://i.scdn.co/image/ab67616d00001e0237cfacd2bf590411cfe36c3c
2026-07-29,th,Thailand,93,10,ศิโรราป,BLVCKHEART,3Ld1g6LjfR2ILDB6SD8aJV,4b6a08DBaPoMB0aFEvZ391,https://i.scdn.co/image/ab67616d00001e0277a46d9df1f5d63ed013bbbe
2026-07-29,th,Thailand,94,3,เวลาเธอยิ้ม (You Had Me At Hello),Polycat,1ssEwBiz4ZKrbgR6o8vOeg,06DPpk0hUJEgpzl5cuWNI6,https://i.scdn.co/image/ab67616d00001e02d35e746a33990773fa9a7fb9
2026-07-29,th,Thailand,95,34,ทุกความทรงจำ,Only Monday,2zByTMDKM5g76Kbz4huf0A,1fBIWQh21BNWLhuhXDMog1,https://i.scdn.co/image/ab67616d00001e0215ef96619aef22d39355760c
2026-07-29,th,Thailand,96,8,เสียดายของ,Basher,5R4RoARrqvWRT5GEjYHcWp,2yDEfRpX5tRUcAo4VM0wFA,https://i.scdn.co/image/ab67616d00001e02d6f1a81512f909d4dfe42c9c
2026-07-29,th,Thailand,97,17,ทางของฝุ่น (Dust),atom chanakan,2iLCiSxdwUMDEfqyfkuLEw,0jxzVn8rr59knZFALDokLy,https://i.scdn.co/image/ab67616d00001e024eec4ae9817e05bcce951f58
2026-07-29,th,Thailand,98,9,อยู่ได้แล้ว,Lipta; Mirrr,2DaMrZndfGgM3yd9ivadRC; 5zSQoNQ9o2dnT1LPTzDxg7,7b6fnnFEurhwq7E38VJBJP,https://i.scdn.co/image/ab67616d00001e02dc73047ca46754847db8a76d
2026-07-29,th,Thailand,99,23,แค่คุณ,Musketeers,0OjRa6r1EIPF5RZPy1SGz9,5u8iqPNTa3ryOqeiNdgi6o,https://i.scdn.co/image/ab67616d00001e02e4bd381e15ab140ef2076c93
2026-07-29,th,Thailand,100,34,Baddie,IRONBOY; Justmine JMNK,7GLqyoZnu5jGVWvGBulrne; 69MqPYz20C7qW5AiSkScRc,4jn8qhYieA36a0fiyBqWFC,https://i.scdn.co/image/ab67616d00001e021b2130539fdae59fc4f08293
2026-07-29,th,Thailand,101,7,Yours Ever (feat. Q Flure),Cocktail; Q Flure,6JrR3zrG0NQiXb9N9XSyGb; 2F8QVTDDHb8n0cwR9ftxFs,5W2IYA5Su42XiI90GDdscj,https://i.scdn.co/image/ab67616d00001e02a85ceab01b0f0a26275d2893
2026-07-29,th,Thailand,102,16,1 OF 1,P6ICK; SURIYA MQT,52IxFzldfmZmsLcF078dnY; 47VCMoQZJ0SycPle77t12P,7wEWayecQuw6YBcWZLukM0,https://i.scdn.co/image/ab67616d00001e029dbce78cb31f5ef5ebfd4250
2026-07-29,th,Thailand,103,40,"สิ่งที่มันกำลังเกิด (feat. วง PAUSE) - From ""อันโกะ กลรักสตรอว์เบอร์รี่""",เอ๊ะ จิรากร,6ZUgOx8eTvViWVR2EmyeJD,0JG4BZohRtuj6AE09xW7AC,https://i.scdn.co/image/ab67616d00001e027267c0eac4cdfabba1117ea1
2026-07-29,th,Thailand,104,11,พยายามกี่ครั้งก็ตามแต่...,HANGMAN,4kTSU70JFddHShDyYIBxZN,3georCIpP8OEGQkggOhuZw,https://i.scdn.co/image/ab67616d00001e02662102715c4137a678519412
2026-07-29,th,Thailand,105,49,KISS N TELL,aespa,6YVMFz59CuY7ngCxTxjpxE,3Fse9qXqMNey4TL5mLy8IF,https://i.scdn.co/image/ab67616d00001e02304c46fde5f5244a66f7317b
2026-07-29,th,Thailand,106,14,The One That Got Away,Katy Perry,6jJ0s89eD6GaHleKKya26X,2009X8GyWTqyxIdzAEYW6N,https://i.scdn.co/image/ab67616d00001e021d955011a3ed477dc77865ad
2026-07-29,th,Thailand,107,24,ใจเย็น,Pancake,47FfXpy7XLVK5guGnK8NTL,6YbOPV8Of3AptlrNDsyCNf,https://i.scdn.co/image/ab67616d00001e02d3c7ff85ebf0f8abb6f889e7
2026-07-29,th,Thailand,108,45,นิโคติน,Mirrr,5zSQoNQ9o2dnT1LPTzDxg7,6R9YzJHkfYoN6PianPhTdB,https://i.scdn.co/image/ab67616d00001e0208eafe276970bb6d24654ed9
2026-07-29,th,Thailand,109,1,สักวันฉันจะหายดี,Ink Waruntorn,1Twi7NfmUzbXF7lEMaGCqF,1us1N0XEToufNnmzyhJPm5,https://i.scdn.co/image/ab67616d00001e02f98d5234dd9f3ca68abca0d0
2026-07-29,th,Thailand,110,8,STORY,P6ICK; SURIYA MQT; YUNGTARR,52IxFzldfmZmsLcF078dnY; 47VCMoQZJ0SycPle77t12P; 1KXxfYnhxzq9xBkhFZaYxX,5I34mmT2bCukrXK2EwkfC1,https://i.scdn.co/image/ab67616d00001e02dc859b7884ebd8ff68bfd707
2026-07-29,th,Thailand,111,2,อาจเป็นเพราะฉันเอง (me.),PURPEECH,3xlC7Dw0uiwprXDHCU9SAu,1QbP49w60Db4mrhYbsQ8bg,https://i.scdn.co/image/ab67616d00001e02bbff1471b24e1f5a7c50b658
2026-07-29,th,Thailand,112,4,Rockstar,LISA,5L1lO4eRHmJ7a0Q6csE5cT,65ZihkVQO3KqPj7ZKxmcev,https://i.scdn.co/image/ab67616d00001e0295ce3d848f4e452489d4a12c
2026-07-29,th,Thailand,113,43,Kryptonite,PUN,6HEMZkIMQAPnd36iLsUlTx,1Gsxe1ulIVg3q9GASfmoD6,https://i.scdn.co/image/ab67616d00001e02ce8155d7fabcb7a3b3492141
2026-07-29,th,Thailand,114,Re-Entry,อาวรณ์,Polycat,1ssEwBiz4ZKrbgR6o8vOeg,4egcuK8qzq7DXeU4YfpEBR,https://i.scdn.co/image/ab67616d00001e0246f19ad1f6fd32baa3e1abe9
2026-07-29,th,Thailand,115,5,back to friends,sombr,4G9NDjRyZFDlJKMRL8hx3S,7qjZnBKE73H4Oxkopwulqe,https://i.scdn.co/image/ab67616d00001e024229702de91cb3d3a4383302
2026-07-29,th,Thailand,116,17,ฟีโรโมน,BLVCKHEART; 2TFLOW,3Ld1g6LjfR2ILDB6SD8aJV; 5gPpLgNHI1brQiqNmgN5bd,03Pc18Z9L1n2LcyBb6SKZ1,https://i.scdn.co/image/ab67616d00001e020228cb9fdef88e2ae56748b1
2026-07-29,th,Thailand,117,32,อ๊ะป่าว?,The 38 Years Ago,2SA48aCaiOpXDVgoLQNWX8,38fifVNFjaZJqoI4ZSHSHN,https://i.scdn.co/image/ab67616d00001e0208c44ff0658a39aac6fdce73
2026-07-29,th,Thailand,118,3,ฝนตกที่หน้าต่าง,Loso,68ASbzKA9iG2gd7JRfPD71,42PdVPQB1TM8jRyNNHT62i,https://i.scdn.co/image/ab67616d00001e02c08152e8fa7d0015353d040f
2026-07-29,th,Thailand,119,8,จากตรงนี้ที่(เคย)สวยงาม [La La Bye],AYLA's,2XiaPu2j4nBMhF8pIlt6Bk,0D9lpJts3mXxe0fvovYUFv,https://i.scdn.co/image/ab67616d00001e021356d4a5234ea1fbbce47ff2
2026-07-29,th,Thailand,120,31,ไม่ได้ลืมแค่ไม่ได้เจอ - Flashback,guncharlie,1qveov8f3HXFhDIWtFO5tG,2m7as7aD1JAEUSOJCNoeHT,https://i.scdn.co/image/ab67616d00001e029dedb6067d94a4ae1aadffa4
2026-07-29,th,Thailand,121,17,BU,SURIYA MQT; P6ICK,47VCMoQZJ0SycPle77t12P; 52IxFzldfmZmsLcF078dnY,3X5Kco6l9HuvtO9CLCtzzq,https://i.scdn.co/image/ab67616d00001e02b397057eefe809f360993648
2026-07-29,th,Thailand,122,22,ไร้รัก,Highhot,7clhNqbmk9enpeaBH9ACiZ,0ZapAgVfHzTxqDPweLPUyu,https://i.scdn.co/image/ab67616d00001e02abaaf313326b36ef2cf0e5ba
2026-07-29,th,Thailand,123,24,ไม่คิดนอกใจ,Loso,68ASbzKA9iG2gd7JRfPD71,1Uq8lyMmWfsvmWx9SRO5Vn,https://i.scdn.co/image/ab67616d00001e02c08152e8fa7d0015353d040f
2026-07-29,th,Thailand,124,44,อะไรฉันก็ยอม,Saran; Pondering; WHALJAY; SLOWVXNZ,3moR9d0X97NAtZRhHWOta5; 5vzCTzMec4uL6JCNkOFcZ2; 00DQn2x4PUykmPHF8EVpYy; 4MkjSVbVHB4IsCH37XhBH6,1Uirva9dJEp3Ctq3p6ejFQ,https://i.scdn.co/image/ab67616d00001e023e9253a9a65c7c50a0438da0
2026-07-29,th,Thailand,125,30,BOTH SIDES,NCT JNJM,1LljMyYd0jLd4Q7z1iDR5H,3b8RmBMHKwhVzsn3EMGqpK,https://i.scdn.co/image/ab67616d00001e029b659dbf40eb1fe9be4594dc
2026-07-29,th,Thailand,126,2,"One Of The Girls (with JENNIE, Lily Rose Depp)",The Weeknd; JENNIE; Lily-Rose Depp,1Xyo4u8uXC1ZmMpatF05PJ; 250b0Wlc5Vk0CoUsaCY84M; 1pBLC0qVRTB5zVMuteQ9jJ,7CyPwkp0oE8Ro9Dd5CUDjW,https://i.scdn.co/image/ab67616d00001e02b0dd6a5cd1dec96c4119c262
2026-07-29,th,Thailand,127,–,ไอ้ทุย,L.กฮ.,4iIIXXfJzSIdsaqdEPpuOm,6M9vzeNTO4N9Yw3txkD3ji,https://i.scdn.co/image/ab67616d00001e0225b0ae3b1380d9af77cd9d94
2026-07-29,th,Thailand,128,27,Beauty And A Beat,Justin Bieber; Nicki Minaj,1uNFoZAHBGtllmzznpCI3s; 0hCNtLu0JehylgoiP8L4Gh,6QFCMUUq1T2Vf5sFUXcuQ7,https://i.scdn.co/image/ab67616d00001e02f1d02a6cec967f8b6b78f76e
2026-07-29,th,Thailand,129,20,ฤดูร้อน,Paradox,32bq0Oy4ygWPR5ItUM5J5M,5ak9IDTCRglXNw34wASfXs,https://i.scdn.co/image/ab67616d00001e0290ba65f12b0c0c09d6e91578
2026-07-29,th,Thailand,130,18,เรื่องราวความรักในตำนาน,YOUNGOHM; GAVIN:D,0AvGycOEDZTaBFLCaiGd9S; 6gYafDbRgLFc6zFKxKCP22,4JVHa8eTUOEN0zS1zrA2j5,https://i.scdn.co/image/ab67616d00001e028c8ef01ec2df170143555605
2026-07-29,th,Thailand,131,14,"จะรักหรือจะร้าย - เพลงประกอบละคร ""กุหลาบเหนือเมฆ""",KLEAR,2PfxoKmrvMLvTAkn5azNZ6,2BnBKN87iznBjdLo0ap9n2,https://i.scdn.co/image/ab67616d00001e02e5c7286e13af2f5f0d6536d5
2026-07-29,th,Thailand,132,–,BIRDS OF A FEATHER,Billie Eilish,6qqNVTkY8uBg9cP3Jd7DAH,6dOtVTDdiauQNBQEDOtlAB,https://i.scdn.co/image/ab67616d00001e0271d62ea7ea8a5be92d3c1f62
2026-07-29,th,Thailand,133,14,คนไม่เอาถ่าน,Big Ass,0GsileCtd1UjaVh4OpW7Qv,14Y7RH7bzQa5vrqhL53ukc,https://i.scdn.co/image/ab67616d00001e025e3a93110fb655db8060bea8
2026-07-29,th,Thailand,134,Re-Entry,Very Very Small,YOUNGOHM,0AvGycOEDZTaBFLCaiGd9S,2aOKroYzVYSkKetUpWvrkt,https://i.scdn.co/image/ab67616d00001e0293ad90b97deda6e1c3b83bc7
2026-07-29,th,Thailand,135,11,บอกตัวเอง,Room 39; โป่ง หินเหล็กไฟ,3lHykUJhLCSYsiUaOQhIy4; 4EVFhcIKSAr2dtcOv6EzZa,7mx20wpMx3Flwh3GglnZPs,https://i.scdn.co/image/ab67616d00001e02149892a5816e3909902ec2be
2026-07-29,th,Thailand,136,44,Unfriend,Helmetheads,5aiaFB4rhv39gS3KvwHgaF,1jMt6e5lYXEONJKoIG92H6,https://i.scdn.co/image/ab67616d00001e02cdeff23b9aaaee77246fb128
2026-07-29,th,Thailand,137,29,wanna be yours (อยากให้เธอรัก),Violette Wautier,0XkEUMM4lJHAzfTK9vR0cu,2PP99Q3WvAlEongTB8PlLS,https://i.scdn.co/image/ab67616d00001e023ac0a9c94fa535f754372a47
2026-07-29,th,Thailand,138,40,ต่อยให้,Txrbo,45pQix6T07syL9LwzOoRNg,2cn4X3qXv6KcQYHr67st6T,https://i.scdn.co/image/ab67616d00001e02be8f24ca7ca95cc21e2412a1
2026-07-29,th,Thailand,139,Re-Entry,Promethazine - Hidden World Live Session,Saran; BLVCKHEART; DIAMOND MQT,3moR9d0X97NAtZRhHWOta5; 3Ld1g6LjfR2ILDB6SD8aJV; 0O6y1pr1YIKq65c6N3sI9c,0DrbzBvi4h8HZBpmtJqq0J,https://i.scdn.co/image/ab67616d00001e02ede9fc29ae3037ee8ca5a4ae
2026-07-29,th,Thailand,140,–,เดินมาส่ง (BYE),First Anuwat; Saran,4KjqrvqKO5fbI5yDR5yzny; 3moR9d0X97NAtZRhHWOta5,6j3Nhz3FGomL4UJoJQI9Pc,https://i.scdn.co/image/ab67616d00001e025e8d3a23e61b6f62fcb67cd8
2026-07-29,th,Thailand,141,3,พูดแล้วอยากจะร้องไห้,Dr.Fuu,5ksYtzE6rgRhlJPw0GTvy6,1ScnC2q4xnTeUfB2awBFX1,https://i.scdn.co/image/ab67616d00001e02ac534903a3f46c4abc8ea09a
2026-07-29,th,Thailand,142,22,Perfect,PUN; 1MILL,6HEMZkIMQAPnd36iLsUlTx; 18VUKXPiyznwK6LEULTUco,3wpyleeYFfRIiYByecGeUW,https://i.scdn.co/image/ab67616d00001e02cab5a8715f1cbb951148bf1d
2026-07-29,th,Thailand,143,37,หนึ่งคนตรงนี้ (I'm here),PURPEECH,3xlC7Dw0uiwprXDHCU9SAu,5GwXBrY91rDCB18cwpjsBz,https://i.scdn.co/image/ab67616d00001e026557b9b4ce41d95bac522542
2026-07-29,th,Thailand,144,18,ส่วนผสมลับ (Secret ingredient),Jh4y,01yGyVB1FyqBdpe7usXZ9o,55Dh103Y9ZkRG3MuFJSoyg,https://i.scdn.co/image/ab67616d00001e02c373f7471eaff4e90f226cac
2026-07-29,th,Thailand,145,19,ไม่ใช่ไม่รัก,PORZAX,4ykAAPcxGHz8z6N0muxbIP,44lw3KVZGVZF4RvCTtLYTN,https://i.scdn.co/image/ab67616d00001e02d210682600f9dbdfaba06abb
2026-07-29,th,Thailand,146,36,ครองโลก,YUNGTARR,1KXxfYnhxzq9xBkhFZaYxX,76j0uitplft5gODYnoQ62V,https://i.scdn.co/image/ab67616d00001e029cbf10ca43831dbd536a7073
2026-07-29,th,Thailand,147,14,จดจำ,Only Monday,2zByTMDKM5g76Kbz4huf0A,4kvBebTWC2UmFevtoG0BXy,https://i.scdn.co/image/ab67616d00001e0263af37734c6cd746e73dd099
2026-07-29,th,Thailand,148,28,99 Degrees,JAEHYUN,0qQI2kmsvSe2ex9k94T5vu,0Adkq5CkilX52wKp7GzRct,https://i.scdn.co/image/ab67616d00001e0243f789ddb066630d68f61493
2026-07-29,th,Thailand,149,3,Love Me Not,Ravyn Lenae,5RTLRtXjbXI2lSXc6jxlAz,4WFgvKVfEhb3IUAFGrutTR,https://i.scdn.co/image/ab67616d00001e020e62daaea2c7b94053e1c142
2026-07-29,th,Thailand,150,43,ฝนตกไหม,Three Man Down,1qAOsY7jv9GFTv4HoVof5P,28LO3kx9x3fPRbXfAHprp2,https://i.scdn.co/image/ab67616d00001e022bff7ebac2ac29d107d284e7
2026-07-29,th,Thailand,151,8,CURSE (รักใครไม่เป็น),Z9; 2K; Saran,4CuVt3p02OaWu4klQuJoDP; 7w08uJNZmg9HTsS6XeHX9E; 3moR9d0X97NAtZRhHWOta5,77rZWogLvZ2NOf248oMd6N,https://i.scdn.co/image/ab67616d00001e02963e6fa67ad2f23d93eca930
2026-07-29,th,Thailand,152,17,คู่ชีวิต,Cocktail,6JrR3zrG0NQiXb9N9XSyGb,6L6MkqgAgCdlEMAXUE9j3V,https://i.scdn.co/image/ab67616d00001e020a770590da24ef0f70fc0155
2026-07-29,th,Thailand,153,2,ดาวนำทาง (Quiet Night),loserpop,4BI5Vr4SPJSKI0ofzhlsLV,4ZuflCpdf22z8J94WPIGrp,https://i.scdn.co/image/ab67616d00001e02bb03b72b7916b00c09f7c337
2026-07-29,th,Thailand,154,13,ลามปาม (circus),BOWKYLION; Jeff Satur,2SWWw5uB9cO5m7zJQZqwmr; 5xq3BK55BJmutN0X7eTyQB,30CRjTYAXaJf5YBsNQHIvG,https://i.scdn.co/image/ab67616d00001e02977d3582882c2bd839bf7639
2026-07-29,th,Thailand,155,Re-Entry,มีทุกอย่าง,ZENTYARB; Saran,4Wv4SEO2ZQAOBl4yJcjdxi; 3moR9d0X97NAtZRhHWOta5,5jLcPRNQIxMKcJLFbOfJZo,https://i.scdn.co/image/ab67616d00001e025aaad3b2bd0296d948b71278
2026-07-29,th,Thailand,156,11,BF,PUN; URBOYTJ,6HEMZkIMQAPnd36iLsUlTx; 1WLKjYJX9YHSlwufclauhg,36zlZYQZQ6QpXwSxnBRAa0,https://i.scdn.co/image/ab67616d00001e02cc05ec584ca006c1a29e54f0
2026-07-29,th,Thailand,157,20,กรุงเทพมหานคร,YOUNGOHM,0AvGycOEDZTaBFLCaiGd9S,4sQjVDas1lw04lj3NGsoDC,https://i.scdn.co/image/ab67616d00001e0289010986807175896f24855e
2026-07-29,th,Thailand,158,28,โทรมาที่เบอร์นี้ (Phone Number),BLVCKHEART,3Ld1g6LjfR2ILDB6SD8aJV,4XcbpTFSnuADlw3ZgE3sYM,https://i.scdn.co/image/ab67616d00001e025a0a4f369973c1e611002d5c
2026-07-29,th,Thailand,159,16,DMMA,JustmineNika,3qsG1NIop7eqpcnbYdZpL0,69EqSYcNF1j2B0QNmVaf2Q,https://i.scdn.co/image/ab67616d00001e02bece0e3b135e788e92a4b752
2026-07-29,th,Thailand,160,29,ใจพัง,Saran; GTK,3moR9d0X97NAtZRhHWOta5; 2xe3fpDD81re4J0NN3S8LV,30ho6wAl9w53sCtcqzHVMA,https://i.scdn.co/image/ab67616d00001e02780f6db09cc2ef1e3d27f702
2026-07-29,th,Thailand,161,20,จางหาย,Goy Arachaporn,08i92Xw2ejoxy4D1agyMPC,6pTSm2Sw6fEEO4iKfOJqTL,https://i.scdn.co/image/ab67616d00001e02ba31a6129ecef21073431a15
2026-07-29,th,Thailand,162,9,รักแรกพบ,Tattoo Colour,5pxvW2nJ0a77b9oX24Unwi,19VIBTwlLTX2SKK6e3erAf,https://i.scdn.co/image/ab67616d00001e02e182676ea0e420d45e7d941d
2026-07-29,th,Thailand,163,16,ดอกไม้กับหัวใจ,I-Zax,2qPwQcHdnoKhMYehUOt7EM,1JHQ4rCY6gFdHE5AGmv7uP,https://i.scdn.co/image/ab67616d00001e02cfdc8d1fbd48d2d14d3dae55
2026-07-29,th,Thailand,164,25,พบกันใหม่ (So Long),Polycat,1ssEwBiz4ZKrbgR6o8vOeg,4IKn1t0eZZzF5mji1vraVI,https://i.scdn.co/image/ab67616d00001e02d35e746a33990773fa9a7fb9
2026-07-29,th,Thailand,165,28,กอดกัน,K6Y; Lazyloxy; Jayrun,0QxCgzdTynqgvj1OWRllYt; 58Kuf8Ek5vheq5IRLiWjXO; 7dlpPQzVIOAtowgO59cxL7,1X3VD4oXVFe314hJ9AcvVy,https://i.scdn.co/image/ab67616d00001e02cd3db014ab1e239c9cc1c807
2026-07-29,th,Thailand,166,18,ที่ผ่านมาขอบใจจริงๆ,LITTLE JOHN,6IyHyMlpel4mF7hTldZu3m,146Abk8n9M7jsjcsUN3dJc,https://i.scdn.co/image/ab67616d00001e021f654fa957adea289b807520
2026-07-29,th,Thailand,167,22,รองเท้าเก่า,Tattoo Colour,5pxvW2nJ0a77b9oX24Unwi,3Eu82PdSTJ8whj8KFJj4au,https://i.scdn.co/image/ab67616d00001e02e5c9e80322bca73f702809fd
2026-07-29,th,Thailand,168,2,ครั้งสุดท้าย,OG-ANIC; GAVIN:D; NINO,1OXHqAK6r5mF0FV94nc0pD; 6gYafDbRgLFc6zFKxKCP22; 34pSpkZ0UQ8X0woG8FyOqj,1DPrXncHEnR0141ct0DF06,https://i.scdn.co/image/ab67616d00001e02e93c6730764464cfce9d4522
2026-07-29,th,Thailand,169,10,ภาพจำ,Pop Pongkool,1C6qssOWal7Sii2guMg0mx,3z2QRQ0UiVA4YmglGPoINT,https://i.scdn.co/image/ab67616d00001e024324b7a18a089d52f875150c
2026-07-29,th,Thailand,170,26,Haegeum,Agust D,5RmQ8k4l3HZ8JoPb4mNsML,4bjN59DRXFRxBE1g5ne6B1,https://i.scdn.co/image/ab67616d00001e02fa9247b68471b82d2125651e
2026-07-29,th,Thailand,171,29,ความคิดถึงที่เต็มไปด้วยน้ำตา,โชเล่ย์ ชคัทพล,1anYjqWlOJQsVlJOr9VlVg,4IzwklthzAkGVI7llK0qKU,https://i.scdn.co/image/ab67616d00001e028767fd69795074b9e09f401d
2026-07-29,th,Thailand,172,14,หลุมอากาศ,Palmy,3yfUy4dhvq5DwrSMsEE6od,75FEJ1dyr39vGXC20EyQYb,https://i.scdn.co/image/ab67616d00001e02373f9a429a9567752b199cf7
2026-07-29,th,Thailand,173,Re-Entry,จำนน,NONT TANONT,6chmC6o0wvACYVGTITw3Pz,2L29trtaHseFzdw22gMTiz,https://i.scdn.co/image/ab67616d00001e02fbc348557597656fcc80c974
2026-07-29,th,Thailand,174,76,"พิง - เพลงประกอบละคร ""กระเช้าสีดา""",NONT TANONT,6chmC6o0wvACYVGTITw3Pz,5H9T1CPfiIKZ9b7uKcLQ64,https://i.scdn.co/image/ab67616d00001e02196c67567173ce9951e1bfe9
2026-07-29,th,Thailand,175,6,กรรมตามสนอง,Mild,2fLbT474RKQfdWHLw8Bf0G,7qPJixByGBEnNNz3RmiPSV,https://i.scdn.co/image/ab67616d00001e0279d3ffb0924ac563b36e5c3c
2026-07-29,th,Thailand,176,24,เรื่องที่ขอ,Lula,6Gymwy9eHYItH2v7MYPRjB,7Iu9RvbMi1jShosg1b5mxt,https://i.scdn.co/image/ab67616d00001e0275ac22273cd64d9fd96e4f2b
2026-07-29,th,Thailand,177,17,ช่างมัน,Cocktail,6JrR3zrG0NQiXb9N9XSyGb,3sKlbOuJnyz5g019B8jTk8,https://i.scdn.co/image/ab67616d00001e02edb7b68c0c956b02b71e5823
2026-07-29,th,Thailand,178,12,REDRED,CORTIS,1ebt9HnXdyYA6KgLXr1n4P,2fCwv2ppU5nTRTckomIGsd,https://i.scdn.co/image/ab67616d00001e0224ace1518851b27e9983f739
2026-07-29,th,Thailand,179,Re-Entry,คำตอบสุดท้าย,AirBorne,2uPPduOPqzYiWESkxR1SpB,6d9rWFahtOYiNblK9dvqK2,https://i.scdn.co/image/ab67616d00001e02ea73b55de73a09c21c2a6464
2026-07-29,th,Thailand,180,35,Faded - Special Version,2Ectasy; Z9,4WXkCBHyUCfIPPZrZFcP5m; 4CuVt3p02OaWu4klQuJoDP,5b2OC2aaioNReqHlQs1TbR,https://i.scdn.co/image/ab67616d00001e024a3961fa1cd17f29f671fbfa
2026-07-29,th,Thailand,181,19,ไปได้ดี (So Long),WANYAi,3yLZtAIGm6Eq4WSfnimZad,5iXqJk5DSfS5l57s0x8dTV,https://i.scdn.co/image/ab67616d00001e025c0add12c47ff8e30e6d3ba7
2026-07-29,th,Thailand,182,17,ถ้าฉันเป็นเขา,Indigo,5505l53fTUi5P0uWQbRT0w,5kWEorPV6WHYf5htPXONcL,https://i.scdn.co/image/ab67616d00001e02764bbc099b3bf1fc8b15212e
2026-07-29,th,Thailand,183,New,Animal,KATSEYE,3c0gDdb9lhnHGFtP4prQpn,3ouNEk0tv5TTi8VWMe1xbX,https://i.scdn.co/image/ab67616d00001e029e8d48f27391ce383862b8e8
2026-07-29,th,Thailand,184,26,Babydoll,Dominic Fike,6USv9qhCn6zfxlBQIYJ9qs,7yNf9YjeO5JXUE3JEBgnYc,https://i.scdn.co/image/ab67616d00001e027b1b6f41c1645af9757d5616
2026-07-29,th,Thailand,185,49,ดาวหางฮัลเลย์,fellow fellow,1aEKvjRnbf1laB7DVXFqsG,0cHtr7i0P0TpEODZr2WZDE,https://i.scdn.co/image/ab67616d00001e02b5eddea0d396d32199abfabf
2026-07-29,th,Thailand,186,30,ฝากไว้ให้ Kiss (feat. BLVCKHEART),JayQ; BLVCKHEART,5SLXYrzObBv7IrLzo4I4S6; 3Ld1g6LjfR2ILDB6SD8aJV,4psph4gNDqUnGvBSq6UwwE,https://i.scdn.co/image/ab67616d00001e024da3e4620641c41ad66f6d97
2026-07-29,th,Thailand,187,Re-Entry,คนสวย,BETAYOURBITCH; N0RMA1; BARON,2xoedC37KSMtbCYLd1PVLc; 4JSLcITtMXeF5drdVO3f1b; 1Tf1lWGHooWhKhn6bwbMZv,4I0F3ItogIEpgH9qbjCiQz,https://i.scdn.co/image/ab67616d00001e0221f7bf1f9bbb6f5135342183
2026-07-29,th,Thailand,188,63,ลูกอม,Whatcharawalee,0cGfitvwmFr2sSywioWYNM,0GbWc31BXewOO7ZYRR9RVn,https://i.scdn.co/image/ab67616d00001e0275122452d0805c69415f26b9
2026-07-29,th,Thailand,189,12,BAD,ATEEZ,68KmkJeZGfwe1OUaivBa2L,55UDXtbNJBAdTdUdbRu8T3,https://i.scdn.co/image/ab67616d00001e027e77585ffef632e51313b3e0
2026-07-29,th,Thailand,190,17,โปรดอย่าย้ำคนช้ำใจ,เก่ง นิยุต,1gDMuVA8lqj7Nq6d1wIeZW,4AZ2pBwA15pElmEcSv2egE,https://i.scdn.co/image/ab67616d00001e02812c242f7ad4ad82679075df
2026-07-29,th,Thailand,191,7,รักเธอหัวทิ่มบ่อ,HANGMAN,4kTSU70JFddHShDyYIBxZN,22A3EEXoniinp3n7BlVlxT,https://i.scdn.co/image/ab67616d00001e02662102715c4137a678519412
2026-07-29,th,Thailand,192,7,จังหวะจะรัก,Violette Wautier,0XkEUMM4lJHAzfTK9vR0cu,2dhMTwg7O8n4kFYLpCaLC4,https://i.scdn.co/image/ab67616d00001e02026a6f2fade36796efb88eeb
2026-07-29,th,Thailand,193,21,รักรักรักรักรักรักรัก (Talk Less),D Gerrard,1k7MP2tMC43vM0b0wg8HHg,1LV7y6Foa5JFMOUc0qyj4b,https://i.scdn.co/image/ab67616d00001e02621b40910493a0abfcd46dda
2026-07-29,th,Thailand,194,71,ยิ้มลา (jasmine),BOWKYLION,2SWWw5uB9cO5m7zJQZqwmr,3Bm9DBgbwgdQzgOVtJN30v,https://i.scdn.co/image/ab67616d00001e028ace3e29045e35179313e68a
2026-07-29,th,Thailand,195,62,ดอกไม้ที่รอฝน (spring),THE TOYS; NONT TANONT,5pokGZ1K9Hr6etaKPDxSG8; 6chmC6o0wvACYVGTITw3Pz,510TKpbFquRZzk80oLgbaM,https://i.scdn.co/image/ab67616d00001e027009ce6b416c810cb36a08d3
2026-07-29,th,Thailand,196,1,เธอทิ้งฉันไว้,KRK; N/A; HK,69jmffWjz5TWglZkReTYJC; 4oPYazJJ1o4rWBrTw9lm40; 3ox1cmzcE21qMaFHqHKowu,6aQNOo0RlmFUx2yfDXBkiT,https://i.scdn.co/image/ab67616d00001e0274fa0664a9ece4b813b0a679
2026-07-29,th,Thailand,197,6,ที่ว่าง (Empty Space),Pause,1pTiPuAABytFjsXsUwgsNE,4l7LboEqEOMV1UPHoZ0KA9,https://i.scdn.co/image/ab67616d00001e02991f6275c8a245262fc799b3
2026-07-29,th,Thailand,198,Re-Entry,นิทานในฝัน 2024,PUN,6HEMZkIMQAPnd36iLsUlTx,7rRoqUuxmJlbMqqfvxGukK,https://i.scdn.co/image/ab67616d00001e02cc05ec584ca006c1a29e54f0
2026-07-29,th,Thailand,199,Re-Entry,I Thought I Saw Your Face Today,She & Him,3CIRif6ZAedT7kZSPvj2A4,0myRViRgmQ3J8izICXEAVO,https://i.scdn.co/image/ab67616d00001e02a47c6d8a934b4833c0916cc9
2026-07-29,th,Thailand,200,Re-Entry,Sunflower - Spider-Man: Into the Spider-Verse,Post Malone; Swae Lee,246dkjvS1zLTtiykXe5h60; 1zNqQNIdeOUZHb8zbZRFMX,0RiRZpuVRbi7oqRdSMwhQY,https://i.scdn.co/image/ab67616d00001e029478c87599550dd73bfa7e02
2026-07-29,global,Global,1,–,Dai Dai,Shakira; Burna Boy,0EmeFodog0BfCgMzAIvKQp; 3wcj11K77LjEY1PkEazffa,0kosUz0jePvjiz4ctmR6wL,https://i.scdn.co/image/ab67616d00001e0203cadf1b3fe324c1dc710ed4
2026-07-29,global,Global,2,–,Beauty And A Beat,Justin Bieber; Nicki Minaj,1uNFoZAHBGtllmzznpCI3s; 0hCNtLu0JehylgoiP8L4Gh,6QFCMUUq1T2Vf5sFUXcuQ7,https://i.scdn.co/image/ab67616d00001e02f1d02a6cec967f8b6b78f76e
2026-07-29,global,Global,3,–,hate that i made you love me,Ariana Grande,66CXWjxzNUsdJxJ2JdwvnR,20jbSiX29FDX4oQxBXyUEi,https://i.scdn.co/image/ab67616d00001e02b622d42c30697e1e1414343c
2026-07-29,global,Global,4,3,SWIM,BTS,3Nrfpe0tUJi4K4DXYWgMUX,68lbSrXDORS51pmyjZv712,https://i.scdn.co/image/ab67616d00001e02dfa17fad7f190c901603270e
2026-07-29,global,Global,5,1,Earrings,Malcolm Todd,7eKkW1zo5uzW8kUntiiBvz,0eAuGrXyGFYwur9ARUe7LJ,https://i.scdn.co/image/ab67616d00001e022c1f34ecc1929fb59908aad1
2026-07-29,global,Global,6,1,Billie Jean,Michael Jackson,3fMbdgg4jU18AjLCKBhRSm,7J1uxwnxfQLu4APicE5Rnj,https://i.scdn.co/image/ab67616d00001e0232a7d87248d1b75463483df5
2026-07-29,global,Global,7,5,Animal,KATSEYE,3c0gDdb9lhnHGFtP4prQpn,3ouNEk0tv5TTi8VWMe1xbX,https://i.scdn.co/image/ab67616d00001e029e8d48f27391ce383862b8e8
2026-07-29,global,Global,8,2,Babydoll,Dominic Fike,6USv9qhCn6zfxlBQIYJ9qs,7yNf9YjeO5JXUE3JEBgnYc,https://i.scdn.co/image/ab67616d00001e027b1b6f41c1645af9757d5616
2026-07-29,global,Global,9,1,Self Aware,Temper City,5mHUmlJWkcoOk1NbjfrXWz,4qW3BbQAwZsrnu8a3ZRdyT,https://i.scdn.co/image/ab67616d00001e02d6c26d2ae723f7ab553d64cc
2026-07-29,global,Global,10,–,Wonderwall - Remastered,Oasis,2DaxqgrOhkeH0fpeiQq2f4,5qqabIl2vWzo9ApSC317sa,https://i.scdn.co/image/ab67616d00001e0285e5dcc05cc216a10f141480
2026-07-29,global,Global,11,2,The One That Got Away,Katy Perry,6jJ0s89eD6GaHleKKya26X,2009X8GyWTqyxIdzAEYW6N,https://i.scdn.co/image/ab67616d00001e021d955011a3ed477dc77865ad
2026-07-29,global,Global,12,1,stupid song,Olivia Rodrigo,1McMsnEElThX1knmY4oliG,49j6SvuvWfbEKZKzsHCdLJ,https://i.scdn.co/image/ab67616d00001e026949b83f85d782b21ce70583
2026-07-29,global,Global,13,1,back to friends,sombr,4G9NDjRyZFDlJKMRL8hx3S,7qjZnBKE73H4Oxkopwulqe,https://i.scdn.co/image/ab67616d00001e024229702de91cb3d3a4383302
2026-07-29,global,Global,14,1,the cure,Olivia Rodrigo,1McMsnEElThX1knmY4oliG,55pBIZO1cqoldeqpp5WR7H,https://i.scdn.co/image/ab67616d00001e025cf234eeb7a2edf44bf64a46
2026-07-29,global,Global,15,1,Iris,The Goo Goo Dolls,2sil8z5kiy4r76CRTXxBCA,6Qyc6fS4DsZjB2mRW9DsQs,https://i.scdn.co/image/ab67616d00001e02eda9478c39a21e1cdc6609ca
2026-07-29,global,Global,16,1,Choosin' Texas,Ella Langley,6BRxQ8cD3eqnrVj6WKDok8,7scFxt9VhL4FJwuPSfRlfN,https://i.scdn.co/image/ab67616d00001e028606848da949bbaddf447d87
2026-07-29,global,Global,17,2,drop dead,Olivia Rodrigo,1McMsnEElThX1knmY4oliG,3fRCAPMMZ8l8P9YKI6OCzD,https://i.scdn.co/image/ab67616d00001e026949b83f85d782b21ce70583
2026-07-29,global,Global,18,–,End of Beginning,Djo,5p9HO3XC5P3BLxJs5Mtrhm,3qhlB30KknSejmIvZZLjOD,https://i.scdn.co/image/ab67616d00001e02fddfffec51b4580acae727c1
2026-07-29,global,Global,19,–,Beat It,Michael Jackson,3fMbdgg4jU18AjLCKBhRSm,3BovdzfaX4jb5KFQwoPfAw,https://i.scdn.co/image/ab67616d00001e0232a7d87248d1b75463483df5
2026-07-29,global,Global,20,–,Die With A Smile,Lady Gaga; Bruno Mars,1HY2Jd0NmPuamShAr6KMms; 0du5cEVh5yTK9QJze8zA0C,7so0lgd0zP2Sbgs2d7a1SZ,https://i.scdn.co/image/ab67616d00001e02b0860cf0a98e09663c82290c
2026-07-29,global,Global,21,–,Man I Need,Olivia Dean,00x1fYSGhdqScXBRpSj3DW,1qbmS6ep2hbBRaEZFpn7BX,https://i.scdn.co/image/ab67616d00001e02e3d69e17dde129037a1f09e2
2026-07-29,global,Global,22,4,Treat You Better,Shawn Mendes,7n2wHs1TKAczGzO7Dd2rGr,3QGsuHI8jO1Rx4JWLUh9jd,https://i.scdn.co/image/ab67616d00001e021376b4b16f4bfcba02dc571b
2026-07-29,global,Global,23,1,Love Me Not,Ravyn Lenae,5RTLRtXjbXI2lSXc6jxlAz,4WFgvKVfEhb3IUAFGrutTR,https://i.scdn.co/image/ab67616d00001e020e62daaea2c7b94053e1c142
2026-07-29,global,Global,24,2,The Fate of Ophelia,Taylor Swift,06HL4z0CvFAxyc27GXpf02,53iuhJlwXhSER5J2IYYv1W,https://i.scdn.co/image/ab67616d00001e02d7812467811a7da6e6a44902
2026-07-29,global,Global,25,–,DtMF,Bad Bunny,4q3ewBCX7sLwd24euuV69X,3sK8wGT43QFpWrvNQsrQya,https://i.scdn.co/image/ab67616d00001e02bbd45c8d36e0e045ef640411
2026-07-29,global,Global,26,8,Sweater Weather,The Neighbourhood,77SW9BnxLY8rJ0RciFqkHh,0cQVqPuHQP4KEwc7ZUQmj6,https://i.scdn.co/image/ab67616d00001e028265a736a1eb838ad5a0b921
2026-07-29,global,Global,27,4,Ordinary,Alex Warren,0fTSzq9jAh4c36UVb4V7CB,2RkZ5LkEzeHGRsmDqKwmaJ,https://i.scdn.co/image/ab67616d00001e028d18d73bbfc8985d52865edf
2026-07-29,global,Global,28,1,Jamaican (Bam Bam),HUGEL; SOLTO (FR),5PlfkPxwCpRRWQJBxCa0By; 0F3tUZeb9dLNEpxCpzEBQt,7e4zDInS6tA2jwzphvs2Ay,https://i.scdn.co/image/ab67616d00001e02450a730dd72f3bf49882ae9d
2026-07-29,global,Global,29,6,Every Breath You Take,The Police,5NGO30tJxFlKixkPSgXcFE,1JSTJqkT5qHq8MDJnJbRE1,https://i.scdn.co/image/ab67616d00001e02c8e97cafeb2acb85b21a777e
2026-07-29,global,Global,30,2,Mr. Brightside,The Killers,0C0XlULifJtAgn6ZNCW2eu,003vvx7Niy0yvhvHt4a68B,https://i.scdn.co/image/ab67616d00001e02ccdddd46119a4ff53eaf1f5d
2026-07-29,global,Global,31,–,Sesi Potret,eńau; Ari Lesmana,0agUNq8PH1QSgm88EuhM1u; 3MMDw11m6HJrXlGOE3honc,4xoY4lZNoTjEuHsSmhgF1G,https://i.scdn.co/image/ab67616d00001e02172768978c7f929803ad7e8b
2026-07-29,global,Global,32,1,Risk It All,Bruno Mars,0du5cEVh5yTK9QJze8zA0C,5y2ijHECwFYWqcAHKTZgzD,https://i.scdn.co/image/ab67616d00001e023eb8dc748f7efb1470f74395
2026-07-29,global,Global,33,1,BIRDS OF A FEATHER,Billie Eilish,6qqNVTkY8uBg9cP3Jd7DAH,6dOtVTDdiauQNBQEDOtlAB,https://i.scdn.co/image/ab67616d00001e0271d62ea7ea8a5be92d3c1f62
2026-07-29,global,Global,34,11,Cinderella (feat. Ty Dolla $ign),Mac Miller; Ty Dolla $ign,4LLpKhyESsyAXpc4laK94U; 7c0XG5cIJTrrAgEC3ULPiq,2lpygKqzPFtItQ4ss3cgfb,https://i.scdn.co/image/ab67616d00001e022e92f776279eaf45d14a33fd
2026-07-29,global,Global,35,9,Sign of the Times,Harry Styles,6KImCVD70vtIoJWnq6nGn3,5Ohxk2dO5COHF1krpoPigN,https://i.scdn.co/image/ab67616d00001e023f8b8a9c71b2bd2f3019940b
2026-07-29,global,Global,36,7,Sailor Song,Gigi Perez,1iCnM8foFssWlPRLfAbIwo,21IYMdzTrzSe191Cy5eMap,https://i.scdn.co/image/ab67616d00001e0249c26270052e1671add569c1
2026-07-29,global,Global,37,–,Locked out of Heaven,Bruno Mars,0du5cEVh5yTK9QJze8zA0C,5g7sDjBhZ4I3gcFIpkrLuI,https://i.scdn.co/image/ab67616d00001e02926f43e7cce571e62720fd46
2026-07-29,global,Global,38,1,SUPERESTRELLA,Aitana,7eLcDZDYHXZCebtQmVFL25,6hpuesKPNa3WhV48O7Fa47,https://i.scdn.co/image/ab67616d00001e02e9c382b5b9b3221428da47c2
2026-07-29,global,Global,39,7,Raindance (feat. Tems),Dave; Tems,6Ip8FS7vWT1uKkJSweANQK; 687cZJR45JO7jhk1LHIbgq,3oTuTpF1F3A7rEC6RKsMRz,https://i.scdn.co/image/ab67616d00001e02fecaa7826bb0cbe139a8cb83
2026-07-29,global,Global,40,–,Dracula (with JENNIE),Tame Impala; JENNIE,5INjqkS1o8h1imAzPqGZBb; 250b0Wlc5Vk0CoUsaCY84M,5yvVYFDUpbnjcnRBgjwTzM,https://i.scdn.co/image/ab67616d00001e02c7c031ce9d06b131f8563676
2026-07-29,global,Global,41,2,Janice STFU,Drake,3TVXtAsR1Inumwj472S9r4,514joG57v4yKTsfQmz7stz,https://i.scdn.co/image/ab67616d00001e02fe9d3ab9adb1d3b59835b81c
2026-07-29,global,Global,42,6,So Easy (To Fall In Love),Olivia Dean,00x1fYSGhdqScXBRpSj3DW,6sGIMrtIzQjdzNndVxe397,https://i.scdn.co/image/ab67616d00001e029a336bfb6d40bbd90a507417
2026-07-29,global,Global,43,1,Lush Life,Zara Larsson,1Xylc3o4UrD53lo9CvFvVg,1rIKgCH4H52lrvDcz50hS8,https://i.scdn.co/image/ab67616d00001e02401bf6103d4b7f5230a21582
2026-07-29,global,Global,44,5,Creep,Radiohead,4Z8W4fKeB5YxbusRsdQVPb,70LcF31zb1H0PyJoS1Sx1r,https://i.scdn.co/image/ab67616d00001e02ec548c00d3ac2f10be73366d
2026-07-29,global,Global,45,7,NUEVAYoL,Bad Bunny,4q3ewBCX7sLwd24euuV69X,5TFD2bmFKGhoCRbX61nXY5,https://i.scdn.co/image/ab67616d00001e02bbd45c8d36e0e045ef640411
2026-07-29,global,Global,46,1,BAILE INoLVIDABLE,Bad Bunny,4q3ewBCX7sLwd24euuV69X,2lTm559tuIvatlT1u0JYG2,https://i.scdn.co/image/ab67616d00001e02bbd45c8d36e0e045ef640411
2026-07-29,global,Global,47,17,Hips Don't Lie (feat. Wyclef Jean),Shakira; Wyclef Jean,0EmeFodog0BfCgMzAIvKQp; 7aBzpmFXB4WWpPl2F7RjBe,3d0WouFnFmr0K3kjeza3fF,https://i.scdn.co/image/ab67616d00001e0285432abc16fd92be0d435cb9
2026-07-29,global,Global,48,7,Riptide,Vance Joy,10exVja0key0uqUkk6LJRT,2uXlHCUbq9OMUwx3hrk06o,https://i.scdn.co/image/ab67616d00001e0205d081cbdc2f67d37a364d63
2026-07-29,global,Global,49,1,One Dance,Drake; Wizkid; Kyla,3TVXtAsR1Inumwj472S9r4; 3tVQdUvClmAT7URs9V3rsp; 6TK7fjRPdy2GW2pJzNF23L,1zi7xx7UVEFkmKfv06H8x0,https://i.scdn.co/image/ab67616d00001e029416ed64daf84936d89e671c
2026-07-29,global,Global,50,–,On The Floor,Jennifer Lopez; Pitbull,2DlGxzQSjYe5N6G9nkYghR; 0TnOYISbd1XYRBk9myaseg,3C0nOe05EIt1390bVABLyN,https://i.scdn.co/image/ab67616d00001e02d7b2aa3834b82b1cbe899a48
2026-07-29,global,Global,51,–,Yellow,Coldplay,4gzpq5DPGxSnKTe4SA8HAU,3AJwUDP919kvQ9QcozQPxg,https://i.scdn.co/image/ab67616d00001e029164bafe9aaa168d93f4816a
2026-07-29,global,Global,52,1,Starboy,The Weeknd; Daft Punk,1Xyo4u8uXC1ZmMpatF05PJ; 4tZwfgrHOc3mvqYlEYSvVi,7MXVkk9YMctZqd1Srtv4MB,https://i.scdn.co/image/ab67616d00001e024718e2b124f79258be7bc452
2026-07-29,global,Global,53,4,misery.,pupsies,0Uo0W0Vfq9ZOLCFngwxOLm,6De8sirPzVyAoBDlQpcutY,https://i.scdn.co/image/ab67616d00001e02316b7fde50dfbf4be72735c2
2026-07-29,global,Global,54,2,honeybee,Olivia Rodrigo,1McMsnEElThX1knmY4oliG,4kX7xkopoXZCfE1D6fNwl2,https://i.scdn.co/image/ab67616d00001e026949b83f85d782b21ce70583
2026-07-29,global,Global,55,13,Danza Kuduro - Version MTO,Lucenzo; Don Omar,5bv5RplEOwdCvhq0EILh9E; 33ScadVnbm2X8kkUqOkC6Z,2a1o6ZejUi8U3wzzOtCOYw,https://i.scdn.co/image/ab67616d00001e02dd6b19d30e8b2531c625fbc4
2026-07-29,global,Global,56,3,"One Of The Girls (with JENNIE, Lily Rose Depp)",The Weeknd; JENNIE; Lily-Rose Depp,1Xyo4u8uXC1ZmMpatF05PJ; 250b0Wlc5Vk0CoUsaCY84M; 1pBLC0qVRTB5zVMuteQ9jJ,7CyPwkp0oE8Ro9Dd5CUDjW,https://i.scdn.co/image/ab67616d00001e02b0dd6a5cd1dec96c4119c262
2026-07-29,global,Global,57,1,Beautiful Things,Benson Boone,22wbnEMDvgVIAGdFeek6ET,3xkHsmpQCBMytMJNiDf3Ii,https://i.scdn.co/image/ab67616d00001e02831949037a1db10b87b005fa
2026-07-29,global,Global,58,19,Less than a Lover,JENNIE,250b0Wlc5Vk0CoUsaCY84M,19UnXjpLshSLobPspdyxlD,https://i.scdn.co/image/ab67616d00001e021568796289f10031724bc780
2026-07-29,global,Global,59,1,Chicago,Michael Jackson,3fMbdgg4jU18AjLCKBhRSm,5BKKy9fIJL5uM9fz1SnqyP,https://i.scdn.co/image/ab67616d00001e0235f36cb686b0d5a12ab3a9f0
2026-07-29,global,Global,60,2,I Wanna Be Yours,Arctic Monkeys,7Ln80lUS6He07XvHI8qqHH,5XeFesFbtLpXzIVDNQP22n,https://i.scdn.co/image/ab67616d00001e024ae1c4c5c45aabe565499163
2026-07-29,global,Global,61,1,As It Was,Harry Styles,6KImCVD70vtIoJWnq6nGn3,4Dvkj6JhhA12EX05fT7y2e,https://i.scdn.co/image/ab67616d00001e0282ce362511fb3d9dda6578ee
2026-07-29,global,Global,62,12,Sunflower - Spider-Man: Into the Spider-Verse,Post Malone; Swae Lee,246dkjvS1zLTtiykXe5h60; 1zNqQNIdeOUZHb8zbZRFMX,0RiRZpuVRbi7oqRdSMwhQY,https://i.scdn.co/image/ab67616d00001e029478c87599550dd73bfa7e02
2026-07-29,global,Global,63,8,WHERE IS MY HUSBAND!,RAYE,5KKpBU5eC2tJDzf0wmlRp2,7eYzn1CuiJK6VvUhf8zA6k,https://i.scdn.co/image/ab67616d00001e0297c0928704e5a2bd8d4c5b90
2026-07-29,global,Global,64,2,In the End,Linkin Park,6XyY86QOPPrYVGvF9ch6wz,60a0Rd6pjrkxjPbaKzXjfq,https://i.scdn.co/image/ab67616d00001e02e2f039481babe23658fc719a
2026-07-29,global,Global,65,4,ICONIC BY MISTAKE,LE SSERAFIM; ILLIT; KATSEYE,4SpbR6yFEvexJuaBpgAU5p; 36cgvBn0aadzOijnjjwqMN; 3c0gDdb9lhnHGFtP4prQpn,6fl4Gu0lJm5hc8FM5JzCZD,https://i.scdn.co/image/ab67616d00001e0255886e2f0784a2b7b62b7fe7
2026-07-29,global,Global,66,1,Golden,HUNTR/X; EJAE; AUDREY NUNA; REI AMI; KPop Demon Hunters Cast,2yNNYQBChuox9A5Ka93BIn; 0RMJOzHDhAKY1o2j0W0vxY; 0Wwji82sLA0Hcvtuak3omb; 6U1dV7aL68N7Gb0Naq34V5; 7mW7Tv7NvywKKXqafZo0Lc,1CPZ5BxNNd0n0nF4Orb9JS,https://i.scdn.co/image/ab67616d00001e024dcb6c5df15cf74596ab25a4
2026-07-29,global,Global,67,3,Dreams - 2004 Remaster,Fleetwood Mac,08GQAI4eElDnROBrJRGE0X,53qkszfgztIvkFyF31GfdQ,https://i.scdn.co/image/ab67616d00001e02e52a59a28efa4773dd2bfe1b
2026-07-29,global,Global,68,5,FREAKED OUT,Fat Papi; prodshushy,6bemHySK6oqDAPZZzt61ov; 6aQnbm7k0VsmUqfU9cfwoA,7pBzCp7qNLlsH6rzEFkSwN,https://i.scdn.co/image/ab67616d00001e02dae2db6b9b0a2d5ef298075f
2026-07-29,global,Global,69,–,Viva La Vida,Coldplay,4gzpq5DPGxSnKTe4SA8HAU,1mea3bSkSGXuIRvnydlB5b,https://i.scdn.co/image/ab67616d00001e02e21cc1db05580b6f2d2a3b6e
2026-07-29,global,Global,70,–,DAISIES,Justin Bieber,1uNFoZAHBGtllmzznpCI3s,5BZsQlgw21vDOAjoqkNgKb,https://i.scdn.co/image/ab67616d00001e02d65c4773bc5061fd27facc5b
2026-07-29,global,Global,71,17,Just the Way You Are,Bruno Mars,0du5cEVh5yTK9QJze8zA0C,7BqBn9nzAq8spo5e7cZ0dJ,https://i.scdn.co/image/ab67616d00001e027039c1c841fc3dfa2ad8a0d8
2026-07-29,global,Global,72,5,Teh Hijau,Tulus,2iDVt6mFbtbDEZG5ax0dTi,4R9G7azXaZe93KTX65P9fU,https://i.scdn.co/image/ab67616d00001e02e4086e5f9d79cf18ed601015
2026-07-29,global,Global,73,11,Talk To You (ft. 54 Ultra),ANOTR; 54 Ultra,4p5WgeiPSPpqPDs7T6OkWf; 6X5L6rmyvrWWu60Gx6exiZ,5zEcbencrcP0p5Z8508vWz,https://i.scdn.co/image/ab67616d00001e02b9ae89f9af550218834c07d7
2026-07-29,global,Global,74,7,Y Que Fue?,Don Miguelo,1noWnd8QFQD9VLxWEeo4Zf,2wAmparvQdtQemzY9I8PKv,https://i.scdn.co/image/ab67616d00001e027f26c0802b29e8d3c4bbc163
2026-07-29,global,Global,75,15,Blinding Lights,The Weeknd,1Xyo4u8uXC1ZmMpatF05PJ,0VjIjW4GlUZAMYd2vXMi3b,https://i.scdn.co/image/ab67616d00001e028863bc11d2aa12b54f5aeb36
2026-07-29,global,Global,76,4,Movin' To The Sun,HUGEL; Imael Angel; Ultra Naté,5PlfkPxwCpRRWQJBxCa0By; 17yREPqyU875WJnX9U082A; 1cK2Abwkni7m51wJCSGllN,4vTsKN15Kqo3Geo9r7FhAN,https://i.scdn.co/image/ab67616d00001e023c2eac0964d8ef1900f1c101
2026-07-29,global,Global,77,4,505,Arctic Monkeys,7Ln80lUS6He07XvHI8qqHH,58ge6dfP91o9oXMzq3XkIS,https://i.scdn.co/image/ab67616d00001e02b1f8da74f225fa1225cdface
2026-07-29,global,Global,78,3,Shape of You,Ed Sheeran,6eUKZXaKkcviH0Ku9w2n3V,7qiZfU4dY1lWllzX7mPBI3,https://i.scdn.co/image/ab67616d00001e02ba5db46f4b838ef6027e6f96
2026-07-29,global,Global,79,1,Dichavate,Ya Ice Dilan; Rey Tony; Helabusador; JipMusic Global; Dj Honda,3EumQuYai5g1235jIBaPhA; 7o5F7ecSmTFTIt9lrDtB0l; 43FkTZ35A6B7miP8a5AlPX; 6qX4h29LUPPUx0ykEdYAL7; 5OLgZmlrgCBKtR47DXwnsk,6Ab2trdJulkRRhaJ9zVGQa,https://i.scdn.co/image/ab67616d00001e02b27ddff7799d494c71b6b308
2026-07-29,global,Global,80,7,NORMAL,BTS,3Nrfpe0tUJi4K4DXYWgMUX,4B4Q7zfd0aHcuhQBfCRnH5,https://i.scdn.co/image/ab67616d00001e02dfa17fad7f190c901603270e
2026-07-29,global,Global,81,1,Espresso,Sabrina Carpenter,74KM79TiuVKeVCqs8QtB0B,2HRqTpkrJO5ggZyyK6NPWz,https://i.scdn.co/image/ab67616d00001e02fd8d7a8d96871e791cb1f626
2026-07-29,global,Global,82,3,Stateside + Zara Larsson,PinkPantheress; Zara Larsson,78rUTD7y6Cy67W1RVzYs7t; 1Xylc3o4UrD53lo9CvFvVg,1DwscornXpj8fmOmYVlqZt,https://i.scdn.co/image/ab67616d00001e02684ecc5bc1b724d0106ad694
2026-07-29,global,Global,83,26,Don't Stop The Music,Rihanna,5pKCCKE2ajJHZ9KAiaK11H,1Jo0Zg7XlrA6z0mFTZVdkn,https://i.scdn.co/image/ab67616d00001e02f9f27162ab1ed45b8d7a7e98
2026-07-29,global,Global,84,13,WILDFLOWER,Billie Eilish,6qqNVTkY8uBg9cP3Jd7DAH,3QaPy1KgI7nu9FJEQUgn6h,https://i.scdn.co/image/ab67616d00001e0271d62ea7ea8a5be92d3c1f62
2026-07-29,global,Global,85,3,Smells Like Teen Spirit,Nirvana,6olE6TJLqED3rqDCT0FyPh,0gucTLf7trAf37Ua1uAyAu,https://i.scdn.co/image/ab67616d00001e02fbc71c99f9c1296c56dd51b6
2026-07-29,global,Global,86,51,Apocalypse,Cigarettes After Sex,1QAJqy2dA3ihHBFIHRphZj,1oAwsWBovWRIp7qLMGPIet,https://i.scdn.co/image/ab67616d00001e02dfed999f959177dfc4f33cdc
2026-07-29,global,Global,87,7,Great Expectation,SIENNA SPIRO,02gSuSAWEdWa5UOvqzjX6v,7ujApz6iFP3PmKIDGcaGbe,https://i.scdn.co/image/ab67616d00001e02b09eea420767969b6729962b
2026-07-29,global,Global,88,11,There's Nothing Holdin' Me Back,Shawn Mendes,7n2wHs1TKAczGzO7Dd2rGr,7JJmb5XwzOO8jgpou264Ml,https://i.scdn.co/image/ab67616d00001e02ea3ef7697cfd5705b8f47521
2026-07-29,global,Global,89,4,The Night We Met,Lord Huron,6ltzsmQQbmdoHHbLZ4ZN25,5yJaXWIErrrsjQ3J0eR5aK,https://i.scdn.co/image/ab67616d00001e02b4916183f769aca218acb85f
2026-07-29,global,Global,90,4,Don't Stop Believin' (2022 Remaster),Journey,0rvjqX7ttXeg3mTy8Xscbt,5RKQ5NdjSh2QzD4MaunT91,https://i.scdn.co/image/ab67616d00001e0223290120a609a65e14cfe018
2026-07-29,global,Global,91,4,Baby,Justin Bieber; Ludacris,1uNFoZAHBGtllmzznpCI3s; 3ipn9JLAPI5GUEo4y4jcoi,6epn3r7S14KUqlReYr77hA,https://i.scdn.co/image/ab67616d00001e02629dc9e2e3bc20bbd7d92e4a
2026-07-29,global,Global,92,12,Payphone,Maroon 5; Wiz Khalifa,04gDigrS5kc9YWfZHwBETP; 137W8MRPWKqSmrBGDBFSop,1XGmzt0PVuFgQYYnV2It7A,https://i.scdn.co/image/ab67616d00001e02fc8633e22a7dba6aab817bff
2026-07-29,global,Global,93,10,See You Again (feat. Kali Uchis),"Tyler, The Creator; Kali Uchis",4V8LLVI7PbaPR0K2TGSxFF; 1U1el3k54VvEUzo3ybLPlM,7KA4W4McWYRpgf0fWsJZWB,https://i.scdn.co/image/ab67616d00001e028940ac99f49e44f59e6f7fb3
2026-07-29,global,Global,94,11,Dracula,Tame Impala,5INjqkS1o8h1imAzPqGZBb,1NXbNEAcPvY5G1xvfN57aA,https://i.scdn.co/image/ab67616d00001e02208500450dcd0fd294d7bd3b
2026-07-29,global,Global,95,11,we can't be friends (wait for your love),Ariana Grande,66CXWjxzNUsdJxJ2JdwvnR,51ZQ1vr10ffzbwIjDCwqm4,https://i.scdn.co/image/ab67616d00001e028b58d20f1b77295730db15b4
2026-07-29,global,Global,96,8,Si Antes Te Hubiera Conocido,KAROL G,790FomKkXshlbRYZFtlgla,73scB4Q4fcOmnsBVZPmk32,https://i.scdn.co/image/ab67616d00001e026c0294796e2ee5cf87a47b5f
2026-07-29,global,Global,97,4,Confident,Justin Bieber; Chance the Rapper,1uNFoZAHBGtllmzznpCI3s; 1anyVhU62p31KFi8MEzkbf,6czM6UMQD9qE5GAUp68oud,https://i.scdn.co/image/ab67616d00001e0258ae8fddecbd2630005409c9
2026-07-29,global,Global,98,14,Manchild,Sabrina Carpenter,74KM79TiuVKeVCqs8QtB0B,2BwO5K8Q7EPAJSGze3AAh9,https://i.scdn.co/image/ab67616d00001e02b1863bf95557ea7f357c4947
2026-07-29,global,Global,99,1,Rein Me In (with Olivia Dean),Sam Fender; Olivia Dean,6zlR5ttMfMNmwf2lecU9Cc; 00x1fYSGhdqScXBRpSj3DW,0MUXBhPUDF8or0kfQ0EHwV,https://i.scdn.co/image/ab67616d00001e0270722c52a53ef4a56f0c2eb0
2026-07-29,global,Global,100,34,Been By Now,Morgan Wallen,4oUHIQIBe0LHzYfvXNW4QM,3xwMjQriBVW0OGEvNKo9c0,https://i.scdn.co/image/ab67616d00001e02349f6c0133abbfca063891c1
2026-07-29,global,Global,101,9,Give Me Everything (feat. Nayer),Pitbull; AFROJACK; Ne-Yo; Nayer,0TnOYISbd1XYRBk9myaseg; 4D75GcNG95ebPtNvoNVXhz; 21E3waRsmPlU7jZsS13rcj; 1ruutHJcECI7cos2n5TqpO,4QNpBfC0zvjKqPJcyqBy9W,https://i.scdn.co/image/ab67616d00001e021dc7483a9fcfce54822a2f19
2026-07-29,global,Global,102,31,I Just Might,Bruno Mars,0du5cEVh5yTK9QJze8zA0C,6f68Ac5tt5BQOpwr0BV9oN,https://i.scdn.co/image/ab67616d00001e023eb8dc748f7efb1470f74395
2026-07-29,global,Global,103,12,We Found Love,Rihanna; Calvin Harris,5pKCCKE2ajJHZ9KAiaK11H; 7CajNmpbOovFoOoasH2HaY,1zv3WFUbZ5vPxFq9I2jAU1,https://i.scdn.co/image/ab67616d00001e02bef074de9ca825bddaeb9f46
2026-07-29,global,Global,104,8,Let Me Love You,DJ Snake; Justin Bieber,540vIaP2JwjQb9dm3aArA4; 1uNFoZAHBGtllmzznpCI3s,0lYBSQXN6rCTvUZvg9S0lU,https://i.scdn.co/image/ab67616d00001e02212d776c31027c511f0ee3bc
2026-07-29,global,Global,105,29,White Keys,Dominic Fike,6USv9qhCn6zfxlBQIYJ9qs,5ViLKrbyL3HD6wsq3AB9eI,https://i.scdn.co/image/ab67616d00001e023696096119ef08824cf85ede
2026-07-29,global,Global,106,4,bloodstream,Alyssa Grace,4eZer1QvRM8Pna0rLToV1K,2oWFJJW9d1bIra3zHjR6GO,https://i.scdn.co/image/ab67616d00001e029c031feeff1647deb7577309
2026-07-29,global,Global,107,1,Numb,Linkin Park,6XyY86QOPPrYVGvF9ch6wz,2nLtzopw4rPReszdYBJU6h,https://i.scdn.co/image/ab67616d00001e025f1f51d14e8bea89484ecd1b
2026-07-29,global,Global,108,23,That's What I Like,Bruno Mars,0du5cEVh5yTK9QJze8zA0C,0KKkJNfGyhkQ5aFogxQAPU,https://i.scdn.co/image/ab67616d00001e02232711f7d66a1e19e89e28c5
2026-07-29,global,Global,109,Re-Entry,Aliens,BTS,3Nrfpe0tUJi4K4DXYWgMUX,5tg21NdePCn5m8F9BXOEeJ,https://i.scdn.co/image/ab67616d00001e02dfa17fad7f190c901603270e
2026-07-29,global,Global,110,21,Bring Me To Life,Evanescence,5nGIFgo0shDenQYSE0Sn7c,0COqiPhxzoWICwFCS4eZcp,https://i.scdn.co/image/ab67616d00001e0225f49ab23f0ec6332efef432
2026-07-29,global,Global,111,22,Me Rehúso,Danny Ocean,5H1nN1SzW0qNeUEZvuXjAj,6ifUES3keWjwXgae8pXI3o,https://i.scdn.co/image/ab67616d00001e02d8243a13e6f41310a5fa7b96
2026-07-29,global,Global,112,53,A Sky Full of Stars,Coldplay,4gzpq5DPGxSnKTe4SA8HAU,0FDzzruyVECATHXKHFs9eJ,https://i.scdn.co/image/ab67616d00001e02e5a95573f1b91234630fd2cf
2026-07-29,global,Global,113,11,Counting Stars,OneRepublic,5Pwc4xIPtQLFEnJriah9YJ,2tpWsVSb9UEmDRxAl1zhX1,https://i.scdn.co/image/ab67616d00001e029e2f95ae77cf436017ada9cb
2026-07-29,global,Global,114,17,Umbrella,Rihanna; JAŸ-Z,5pKCCKE2ajJHZ9KAiaK11H; 3nFkdlSjzX9mRTtwJOzDYB,2yPoXCs7BSIUrucMdK5PzV,https://i.scdn.co/image/ab67616d00001e02f9f27162ab1ed45b8d7a7e98
2026-07-29,global,Global,115,15,Nalguita y Teta,Neton Vega,6pV5zH2LzjOUHaAvENdMMa,6SuIUd8Wl5tZcyMFAV0EZJ,https://i.scdn.co/image/ab67616d00001e026b0c57d574fae5bbb4f3c8de
2026-07-29,global,Global,116,11,"All The Stars (with SZA) - From ""Black Panther: The Album""",Kendrick Lamar; SZA,2YZyLoL8N0Wb9xBt1NhZWg; 7tYKF4w9nC0nq9CsPZTHyP,3GCdLUSnKSMJhs4Tj6CV3s,https://i.scdn.co/image/ab67616d00001e02c027ad28821777b00dcaa888
2026-07-29,global,Global,117,38,Into You,Ariana Grande,66CXWjxzNUsdJxJ2JdwvnR,76FZM38RC8XaAjJ77CVTNe,https://i.scdn.co/image/ab67616d00001e0233342c57a9b2c4e04c97b3f5
2026-07-29,global,Global,118,11,Only Girl (In The World),Rihanna,5pKCCKE2ajJHZ9KAiaK11H,2ENexcMEMsYk0rVJigVD3i,https://i.scdn.co/image/ab67616d00001e0231548865f7c729290b96c794
2026-07-29,global,Global,119,52,Closer,The Chainsmokers; Halsey,69GGBxA162lTqCwzJG5jLp; 26VFTg2z8YR0cCuwLzESi2,7BKLCZ1jbUBVqRi2FVlTVw,https://i.scdn.co/image/ab67616d00001e02495ce6da9aeb159e94eaa453
2026-07-29,global,Global,120,20,APT.,ROSÉ; Bruno Mars,3eVa5w3URK5duf6eyVDbu9; 0du5cEVh5yTK9QJze8zA0C,4wJ5Qq0jBN4ajy7ouZIV1c,https://i.scdn.co/image/ab67616d00001e027be65ce6672ed7e5aac6e966
2026-07-29,global,Global,121,10,Don't Stop 'Til You Get Enough,Michael Jackson,3fMbdgg4jU18AjLCKBhRSm,46eu3SBuFCXWsPT39Yg3tJ,https://i.scdn.co/image/ab67616d00001e022b74bf21c7e4f56758610949
2026-07-29,global,Global,122,3,Sweet Child O' Mine,Guns N' Roses,3qm84nBOXUEQ2vnTfUTTFC,7snQQk1zcKl8gZ92AnueZW,https://i.scdn.co/image/ab67616d00001e0221ebf49b3292c3f0f575f0f5
2026-07-29,global,Global,123,5,We Are The People,Empire Of The Sun,67hb7towEyKvt5Z8Bx306c,3zEN0ii6s4DHHBpnTp3RP7,https://i.scdn.co/image/ab67616d00001e02f3aa0e6ca22a382007f61e4d
2026-07-29,global,Global,124,33,Can't Hold Us (feat. Ray Dalton),Macklemore; Ryan Lewis; Macklemore & Ryan Lewis; Ray Dalton,3JhNCzhSMTxs9WLGJJxWOY; 5mZJerulcERBZV7xnhrVp1; 5BcAKTbp20cv7tC5VqPFoC; 4e0nWw2r4BoQSKPQ2zpU13,22skzmqfdWrjJylampe0kt,https://i.scdn.co/image/ab67616d00001e022a6b364528b128a4a17d100d
2026-07-29,global,Global,125,1,"I Knew It, I Knew You - From ""Toy Story 5""",Taylor Swift,06HL4z0CvFAxyc27GXpf02,5uPaqMMt59KGrdKIitDRqa,https://i.scdn.co/image/ab67616d00001e02a35a1d4983e2b4fd0094f910
2026-07-29,global,Global,126,5,EoO,Bad Bunny,4q3ewBCX7sLwd24euuV69X,6J5kc12BW5HuP3d7C3vvx8,https://i.scdn.co/image/ab67616d00001e02bbd45c8d36e0e045ef640411
2026-07-29,global,Global,127,14,Tití Me Preguntó,Bad Bunny,4q3ewBCX7sLwd24euuV69X,1IHWl5LamUGEuP4ozKQSXZ,https://i.scdn.co/image/ab67616d00001e0249d694203245f241a1bcaa72
2026-07-29,global,Global,128,11,Boston,STELLA LEFTY,6hp2uD84OrQ3u3ukmTjLz2,36idurZmYRjJ56KQ8JD9bN,https://i.scdn.co/image/ab67616d00001e02e6cb19b02e38d18246ac334f
2026-07-29,global,Global,129,30,Heat Waves,Glass Animals,4yvcSjfu4PC0CYQyLy4wSq,3USxtqRwSYz57Ewm6wWRMp,https://i.scdn.co/image/ab67616d00001e02712701c5e263efc8726b1464
2026-07-29,global,Global,130,7,Midnight Sun,Zara Larsson,1Xylc3o4UrD53lo9CvFvVg,1qRV1dKLOfH1s00b9J2LUQ,https://i.scdn.co/image/ab67616d00001e027657f9028ea8bb2c18dca99f
2026-07-29,global,Global,131,54,Body to Body,BTS,3Nrfpe0tUJi4K4DXYWgMUX,2rKkfc4VZ74FQDc1FF1Zo6,https://i.scdn.co/image/ab67616d00001e02dfa17fad7f190c901603270e
2026-07-29,global,Global,132,12,Feel Good Inc.,Gorillaz; De La Soul,3AA28KZvwAUcZuOKwyblJQ; 1Z8ODXyhEBi3WynYw0Rya6,0d28khcov6AiegSCpG5TuT,https://i.scdn.co/image/ab67616d00001e02622aefd794f6fe4d8e714358
2026-07-29,global,Global,133,6,Human Nature,Michael Jackson,3fMbdgg4jU18AjLCKBhRSm,4cgjA7B4fJBHyB9Ya2bu0t,https://i.scdn.co/image/ab67616d00001e0232a7d87248d1b75463483df5
2026-07-29,global,Global,134,2,Somewhere Only We Know,Keane,53A0W3U0s8diEn9RhXQhVz,0ll8uFnc0nANY35E0Lfxvg,https://i.scdn.co/image/ab67616d00001e027d6cd95a046a3c0dacbc7d33
2026-07-29,global,Global,135,19,Love Yourself,Justin Bieber,1uNFoZAHBGtllmzznpCI3s,50kpGaPAhYJ3sGmk6vplg0,https://i.scdn.co/image/ab67616d00001e02f46b9d202509a8f7384b90de
2026-07-29,global,Global,136,8,Unforgettable,French Montana; Swae Lee,6vXTefBL93Dj5IqAWq6OTv; 1zNqQNIdeOUZHb8zbZRFMX,3B54sVLJ402zGa6Xm4YGNe,https://i.scdn.co/image/ab67616d00001e028a31195a371b2233456f6c07
2026-07-29,global,Global,137,23,Sorry,Justin Bieber,1uNFoZAHBGtllmzznpCI3s,09CtPGIpYB4BrO8qb1RGsF,https://i.scdn.co/image/ab67616d00001e02f46b9d202509a8f7384b90de
2026-07-29,global,Global,138,22,Homewrecker,sombr,4G9NDjRyZFDlJKMRL8hx3S,7tICCrK3CcyRFKza7yrR0z,https://i.scdn.co/image/ab67616d00001e029a8d41dca4c7d0ef23d76dd7
2026-07-29,global,Global,139,8,Young And Beautiful,Lana Del Rey,00FQb4jTyendYWaN8pK0wa,2nMeu6UenVvwUktBCpLMK9,https://i.scdn.co/image/ab67616d00001e02d7fb3e4c63020039d1cff6b2
2026-07-29,global,Global,140,22,NOBLE,F3miii,0gmx7cndNJbFM0DAO7fT0s,4Jsus7N4d8hFB2G9gcRdBv,https://i.scdn.co/image/ab67616d00001e023e2c1f8bb3f146186e2a1dc5
2026-07-29,global,Global,141,5,Africa,TOTO,0PFtn5NtBbbUNbU9EAmIWF,2374M0fQpWi3dLnB54qaLX,https://i.scdn.co/image/ab67616d00001e02ebd6d20c0082524244ef83df
2026-07-29,global,Global,142,Re-Entry,STAY (with Justin Bieber),The Kid LAROI; Justin Bieber,2tIP7SsRs7vjIcLrU85W8J; 1uNFoZAHBGtllmzznpCI3s,567e29TDzLwZwfDuEpGTwo,https://i.scdn.co/image/ab67616d00001e02b4d59e6fa7e5e7cbc57ac33a
2026-07-29,global,Global,143,21,De Lejitos - Remix,Jay Wheeler; Omar Courtz,2cPqdH7XMvwaBJEVjheH8g; 3E12tRURRvPfHz0hAMCFYc,5dgREmLlxVJn6h8U0CofEo,https://i.scdn.co/image/ab67616d00001e02c132fb4ba462a3859c4f2ff3
2026-07-29,global,Global,144,18,Ayúdame,LOS DOS DE TAMAULIPAS,77Zc5MMUIMJriEDAcaDspi,45f6FcdWcuBGB4GvFuwr9f,https://i.scdn.co/image/ab67616d00001e02aac44d7825750cbdbb8ee972
2026-07-29,global,Global,145,4,Sparks,Coldplay,4gzpq5DPGxSnKTe4SA8HAU,7D0RhFcb3CrfPuTJ0obrod,https://i.scdn.co/image/ab67616d00001e029164bafe9aaa168d93f4816a
2026-07-29,global,Global,146,3,(When You Gonna) Give It Up to Me - Radio Version,Sean Paul; Keyshia Cole,3Isy6kedDrgPYoTS1dazA9; 1vfezMIyCr4XUdYRaKIKi3,5nEdwtSv0qqeE0l4o1lR4q,https://i.scdn.co/image/ab67616d00001e02a539563b3d77bd3ba17d016e
2026-07-29,global,Global,147,1,Gabriela,KATSEYE,3c0gDdb9lhnHGFtP4prQpn,1xOqGUkyxGQRdCvGpvWKmL,https://i.scdn.co/image/ab67616d00001e02f8d4d00ffe09373efb13ce29
2026-07-29,global,Global,148,19,LA GRACIOSA,Quevedo; Elvis Crespo,52iwsT98xCoGgiGntTiR7K; 1c22GXH30ijlOfXhfLz9Df,0TJYJrUDKQ1btt4g0Xwklw,https://i.scdn.co/image/ab67616d00001e027b84b5d956376cb8e55425f5
2026-07-29,global,Global,149,Re-Entry,We Don't Talk Anymore (feat. Selena Gomez),Charlie Puth; Selena Gomez,6VuMaDnrHyPL1p4EHjYLi7; 0C8ZW7ezQVs4URX5aX7Kqx,54PbBpquVfhfrwRwvjSXbI,https://i.scdn.co/image/ab67616d00001e0215145482a542a9adb282250b
2026-07-29,global,Global,150,25,Die On This Hill,SIENNA SPIRO,02gSuSAWEdWa5UOvqzjX6v,7gkZNvBHfI30qG7hA0eopT,https://i.scdn.co/image/ab67616d00001e02b09eea420767969b6729962b
2026-07-29,global,Global,151,25,Perfect,Ed Sheeran,6eUKZXaKkcviH0Ku9w2n3V,0tgVpDi06FyKpA1z0VMD4v,https://i.scdn.co/image/ab67616d00001e02ba5db46f4b838ef6027e6f96
2026-07-29,global,Global,152,Re-Entry,Hooligan,BTS,3Nrfpe0tUJi4K4DXYWgMUX,20dAJsyno9ZoBLJtqgQnUI,https://i.scdn.co/image/ab67616d00001e02dfa17fad7f190c901603270e
2026-07-29,global,Global,153,7,Have You Ever Seen The Rain,Creedence Clearwater Revival,3IYUhFvPQItj6xySrBmZkd,2LawezPeJhN4AWuSB0GtAU,https://i.scdn.co/image/ab67616d00001e0251f311c2fb06ad2789e3ff91
2026-07-29,global,Global,154,3,S&M,Rihanna,5pKCCKE2ajJHZ9KAiaK11H,7ySUcLPVX7KudhnmNcgY2D,https://i.scdn.co/image/ab67616d00001e0231548865f7c729290b96c794
2026-07-29,global,Global,155,3,Love Me Harder,Ariana Grande; The Weeknd,66CXWjxzNUsdJxJ2JdwvnR; 1Xyo4u8uXC1ZmMpatF05PJ,5J4ZkQpzMUFojo1CtAZYpn,https://i.scdn.co/image/ab67616d00001e02deec12a28d1e336c5052e9aa
2026-07-29,global,Global,156,18,Lose Control,Teddy Swims,33qOK5uJ8AR2xuQQAhHump,17phhZDn6oGtzMe56NuWvj,https://i.scdn.co/image/ab67616d00001e02ebea8d4457c4db5b2088f287
2026-07-29,global,Global,157,15,Cuando No Era Cantante RMX - Remix,El Bogueto; Anuel AA; Fuerza Regida; Yung Beef,3S9Hg7sRKhmtWunFZ2yAYP; 2R21vXR83lH98kGeO99Y66; 0ys2OFYzWYB5hRDLCsBqxt; 1rTUwYS38LkQTlT2fhikch,56V7nzrqr6Sq1uFym4odwa,https://i.scdn.co/image/ab67616d00001e02b30b6658b275328c8435e973
2026-07-29,global,Global,158,Re-Entry,2.0,BTS,3Nrfpe0tUJi4K4DXYWgMUX,3bmpXHVie1GTy37OkXJ7Vc,https://i.scdn.co/image/ab67616d00001e02dfa17fad7f190c901603270e
2026-07-29,global,Global,159,19,Empire State Of Mind,JAŸ-Z; Alicia Keys,3nFkdlSjzX9mRTtwJOzDYB; 3DiDSECUqqY1AuBP8qtaIa,2igwFfvr1OAGX9SKDCPBwO,https://i.scdn.co/image/ab67616d00001e02fec1b815bb3c50a64a90fd10
2026-07-29,global,Global,160,7,The Less I Know The Better,Tame Impala,5INjqkS1o8h1imAzPqGZBb,6K4t31amVTZDgR3sKmwUJJ,https://i.scdn.co/image/ab67616d00001e029e1cfc756886ac782e363d79
2026-07-29,global,Global,161,Re-Entry,Blank Space,Taylor Swift,06HL4z0CvFAxyc27GXpf02,1u8c2t2Cy7UBoG4ArRcF5g,https://i.scdn.co/image/ab67616d00001e0252b2a3824413eefe9e33817a
2026-07-29,global,Global,162,13,Last Friday Night (T.G.I.F.),Katy Perry,6jJ0s89eD6GaHleKKya26X,3avYqdwHKEq8beXbeWCKqJ,https://i.scdn.co/image/ab67616d00001e021d955011a3ed477dc77865ad
2026-07-29,global,Global,163,37,Summertime Sadness,Lana Del Rey,00FQb4jTyendYWaN8pK0wa,1FEiijYPJtyswChfcpv3p0,https://i.scdn.co/image/ab67616d00001e02ebc8cfac8b586bc475b04918
2026-07-29,global,Global,164,25,Todo Lo Fue,Lenin Ramírez,3hTffafUYLLgO4yuPAxb5U,0Sa8aRfGckW0qUGLrBwoBG,https://i.scdn.co/image/ab67616d00001e0234fc9cf3365e3e9d5f86ffe3
2026-07-29,global,Global,165,19,Timeless (feat Playboi Carti),The Weeknd; Playboi Carti,1Xyo4u8uXC1ZmMpatF05PJ; 699OTQXzgjhIYAHMy9RyPD,0FIDCNYYjNvPVimz5icugS,https://i.scdn.co/image/ab67616d00001e02de79f330bc297af3fae736da
2026-07-29,global,Global,166,3,KOKO,Omar Courtz,3E12tRURRvPfHz0hAMCFYc,1tz7RZirwiuaJw2p0jbdHb,https://i.scdn.co/image/ab67616d00001e0290af5246adcaa93acb721c17
2026-07-29,global,Global,167,28,12 to 12,sombr,4G9NDjRyZFDlJKMRL8hx3S,05od2qm2MTSKCHxy1GBp5W,https://i.scdn.co/image/ab67616d00001e024229702de91cb3d3a4383302
2026-07-29,global,Global,168,18,Arz Kiya Hai | Coke Studio Bharat,Anuv Jain,4gdMJYnopf2nEUcanAwstx,1bMkimTb47umgNP6xCi4A1,https://i.scdn.co/image/ab67616d00001e0225fa2d19b2363a9520a34409
2026-07-29,global,Global,169,Re-Entry,Night Changes,One Direction,4AK6F7OLvEQ5QYCBNiQWHq,5O2P9iiztwhomNh8xkR9lJ,https://i.scdn.co/image/ab67616d00001e0234a29f220057810cce98e1b4
2026-07-29,global,Global,170,13,I Gotta Feeling,Black Eyed Peas,1yxSLGMDHlW21z4YXirZDS,4kLLWz7srcuLKA7Et40PQR,https://i.scdn.co/image/ab67616d00001e020bd44f5ff9ecc99f7770acc5
2026-07-29,global,Global,171,22,Take on Me,a-ha,2jzc5TC5TVFLXQlBNiIUzE,04aigH9HRGebQZu1JAN6X1,https://i.scdn.co/image/ab67616d00001e02e8dd4db47e7177c63b0b7d53
2026-07-29,global,Global,172,10,La Plena - W Sound 05,W Sound; Beéle; Ovy On The Drums,5uwa6tAMMfNbBFIHiI6NV4; 7a0XAaPaK2aDSqa8p3QnC7; 3m5qlPf2OkihLz3dRYnkPA,6iOndD4OFo7GkaDypWQIou,https://i.scdn.co/image/ab67616d00001e02c0353d023daf5ebda0eb003b
2026-07-29,global,Global,173,28,Smooth Criminal - 2012 Remaster,Michael Jackson,3fMbdgg4jU18AjLCKBhRSm,5T7ywazdGIydr6JCW6t02j,https://i.scdn.co/image/ab67616d00001e02eb2087dcd1eb61f833bdedff
2026-07-29,global,Global,174,4,Thunderstruck,AC/DC,711MCceyCBcFnzjGY4Q7Un,57bgtoPSgt236HzfBOd8kj,https://i.scdn.co/image/ab67616d00001e029a9b1cc067e4460da04adce2
2026-07-29,global,Global,175,Re-Entry,Something Just Like This,The Chainsmokers; Coldplay,69GGBxA162lTqCwzJG5jLp; 4gzpq5DPGxSnKTe4SA8HAU,6RUKPb4LETWmmr3iAEQktW,https://i.scdn.co/image/ab67616d00001e020c13d3d5a503c84fcc60ae94
2026-07-29,global,Global,176,41,Amor,Emmanuel Cortes,7hDt3OE2ubsKzO9rMYPXox,6r6IPuFvUX72kQGc9b46rk,https://i.scdn.co/image/ab67616d00001e02c6c1db32c9b68f4659795763
2026-07-29,global,Global,177,New,Ain't In LA,ADÉLA,2qanRMyA5bNuTvz1dK45OP,02HyFYmpzt02VJ8k0CqxKj,https://i.scdn.co/image/ab67616d00001e02b176fc721e1faba78b1ef35b
2026-07-29,global,Global,178,10,I Thought I Saw Your Face Today,She & Him,3CIRif6ZAedT7kZSPvj2A4,0myRViRgmQ3J8izICXEAVO,https://i.scdn.co/image/ab67616d00001e02a47c6d8a934b4833c0916cc9
2026-07-29,global,Global,179,Re-Entry,Love The Way You Lie,Eminem; Rihanna,7dGJo4pcD2V6oG8kP0tJRR; 5pKCCKE2ajJHZ9KAiaK11H,15JINEqzVMv3SvJTAXAKED,https://i.scdn.co/image/ab67616d00001e02c08d5fa5c0f1a834acef5100
2026-07-29,global,Global,180,18,Cuida do Pet,Oldilla; Mc Iguinho Ct; MC Willian; Aaron Modesto; Mc Negão Original; DU'L; Dj Aladin GDB,6sW5k31iA8sTy0i2goUKF9; 3oAVbOfRvgOoCAEKnpohSo; 5eJi7nckPalxu8R7AAyfuO; 48yaM25WLHmQZXx5NN3DYH; 4LHTgACY32k94VDjenF0nP; 4bJqqUCbQmRxziUoxUz5mS; 1IVneWn4g15GupVFKwNdGJ,2gbEvM5IwVIwJFpTVPUXV5,https://i.scdn.co/image/ab67616d00001e02abee4fe3c7900628e21a07d5
2026-07-29,global,Global,181,14,Who,Jimin,1oSPZhvZMIrWW5I41kPkkY,7tI8dRuH2Yc6RuoTjxo4dU,https://i.scdn.co/image/ab67616d00001e02f02c451189a709b9a952aaec
2026-07-29,global,Global,182,2,Call Me Maybe,Carly Rae Jepsen,6sFIWsNpZYqfjUpaCgueju,20I6sIOMTCkB6w7ryavxtO,https://i.scdn.co/image/ab67616d00001e02d3ee4bf67c2ac2154006ad72
2026-07-29,global,Global,183,14,Seven (feat. Latto) (Explicit Ver.),Jung Kook; Latto,6HaGTQPmzraVmaVxvz6EUc; 3MdXrJWsbVzdn6fe5JYkSQ,2HRgqmZQC0MC7GeNuDIXHN,https://i.scdn.co/image/ab67616d00001e02741fd4807f442af3f7359316
2026-07-29,global,Global,184,Re-Entry,Gangsta's Paradise,Coolio; L.V.,3y24n3XhZ96wgwRXjvS17T; 2LhsePRtgCo4THVKULQBL7,1DIXPcTDzTj8ZMHt3PDt8p,https://i.scdn.co/image/ab67616d00001e027438996f6fe67c59d75d4e43
2026-07-29,global,Global,185,7,COQUETA,Fuerza Regida; Grupo Frontera,0ys2OFYzWYB5hRDLCsBqxt; 6XkjpgcEsYab502Vr1bBeW,1PREzVLuDT6PSE9sej4wnV,https://i.scdn.co/image/ab67616d00001e0204874856f3c501181d060128
2026-07-29,global,Global,186,12,iqro',Raim Laode,5LcNPa8f8bRmZqELgoRFkN,2ImWVGyYTRMi64861WCCcq,https://i.scdn.co/image/ab67616d00001e02a9d1f9b5d3275b0625e13e79
2026-07-29,global,Global,187,31,Die For You,The Weeknd,1Xyo4u8uXC1ZmMpatF05PJ,2LBqCSwhJGcFQeTHMVGwy3,https://i.scdn.co/image/ab67616d00001e02a048415db06a5b6fa7ec4e1a
2026-07-29,global,Global,188,24,expectations,Olivia Rodrigo,1McMsnEElThX1knmY4oliG,4bkClAuofJULiaIZsuL3gT,https://i.scdn.co/image/ab67616d00001e026949b83f85d782b21ce70583
2026-07-29,global,Global,189,27,REDRED,CORTIS,1ebt9HnXdyYA6KgLXr1n4P,2fCwv2ppU5nTRTckomIGsd,https://i.scdn.co/image/ab67616d00001e0224ace1518851b27e9983f739
2026-07-29,global,Global,190,17,Another Love,Tom Odell,2txHhyCwHjUEpJjWrEyqyX,7jtQIBanIiJOMS6RyCx6jZ,https://i.scdn.co/image/ab67616d00001e021917a0f3f4152622a040913f
2026-07-29,global,Global,191,16,That’s So True,Gracie Abrams,4tuJ0bMpJh08umKkEXKUI5,7ne4VBA60CxGM75vw0EYad,https://i.scdn.co/image/ab67616d00001e021dac3694b3289cd903cb3acf
2026-07-29,global,Global,192,Re-Entry,Outside (feat. Ellie Goulding),Calvin Harris; Ellie Goulding,7CajNmpbOovFoOoasH2HaY; 0X2BH1fck6amBIoJhDVmmJ,7MmG8p0F9N3C4AXdK6o6Eb,https://i.scdn.co/image/ab67616d00001e028fba5806a323efd272677c4d
2026-07-29,global,Global,193,35,Poker Face,Lady Gaga,1HY2Jd0NmPuamShAr6KMms,1QV6tiMFM6fSOKOGLMHYYg,https://i.scdn.co/image/ab67616d00001e02e691217483df8798445c82e2
2026-07-29,global,Global,194,13,Without Me,Eminem,7dGJo4pcD2V6oG8kP0tJRR,7lQ8MOhq6IN2w8EYcFNSUk,https://i.scdn.co/image/ab67616d00001e026ca5c90113b30c3c43ffb8f4
2026-07-29,global,Global,195,Re-Entry,Let Down,Radiohead,4Z8W4fKeB5YxbusRsdQVPb,2fuYa3Lx06QQJAm0MjztKr,https://i.scdn.co/image/ab67616d00001e02c8b444df094279e70d0ed856
2026-07-29,global,Global,196,Re-Entry,No One Noticed,The Marías,2sSGPbdZJkaSE2AbcGOACx,3siwsiaEoU4Kuuc9WKMUy5,https://i.scdn.co/image/ab67616d00001e028aa339341a0b0c813909c831
2026-07-29,global,Global,197,29,Your Love,The Outfield,1zxDewzd2j1ZdSBGaYcr0y,0WoFs3EdGOx58yX5BtXvOa,https://i.scdn.co/image/ab67616d00001e02ffaeb2f6c1acc0ed7180929a
2026-07-29,global,Global,198,Re-Entry,Titanium (feat. Sia),David Guetta; Sia,1Cs0zKBU1kc0i8ypK3B9ai; 5WUlDfRSoLAfcVSX1WnrxN,0lHAMNU8RGiIObScrsRgmP,https://i.scdn.co/image/ab67616d00001e0263bf1cd36632031eb3081cb0
2026-07-29,global,Global,199,4,Pilé,Mauvais djo,51OKuyM4BiiYxFm8Mi6fa9,5sOXBp183GxCmKH56sH1yo,https://i.scdn.co/image/ab67616d00001e02138e4b04194cd81beb7a6455
2026-07-29,global,Global,200,14,Unwritten,Natasha Bedingfield,7o95ZoZt5ZYn31e9z1Hc0a,3U5JVgI2x4rDyHGObzJfNf,https://i.scdn.co/image/ab67616d00001e02b337e1ca6629a53c66a3b0d4
2026-07-29,sg,Singapore,1,–,Don’t Say You Love Me,Jin,5vV3bFXnN6D6N3Nj4xRvaV,27xkOIER6uDLKALIelHylZ,https://i.scdn.co/image/ab67616d00001e0289228504f700641956e29f5d
2026-07-29,sg,Singapore,2,–,hate that i made you love me,Ariana Grande,66CXWjxzNUsdJxJ2JdwvnR,20jbSiX29FDX4oQxBXyUEi,https://i.scdn.co/image/ab67616d00001e02b622d42c30697e1e1414343c
2026-07-29,sg,Singapore,3,1,Animal,KATSEYE,3c0gDdb9lhnHGFtP4prQpn,3ouNEk0tv5TTi8VWMe1xbX,https://i.scdn.co/image/ab67616d00001e029e8d48f27391ce383862b8e8
2026-07-29,sg,Singapore,4,1,Less than a Lover,JENNIE,250b0Wlc5Vk0CoUsaCY84M,19UnXjpLshSLobPspdyxlD,https://i.scdn.co/image/ab67616d00001e021568796289f10031724bc780
2026-07-29,sg,Singapore,5,–,stupid song,Olivia Rodrigo,1McMsnEElThX1knmY4oliG,49j6SvuvWfbEKZKzsHCdLJ,https://i.scdn.co/image/ab67616d00001e026949b83f85d782b21ce70583
2026-07-29,sg,Singapore,6,–,Earrings,Malcolm Todd,7eKkW1zo5uzW8kUntiiBvz,0eAuGrXyGFYwur9ARUe7LJ,https://i.scdn.co/image/ab67616d00001e022c1f34ecc1929fb59908aad1
2026-07-29,sg,Singapore,7,3,海屿你,马也_Crabbit,1V6Bl7Ny5loHozQUalAd6M,6UO9nrihAk6sFGvVHDVTz8,https://i.scdn.co/image/ab67616d00001e027d721d0483ccd72e6581e858
2026-07-29,sg,Singapore,8,1,Beauty And A Beat,Justin Bieber; Nicki Minaj,1uNFoZAHBGtllmzznpCI3s; 0hCNtLu0JehylgoiP8L4Gh,6QFCMUUq1T2Vf5sFUXcuQ7,https://i.scdn.co/image/ab67616d00001e02f1d02a6cec967f8b6b78f76e
2026-07-29,sg,Singapore,9,1,the cure,Olivia Rodrigo,1McMsnEElThX1knmY4oliG,55pBIZO1cqoldeqpp5WR7H,https://i.scdn.co/image/ab67616d00001e025cf234eeb7a2edf44bf64a46
2026-07-29,sg,Singapore,10,3,Who,Jimin,1oSPZhvZMIrWW5I41kPkkY,7tI8dRuH2Yc6RuoTjxo4dU,https://i.scdn.co/image/ab67616d00001e02f02c451189a709b9a952aaec
2026-07-29,sg,Singapore,11,2,drop dead,Olivia Rodrigo,1McMsnEElThX1knmY4oliG,3fRCAPMMZ8l8P9YKI6OCzD,https://i.scdn.co/image/ab67616d00001e026949b83f85d782b21ce70583
2026-07-29,sg,Singapore,12,1,Seven (feat. Latto) (Explicit Ver.),Jung Kook; Latto,6HaGTQPmzraVmaVxvz6EUc; 3MdXrJWsbVzdn6fe5JYkSQ,2HRgqmZQC0MC7GeNuDIXHN,https://i.scdn.co/image/ab67616d00001e02741fd4807f442af3f7359316
2026-07-29,sg,Singapore,13,1,The One That Got Away,Katy Perry,6jJ0s89eD6GaHleKKya26X,2009X8GyWTqyxIdzAEYW6N,https://i.scdn.co/image/ab67616d00001e021d955011a3ed477dc77865ad
2026-07-29,sg,Singapore,14,1,SWIM,BTS,3Nrfpe0tUJi4K4DXYWgMUX,68lbSrXDORS51pmyjZv712,https://i.scdn.co/image/ab67616d00001e02dfa17fad7f190c901603270e
2026-07-29,sg,Singapore,15,1,Dai Dai,Shakira; Burna Boy,0EmeFodog0BfCgMzAIvKQp; 3wcj11K77LjEY1PkEazffa,0kosUz0jePvjiz4ctmR6wL,https://i.scdn.co/image/ab67616d00001e0203cadf1b3fe324c1dc710ed4
2026-07-29,sg,Singapore,16,2,BAD,ATEEZ,68KmkJeZGfwe1OUaivBa2L,55UDXtbNJBAdTdUdbRu8T3,https://i.scdn.co/image/ab67616d00001e027e77585ffef632e51313b3e0
2026-07-29,sg,Singapore,17,1,Risk It All,Bruno Mars,0du5cEVh5yTK9QJze8zA0C,5y2ijHECwFYWqcAHKTZgzD,https://i.scdn.co/image/ab67616d00001e023eb8dc748f7efb1470f74395
2026-07-29,sg,Singapore,18,2,back to friends,sombr,4G9NDjRyZFDlJKMRL8hx3S,7qjZnBKE73H4Oxkopwulqe,https://i.scdn.co/image/ab67616d00001e024229702de91cb3d3a4383302
2026-07-29,sg,Singapore,19,–,Self Aware,Temper City,5mHUmlJWkcoOk1NbjfrXWz,4qW3BbQAwZsrnu8a3ZRdyT,https://i.scdn.co/image/ab67616d00001e02d6c26d2ae723f7ab553d64cc
2026-07-29,sg,Singapore,20,3,Jumping Machine (跳楼机),LBI利比,1xMn0bhYRWHDV01mU8gP1J,1XZE0InCx3SdCnLpVsPpZl,https://i.scdn.co/image/ab67616d00001e0265bcb498250d15917f92464f
2026-07-29,sg,Singapore,21,3,The Fate of Ophelia,Taylor Swift,06HL4z0CvFAxyc27GXpf02,53iuhJlwXhSER5J2IYYv1W,https://i.scdn.co/image/ab67616d00001e02d7812467811a7da6e6a44902
2026-07-29,sg,Singapore,22,1,ICONIC BY MISTAKE,LE SSERAFIM; ILLIT; KATSEYE,4SpbR6yFEvexJuaBpgAU5p; 36cgvBn0aadzOijnjjwqMN; 3c0gDdb9lhnHGFtP4prQpn,6fl4Gu0lJm5hc8FM5JzCZD,https://i.scdn.co/image/ab67616d00001e0255886e2f0784a2b7b62b7fe7
2026-07-29,sg,Singapore,23,–,honeybee,Olivia Rodrigo,1McMsnEElThX1knmY4oliG,4kX7xkopoXZCfE1D6fNwl2,https://i.scdn.co/image/ab67616d00001e026949b83f85d782b21ce70583
2026-07-29,sg,Singapore,24,2,Die With A Smile,Lady Gaga; Bruno Mars,1HY2Jd0NmPuamShAr6KMms; 0du5cEVh5yTK9QJze8zA0C,7so0lgd0zP2Sbgs2d7a1SZ,https://i.scdn.co/image/ab67616d00001e02b0860cf0a98e09663c82290c
2026-07-29,sg,Singapore,25,3,BIRDS OF A FEATHER,Billie Eilish,6qqNVTkY8uBg9cP3Jd7DAH,6dOtVTDdiauQNBQEDOtlAB,https://i.scdn.co/image/ab67616d00001e0271d62ea7ea8a5be92d3c1f62
2026-07-29,sg,Singapore,26,1,看着我的眼睛说,张远,4Q6r8rqOodVCDkbAYm7F18,5cOXSOo4olhVLVSpQBvQaP,https://i.scdn.co/image/ab67616d00001e02623da38934771207c19756d1
2026-07-29,sg,Singapore,27,1,Love Me Not,Ravyn Lenae,5RTLRtXjbXI2lSXc6jxlAz,4WFgvKVfEhb3IUAFGrutTR,https://i.scdn.co/image/ab67616d00001e020e62daaea2c7b94053e1c142
2026-07-29,sg,Singapore,28,3,Treat You Better,Shawn Mendes,7n2wHs1TKAczGzO7Dd2rGr,3QGsuHI8jO1Rx4JWLUh9jd,https://i.scdn.co/image/ab67616d00001e021376b4b16f4bfcba02dc571b
2026-07-29,sg,Singapore,29,2,REDRED,CORTIS,1ebt9HnXdyYA6KgLXr1n4P,2fCwv2ppU5nTRTckomIGsd,https://i.scdn.co/image/ab67616d00001e0224ace1518851b27e9983f739
2026-07-29,sg,Singapore,30,–,Dracula (with JENNIE),Tame Impala; JENNIE,5INjqkS1o8h1imAzPqGZBb; 250b0Wlc5Vk0CoUsaCY84M,5yvVYFDUpbnjcnRBgjwTzM,https://i.scdn.co/image/ab67616d00001e02c7c031ce9d06b131f8563676
2026-07-29,sg,Singapore,31,2,FREAKED OUT,Fat Papi; prodshushy,6bemHySK6oqDAPZZzt61ov; 6aQnbm7k0VsmUqfU9cfwoA,7pBzCp7qNLlsH6rzEFkSwN,https://i.scdn.co/image/ab67616d00001e02dae2db6b9b0a2d5ef298075f
2026-07-29,sg,Singapore,32,8,Iris,The Goo Goo Dolls,2sil8z5kiy4r76CRTXxBCA,6Qyc6fS4DsZjB2mRW9DsQs,https://i.scdn.co/image/ab67616d00001e02eda9478c39a21e1cdc6609ca
2026-07-29,sg,Singapore,33,1,End of Beginning,Djo,5p9HO3XC5P3BLxJs5Mtrhm,3qhlB30KknSejmIvZZLjOD,https://i.scdn.co/image/ab67616d00001e02fddfffec51b4580acae727c1
2026-07-29,sg,Singapore,34,5,Babydoll,Dominic Fike,6USv9qhCn6zfxlBQIYJ9qs,7yNf9YjeO5JXUE3JEBgnYc,https://i.scdn.co/image/ab67616d00001e027b1b6f41c1645af9757d5616
2026-07-29,sg,Singapore,35,1,So Easy (To Fall In Love),Olivia Dean,00x1fYSGhdqScXBRpSj3DW,6sGIMrtIzQjdzNndVxe397,https://i.scdn.co/image/ab67616d00001e029a336bfb6d40bbd90a507417
2026-07-29,sg,Singapore,36,1,DAISIES,Justin Bieber,1uNFoZAHBGtllmzznpCI3s,5BZsQlgw21vDOAjoqkNgKb,https://i.scdn.co/image/ab67616d00001e02d65c4773bc5061fd27facc5b
2026-07-29,sg,Singapore,37,2,we can't be friends (wait for your love),Ariana Grande,66CXWjxzNUsdJxJ2JdwvnR,51ZQ1vr10ffzbwIjDCwqm4,https://i.scdn.co/image/ab67616d00001e028b58d20f1b77295730db15b4
2026-07-29,sg,Singapore,38,3,Cinderella (feat. Ty Dolla $ign),Mac Miller; Ty Dolla $ign,4LLpKhyESsyAXpc4laK94U; 7c0XG5cIJTrrAgEC3ULPiq,2lpygKqzPFtItQ4ss3cgfb,https://i.scdn.co/image/ab67616d00001e022e92f776279eaf45d14a33fd
2026-07-29,sg,Singapore,39,2,The Man Who Can't Be Moved,The Script,3AQRLZ9PuTAozP28Skbq8V,3nqqDo8CcCLke3ZoTgiOKf,https://i.scdn.co/image/ab67616d00001e02f33a9f529c12f79b116eb218
2026-07-29,sg,Singapore,40,2,About You,The 1975,3mIj9lX2MWuHmhNCA7LSCW,3hEfpBHxgieRLz4t3kLNEg,https://i.scdn.co/image/ab67616d00001e0200702474f8e0e2b6155d48e3
2026-07-29,sg,Singapore,41,7,Who Knows,Daniel Caesar,20wkVLutqVOYrc0kxFs7rA,6DH13QYXK7lKkYHSU88N48,https://i.scdn.co/image/ab67616d00001e022bad6e56e77d5bef0aa3f2dc
2026-07-29,sg,Singapore,42,6,Sailor Song,Gigi Perez,1iCnM8foFssWlPRLfAbIwo,21IYMdzTrzSe191Cy5eMap,https://i.scdn.co/image/ab67616d00001e0249c26270052e1671add569c1
2026-07-29,sg,Singapore,43,4,Payphone,Maroon 5; Wiz Khalifa,04gDigrS5kc9YWfZHwBETP; 137W8MRPWKqSmrBGDBFSop,1XGmzt0PVuFgQYYnV2It7A,https://i.scdn.co/image/ab67616d00001e02fc8633e22a7dba6aab817bff
2026-07-29,sg,Singapore,44,10,嘉賓,张远,4Q6r8rqOodVCDkbAYm7F18,5jAmIkIpskwu2hRz2YaEHi,https://i.scdn.co/image/ab67616d00001e02c74b8ff07fe68b72b31c852e
2026-07-29,sg,Singapore,45,2,Wonderwall - Remastered,Oasis,2DaxqgrOhkeH0fpeiQq2f4,5qqabIl2vWzo9ApSC317sa,https://i.scdn.co/image/ab67616d00001e0285e5dcc05cc216a10f141480
2026-07-29,sg,Singapore,46,3,Raindance (feat. Tems),Dave; Tems,6Ip8FS7vWT1uKkJSweANQK; 687cZJR45JO7jhk1LHIbgq,3oTuTpF1F3A7rEC6RKsMRz,https://i.scdn.co/image/ab67616d00001e02fecaa7826bb0cbe139a8cb83
2026-07-29,sg,Singapore,47,2,Golden,HUNTR/X; EJAE; AUDREY NUNA; REI AMI; KPop Demon Hunters Cast,2yNNYQBChuox9A5Ka93BIn; 0RMJOzHDhAKY1o2j0W0vxY; 0Wwji82sLA0Hcvtuak3omb; 6U1dV7aL68N7Gb0Naq34V5; 7mW7Tv7NvywKKXqafZo0Lc,1CPZ5BxNNd0n0nF4Orb9JS,https://i.scdn.co/image/ab67616d00001e024dcb6c5df15cf74596ab25a4
2026-07-29,sg,Singapore,48,4,Just the Way You Are,Bruno Mars,0du5cEVh5yTK9QJze8zA0C,7BqBn9nzAq8spo5e7cZ0dJ,https://i.scdn.co/image/ab67616d00001e027039c1c841fc3dfa2ad8a0d8
2026-07-29,sg,Singapore,49,7,過了幾天(合唱版),郭家瑋; DIOR 大穎,5EZkv9iiDdCJvhSQaRMj2X; 0czbvTRVGHfCdRsJLxbBGQ,4GEWZ1vDFVkmhG55zpKFLO,https://i.scdn.co/image/ab67616d00001e021638625acf2084cca7630e8f
2026-07-29,sg,Singapore,50,7,Love Me Harder,Ariana Grande; The Weeknd,66CXWjxzNUsdJxJ2JdwvnR; 1Xyo4u8uXC1ZmMpatF05PJ,5J4ZkQpzMUFojo1CtAZYpn,https://i.scdn.co/image/ab67616d00001e02deec12a28d1e336c5052e9aa
2026-07-29,sg,Singapore,51,5,"One Of The Girls (with JENNIE, Lily Rose Depp)",The Weeknd; JENNIE; Lily-Rose Depp,1Xyo4u8uXC1ZmMpatF05PJ; 250b0Wlc5Vk0CoUsaCY84M; 1pBLC0qVRTB5zVMuteQ9jJ,7CyPwkp0oE8Ro9Dd5CUDjW,https://i.scdn.co/image/ab67616d00001e02b0dd6a5cd1dec96c4119c262
2026-07-29,sg,Singapore,52,6,NORMAL,BTS,3Nrfpe0tUJi4K4DXYWgMUX,4B4Q7zfd0aHcuhQBfCRnH5,https://i.scdn.co/image/ab67616d00001e02dfa17fad7f190c901603270e
2026-07-29,sg,Singapore,53,3,Man I Need,Olivia Dean,00x1fYSGhdqScXBRpSj3DW,1qbmS6ep2hbBRaEZFpn7BX,https://i.scdn.co/image/ab67616d00001e02e3d69e17dde129037a1f09e2
2026-07-29,sg,Singapore,54,5,Yellow,Coldplay,4gzpq5DPGxSnKTe4SA8HAU,3AJwUDP919kvQ9QcozQPxg,https://i.scdn.co/image/ab67616d00001e029164bafe9aaa168d93f4816a
2026-07-29,sg,Singapore,55,–,像晴天像雨天（电视剧《难哄》心动曲）,Silence Wang,0PdNEiQ3MsJGCEgE13Tz60,298LjjcBvuQCAlwUWb9dKb,https://i.scdn.co/image/ab67616d00001e02e315e968f364d79e460d8f62
2026-07-29,sg,Singapore,56,4,Ghost,Justin Bieber,1uNFoZAHBGtllmzznpCI3s,6I3mqTwhRpn34SLVafSH7G,https://i.scdn.co/image/ab67616d00001e02e6f407c7f3a0ec98845e4431
2026-07-29,sg,Singapore,57,21,Night Changes,One Direction,4AK6F7OLvEQ5QYCBNiQWHq,5O2P9iiztwhomNh8xkR9lJ,https://i.scdn.co/image/ab67616d00001e0234a29f220057810cce98e1b4
2026-07-29,sg,Singapore,58,11,Body to Body,BTS,3Nrfpe0tUJi4K4DXYWgMUX,2rKkfc4VZ74FQDc1FF1Zo6,https://i.scdn.co/image/ab67616d00001e02dfa17fad7f190c901603270e
2026-07-29,sg,Singapore,59,6,晴天,Jay Chou,2elBjNSdBE2Y3f0j1mjrql,5pIcwtJYNJx93l420oR2Vm,https://i.scdn.co/image/ab67616d00001e026850b3307853e0753ed53cc5
2026-07-29,sg,Singapore,60,9,APT.,ROSÉ; Bruno Mars,3eVa5w3URK5duf6eyVDbu9; 0du5cEVh5yTK9QJze8zA0C,4wJ5Qq0jBN4ajy7ouZIV1c,https://i.scdn.co/image/ab67616d00001e027be65ce6672ed7e5aac6e966
2026-07-29,sg,Singapore,61,3,甲乙丙丁Strangers,Jess Lee,02Cz717BTulFiQXUuIXH6n,629FqLOdjtsXh5b45FTk43,https://i.scdn.co/image/ab67616d00001e02da4b1beb6d3520f8e1dbfad9
2026-07-29,sg,Singapore,62,27,Into You,Ariana Grande,66CXWjxzNUsdJxJ2JdwvnR,76FZM38RC8XaAjJ77CVTNe,https://i.scdn.co/image/ab67616d00001e0233342c57a9b2c4e04c97b3f5
2026-07-29,sg,Singapore,63,1,LEMONADE,aespa,6YVMFz59CuY7ngCxTxjpxE,6vjt2smGK75oc9r2OGFfgp,https://i.scdn.co/image/ab67616d00001e025f0171c63cceb32ccff8b9a9
2026-07-29,sg,Singapore,64,1,離開我的依賴,Evangeline Wong,7sEIHkZXRzGa3OBUCCxzU5,28VBdtYc5Cpmey4Cpvcrby,https://i.scdn.co/image/ab67616d00001e02bc2f8151c384496d34c683df
2026-07-29,sg,Singapore,65,10,One Last Time,Ariana Grande,66CXWjxzNUsdJxJ2JdwvnR,7xoUc6faLbCqZO6fQEYprd,https://i.scdn.co/image/ab67616d00001e02deec12a28d1e336c5052e9aa
2026-07-29,sg,Singapore,66,2,Stateside + Zara Larsson,PinkPantheress; Zara Larsson,78rUTD7y6Cy67W1RVzYs7t; 1Xylc3o4UrD53lo9CvFvVg,1DwscornXpj8fmOmYVlqZt,https://i.scdn.co/image/ab67616d00001e02684ecc5bc1b724d0106ad694
2026-07-29,sg,Singapore,67,19,Ain't In LA,ADÉLA,2qanRMyA5bNuTvz1dK45OP,02HyFYmpzt02VJ8k0CqxKj,https://i.scdn.co/image/ab67616d00001e02b176fc721e1faba78b1ef35b
2026-07-29,sg,Singapore,68,1,Starboy,The Weeknd; Daft Punk,1Xyo4u8uXC1ZmMpatF05PJ; 4tZwfgrHOc3mvqYlEYSvVi,7MXVkk9YMctZqd1Srtv4MB,https://i.scdn.co/image/ab67616d00001e024718e2b124f79258be7bc452
2026-07-29,sg,Singapore,69,8,That’s So True,Gracie Abrams,4tuJ0bMpJh08umKkEXKUI5,7ne4VBA60CxGM75vw0EYad,https://i.scdn.co/image/ab67616d00001e021dac3694b3289cd903cb3acf
2026-07-29,sg,Singapore,70,30,Sweater Weather,The Neighbourhood,77SW9BnxLY8rJ0RciFqkHh,0cQVqPuHQP4KEwc7ZUQmj6,https://i.scdn.co/image/ab67616d00001e028265a736a1eb838ad5a0b921
2026-07-29,sg,Singapore,71,8,你，好不好？ - TVBS連續劇【遺憾拼圖】片尾曲,Eric Chou,5fEQLwq1BWWQNR8GzhOIvi,2gug6MRv4xQFYi9LA3PJCS,https://i.scdn.co/image/ab67616d00001e0205e895059be31891a3e0f01d
2026-07-29,sg,Singapore,72,41,STAY (with Justin Bieber),The Kid LAROI; Justin Bieber,2tIP7SsRs7vjIcLrU85W8J; 1uNFoZAHBGtllmzznpCI3s,567e29TDzLwZwfDuEpGTwo,https://i.scdn.co/image/ab67616d00001e02b4d59e6fa7e5e7cbc57ac33a
2026-07-29,sg,Singapore,73,11,Cruel Summer,Taylor Swift,06HL4z0CvFAxyc27GXpf02,1BxfuPKGuaTgP7aM0Bbdwr,https://i.scdn.co/image/ab67616d00001e02e787cffec20aa2a396a61647
2026-07-29,sg,Singapore,74,22,擱淺,Jay Chou,2elBjNSdBE2Y3f0j1mjrql,0cOMncRq4cmDLO4tPQnkBF,https://i.scdn.co/image/ab67616d00001e0200b976d1df4243e5318a7712
2026-07-29,sg,Singapore,75,19,Apocalypse,Cigarettes After Sex,1QAJqy2dA3ihHBFIHRphZj,1oAwsWBovWRIp7qLMGPIet,https://i.scdn.co/image/ab67616d00001e02dfed999f959177dfc4f33cdc
2026-07-29,sg,Singapore,76,36,We Don't Talk Anymore (feat. Selena Gomez),Charlie Puth; Selena Gomez,6VuMaDnrHyPL1p4EHjYLi7; 0C8ZW7ezQVs4URX5aX7Kqx,54PbBpquVfhfrwRwvjSXbI,https://i.scdn.co/image/ab67616d00001e0215145482a542a9adb282250b
2026-07-29,sg,Singapore,77,5,Opalite,Taylor Swift,06HL4z0CvFAxyc27GXpf02,3yWuTOYDztXjZxdE2cIRUa,https://i.scdn.co/image/ab67616d00001e02d7812467811a7da6e6a44902
2026-07-29,sg,Singapore,78,10,maggots for brains,Olivia Rodrigo,1McMsnEElThX1knmY4oliG,6jfiwkcwt8iYCdkbLukxeI,https://i.scdn.co/image/ab67616d00001e026949b83f85d782b21ce70583
2026-07-29,sg,Singapore,79,6,Viva La Vida,Coldplay,4gzpq5DPGxSnKTe4SA8HAU,1mea3bSkSGXuIRvnydlB5b,https://i.scdn.co/image/ab67616d00001e02e21cc1db05580b6f2d2a3b6e
2026-07-29,sg,Singapore,80,14,Ordinary,Alex Warren,0fTSzq9jAh4c36UVb4V7CB,2RkZ5LkEzeHGRsmDqKwmaJ,https://i.scdn.co/image/ab67616d00001e028d18d73bbfc8985d52865edf
2026-07-29,sg,Singapore,81,9,It's Me,ILLIT,36cgvBn0aadzOijnjjwqMN,1D5L58KLBbceOynTP4DQnY,https://i.scdn.co/image/ab67616d00001e0261eea484e31bca065904f1c6
2026-07-29,sg,Singapore,82,36,Closer,The Chainsmokers; Halsey,69GGBxA162lTqCwzJG5jLp; 26VFTg2z8YR0cCuwLzESi2,7BKLCZ1jbUBVqRi2FVlTVw,https://i.scdn.co/image/ab67616d00001e02495ce6da9aeb159e94eaa453
2026-07-29,sg,Singapore,83,9,less,Olivia Rodrigo,1McMsnEElThX1knmY4oliG,16xRAbH0vI3iKvDEhWQ4ZO,https://i.scdn.co/image/ab67616d00001e026949b83f85d782b21ce70583
2026-07-29,sg,Singapore,84,14,在加納共和國離婚,Firdhaus; DIOR 大穎,6fOqdhRNsMQqtwRwgo3NUv; 0czbvTRVGHfCdRsJLxbBGQ,6GyUt7yJ0sOktc5HjvVnFh,https://i.scdn.co/image/ab67616d00001e02bd7cdd9987dede8f59e62ec6
2026-07-29,sg,Singapore,85,6,Somewhere Only We Know,Keane,53A0W3U0s8diEn9RhXQhVz,0ll8uFnc0nANY35E0Lfxvg,https://i.scdn.co/image/ab67616d00001e027d6cd95a046a3c0dacbc7d33
2026-07-29,sg,Singapore,86,10,u + me = <3,Olivia Rodrigo,1McMsnEElThX1knmY4oliG,6Hdc3IQeyCxG5d14uAcwQW,https://i.scdn.co/image/ab67616d00001e025cf234eeb7a2edf44bf64a46
2026-07-29,sg,Singapore,87,6,KISS N TELL,aespa,6YVMFz59CuY7ngCxTxjpxE,3Fse9qXqMNey4TL5mLy8IF,https://i.scdn.co/image/ab67616d00001e02304c46fde5f5244a66f7317b
2026-07-29,sg,Singapore,88,14,2.0,BTS,3Nrfpe0tUJi4K4DXYWgMUX,3bmpXHVie1GTy37OkXJ7Vc,https://i.scdn.co/image/ab67616d00001e02dfa17fad7f190c901603270e
2026-07-29,sg,Singapore,89,4,like JENNIE,JENNIE,250b0Wlc5Vk0CoUsaCY84M,0fK7ie6XwGxQTIkpFoWkd1,https://i.scdn.co/image/ab67616d00001e02dcf27dec5e479b2e39c4c993
2026-07-29,sg,Singapore,90,5,There's Nothing Holdin' Me Back,Shawn Mendes,7n2wHs1TKAczGzO7Dd2rGr,7JJmb5XwzOO8jgpou264Ml,https://i.scdn.co/image/ab67616d00001e02ea3ef7697cfd5705b8f47521
2026-07-29,sg,Singapore,91,13,Gabriela,KATSEYE,3c0gDdb9lhnHGFtP4prQpn,1xOqGUkyxGQRdCvGpvWKmL,https://i.scdn.co/image/ab67616d00001e02f8d4d00ffe09373efb13ce29
2026-07-29,sg,Singapore,92,21,Billie Jean,Michael Jackson,3fMbdgg4jU18AjLCKBhRSm,7J1uxwnxfQLu4APicE5Rnj,https://i.scdn.co/image/ab67616d00001e0232a7d87248d1b75463483df5
2026-07-29,sg,Singapore,93,10,爱怎么了,陈村长,6zEkJebB8dCxTGyvyYa8FA,0c9gjnRGBRke9VmLaZWmhM,https://i.scdn.co/image/ab67616d00001e02fceba8f8dae0d3dc2640e955
2026-07-29,sg,Singapore,94,17,Y Que Fue?,Don Miguelo,1noWnd8QFQD9VLxWEeo4Zf,2wAmparvQdtQemzY9I8PKv,https://i.scdn.co/image/ab67616d00001e027f26c0802b29e8d3c4bbc163
2026-07-29,sg,Singapore,95,2,Come Over,BTS,3Nrfpe0tUJi4K4DXYWgMUX,6uvw8GFIqdqaJ4Nr3kN8Rs,https://i.scdn.co/image/ab67616d00001e02df7118c4f396e50961cc0e74
2026-07-29,sg,Singapore,96,4,Save Your Tears (Remix) (with Ariana Grande) - Bonus Track,The Weeknd; Ariana Grande,1Xyo4u8uXC1ZmMpatF05PJ; 66CXWjxzNUsdJxJ2JdwvnR,1oFAF1hdPOickyHgbuRjyX,https://i.scdn.co/image/ab67616d00001e02b5097b81179824803664aaaf
2026-07-29,sg,Singapore,97,14,Blank Space,Taylor Swift,06HL4z0CvFAxyc27GXpf02,1u8c2t2Cy7UBoG4ArRcF5g,https://i.scdn.co/image/ab67616d00001e0252b2a3824413eefe9e33817a
2026-07-29,sg,Singapore,98,11,Astaga Bercanda,Akbar Chalay; Mingse,0dIJRlr9m4hUwdBYmKUTjW; 7n6UYi8ahl0SOStLqjWf6I,03fkIoNyruY4N2Pa5CqTvv,https://i.scdn.co/image/ab67616d00001e02db45ed33946536fd099548b0
2026-07-29,sg,Singapore,99,32,Every Breath You Take,The Police,5NGO30tJxFlKixkPSgXcFE,1JSTJqkT5qHq8MDJnJbRE1,https://i.scdn.co/image/ab67616d00001e02c8e97cafeb2acb85b21a777e
2026-07-29,sg,Singapore,100,79,Winter Ahead (with PARK HYO SHIN),V; Park Hyo Shin,3JsHnjpbhX4SnySpvpa9DK; 57htMBtzpppc1yoXgjbslj,7G7mSV4BebkoHWwKTDvXu9,https://i.scdn.co/image/ab67616d00001e0216ba2a3622bd0d0d985e3234
2026-07-29,sg,Singapore,101,Re-Entry,Aliens,BTS,3Nrfpe0tUJi4K4DXYWgMUX,5tg21NdePCn5m8F9BXOEeJ,https://i.scdn.co/image/ab67616d00001e02dfa17fad7f190c901603270e
2026-07-29,sg,Singapore,102,4,"如果可以 - 電影""月老""主題曲",WeiBird,7y3HnWCFEvWj4KM9GFSkiX,72OVnXDzugvrCU25lMi9au,https://i.scdn.co/image/ab67616d00001e02e7e0b58b56d99f8f704c6760
2026-07-29,sg,Singapore,103,41,善后,马师傅,0M668HC4fq39Ls98rUdsyS,6gYS6CQc7UMnj0Ubq3C0QT,https://i.scdn.co/image/ab67616d00001e023e8cd6ae4415fbaae876d3be
2026-07-29,sg,Singapore,104,30,Sunflower - Spider-Man: Into the Spider-Verse,Post Malone; Swae Lee,246dkjvS1zLTtiykXe5h60; 1zNqQNIdeOUZHb8zbZRFMX,0RiRZpuVRbi7oqRdSMwhQY,https://i.scdn.co/image/ab67616d00001e029478c87599550dd73bfa7e02
2026-07-29,sg,Singapore,105,17,Sweet Boy,Malcolm Todd,7eKkW1zo5uzW8kUntiiBvz,59c2xv2kMzYM6HR9oY6BIa,https://i.scdn.co/image/ab67616d00001e022c1f34ecc1929fb59908aad1
2026-07-29,sg,Singapore,106,10,一念 (影视剧《逐玉》插曲),张紫宁 / 李鑫一,2OL7dKjcDZjMiPjFohbmAZ,1iZVXRo5IcIradUoVYymRW,https://i.scdn.co/image/ab67616d00001e02e273383859cd02ba247b5d96
2026-07-29,sg,Singapore,107,13,Eenie Meenie,Sean Kingston; Justin Bieber,6S0dmVVn4udvppDhZIWxCr; 1uNFoZAHBGtllmzznpCI3s,4vVTI94F9uJ8lHNDWKv0i2,https://i.scdn.co/image/ab67616d00001e024dea4c1cdf30c359dbaec318
2026-07-29,sg,Singapore,108,11,3D (feat. Jack Harlow),Jung Kook; Jack Harlow,6HaGTQPmzraVmaVxvz6EUc; 2LIk90788K0zvyj2JJVwkJ,01qFKNWq73UfEslI0GvumE,https://i.scdn.co/image/ab67616d00001e0299583bb32b47e87d55c6064b
2026-07-29,sg,Singapore,109,14,Love Yourself,Justin Bieber,1uNFoZAHBGtllmzznpCI3s,50kpGaPAhYJ3sGmk6vplg0,https://i.scdn.co/image/ab67616d00001e02f46b9d202509a8f7384b90de
2026-07-29,sg,Singapore,110,2,Locked out of Heaven,Bruno Mars,0du5cEVh5yTK9QJze8zA0C,5g7sDjBhZ4I3gcFIpkrLuI,https://i.scdn.co/image/ab67616d00001e02926f43e7cce571e62720fd46
2026-07-29,sg,Singapore,111,21,Stitches,Shawn Mendes,7n2wHs1TKAczGzO7Dd2rGr,5jsw9uXEGuKyJzs0boZ1bT,https://i.scdn.co/image/ab67616d00001e02d26246b23c8bfa8ce543b3bb
2026-07-29,sg,Singapore,112,42,Something Just Like This,The Chainsmokers; Coldplay,69GGBxA162lTqCwzJG5jLp; 4gzpq5DPGxSnKTe4SA8HAU,6RUKPb4LETWmmr3iAEQktW,https://i.scdn.co/image/ab67616d00001e020c13d3d5a503c84fcc60ae94
2026-07-29,sg,Singapore,113,3,Janice STFU,Drake,3TVXtAsR1Inumwj472S9r4,514joG57v4yKTsfQmz7stz,https://i.scdn.co/image/ab67616d00001e02fe9d3ab9adb1d3b59835b81c
2026-07-29,sg,Singapore,114,34,Good Reason,Gracie Abrams,4tuJ0bMpJh08umKkEXKUI5,11GUkH18CKNFLKCHORkceJ,https://i.scdn.co/image/ab67616d00001e0299bc33b47a0a67fd50783055
2026-07-29,sg,Singapore,115,25,"All The Stars (with SZA) - From ""Black Panther: The Album""",Kendrick Lamar; SZA,2YZyLoL8N0Wb9xBt1NhZWg; 7tYKF4w9nC0nq9CsPZTHyP,3GCdLUSnKSMJhs4Tj6CV3s,https://i.scdn.co/image/ab67616d00001e02c027ad28821777b00dcaa888
2026-07-29,sg,Singapore,116,11,Espresso,Sabrina Carpenter,74KM79TiuVKeVCqs8QtB0B,2HRqTpkrJO5ggZyyK6NPWz,https://i.scdn.co/image/ab67616d00001e02fd8d7a8d96871e791cb1f626
2026-07-29,sg,Singapore,117,50,A Sky Full of Stars,Coldplay,4gzpq5DPGxSnKTe4SA8HAU,0FDzzruyVECATHXKHFs9eJ,https://i.scdn.co/image/ab67616d00001e02e5a95573f1b91234630fd2cf
2026-07-29,sg,Singapore,118,3,WILDFLOWER,Billie Eilish,6qqNVTkY8uBg9cP3Jd7DAH,3QaPy1KgI7nu9FJEQUgn6h,https://i.scdn.co/image/ab67616d00001e0271d62ea7ea8a5be92d3c1f62
2026-07-29,sg,Singapore,119,22,Mr. Brightside,The Killers,0C0XlULifJtAgn6ZNCW2eu,003vvx7Niy0yvhvHt4a68B,https://i.scdn.co/image/ab67616d00001e02ccdddd46119a4ff53eaf1f5d
2026-07-29,sg,Singapore,120,14,Good Goodbye,HWASA,7bmYpVgQub656uNTu6qGNQ,3cLXrotzCjYCkN73PewALM,https://i.scdn.co/image/ab67616d00001e02f7ec5c454a78dfb0086c0c97
2026-07-29,sg,Singapore,121,4,Style,Taylor Swift,06HL4z0CvFAxyc27GXpf02,0ug5NqcwcFR2xrfTkc7k8e,https://i.scdn.co/image/ab67616d00001e0252b2a3824413eefe9e33817a
2026-07-29,sg,Singapore,122,2,Hooligan,BTS,3Nrfpe0tUJi4K4DXYWgMUX,20dAJsyno9ZoBLJtqgQnUI,https://i.scdn.co/image/ab67616d00001e02dfa17fad7f190c901603270e
2026-07-29,sg,Singapore,123,4,Sign of the Times,Harry Styles,6KImCVD70vtIoJWnq6nGn3,5Ohxk2dO5COHF1krpoPigN,https://i.scdn.co/image/ab67616d00001e023f8b8a9c71b2bd2f3019940b
2026-07-29,sg,Singapore,124,10,"I Knew It, I Knew You - From ""Toy Story 5""",Taylor Swift,06HL4z0CvFAxyc27GXpf02,5uPaqMMt59KGrdKIitDRqa,https://i.scdn.co/image/ab67616d00001e02a35a1d4983e2b4fd0094f910
2026-07-29,sg,Singapore,125,26,Die On This Hill,SIENNA SPIRO,02gSuSAWEdWa5UOvqzjX6v,7gkZNvBHfI30qG7hA0eopT,https://i.scdn.co/image/ab67616d00001e02b09eea420767969b6729962b
2026-07-29,sg,Singapore,126,7,Confident,Justin Bieber; Chance the Rapper,1uNFoZAHBGtllmzznpCI3s; 1anyVhU62p31KFi8MEzkbf,6czM6UMQD9qE5GAUp68oud,https://i.scdn.co/image/ab67616d00001e0258ae8fddecbd2630005409c9
2026-07-29,sg,Singapore,127,1,On The Floor,Jennifer Lopez; Pitbull,2DlGxzQSjYe5N6G9nkYghR; 0TnOYISbd1XYRBk9myaseg,3C0nOe05EIt1390bVABLyN,https://i.scdn.co/image/ab67616d00001e02d7b2aa3834b82b1cbe899a48
2026-07-29,sg,Singapore,128,19,怎麼了,Eric Chou,5fEQLwq1BWWQNR8GzhOIvi,5cU1O9P0EDA0rPkPDykhIm,https://i.scdn.co/image/ab67616d00001e02540dd1971439c343972a92b7
2026-07-29,sg,Singapore,129,14,I Like Me Better,LAUV,5JZ7CnR6gTvEMKX4g70Amv,4MagTPnkPiDuIa4P8GtW1b,https://i.scdn.co/image/ab67616d00001e029ed5fcf212f05d55b1e61eae
2026-07-29,sg,Singapore,130,27,Counting Stars,OneRepublic,5Pwc4xIPtQLFEnJriah9YJ,2tpWsVSb9UEmDRxAl1zhX1,https://i.scdn.co/image/ab67616d00001e029e2f95ae77cf436017ada9cb
2026-07-29,sg,Singapore,131,4,Baby,Justin Bieber; Ludacris,1uNFoZAHBGtllmzznpCI3s; 3ipn9JLAPI5GUEo4y4jcoi,6epn3r7S14KUqlReYr77hA,https://i.scdn.co/image/ab67616d00001e02629dc9e2e3bc20bbd7d92e4a
2026-07-29,sg,Singapore,132,15,MMG (My Mine Gueh),Naykilla,79omf4LgzaVAnXIRWPkJUq,2AtJq58CHh4qBUqTpU75vU,https://i.scdn.co/image/ab67616d00001e02671059f40b6662d84ea412d9
2026-07-29,sg,Singapore,133,42,这是你期盼的长大吗,ZQS,6CvqU8itTtfpm1E8Pvez33,3AKYofM0vFekNthGbpjMpN,https://i.scdn.co/image/ab67616d00001e022d90720b3c403c14594ac23a
2026-07-29,sg,Singapore,134,4,Photograph,Ed Sheeran,6eUKZXaKkcviH0Ku9w2n3V,6fxVffaTuwjgEk5h9QyRjy,https://i.scdn.co/image/ab67616d00001e0213b3e37318a0c247b550bccd
2026-07-29,sg,Singapore,135,6,珊瑚海,Jay Chou; Lara Liang,2elBjNSdBE2Y3f0j1mjrql; 4VgfrD5wuAoN428fBZNSyW,3Qj9Fy8BPbWmICTiNkuqB7,https://i.scdn.co/image/ab67616d00001e022625625847482492f9e2e665
2026-07-29,sg,Singapore,136,20,Perfect,Ed Sheeran,6eUKZXaKkcviH0Ku9w2n3V,0tgVpDi06FyKpA1z0VMD4v,https://i.scdn.co/image/ab67616d00001e02ba5db46f4b838ef6027e6f96
2026-07-29,sg,Singapore,137,–,演员,Joker Xue,1cg0bYpP5e2DNG0RgK2CMN,5Sib99jpYybZAicUMETb3h,https://i.scdn.co/image/ab67616d00001e02b561e8f785c92e136f37cd08
2026-07-29,sg,Singapore,138,22,CHOOM,BABYMONSTER,1SIocsqdEefUTE6XKGUiVS,6gunPOwkADFspLkQtmVuZT,https://i.scdn.co/image/ab67616d00001e020fbcc1d9dc6a647af4ebdfee
2026-07-29,sg,Singapore,139,17,Let Me Love You,DJ Snake; Justin Bieber,540vIaP2JwjQb9dm3aArA4; 1uNFoZAHBGtllmzznpCI3s,0lYBSQXN6rCTvUZvg9S0lU,https://i.scdn.co/image/ab67616d00001e02212d776c31027c511f0ee3bc
2026-07-29,sg,Singapore,140,39,White Keys,Dominic Fike,6USv9qhCn6zfxlBQIYJ9qs,5ViLKrbyL3HD6wsq3AB9eI,https://i.scdn.co/image/ab67616d00001e023696096119ef08824cf85ede
2026-07-29,sg,Singapore,141,2,Lush Life,Zara Larsson,1Xylc3o4UrD53lo9CvFvVg,1rIKgCH4H52lrvDcz50hS8,https://i.scdn.co/image/ab67616d00001e02401bf6103d4b7f5230a21582
2026-07-29,sg,Singapore,142,3,I Wanna Be Yours,Arctic Monkeys,7Ln80lUS6He07XvHI8qqHH,5XeFesFbtLpXzIVDNQP22n,https://i.scdn.co/image/ab67616d00001e024ae1c4c5c45aabe565499163
2026-07-29,sg,Singapore,143,18,Soft Spot,keshi,3pc0bOVB5whxmD50W79wwO,2aL4lMGhWdPpyPL6COPou7,https://i.scdn.co/image/ab67616d00001e02617997bc09bb7fa23624eff5
2026-07-29,sg,Singapore,144,18,Hit the Wall,Gracie Abrams,4tuJ0bMpJh08umKkEXKUI5,61Oyg0lrAOMjBpEStqfOZ1,https://i.scdn.co/image/ab67616d00001e0299bc33b47a0a67fd50783055
2026-07-29,sg,Singapore,145,17,嚣张,en王翊恩,7z7tLLiBfmH0kZ2lNVs8LW,1vfUASvUGt3gxQ1x3T3u1C,https://i.scdn.co/image/ab67616d00001e029ca65a2abe7108fd00ffe9fb
2026-07-29,sg,Singapore,146,39,Look at My Life,Gracie Abrams,4tuJ0bMpJh08umKkEXKUI5,4Yf6QS1hjFWT1qMqvpzNcK,https://i.scdn.co/image/ab67616d00001e0299bc33b47a0a67fd50783055
2026-07-29,sg,Singapore,147,1,Great Expectation,SIENNA SPIRO,02gSuSAWEdWa5UOvqzjX6v,7ujApz6iFP3PmKIDGcaGbe,https://i.scdn.co/image/ab67616d00001e02b09eea420767969b6729962b
2026-07-29,sg,Singapore,148,5,No One Noticed,The Marías,2sSGPbdZJkaSE2AbcGOACx,3siwsiaEoU4Kuuc9WKMUy5,https://i.scdn.co/image/ab67616d00001e028aa339341a0b0c813909c831
2026-07-29,sg,Singapore,149,14,blue,yung kai,6zO1dZ40fTZ5hY9NnnRJSk,6W614n8yLUeS3zsZSeBwyq,https://i.scdn.co/image/ab67616d00001e02def6ffd0e4b80cb0d2a0d00f
2026-07-29,sg,Singapore,150,31,Blinding Lights,The Weeknd,1Xyo4u8uXC1ZmMpatF05PJ,0VjIjW4GlUZAMYd2vXMi3b,https://i.scdn.co/image/ab67616d00001e028863bc11d2aa12b54f5aeb36
2026-07-29,sg,Singapore,151,Re-Entry,Heat Waves,Glass Animals,4yvcSjfu4PC0CYQyLy4wSq,3USxtqRwSYz57Ewm6wWRMp,https://i.scdn.co/image/ab67616d00001e02712701c5e263efc8726b1464
2026-07-29,sg,Singapore,152,39,Young And Beautiful,Lana Del Rey,00FQb4jTyendYWaN8pK0wa,2nMeu6UenVvwUktBCpLMK9,https://i.scdn.co/image/ab67616d00001e02d7fb3e4c63020039d1cff6b2
2026-07-29,sg,Singapore,153,12,我会等,承桓,3ZYhFl4nztqc9vx35vKdUI,5Rzpn60KTM11EBETHaF9Kt,https://i.scdn.co/image/ab67616d00001e025acf144a78b1c2ada7a3060b
2026-07-29,sg,Singapore,154,4,小幸運 - 電影《我的少女時代》主題曲,Hebe Tien,14bJhryXGk6H6qlGzwj3W5,1ZeVIrCWzEmsJexkrgvjFv,https://i.scdn.co/image/ab67616d00001e0275526674fc32f1736bebfe27
2026-07-29,sg,Singapore,155,3,Always,Daniel Caesar,20wkVLutqVOYrc0kxFs7rA,2LlOeW5rVcvl3QcPNPcDus,https://i.scdn.co/image/ab67616d00001e027c68face1dc58127f3a7b1cc
2026-07-29,sg,Singapore,156,22,One Dance,Drake; Wizkid; Kyla,3TVXtAsR1Inumwj472S9r4; 3tVQdUvClmAT7URs9V3rsp; 6TK7fjRPdy2GW2pJzNF23L,1zi7xx7UVEFkmKfv06H8x0,https://i.scdn.co/image/ab67616d00001e029416ed64daf84936d89e671c
2026-07-29,sg,Singapore,157,15,Homewrecker,sombr,4G9NDjRyZFDlJKMRL8hx3S,7tICCrK3CcyRFKza7yrR0z,https://i.scdn.co/image/ab67616d00001e029a8d41dca4c7d0ef23d76dd7
2026-07-29,sg,Singapore,158,29,supernatural,Ariana Grande,66CXWjxzNUsdJxJ2JdwvnR,142PiXzA84lmEw2RstFHFa,https://i.scdn.co/image/ab67616d00001e028b58d20f1b77295730db15b4
2026-07-29,sg,Singapore,159,4,Beautiful Things,Benson Boone,22wbnEMDvgVIAGdFeek6ET,3xkHsmpQCBMytMJNiDf3Ii,https://i.scdn.co/image/ab67616d00001e02831949037a1db10b87b005fa
2026-07-29,sg,Singapore,160,11,Sorry,Justin Bieber,1uNFoZAHBGtllmzznpCI3s,09CtPGIpYB4BrO8qb1RGsF,https://i.scdn.co/image/ab67616d00001e02f46b9d202509a8f7384b90de
2026-07-29,sg,Singapore,161,3,Reflections,The Neighbourhood,77SW9BnxLY8rJ0RciFqkHh,2xql0pid3EUwW38AsywxhV,https://i.scdn.co/image/ab67616d00001e029b6ac98a52f62d5cb473da40
2026-07-29,sg,Singapore,162,17,WHERE IS MY HUSBAND!,RAYE,5KKpBU5eC2tJDzf0wmlRp2,7eYzn1CuiJK6VvUhf8zA6k,https://i.scdn.co/image/ab67616d00001e0297c0928704e5a2bd8d4c5b90
2026-07-29,sg,Singapore,163,11,Let Down,Radiohead,4Z8W4fKeB5YxbusRsdQVPb,2fuYa3Lx06QQJAm0MjztKr,https://i.scdn.co/image/ab67616d00001e02c8b444df094279e70d0ed856
2026-07-29,sg,Singapore,164,23,NOBLE,F3miii,0gmx7cndNJbFM0DAO7fT0s,4Jsus7N4d8hFB2G9gcRdBv,https://i.scdn.co/image/ab67616d00001e023e2c1f8bb3f146186e2a1dc5
2026-07-29,sg,Singapore,165,Re-Entry,FYA,BTS,3Nrfpe0tUJi4K4DXYWgMUX,0KmrKOdScRDVYwWS8hkkdv,https://i.scdn.co/image/ab67616d00001e02dfa17fad7f190c901603270e
2026-07-29,sg,Singapore,166,23,We Found Love,Rihanna; Calvin Harris,5pKCCKE2ajJHZ9KAiaK11H; 7CajNmpbOovFoOoasH2HaY,1zv3WFUbZ5vPxFq9I2jAU1,https://i.scdn.co/image/ab67616d00001e02bef074de9ca825bddaeb9f46
2026-07-29,sg,Singapore,167,37,toxic till the end,ROSÉ,3eVa5w3URK5duf6eyVDbu9,1z5ebC9238uGoBgzYyvGpQ,https://i.scdn.co/image/ab67616d00001e027be65ce6672ed7e5aac6e966
2026-07-29,sg,Singapore,168,8,JUMP,BLACKPINK,41MozSoPIsD1dJM0CLPjZF,5H1sKFMzDeMtXwND3V6hRY,https://i.scdn.co/image/ab67616d00001e026224d1236b0e0a0e1586efbb
2026-07-29,sg,Singapore,169,14,感谢你曾来过,阿涵; Ayo97,0Nu7uGMynoaIdKnfLRgxJ8; 3RZsYqWpNRBTPoJ8oqsAwW,1JLtvvPsHwLyd2ufASdkWV,https://i.scdn.co/image/ab67616d00001e025032acc6e82b53aa2e4b17bd
2026-07-29,sg,Singapore,170,7,Sparks,Coldplay,4gzpq5DPGxSnKTe4SA8HAU,7D0RhFcb3CrfPuTJ0obrod,https://i.scdn.co/image/ab67616d00001e029164bafe9aaa168d93f4816a
2026-07-29,sg,Singapore,171,25,Kiss It Better,Rihanna,5pKCCKE2ajJHZ9KAiaK11H,0UHB9METy4VCXNgkcGqHqS,https://i.scdn.co/image/ab67616d00001e026be9bac15995f089579074de
2026-07-29,sg,Singapore,172,1,飞鸟和蝉,Ren Ran,6f4srX54JFrLNK4aTJe2Sc,4cDVX9pSt4UQEVbbXKodW6,https://i.scdn.co/image/ab67616d00001e022d643cf8abd73155ea906bf9
2026-07-29,sg,Singapore,173,Re-Entry,我走后 (深情版),en王翊恩,7z7tLLiBfmH0kZ2lNVs8LW,4iWXBvFiGanzt0ntGnMALN,https://i.scdn.co/image/ab67616d00001e020f69c3fd6c4ae5f9eae61c4a
2026-07-29,sg,Singapore,174,23,Manchild,Sabrina Carpenter,74KM79TiuVKeVCqs8QtB0B,2BwO5K8Q7EPAJSGze3AAh9,https://i.scdn.co/image/ab67616d00001e02b1863bf95557ea7f357c4947
2026-07-29,sg,Singapore,175,Re-Entry,无人之岛,Ren Ran,6f4srX54JFrLNK4aTJe2Sc,4wrX3x09Z41EoqFT6BtcFi,https://i.scdn.co/image/ab67616d00001e025456964d25cb52abd0dd3768
2026-07-29,sg,Singapore,176,25,That's What I Like,Bruno Mars,0du5cEVh5yTK9QJze8zA0C,0KKkJNfGyhkQ5aFogxQAPU,https://i.scdn.co/image/ab67616d00001e02232711f7d66a1e19e89e28c5
2026-07-29,sg,Singapore,177,11,Best Part (feat. H.E.R.),Daniel Caesar; H.E.R.,20wkVLutqVOYrc0kxFs7rA; 3Y7RZ31TRPVadSFVy1o8os,1Q7EgiMOuwDcB0PJC6AzON,https://i.scdn.co/image/ab67616d00001e027aa8783ad8def37cc548a9cf
2026-07-29,sg,Singapore,178,Re-Entry,The Nights,Avicii,1vCWHaC5f2uS3yhpwWbIA6,0QjpQP1w7apeMXzioL8sqN,https://i.scdn.co/image/ab67616d00001e020ae4f4d42e4a09f3a29f64ad
2026-07-29,sg,Singapore,179,11,Magnetic,ILLIT,36cgvBn0aadzOijnjjwqMN,1aKvZDoLGkNMxoRYgkckZG,https://i.scdn.co/image/ab67616d00001e02f037c5fb9de6c78726cb8e2c
2026-07-29,sg,Singapore,180,11,As It Was,Harry Styles,6KImCVD70vtIoJWnq6nGn3,4Dvkj6JhhA12EX05fT7y2e,https://i.scdn.co/image/ab67616d00001e0282ce362511fb3d9dda6578ee
2026-07-29,sg,Singapore,181,24,what’s wrong with me,Olivia Rodrigo; Robert Smith,1McMsnEElThX1knmY4oliG; 6G7P2EzH5A36ujN9VPm4B0,2e3YJ6Hm8tR5L5Zy8HzOtv,https://i.scdn.co/image/ab67616d00001e026949b83f85d782b21ce70583
2026-07-29,sg,Singapore,182,12,Creep,Radiohead,4Z8W4fKeB5YxbusRsdQVPb,70LcF31zb1H0PyJoS1Sx1r,https://i.scdn.co/image/ab67616d00001e02ec548c00d3ac2f10be73366d
2026-07-29,sg,Singapore,183,22,SLOW DANCING IN THE DARK,Joji,3MZsBdqDrRTJihTHQrO6Dq,6rY5FAWxCdAGllYEOZMbjW,https://i.scdn.co/image/ab67616d00001e024cc52cd7a712842234e4fce2
2026-07-29,sg,Singapore,184,18,expectations,Olivia Rodrigo,1McMsnEElThX1knmY4oliG,4bkClAuofJULiaIZsuL3gT,https://i.scdn.co/image/ab67616d00001e026949b83f85d782b21ce70583
2026-07-29,sg,Singapore,185,Re-Entry,"Good Luck, Babe!",Chappell Roan,7GlBOeep6PqTfFi59PTUUN,0WbMK4wrZ1wFSty9F7FCgu,https://i.scdn.co/image/ab67616d00001e0291b4bc7c88d91a42e0f3a8b7
2026-07-29,sg,Singapore,186,13,Giants,Iman Fandi; weish; NDPeeps,2yv1QEWNbHyf6ErJzCNmlg; 3Wda211uQlgobdoSJ7i8SW; 1BhtFoW6keQNCZBQEDFmmT,6Lj4wUXcGOzrwVmBIlLy34,https://i.scdn.co/image/ab67616d00001e021f6018b988512a4f56d937a4
2026-07-29,sg,Singapore,187,29,begged,Olivia Rodrigo,1McMsnEElThX1knmY4oliG,2duvkmcQAezPigFEGlERuA,https://i.scdn.co/image/ab67616d00001e026949b83f85d782b21ce70583
2026-07-29,sg,Singapore,188,17,Shape of You,Ed Sheeran,6eUKZXaKkcviH0Ku9w2n3V,7qiZfU4dY1lWllzX7mPBI3,https://i.scdn.co/image/ab67616d00001e02ba5db46f4b838ef6027e6f96
2026-07-29,sg,Singapore,189,Re-Entry,从前说,小阿七,7tDLiRbNQalA5uvTpX2bKh,3t5edAHbyFEW67wFApp7EO,https://i.scdn.co/image/ab67616d00001e0212f238292889f93a67acef42
2026-07-29,sg,Singapore,190,4,What Makes You Beautiful,One Direction,4AK6F7OLvEQ5QYCBNiQWHq,4cluDES4hQEUhmXj6TXkSo,https://i.scdn.co/image/ab67616d00001e024a5584795dc73860653a9a3e
2026-07-29,sg,Singapore,191,11,告白氣球,Jay Chou,2elBjNSdBE2Y3f0j1mjrql,2tqF9MPNdYdJU70U0ULO23,https://i.scdn.co/image/ab67616d00001e02db1172ca038c6818b6ae8bf2
2026-07-29,sg,Singapore,192,3,Someone You Loved,Lewis Capaldi,4GNC7GD6oZMSxPGyXy4MNB,7qEHsqek33rTcFNT9PFqLf,https://i.scdn.co/image/ab67616d00001e02fc2101e6889d6ce9025f85f2
2026-07-29,sg,Singapore,193,Re-Entry,PINKY UP,KATSEYE,3c0gDdb9lhnHGFtP4prQpn,4KmkJjHTNlr1jFY56Lyz4E,https://i.scdn.co/image/ab67616d00001e02f995fcdb4d6f1c273a3bc56b
2026-07-29,sg,Singapore,194,4,Timeless (feat Playboi Carti),The Weeknd; Playboi Carti,1Xyo4u8uXC1ZmMpatF05PJ; 699OTQXzgjhIYAHMy9RyPD,0FIDCNYYjNvPVimz5icugS,https://i.scdn.co/image/ab67616d00001e02de79f330bc297af3fae736da
2026-07-29,sg,Singapore,195,Re-Entry,Attention,Charlie Puth,6VuMaDnrHyPL1p4EHjYLi7,5cF0dROlMOK5uNZtivgu50,https://i.scdn.co/image/ab67616d00001e02897f73256b9128a9d70eaf66
2026-07-29,sg,Singapore,196,2,Demons,Imagine Dragons,53XhwfbYqKCa1cC15pYq2q,5qaEfEh1AtSdrdrByCP7qR,https://i.scdn.co/image/ab67616d00001e02407bd04707c463bbb3410737
2026-07-29,sg,Singapore,197,1,The Scientist,Coldplay,4gzpq5DPGxSnKTe4SA8HAU,75JFxkI2RXiU7L9VXzMkle,https://i.scdn.co/image/ab67616d00001e02de09e02aa7febf30b7c02d82
2026-07-29,sg,Singapore,198,23,Die For You,The Weeknd,1Xyo4u8uXC1ZmMpatF05PJ,2LBqCSwhJGcFQeTHMVGwy3,https://i.scdn.co/image/ab67616d00001e02a048415db06a5b6fa7ec4e1a
2026-07-29,sg,Singapore,199,Re-Entry,drivers license,Olivia Rodrigo,1McMsnEElThX1knmY4oliG,5wANPM4fQCJwkGd4rN57mH,https://i.scdn.co/image/ab67616d00001e02a91c10fe9472d9bd89802e5a
2026-07-29,sg,Singapore,200,Re-Entry,they don’t know ’bout us,BTS,3Nrfpe0tUJi4K4DXYWgMUX,0b61A7v9agI08BG21jJPQ9,https://i.scdn.co/image/ab67616d00001e02dfa17fad7f190c901603270e
2026-07-29,in,India,1,–,Arz Kiya Hai | Coke Studio Bharat,Anuv Jain,4gdMJYnopf2nEUcanAwstx,1bMkimTb47umgNP6xCi4A1,https://i.scdn.co/image/ab67616d00001e0225fa2d19b2363a9520a34409
2026-07-29,in,India,2,–,Bairan,Banjaare,7IbxsPdlYelceWNyHAor55,0RsH8g8DxdYZgdGcod5I36,https://i.scdn.co/image/ab67616d00001e02cdce9a38222807fa703b4396
2026-07-29,in,India,3,–,Khat,Navjot Ahuja,7pVf872VEuJQBwiuRFSg4w,3gixnmepHSsyAuho34rprN,https://i.scdn.co/image/ab67616d00001e02d421c37d9cf4bbee71844c24
2026-07-29,in,India,4,–,Gehra Hua,Shashwat Sachdev; Arijit Singh; Irshad Kamil; Armaan Khan,465OXuCU8YZNmVG1leLwQ9; 4YRxDV8wJFPHPTeXepOstw; 3GdSQUH1BRtl9UrrtuwJlP; 68CFADZWUwvJMqkCeqmxMJ,5MCbGWnNLLjoHpbDO3BOgi,https://i.scdn.co/image/ab67616d00001e027838ccbef3fb712228e23fc5
2026-07-29,in,India,5,–,Mann Mera,Gajendra Verma,1yzgJmZf5CxtFfGfRFm4Si,0mwAlZqPUWpZJIut93y40W,https://i.scdn.co/image/ab67616d00001e02f2d0db770d8cd316f760a2f2
2026-07-29,in,India,6,2,"Tum Ho Toh (From ""Saiyaara"")",Vishal Mishra; Hansika Pareek; Raj Shekhar,5wJ1H6ud777odtZl5gG507; 0RVfcqug2nB820dxIGycIW; 2DFCHTDIA0t638a4mm37dK,6G8vN5EUtcDxOXOXadF6kp,https://i.scdn.co/image/ab67616d00001e02d998c880f085f08c7ddeeafc
2026-07-29,in,India,7,–,Tere Liye,Atif Aslam; Shreya Ghoshal; Sachin Gupta; Sameer Anjaan,2oSONSC9zQ4UonDKnLqksx; 0oOet2f43PA68X5RxKobEy; 34R6DQd8ErBy1xyOyMHFrq; 5sifufajls8Q6k04Y4F8mH,0xlWd9o8yjKpJ02WJy79kZ,https://i.scdn.co/image/ab67616d00001e02af932ac943c7afa6b74659f7
2026-07-29,in,India,8,2,KALYANI (with Shreya Ghoshal) - Remix,ARJN; KDS; FIFTY4; Shreya Ghoshal,5j2JTk8JqepIgv1zxYOuIi; 41opZo9bHh8CZoIdR3IgP7; 1NApv6DzDP19uLuxJ0CuuP; 0oOet2f43PA68X5RxKobEy,2y8mkajKikV5S1PRCMQ5WL,https://i.scdn.co/image/ab67616d00001e029aa819fdf84c78fc1976391d
2026-07-29,in,India,9,1,Finding Her,Kushagra; Bharath; Saaheal,2IKfr1JgPRXmXKAWwrABc6; 1zD9gVg8wPOmVfYxTjMHaT; 29S4JzoFUP1MCyMgKd83zM,5ThyDv6aRVU8AH4vXQNldF,https://i.scdn.co/image/ab67616d00001e02292341cd3e621d7f9171331f
2026-07-29,in,India,10,1,Samjhawan,Jawad Ahmad; Shaarib Toshi; Arijit Singh; Shreya Ghoshal,2gXOOKY8mmJG6iwHrTq9gp; 0FJz7XR37hH69traaHLijA; 4YRxDV8wJFPHPTeXepOstw; 0oOet2f43PA68X5RxKobEy,0rk2X5TAhraBC5aCIXK2Rq,https://i.scdn.co/image/ab67616d00001e028a7ae7092464f6685355dc3c
2026-07-29,in,India,11,1,Jo Tum Mere Ho,Anuv Jain,4gdMJYnopf2nEUcanAwstx,0eCajpR75pDW0r64U6hP2x,https://i.scdn.co/image/ab67616d00001e0272a77d038887cdc425f5ee55
2026-07-29,in,India,12,1,Sahiba,Aditya Rikhari,3ozYqVCLohfpXIhalkhM8D,0eLtIxPRNJfsmehITZ1qaJ,https://i.scdn.co/image/ab67616d00001e020a47bbe7141fdfe0eb2cdba7
2026-07-29,in,India,13,2,Darkhaast,Mithoon; Arijit Singh; Sunidhi Chauhan; Sayeed Quadri,09UmIX92EUH9hAK4bxvHx6; 4YRxDV8wJFPHPTeXepOstw; 3eDT9fwXKuHWFvgZaaYC5v; 2pGRniGOJSOvYoK3dGaBb8,1awtp7rf6ajhGY9BgzCHeZ,https://i.scdn.co/image/ab67616d00001e02e7fe7d656750737e8d369f95
2026-07-29,in,India,14,–,"Barbaad (From ""Saiyaara"")",The Rish; Jubin Nautiyal,0Eb38FY9vOjiRA10iXPGHI; 1tqysapcCh1lWEAc9dIFpa,7Csa4PStpuYIfUqNMKQ4V8,https://i.scdn.co/image/ab67616d00001e02148a06ae24e68c088d8d2954
2026-07-29,in,India,15,–,Udi Udi,Aneesh; Sarkar; Hruday,2K1yi9M4TJ3cEEO6hFG1z2; 2R4yA8DlTWiUCpYlC0NMZh; 5LAR3fyRELNNXHIfnptaXF,4ROldgaRDDAI2VP8rWkjat,https://i.scdn.co/image/ab67616d00001e0221d6e1053df28c5a33208c1a
2026-07-29,in,India,16,2,Ishq,Faheem Abdullah; Rauhan Malik; Amir Ameer,05etL4pzWd6TSv1x5WrlG3; 22UtphG4LcwxlhhV0aP4js; 6MPuzz9hPrs4TwxeHh4cEj,1hlbywc8Jhl1FFqJxAMabE,https://i.scdn.co/image/ab67616d00001e020de04fd2c7c3bdc0a1d765f5
2026-07-29,in,India,17,–,Sheesha - Aakhya Mai Aakh Ghali Jo Bairan,Mitta Ror; Swara Verma,3qWCWW0lyHpnj6E1cYwtKV; 1p8AG9V0Y60vhvdYdRbxqn,412poAqbwD8OC0dYD1nBkV,https://i.scdn.co/image/ab67616d00001e02190b5b394a6fc5574ceea4da
2026-07-29,in,India,18,2,"Pavazha Malli - From ""Think Indie""",Sai Abhyankkar; Shruti Haasan; Vivek,5jJrJU7VVmxQQLcLAmmxXc; 06vOoTzj6cIac9FMbNXz9h; 25Pa1Vz1ZuTHmXPiYeMcgx,4yur1GSBfuS1VADyUYocqd,https://i.scdn.co/image/ab67616d00001e02f5f2a6705dfe3c2fe11028c8
2026-07-29,in,India,19,3,Ishq de Fanniyar - Female Version,Jyotica Tangri; Shaarib Toshi; Kumaar,5wQDQFm7Ku8WWGi5xqJ9lp; 0FJz7XR37hH69traaHLijA; 0m3D4grap8VFSzbJMqgNVk,06lic3SpArgwTT7kBIvp92,https://i.scdn.co/image/ab67616d00001e02c517f500daaed779c15c50e6
2026-07-29,in,India,20,3,Apna Bana Le,Sachin-Jigar; Arijit Singh; Amitabh Bhattacharya,1mBydYMVBECdDmMfE2sEUO; 4YRxDV8wJFPHPTeXepOstw; 2fMqTqiTxUDlmcOEPaQSsx,1hA697u7e1jX2XM8sWA6Uy,https://i.scdn.co/image/ab67616d00001e02b85b4e8fb6ba961aedfde386
2026-07-29,in,India,21,–,Zaalima,Arijit Singh; Harshdeep Kaur,4YRxDV8wJFPHPTeXepOstw; 3xU8YsNNkmWSPewlB18NUz,4MU4Kfkd9EnkArK2ocQyqK,https://i.scdn.co/image/ab67616d00001e02627b5b17cb48f6e6956b842e
2026-07-29,in,India,22,3,"Sitaare (From ""Ikkis"")",Arijit Singh; Sachin-Jigar; Amitabh Bhattacharya,4YRxDV8wJFPHPTeXepOstw; 1mBydYMVBECdDmMfE2sEUO; 2fMqTqiTxUDlmcOEPaQSsx,6WlARP6h4CDVOcY386wW0W,https://i.scdn.co/image/ab67616d00001e02dccd4f11c8ac8e1f2c8dfc51
2026-07-29,in,India,23,7,Saiyaara,Tanishk Bagchi; Faheem Abdullah; Arslan Nizami; Irshad Kamil,4f7KfxeHq9BiylGmyXepGt; 05etL4pzWd6TSv1x5WrlG3; 5yzqUq3vXrMkmfcOwMY203; 3GdSQUH1BRtl9UrrtuwJlP,5SSZtFWdrmFV4MxtlRA13N,https://i.scdn.co/image/ab67616d00001e022fc1f0e56f80b5e7cc388b3c
2026-07-29,in,India,24,2,Aarzu,Noor; Khan; Madhurxo,7F5LO6TFFBGkRhsQdCcLVm; 6Pw5uJLhqmspnTuHchPnmS; 0o5KaItv2mU6ACmRP19Qc2,0wHYuCTWPntEgWiUVED4wB,https://i.scdn.co/image/ab67616d00001e020c28f02f30c669201ac4471d
2026-07-29,in,India,25,2,Inaam (Ft. Badshah),Jasleen Royal; Badshah; Ansh Chahal,74OaRjmyh0XyRZsQQQ5l7c; 0y59o4v8uw5crbN9M3JiL1; 2vaV6Tzkkt5r8OUpyAYzpz,5haZbtveqI9v1svcc5IDx6,https://i.scdn.co/image/ab67616d00001e02974c87c4d1b73970e0f45f70
2026-07-29,in,India,26,2,Boom Shaka,KR$NA; Dhanda Nyoliwala,5C1S9XwxMuuCciutwMhp5t; 2rN8LHqK4TBI7y3d9POvJb,1g6nQTE5x7eLJX7tXCTiSz,https://i.scdn.co/image/ab67616d00001e0213dcb5da9470852eb67f1783
2026-07-29,in,India,27,1,Jaiye Sajana,Shashwat Sachdev; Jasmine Sandlas; Satinder Sartaaj,465OXuCU8YZNmVG1leLwQ9; 0mJDQBWytBhOh5JB1DOQ1c; 4rgw8A5vcYinpZLDKHrEdV,6xwKNAUHeo2DbWNAPi8aEy,https://i.scdn.co/image/ab67616d00001e024c3eeb98521e02693a46d6db
2026-07-29,in,India,28,1,Dooron Dooron,Paresh Pahuja; Shiv Tandan; Meghdeep Bose,0DHOOKfXu4aU7LsWjTdrIN; 74wYoI5DV3XZGJri7l9cOP; 1e3Yx1PLC5EP8lz0OFOHda,0q5e5KtUOhYQujmhLP0pKd,https://i.scdn.co/image/ab67616d00001e029fd839ed5ae2fd87ee8ac923
2026-07-29,in,India,29,3,"Agar Tum Saath Ho (From ""Tamasha"")",Alka Yagnik; Arijit Singh,3gBKY0y3dFFVRqicLnVZYz; 4YRxDV8wJFPHPTeXepOstw,6kYoY0PhBelP64UMnhsEZx,https://i.scdn.co/image/ab67616d00001e0225f7621c3c70dd1f868b61bc
2026-07-29,in,India,30,4,O Sanam,Akhil Sachdeva,3TOhzLRYnkkul71yRBxIoM,7HuuShTJs1tf6rFLDElyik,https://i.scdn.co/image/ab67616d00001e02a81f7cd4177159051ac9bbfc
2026-07-29,in,India,31,2,Ehsaas,Faheem Abdullah; Duha Shah; Vaibhav Pani; Hyder Dar,05etL4pzWd6TSv1x5WrlG3; 3l1qBa4ZTuNfYOap9WGbDQ; 6FedIS4fevWR5JdQQvviFB; 7Khu2sHjq6VFAfiRLql5tt,5PetOhEX9N0oyBB0Keqobv,https://i.scdn.co/image/ab67616d00001e02e80fd38e3f7025158e40a3ae
2026-07-29,in,India,32,9,"Raanjhan (From ""Do Patti"")",Sachet-Parampara; Parampara Tandon; Kausar Munir,1SyKki7JI1AZNKwgNMkn25; 1E6arsXf5Fgsnv9YpSzjpE; 3GBSge8pq7mpezUQl0GAOA,4vHRQnzGcKEtqsLH70tAms,https://i.scdn.co/image/ab67616d00001e02773c5f60bcb309ef8802e4ef
2026-07-29,in,India,33,2,Ishq Bulaava,Vishal-Shekhar; Sanam Puri; Shipra Goyal,6Mv8GjQa7LKUGCAqa9qqdb; 5kiKQJrz4BT7vFWVECAmHH; 7gOZcXPfLtLbFgUyHGV7cZ,1fkjRQA8wXPPyxqYLbxuqy,https://i.scdn.co/image/ab67616d00001e022025db071cd9dd7e8023e01e
2026-07-29,in,India,34,15,"Tu Thodi Der Aur Thehar Ja - From ""Half Girlfriend""",Shreya Ghoshal; Farhan Saeed; Kumaar,0oOet2f43PA68X5RxKobEy; 1W67L8OH9z7C3b9YJJbVYq; 0m3D4grap8VFSzbJMqgNVk,2Rz2F6KoLH6TtbX4TZ2qcP,https://i.scdn.co/image/ab67616d00001e02fdfdfb32ce2dae56c62c8ac7
2026-07-29,in,India,35,4,Aarzu (with Asim Azhar),Asim Azhar; Noor; Khan; Madhurxo,1ZChN8G1Y7CJ0TXbrvblwS; 7F5LO6TFFBGkRhsQdCcLVm; 6Pw5uJLhqmspnTuHchPnmS; 0o5KaItv2mU6ACmRP19Qc2,1GnZH0wek1fkGCQnUsK6D0,https://i.scdn.co/image/ab67616d00001e0223163367c297997eaa635b66
2026-07-29,in,India,36,2,Ye Tune Kya Kiya,Pritam; Javed Bashir; Rajat Arora,1wRPtKGflJrBx9BmLsSwlU; 5diMmmNkRVfgUnXJrzXzjZ; 6Ahs12ksf1lju6bHwuX4X2,2cPUB8EOT6AfJ8oxhyoNXL,https://i.scdn.co/image/ab67616d00001e02fe77bd21eb38ff74b5f21524
2026-07-29,in,India,37,3,Hale Dil,Harshit Saxena; Sayeed Quadri,4auibajZua9Ld8sPMOmPYc; 2pGRniGOJSOvYoK3dGaBb8,6GQK4G5o60E8YA18DGpAzv,https://i.scdn.co/image/ab67616d00001e022432edc97b465e6db54d356b
2026-07-29,in,India,38,13,Jo Tere Sang,Jeet Gannguli; Mustafa Zahid; Sayeed Quadri,2kkQthS9OLpK4UqNWYqoVl; 71oGOxg5ez52Hh1Ye41A98; 2pGRniGOJSOvYoK3dGaBb8,0kYBzFJ5a2Jozi6cI4y9Bp,https://i.scdn.co/image/ab67616d00001e020ccca2f49bcdac5491e47b1a
2026-07-29,in,India,39,–,"Mast Magan (From ""2 States)",Arijit Singh; Chinmayi,4YRxDV8wJFPHPTeXepOstw; 5UJ2sHO2ELrgW6aXeRLTQQ,5bVmOD7UKfP2iLFUGMtdnS,https://i.scdn.co/image/ab67616d00001e022d2263486e48ab1b41ae2466
2026-07-29,in,India,40,3,Teri Deewani,Kailash Kher; Paresh Kamath; Naresh Kamath,4oVMLzAqW6qhRpZWt8fNw4; 3PgeUFj9oHU4K4RGaITz2f; 79sho4jpEGoCCC51KHnNSJ,2iNqdCchlUZEgjJbQyZf8T,https://i.scdn.co/image/ab67616d00001e02a853b902decce7830d171841
2026-07-29,in,India,41,2,Tera Mera Rishta - Original Version,Pritam; Mustafa Zahid; Sayeed Quadri,1wRPtKGflJrBx9BmLsSwlU; 71oGOxg5ez52Hh1Ye41A98; 2pGRniGOJSOvYoK3dGaBb8,23T4WcVkvuaAEOgXr848i1,https://i.scdn.co/image/ab67616d00001e028f2706d41aa1ec24c04135ba
2026-07-29,in,India,42,6,LAAVAN,Jasmine Sandlas; Mofusion,0mJDQBWytBhOh5JB1DOQ1c; 3JXcjiMGfbPsp7deM1JYIv,0RWLe6Dx5cWyPuB1sw6eWf,https://i.scdn.co/image/ab67616d00001e0285b1cf1e8e5879a440eecf1f
2026-07-29,in,India,43,3,"Humsafar (From ""Badrinath Ki Dulhania"")",Akhil Sachdeva; Mansheel Gujral,3TOhzLRYnkkul71yRBxIoM; 7zfceKY7I04Tc0J2o7043h,7aE1lfskJLMHQnzCCP1zsV,https://i.scdn.co/image/ab67616d00001e02dc9563139ebc2a5597254664
2026-07-29,in,India,44,4,"Chahun Main Ya Naa (From ""Aashiqui 2"")",Palak Muchhal; Arijit Singh,3yMmYEklQ7gLOZXEFNd3xr; 4YRxDV8wJFPHPTeXepOstw,7Imk0IG6S5GA5iYWkjmMW5,https://i.scdn.co/image/ab67616d00001e02808542d48ec7021a0577f4f5
2026-07-29,in,India,45,2,Deewaana Deewaana,A.R. Rahman; Irshad Kamil,1mYsTxnqsietFxj1OgoGbG; 3GdSQUH1BRtl9UrrtuwJlP,47RTQoh3pzjhWLUMllNRRJ,https://i.scdn.co/image/ab67616d00001e02ba52c35bca6b280c7a9233ce
2026-07-29,in,India,46,4,Shararat,Shashwat Sachdev; Madhubanti Bagchi; Jasmine Sandlas,465OXuCU8YZNmVG1leLwQ9; 4ojkMVHjuDZgDXSJy5qs2h; 0mJDQBWytBhOh5JB1DOQ1c,0R7grQWU1dRxiOQGIqZm0Z,https://i.scdn.co/image/ab67616d00001e027838ccbef3fb712228e23fc5
2026-07-29,in,India,47,2,Majboor,Sheheryar Rehan; Zoha Waseem,4uulqSsU6e7BdsYYos6kfS; 20DlRoUeIcVHGEEgYuvvZ8,0lp3WWhjxFVUht81AQmWX8,https://i.scdn.co/image/ab67616d00001e02ba7861fdb5826a0038078c23
2026-07-29,in,India,48,4,Boyfriend,Karan Aujla; Ikky,6DARBhWbfcS9E4yJzcliqQ; 3nqS8jzqmsPKFJTp0BOIel,3ExgWVPWOQts9RVBkqpdic,https://i.scdn.co/image/ab67616d00001e0289e8f71cb6f3b6cc60944858
2026-07-29,in,India,49,5,For A Reason,Karan Aujla; Ikky,6DARBhWbfcS9E4yJzcliqQ; 3nqS8jzqmsPKFJTp0BOIel,0cYohCh24y1aMjJmcS9RBl,https://i.scdn.co/image/ab67616d00001e0289e8f71cb6f3b6cc60944858
2026-07-29,in,India,50,3,Mashooqa - From “Cocktail 2”,Pritam; Mahmood; Raghav Chaitanya; Amitabh Bhattacharya; Ruaa Kayy,1wRPtKGflJrBx9BmLsSwlU; 06nvjg4wBANK6DCHjqtPNd; 3qpyErDI4i90q5EGgSRmNK; 2fMqTqiTxUDlmcOEPaQSsx; 453JLa1zShRo3qMqna91v7,0IfWnsZSHmBf8tVlYEuUQG,https://i.scdn.co/image/ab67616d00001e02adb1a15b21a4b9728285ca94
2026-07-29,in,India,51,1,"Humsafar (From ""Saiyaara"")",Sachet-Parampara; Sachet Tandon; Parampara Tandon; Irshad Kamil; Prashant Pandey,1SyKki7JI1AZNKwgNMkn25; 6WOdPJmexxFINcKMkP2jMG; 1E6arsXf5Fgsnv9YpSzjpE; 3GdSQUH1BRtl9UrrtuwJlP; 7vCsTTACb2iT4fvBMnwp5w,0OLTYqD8FpjkLsxJmdWmgi,https://i.scdn.co/image/ab67616d00001e02dfc5ea836092ec71ca7a5dcb
2026-07-29,in,India,52,9,Mann Mera - Original Version,Gajendra Verma,1yzgJmZf5CxtFfGfRFm4Si,1As2Jo89VTF9V3D6GuOPr9,https://i.scdn.co/image/ab67616d00001e020be94602b5b22cbe139a366b
2026-07-29,in,India,53,12,Raabta,Pritam; Arijit Singh,1wRPtKGflJrBx9BmLsSwlU; 4YRxDV8wJFPHPTeXepOstw,6FjbAnaPRPwiP3sciEYctO,https://i.scdn.co/image/ab67616d00001e02e810a88d506b30bdc0935247
2026-07-29,in,India,54,2,Kath Lagda,Navaan Sandhu; Dhanda Nyoliwala; Sanya Dandona; RXTRO,6PdJJhJWHFRtoERTQ8JGq1; 2rN8LHqK4TBI7y3d9POvJb; 5Y88j1QhlpI0iUp0uMrXip; 7lGDbXQAFrqSli1Xg28orT,3zoM4v1qTX94ZqfPYRReJh,https://i.scdn.co/image/ab67616d00001e02c6938397eb1e5cb7ba59f09a
2026-07-29,in,India,55,3,Tum Se Hi,Pritam; Mohit Chauhan; Irshad Kamil,1wRPtKGflJrBx9BmLsSwlU; 5GnnSrwNCGyfAU4zuIytiS; 3GdSQUH1BRtl9UrrtuwJlP,7eQl3Yqv35ioqUfveKHitE,https://i.scdn.co/image/ab67616d00001e0252fe6875028c892308ffc2f7
2026-07-29,in,India,56,20,Shree Hanuman Chalisa,Hariharan; Lalit Sen; Chander,2NoJ7NuNs9nyj8Thoh1kbu; 5fDnhohLUsWhN7MUXse3QS; 2RY2JQU7jz6KEp04i7TGld,6H7fLdt0AeWpuxUKXuXWrx,https://i.scdn.co/image/ab67616d00001e025182ea98b2ea623977917597
2026-07-29,in,India,57,7,Sang Rahiyo,Jasleen Royal; Ujjwal Kashyap; Neeraj Rajawat,74OaRjmyh0XyRZsQQQ5l7c; 6RzPQpJ5z2JkOJlmsCVxJq; 3yjKvP7LiyIw2dzB5CCGxM,45PA9lW7U5LYnlpGrdTyHY,https://i.scdn.co/image/ab67616d00001e02926450b06294e944ab7af6e8
2026-07-29,in,India,58,5,Amsham - അംശം,Aksomaniac; M.H.R; Bhumi; Circle Tone,12tOFlQDhU4Jx6wNb9XO87; 5A5bbXuMkVh28lxVO4y25g; 6ze415xN4HqPmAhj1P4pRl; 5FLdl3TGJp0xXgUSimW2yQ,0Dt5EqEckM8jcfMYEdlx2Z,https://i.scdn.co/image/ab67616d00001e02530e627d6b4aced65e1ccf4a
2026-07-29,in,India,59,3,"Dhun (From ""Saiyaara"")",Mithoon; Arijit Singh,09UmIX92EUH9hAK4bxvHx6; 4YRxDV8wJFPHPTeXepOstw,1GFQthxDi4Tqe3wJ5j0G5S,https://i.scdn.co/image/ab67616d00001e02781faf59a3cb980fe3b493f8
2026-07-29,in,India,60,1,Tere Bina,A.R. Rahman; Chinmayi; Murtuza Khan; Qadir Khan,1mYsTxnqsietFxj1OgoGbG; 5UJ2sHO2ELrgW6aXeRLTQQ; 3v8isPrc8btWVMF3bnOIcj; 2gTPBFjo3M9rvMSZWTk9nT,4FeczSomVWVyU4FW7xDeAI,https://i.scdn.co/image/ab67616d00001e020504fdf58bae8cd52dd13047
2026-07-29,in,India,61,4,"Tum Hi Ho (From ""Aashiqui 2)",Arijit Singh,4YRxDV8wJFPHPTeXepOstw,7LfIX3DCzl3AtGJWlCKOKK,https://i.scdn.co/image/ab67616d00001e022d2263486e48ab1b41ae2466
2026-07-29,in,India,62,–,"Haareya (From ""Meri Pyaari Bindu "")",Sachin-Jigar; Arijit Singh; Priya Saraiya,1mBydYMVBECdDmMfE2sEUO; 4YRxDV8wJFPHPTeXepOstw; 6q29t5RuXxlBuqIZsOMQss,678JJ0TF3KFkzw6bIFKcew,https://i.scdn.co/image/ab67616d00001e02f2607ce870ebc75e030e0224
2026-07-29,in,India,63,3,Jeena Jeena,Sachin-Jigar; Atif Aslam,1mBydYMVBECdDmMfE2sEUO; 2oSONSC9zQ4UonDKnLqksx,5lKE040hUfDAKOR8HLG92p,https://i.scdn.co/image/ab67616d00001e02972a8fa058a13f91a1a46850
2026-07-29,in,India,64,4,"Kaise Hua (From ""Kabir Singh"")",Vishal Mishra; Manoj Muntashir,5wJ1H6ud777odtZl5gG507; 4cAERazLlAzVGA10ORWaUP,1y1rQTkWmrZdJmjwuK07GC,https://i.scdn.co/image/ab67616d00001e02ce1f4349305971b5beb75fcd
2026-07-29,in,India,65,20,Jhol,Maanu; Annural Khalid,3scNK8e4mqnP6Rb8a3lwZY; 1nCZUpBIcyOxufOx0lPeIW,4XTgFBxBHN6var1BzAgE1m,https://i.scdn.co/image/ab67616d00001e02da7d1408f8e776063963572f
2026-07-29,in,India,66,5,Tu Jaane Na,Pritam; Atif Aslam,1wRPtKGflJrBx9BmLsSwlU; 2oSONSC9zQ4UonDKnLqksx,4iFPsNzNV7V9KJgcOX7TEO,https://i.scdn.co/image/ab67616d00001e02a200135a2008410280695cb3
2026-07-29,in,India,67,–,"Channa Ve - From ""Bhoot - Part One: The Haunted Ship""",Akhil Sachdeva; Mansheel Gujral,3TOhzLRYnkkul71yRBxIoM; 7zfceKY7I04Tc0J2o7043h,2Z6HgNji9cNlFLNORw6wDQ,https://i.scdn.co/image/ab67616d00001e02d3c06cabe1f80f26d369c5ba
2026-07-29,in,India,68,13,Maahi,Shaarib Toshi; Toshi Sabri; Sayeed Quadri,0FJz7XR37hH69traaHLijA; 0Dr1dEmiBkgZWPsc1j5oHV; 2pGRniGOJSOvYoK3dGaBb8,4bIQXffbALkCC0Xo6aTicP,https://i.scdn.co/image/ab67616d00001e02bf8dad28cba0f3680ee29364
2026-07-29,in,India,69,16,Be Intehaan,Atif Aslam; Sunidhi Chauhan; Pritam,2oSONSC9zQ4UonDKnLqksx; 3eDT9fwXKuHWFvgZaaYC5v; 1wRPtKGflJrBx9BmLsSwlU,04y4IqZt14y7k7pXYE19Zy,https://i.scdn.co/image/ab67616d00001e02af932ac943c7afa6b74659f7
2026-07-29,in,India,70,20,"Ve Junoon (From ""Awarapan 2"")",Mithoon; Sayeed Quadri; Subodhh Sharma,09UmIX92EUH9hAK4bxvHx6; 2pGRniGOJSOvYoK3dGaBb8; 1dWf4FUHnUgKHkSNmPofYx,0jfPsVkuCCqz8A9vDkWkMr,https://i.scdn.co/image/ab67616d00001e021a568abd5067022fe3818ca2
2026-07-29,in,India,71,13,Yeh Fitoor Mera,Amit Trivedi; Arijit Singh,7HCqGPJcQTyGJ2yqntbuyr; 4YRxDV8wJFPHPTeXepOstw,7kvLAPEnEPlSbhZDlHFv0p,https://i.scdn.co/image/ab67616d00001e02b99c0e6b9bf5ba4da74e816d
2026-07-29,in,India,72,–,Tujhko - From “Cocktail 2”,Pritam; Arijit Singh; Sunidhi Chauhan; Amitabh Bhattacharya,1wRPtKGflJrBx9BmLsSwlU; 4YRxDV8wJFPHPTeXepOstw; 3eDT9fwXKuHWFvgZaaYC5v; 2fMqTqiTxUDlmcOEPaQSsx,34brecMr3yWUJFPcwrAhax,https://i.scdn.co/image/ab67616d00001e02adb1a15b21a4b9728285ca94
2026-07-29,in,India,73,3,"Pal Pal Dil Ke Paas - From ""Blackmail""",Kishore Kumar,0GF4shudTAFv8ak9eWdd4Y,664I8QIKG0n14vGbRSrGYj,https://i.scdn.co/image/ab67616d00001e02a3249c6d32f69eb242c0cc46
2026-07-29,in,India,74,29,"Bekhayali (From ""Kabir Singh"")",Sachet Tandon; Sachet-Parampara,6WOdPJmexxFINcKMkP2jMG; 1SyKki7JI1AZNKwgNMkn25,1feANd8EfcDP5UqSvbheM3,https://i.scdn.co/image/ab67616d00001e0290d98409f70719daa0dc0421
2026-07-29,in,India,75,29,Aashiq Tera,Sohail Sen; Altamash Faridi,1bTROl5p3rGTpvKeWnGgrw; 38IHJBGBuaYXHEkIQd4DtF,7FwYs4qSJCJi2Hd6ZV8Q3M,https://i.scdn.co/image/ab67616d00001e0211b260e5bfa1590dc2f3449a
2026-07-29,in,India,76,2,Ishqa Ve,Zeeshan Ali; Yuvraj Tung; Sandeep Aulakh; Honey Dhillon,1Bz46nDCMO1UOKp9GJjL92; 7yqoq4MWdw2ZNyAKDqH0fE; 3allL5EVHCpBzNZHN2JCc5; 0d4qS5KvrIwi0l5OMiftsH,0febwTwLDSZzrt46i1RBF5,https://i.scdn.co/image/ab67616d00001e020cfff15d92e2acb5a4b45ef5
2026-07-29,in,India,77,42,Taare,Farak; 10A; Saswat Balan,1gbYkP3zeoGen1itU6pO9a; 1qAdkJbLIPX8QCtNh6EJMh; 32usn7ItgyYDjproXWuZMz,2iVj11OdEBNIGUv9f7jGPK,https://i.scdn.co/image/ab67616d00001e02a81b61a834db74333eb53a2e
2026-07-29,in,India,78,8,Zara Sa,Pritam; KK; Sayeed Quadri,1wRPtKGflJrBx9BmLsSwlU; 4fEkbug6kZzzJ8eYX6Kbbp; 2pGRniGOJSOvYoK3dGaBb8,18YHbIhrleUkKKj2DvEp79,https://i.scdn.co/image/ab67616d00001e02727d531901c07a499498c544
2026-07-29,in,India,79,9,Ishq Sufiyana (Male),Vishal-Shekhar; Kamal Khan,6Mv8GjQa7LKUGCAqa9qqdb; 01DlVvmRpQFutrYzh0HmF8,5zcfnScTSFGCHGY1yeXWke,https://i.scdn.co/image/ab67616d00001e0254ab341c139cfe4dc15d2d39
2026-07-29,in,India,80,2,Husn,Anuv Jain,4gdMJYnopf2nEUcanAwstx,0TL0LFcwIBF5eX7arDIKxY,https://i.scdn.co/image/ab67616d00001e020d3449f333a83a25feb423f8
2026-07-29,in,India,81,13,Jeene Laga Hoon,Sachin-Jigar; Atif Aslam; Shreya Ghoshal,1mBydYMVBECdDmMfE2sEUO; 2oSONSC9zQ4UonDKnLqksx; 0oOet2f43PA68X5RxKobEy,3t3wsY5IdLVzB9WidegJSU,https://i.scdn.co/image/ab67616d00001e02cab73e6ac9bf4bf3c6931570
2026-07-29,in,India,82,13,Andaaz e Karam,Madhur Sharma; Moin; ER,2kfi47LWmlXzQ3p3kWonfQ; 7xgtUknw8tyUhWkSnMjhti; 7uhWXYh7CNH1M9Dwko8qll,0qheD9ZwdmVKu5ktHXFbb0,https://i.scdn.co/image/ab67616d00001e029e012a63ed996813dff3435e
2026-07-29,in,India,83,10,Phir Mohabbat,Mohammed Irfan; Arijit Singh; Saim Bhat; Mithoon; Sayeed Quadri,6QtJ6BVdj43aDpgjnVp2tY; 4YRxDV8wJFPHPTeXepOstw; 0HIpVOzrDwqiI5wP56soMK; 09UmIX92EUH9hAK4bxvHx6; 2pGRniGOJSOvYoK3dGaBb8,2b2HutIDmoeBnnKRWDLAtV,https://i.scdn.co/image/ab67616d00001e022432edc97b465e6db54d356b
2026-07-29,in,India,84,15,"Bandhu 2.0 (From ""Cocktail 2"")",Pritam; Kavita Seth; Neeraj Shridhar; Irshad Kamil,1wRPtKGflJrBx9BmLsSwlU; 3nQ125TJobosBH446Dsvvv; 3tHD07u1ON4uHxmnT9rwqZ; 3GdSQUH1BRtl9UrrtuwJlP,4qnFfsCaMe2Nsg1VfFPxq9,https://i.scdn.co/image/ab67616d00001e02f636f602313d09930701de59
2026-07-29,in,India,85,9,Baarishein,Anuv Jain,4gdMJYnopf2nEUcanAwstx,3WLJ7D5kh44K5eJ1NqZQ6W,https://i.scdn.co/image/ab67616d00001e02d8ca783fa570b57e082f4374
2026-07-29,in,India,86,9,Jackpot,Cheema Y; Gur Sidhu,0uOUeC51AxGnP6hB8gurwt; 0QntOArZgiNHoemAzwJPu5,0JOAMHwHFGKbPOwfM26fL7,https://i.scdn.co/image/ab67616d00001e02db055ba83d3809eec4c86527
2026-07-29,in,India,87,13,Kaho Na Kaho,Anu Malik; Amir Jamal,71hjb5G92mGoKRSAW3Cj00; 6fjlehmqzeqeDmRwnbvapd,3zH1P7gc5petyL0sYCF67K,https://i.scdn.co/image/ab67616d00001e02ff6b439f8e29ce783311431b
2026-07-29,in,India,88,9,"Tainu Khabar Nahi - From ""Munjya""",Sachin-Jigar; Arijit Singh,1mBydYMVBECdDmMfE2sEUO; 4YRxDV8wJFPHPTeXepOstw,5npFBWhVs3VVlc0nY5xQMA,https://i.scdn.co/image/ab67616d00001e0267a876fee5cd00ed0f395a9e
2026-07-29,in,India,89,8,Sun Saathiya,Divya Kumar; Priya Saraiya,0NErdIJtuKBjtxKmlqaWdj; 6q29t5RuXxlBuqIZsOMQss,5a2Hoi1wuhCA6Ob7pbOlpW,https://i.scdn.co/image/ab67616d00001e024634da1d297644a35619f4fc
2026-07-29,in,India,90,2,High On You,Jind Universe,5KmFbbptaZhEtmMibvibUE,2eqUVYJVnlDs8PgOtuOlJm,https://i.scdn.co/image/ab67616d00001e02d968dc9090c04aef184ab00f
2026-07-29,in,India,91,7,Saibo,Sachin-Jigar; Shreya Ghoshal; Tochi Raina,1mBydYMVBECdDmMfE2sEUO; 0oOet2f43PA68X5RxKobEy; 6k6dimE4a6OFnD0HWmkIUW,2dDHtDrDaxTB7QR6EoCSne,https://i.scdn.co/image/ab67616d00001e02b85d870860408d980b9d3e32
2026-07-29,in,India,92,17,Vaaroon,Anand Bhaskar; Romy; Ginny Diwan,4aykldlxvwj6cRQfhbfNMO; 0bRPtPZQkWHeG7MGk9eWlh; 4EZ6GDVebknxx5Funcp0X2,4sgYmcu4FKb1ZC6qBlxMiw,https://i.scdn.co/image/ab67616d00001e02c33c23574fba0d4f630ca8c5
2026-07-29,in,India,93,13,Naal Nachna,Shashwat Sachdev; Afsana Khan; Irshad Kamil; Reble,465OXuCU8YZNmVG1leLwQ9; 4z0z82pXirH1TrygipQlOo; 3GdSQUH1BRtl9UrrtuwJlP; 3MsxNLVtDVGxjEaxgKAoi0,2nnDPEbNxnBKq5RG6sObTg,https://i.scdn.co/image/ab67616d00001e027838ccbef3fb712228e23fc5
2026-07-29,in,India,94,15,Safar,Bayaan; Sherazam,3atMq790wQ7IqjeSO0HFeP; 36BLIKK4GrUzHNiM1t5dqN,51Ggv32i87ei9RYT0mkcVY,https://i.scdn.co/image/ab67616d00001e02dace28f8bd8585a21fc58088
2026-07-29,in,India,95,20,Toota Jo Kabhi Tara,Sumedha Karmahe; Atif Aslam,4MEdY6uFLSNWHq4kKrDx4j; 2oSONSC9zQ4UonDKnLqksx,2xLaYf6XYIFz3tuUJjELAs,https://i.scdn.co/image/ab67616d00001e028808ea1ba2cfba519e797a14
2026-07-29,in,India,96,5,Pehli Dafa,Atif Aslam; Shiraz Uppal; Shakeel Sohail,2oSONSC9zQ4UonDKnLqksx; 7DcUua74PM7MmBljTTjIyy; 50tVmZsA8fsA1Bo5VUcOcA,4Tkb7zsDmsawB7S5TpKQV1,https://i.scdn.co/image/ab67616d00001e02afd2bc3f876235be94c0d36d
2026-07-29,in,India,97,18,"Tujhe Kitna Chahne Lage (From ""Kabir Singh"")",Arijit Singh; Mithoon,4YRxDV8wJFPHPTeXepOstw; 09UmIX92EUH9hAK4bxvHx6,2Fv2injs4qAm8mJBGaxVKU,https://i.scdn.co/image/ab67616d00001e02ba03ff79dad25f7c3542382f
2026-07-29,in,India,98,9,Raga of Revenge,Anirudh Ravichander,4zCH9qm4R2DADamUHMCa6O,6bbJpVAKx6JPAKaMFmaxvC,https://i.scdn.co/image/ab67616d00001e02b90520d9172e8beeaeb6449b
2026-07-29,in,India,99,6,Humnava Mere,Jubin Nautiyal; Rocky - Shiv; Manoj Muntashir; Rocky Khanna,1tqysapcCh1lWEAc9dIFpa; 5Obu9ifz8EKdm0uL5CvgUY; 4cAERazLlAzVGA10ORWaUP; 706HpBx83UlG2Shf6zTnSC,0loZn1c5heXie7OAtvK6nH,https://i.scdn.co/image/ab67616d00001e02c1cd18ce264a99c525dd88f5
2026-07-29,in,India,100,1,Toh Phir Aao - Original Version,Pritam; Mustafa Zahid; Sayeed Quadri,1wRPtKGflJrBx9BmLsSwlU; 71oGOxg5ez52Hh1Ye41A98; 2pGRniGOJSOvYoK3dGaBb8,10rTRsKQDEke6Dd1Qj57Jd,https://i.scdn.co/image/ab67616d00001e028f2706d41aa1ec24c04135ba
2026-07-29,in,India,101,14,Tu Hi Haqeeqat,Pritam; Javed Ali; Irshan Ashraf; Shadab; Sayeed Quadri,1wRPtKGflJrBx9BmLsSwlU; 4W91bbPB2CTSsHwt7eqNl7; 5OG0IXzIqYPB67VMlEJOo0; 0NeoPmJb4LMYLHhX8OVaNA; 2pGRniGOJSOvYoK3dGaBb8,3OLFqbd9ZeVjaUKTiaLsD6,https://i.scdn.co/image/ab67616d00001e02bcb8ec035de7b2dda0f74660
2026-07-29,in,India,102,16,"Humdard (From ""Ek Villain"")",Arijit Singh,4YRxDV8wJFPHPTeXepOstw,5ZGtdGwdocDZDniXHkmnVA,https://i.scdn.co/image/ab67616d00001e027569cbe3695608074d9fd389
2026-07-29,in,India,103,7,Tera Hone Laga Hoon,Pritam; Atif Aslam; Alisha Chinai,1wRPtKGflJrBx9BmLsSwlU; 2oSONSC9zQ4UonDKnLqksx; 4mBxoO0pAcMbAwuTcrcLMc,0dLbrlAVPPjpPqnYfmJsWk,https://i.scdn.co/image/ab67616d00001e02a200135a2008410280695cb3
2026-07-29,in,India,104,16,Fakira,Vishal-Shekhar; Sanam Puri; Neeti Mohan,6Mv8GjQa7LKUGCAqa9qqdb; 5kiKQJrz4BT7vFWVECAmHH; 3ZxZ03fj3tXBZHZWzvaLSM,6zfKeRGBzsk6EnJnpoDd6I,https://i.scdn.co/image/ab67616d00001e021500ba98cfa8ee9dd2d4c7de
2026-07-29,in,India,105,31,Sahiba,Jasleen Royal; Stebin Ben; Vijay Deverakonda; Radhikka Madan; Priya Saraiya; Aditya Sharma,74OaRjmyh0XyRZsQQQ5l7c; 1UAzmnFgjizIDvtHvnCdEq; 3k1eCPRO0dE0Q9YsRfh4vn; 2zkXEdYr7MxUFhS9xF48UB; 6q29t5RuXxlBuqIZsOMQss; 70RAfkLNWG5J2bsnJqBpLQ,4ulroyDK6rN73nVkCkWhur,https://i.scdn.co/image/ab67616d00001e02eb2d8a0e6f6f4626af5f66f7
2026-07-29,in,India,106,16,Tera Chehra,Himesh Reshammiya; Arijit Singh,0sSxphmGskGCKlwB9xa6WU; 4YRxDV8wJFPHPTeXepOstw,0fU73va0bnroitbOzudBU4,https://i.scdn.co/image/ab67616d00001e02113ce0ecfc878bbbe4268916
2026-07-29,in,India,107,17,"Itni Si Baat Hain (From ""Azhar"")",Arijit Singh; Antara Mitra,4YRxDV8wJFPHPTeXepOstw; 2UwDJeoMqYers5Jmm75zm2,55TlMMnPJTk9Qq6CrqB6dx,https://i.scdn.co/image/ab67616d00001e027569cbe3695608074d9fd389
2026-07-29,in,India,108,57,"Yeh Awarapan (From ""Awarapan 2"")",Amaal Mallik; Arijit Singh; Rashmi Virag,76fuWYgIf3TVIopTs3vaJ6; 4YRxDV8wJFPHPTeXepOstw; 5r2baeTwcCJnuIsDIlxUJo,45WZToFfKWqeN8A9GyBETB,https://i.scdn.co/image/ab67616d00001e02ae297b91f4acf9498de50a98
2026-07-29,in,India,109,5,Zigane,Dhanda Nyoliwala; Shevv,2rN8LHqK4TBI7y3d9POvJb; 2EQoFz6owAP4ATr5hGFRok,187plAI0yXdIlU0srDPt18,https://i.scdn.co/image/ab67616d00001e02853bd5bf7c87e7cc19f339de
2026-07-29,in,India,110,3,On The Floor,Jennifer Lopez; Pitbull,2DlGxzQSjYe5N6G9nkYghR; 0TnOYISbd1XYRBk9myaseg,3C0nOe05EIt1390bVABLyN,https://i.scdn.co/image/ab67616d00001e02d7b2aa3834b82b1cbe899a48
2026-07-29,in,India,111,21,Lae Dooba,Sunidhi Chauhan; Manoj Muntashir,3eDT9fwXKuHWFvgZaaYC5v; 4cAERazLlAzVGA10ORWaUP,4x4yd51V2SFlaZJXCuT05R,https://i.scdn.co/image/ab67616d00001e02b07f05b2c677061a6bd4ea00
2026-07-29,in,India,112,44,Bin Tere,Vishal-Shekhar; Shafqat Amanat Ali; Sunidhi Chauhan,6Mv8GjQa7LKUGCAqa9qqdb; 5SuRAj1A9FEHj5NxS86YAm; 3eDT9fwXKuHWFvgZaaYC5v,3bZPdEskcnMdepwCaDSJRl,https://i.scdn.co/image/ab67616d00001e021992dd7b33baf5887ea4a1ec
2026-07-29,in,India,113,5,Hasi - Male Version,Ami Mishra; Kunaal Vermaa,5ugsiK49gIkIVh8U93EO0z; 52XgeWw24o4klNdfwvB0Vx,32765xcLM1fd6wQIpkN9A0,https://i.scdn.co/image/ab67616d00001e02051fe40d22813af67a3391d7
2026-07-29,in,India,114,12,Oorum Blood,Sai Abhyankkar; Paal Dabba; Bhumi; Deepthi Suresh,5jJrJU7VVmxQQLcLAmmxXc; 0cQJg3qKYiogK9Qj1H0Qpx; 6ze415xN4HqPmAhj1P4pRl; 4PY2xnTu90K0hvkgcljRJl,4pCXTYAPgdzMTCsDdDwjy3,https://i.scdn.co/image/ab67616d00001e02712a8e87fa2daf05e7d1ce8c
2026-07-29,in,India,115,33,Dil Ibaadat,Pritam; KK; Sayeed Quadri,1wRPtKGflJrBx9BmLsSwlU; 4fEkbug6kZzzJ8eYX6Kbbp; 2pGRniGOJSOvYoK3dGaBb8,3Kl8p2PxVf8eAayLwTxOIm,https://i.scdn.co/image/ab67616d00001e02bcb8ec035de7b2dda0f74660
2026-07-29,in,India,116,6,KALYANI,ARJN; KDS; FIFTY4; RONN,5j2JTk8JqepIgv1zxYOuIi; 41opZo9bHh8CZoIdR3IgP7; 1NApv6DzDP19uLuxJ0CuuP; 6jw1jO7iGLcrQyXL1Ia0IW,2Uyj6K6mSaFTZsPvov415i,https://i.scdn.co/image/ab67616d00001e028c681e9dd49d13f7d223f8bf
2026-07-29,in,India,117,6,Raavana Mavandaa,Anirudh Ravichander; Vivek,4zCH9qm4R2DADamUHMCa6O; 25Pa1Vz1ZuTHmXPiYeMcgx,0uwCHmQINLQI1cuGvHKCt3,https://i.scdn.co/image/ab67616d00001e02b175576e0565a880424bc9a1
2026-07-29,in,India,118,35,Tu Hi Mera,Pritam; Shafqat Amanat Ali; Sayeed Quadri,1wRPtKGflJrBx9BmLsSwlU; 5SuRAj1A9FEHj5NxS86YAm; 2pGRniGOJSOvYoK3dGaBb8,1CVqr5LImdmJ1Upt4z08Pm,https://i.scdn.co/image/ab67616d00001e0271da5e89467bd75d2ed9f1fa
2026-07-29,in,India,119,7,Kalank - Title Track,Pritam; Arijit Singh,1wRPtKGflJrBx9BmLsSwlU; 4YRxDV8wJFPHPTeXepOstw,7G5wpuR61ABrT7R1snos7C,https://i.scdn.co/image/ab67616d00001e029eb6c1861d8c058e7052df1e
2026-07-29,in,India,120,5,Banjaara,Mohammed Irfan; Mithoon,6QtJ6BVdj43aDpgjnVp2tY; 09UmIX92EUH9hAK4bxvHx6,4eFnk661RcdOuH9ajiTO3j,https://i.scdn.co/image/ab67616d00001e02a2ef89ae0f8d1848081c1449
2026-07-29,in,India,121,15,Dhurandhar - Title Track,Shashwat Sachdev; Hanumankind; Jasmine Sandlas; Sudhir Yaduvanshi; Charanjit Ahuja; Muhammad Sadiq; Ranjit Kaur; Babu Singh Maan,465OXuCU8YZNmVG1leLwQ9; 4nVa6XlBFlIkF6msW57PHp; 0mJDQBWytBhOh5JB1DOQ1c; 586UieDtNlK2F8hEMayYbb; 5jI1jiicLnii7yjSbAj9xj; 0Wrp7P9HV2JVEKAzU3tLSD; 2RB4eCNO29DoHWqjLtPAFY; 0CrZKzYlBaQEXqXGNduM4d,5xKr4HfdnYLMDmAJZkOuBc,https://i.scdn.co/image/ab67616d00001e027838ccbef3fb712228e23fc5
2026-07-29,in,India,122,5,Jaan Se Guzarte Hain,Shashwat Sachdev; Khan Saab; Nusrat Fateh Ali Khan,465OXuCU8YZNmVG1leLwQ9; 5Uo28tAylVBPPW2Cs8LFwN; 5HcunTidTUrOaf8V0iJcvl,4aWTPC6cuebk9zSpW1PY1Y,https://i.scdn.co/image/ab67616d00001e024c3eeb98521e02693a46d6db
2026-07-29,in,India,123,46,Sadi Sun,Harsh Nussi,3i0OAds0OcYLQl3uuJsaKy,6tFOIy09JZJqwPXck71b21,https://i.scdn.co/image/ab67616d00001e0255ffc6425fc8ea48795374a1
2026-07-29,in,India,124,10,Haseen,Talwiinder; NDS; Rippy Grewal,6QoCrBHsojKnOrsGNfRcTN; 5xh6szshoZ0UfZD1x6QzZG; 1RaZAbVB4yopz69N1XlZvj,08GYLNhKthS3arMdXsveRI,https://i.scdn.co/image/ab67616d00001e0205be603d0ab07ff5b195554e
2026-07-29,in,India,125,20,"Ajab Si (From ""Om Shanti Om"")",KK,4fEkbug6kZzzJ8eYX6Kbbp,6pP4YH81WuWHvAwyRvAu8Y,https://i.scdn.co/image/ab67616d00001e02f99cb6f65e480ac900fe3100
2026-07-29,in,India,126,10,Starboy,The Weeknd; Daft Punk,1Xyo4u8uXC1ZmMpatF05PJ; 4tZwfgrHOc3mvqYlEYSvVi,7MXVkk9YMctZqd1Srtv4MB,https://i.scdn.co/image/ab67616d00001e024718e2b124f79258be7bc452
2026-07-29,in,India,127,60,Samjho Na,Aditya Rikhari,3ozYqVCLohfpXIhalkhM8D,1d5lpW3gUyq537iuyrb9Lf,https://i.scdn.co/image/ab67616d00001e0261589325f2ee1797c6527512
2026-07-29,in,India,128,13,Paaro,Aditya Rikhari,3ozYqVCLohfpXIhalkhM8D,0hFkx6EoIRvNmEVXQIIJtk,https://i.scdn.co/image/ab67616d00001e020961aa2e7a0495294eb329e3
2026-07-29,in,India,129,8,Ishq Di Baajiyaan,Shankar-Ehsaan-Loy; Diljit Dosanjh,0L5GV6LN8SWWUWIdBbTLTZ; 2FKWNmZWDBZR4dE5KX4plR,7AAap8D4C4pTyNoMkM9vjG,https://i.scdn.co/image/ab67616d00001e02769fdad411a4492e2f63f76e
2026-07-29,in,India,130,7,Mann Ki Lagan,Rahat Fateh Ali Khan,3OLGltG8UPIea8sA4w0yg0,0s8fGVzyn6URNrUVwCE3dV,https://i.scdn.co/image/ab67616d00001e026278f616cbba4e3d1deb30e4
2026-07-29,in,India,131,11,Headliner,Navaan Sandhu; Haakam,6PdJJhJWHFRtoERTQ8JGq1; 1gPdNRLkL8J1nZrck72moJ,6USFWgoM3skctkeaKAsHEd,https://i.scdn.co/image/ab67616d00001e02c6938397eb1e5cb7ba59f09a
2026-07-29,in,India,132,5,Pal Pal,Afusic; AliSoomroMusic,1pS0qiLG23HMMLFwsQALKx; 2hXbxDaLthfodvgEpP6Xpm,4LMlVCXHJtCE9abhmn0mYo,https://i.scdn.co/image/ab67616d00001e0285c5968be0d0d9c545241124
2026-07-29,in,India,133,25,Baarish,Shashaa Tirupati; Ash King,12CpR4SNDzVIlDoPSeNFeW; 1cfG7UM0OD4O1II1nd15Qo,5VCHlKKMHwlZ7aS3b3HKzW,https://i.scdn.co/image/ab67616d00001e02bfe420f6adf55990db500a2e
2026-07-29,in,India,134,21,Soch Na Sake,Amaal Mallik; Arijit Singh; Tulsi Kumar,76fuWYgIf3TVIopTs3vaJ6; 4YRxDV8wJFPHPTeXepOstw; 0T1CMVkqffHlqEk4BcAph1,6mTvwBzWTGDOVeCNQEqtOE,https://i.scdn.co/image/ab67616d00001e026b047c1401c8c18a54e4377d
2026-07-29,in,India,135,–,Kashish,Ashish Bhatia; Omkar Singh; Kashish Ratnani,2msR4dHmBiBa99uLmuqFFk; 6dk4snfeN31dQDbb03Wmmr; 5maYabmLqXL3Y5fhFaD3zk,3anHs4ijBd3Iw0E0fBPwtH,https://i.scdn.co/image/ab67616d00001e0278a554c1a4571acbeb8d4cf0
2026-07-29,in,India,136,6,"Raanjhanaa (From ""Raanjhanaa"")",A.R. Rahman; Jaswinder Singh; Shiraz Uppal,1mYsTxnqsietFxj1OgoGbG; 2IP4wcE4hRbDi1zdV8Si6g; 7DcUua74PM7MmBljTTjIyy,5OMUXgfXsSukZ0zxelpC3b,https://i.scdn.co/image/ab67616d00001e020c556f210b927ca230f32241
2026-07-29,in,India,137,9,Woh Lamhe Woh Baatein,Roop Kumar Rathod; Mithoon; Naresh Sharma; Atif Aslam,03SZmfKAgYRQKUwy0EoJUa; 09UmIX92EUH9hAK4bxvHx6; 3nFgnEel499wKuPnnSlPs3; 2oSONSC9zQ4UonDKnLqksx,2jw1vFPJnVSjywctRTpVeO,https://i.scdn.co/image/ab67616d00001e02df81def5f819407f1ddf2c30
2026-07-29,in,India,138,4,Karuppa Kooda Va,Sai Abhyankkar; V.M. Mahalingam; Pa. Vijay,5jJrJU7VVmxQQLcLAmmxXc; 6mHtkNCvRoFV9XMzvjSF1u; 1dg4azP3LshEhi3moXgJQv,0otC5nlgJZ27Q38AA8z6zj,https://i.scdn.co/image/ab67616d00001e0296692a4abb1d828ca444db71
2026-07-29,in,India,139,4,Main Rang Sharbaton Ka,Atif Aslam; Chinmayi; Pritam,2oSONSC9zQ4UonDKnLqksx; 5UJ2sHO2ELrgW6aXeRLTQQ; 1wRPtKGflJrBx9BmLsSwlU,2IEhtVeM9TVql8fZdKdlo9,https://i.scdn.co/image/ab67616d00001e02af932ac943c7afa6b74659f7
2026-07-29,in,India,140,11,Mitwa,Shankar-Ehsaan-Loy; Shankar Mahadevan; Caralisa Monteiro; Shafqat Amanat Ali,0L5GV6LN8SWWUWIdBbTLTZ; 1SJOL9HJ08YOn92lFcYf8a; 2Yf4MRVpt0rcAd5y5h5ph1; 5SuRAj1A9FEHj5NxS86YAm,4BTPzhEsyW3blWcxcuhLM0,https://i.scdn.co/image/ab67616d00001e02afbf50bfb7b032b69deabade
2026-07-29,in,India,141,8,Labon Ko,Pritam; KK; Sayeed Quadri,1wRPtKGflJrBx9BmLsSwlU; 4fEkbug6kZzzJ8eYX6Kbbp; 2pGRniGOJSOvYoK3dGaBb8,5WncH5iZ5GFlnXm7jKEXVP,https://i.scdn.co/image/ab67616d00001e024cfe2d352da6d7910961377f
2026-07-29,in,India,142,4,Aaj Se Teri,Amit Trivedi; Arijit Singh,7HCqGPJcQTyGJ2yqntbuyr; 4YRxDV8wJFPHPTeXepOstw,0EwRpK9wY6lHfcJSt82w4x,https://i.scdn.co/image/ab67616d00001e026b652c887eea91470f495eca
2026-07-29,in,India,143,26,Othaiyadi Pathayila,Dhibu Ninan Thomas; Anirudh Ravichander; Arunraja Kamaraj,1QHr8p3h0ayWLaaYK0X6bi; 4zCH9qm4R2DADamUHMCa6O; 3jw6WnDlhrKkNjgcp8JGQe,09Z6o1yu596HJAwWZxTz4m,https://i.scdn.co/image/ab67616d00001e02694a5c48a84156db02c9cbfb
2026-07-29,in,India,144,32,Hawayein,Pritam; Arijit Singh,1wRPtKGflJrBx9BmLsSwlU; 4YRxDV8wJFPHPTeXepOstw,0l6g8Z8mqGbGXFOjigYetD,https://i.scdn.co/image/ab67616d00001e02faa6cbca4fd36358245390f7
2026-07-29,in,India,145,12,Khuda Jaane,Vishal-Shekhar; KK; Shilpa Rao; Anvita Dutt Guptan,6Mv8GjQa7LKUGCAqa9qqdb; 4fEkbug6kZzzJ8eYX6Kbbp; 19LIHDDSHBD5NyYHI3gpzB; 4GEyPR3J4DYvuTRuPJQ0CW,0gPgdRfB4jdGrlyXS0Vx78,https://i.scdn.co/image/ab67616d00001e02a08c7022ea424b2f048b46e9
2026-07-29,in,India,146,1,Thodi Si Daaru,AP Dhillon; Shreya Ghoshal,6LEG9Ld1aLImEFEVHdWNSB; 0oOet2f43PA68X5RxKobEy,3JiLQJmVW7d4O8AQDFB3oj,https://i.scdn.co/image/ab67616d00001e02eb0516ec1c97c3cc97f4cb61
2026-07-29,in,India,147,20,Sunn Raha Hai,Ankit Tiwari; Sandeep Nath,0E02VcvA5p1ndkLdqWD5JB; 6TSxLBGJLhWIuoKv2vAnVx,5PvwPy5eRO8BPwpRzCHK3D,https://i.scdn.co/image/ab67616d00001e026404721c1943d5069f0805f3
2026-07-29,in,India,148,8,Nazm Nazm,Arko,6jf2eKjiPT6P18RbOSLzf0,5nEmHo7MLWWfiE3LR6XP8S,https://i.scdn.co/image/ab67616d00001e02f3e0e15bd1f4b3d025b0e5c9
2026-07-29,in,India,149,18,Pal,Javed-Mohsin; Arijit Singh; Shreya Ghoshal; Kunaal Vermaa; Prashant Ingole,2zvJLk0gTH7r7A5Q6X5Bq8; 4YRxDV8wJFPHPTeXepOstw; 0oOet2f43PA68X5RxKobEy; 52XgeWw24o4klNdfwvB0Vx; 5DNHuR9u8DFVasxQZgREO5,79hQvdTHNBkq2fp2ZrM8b2,https://i.scdn.co/image/ab67616d00001e0291a372450506a59732e145b9
2026-07-29,in,India,150,3,California Love,Cheema Y; Gur Sidhu,0uOUeC51AxGnP6hB8gurwt; 0QntOArZgiNHoemAzwJPu5,610keNiNVTIkYD0CqeSerg,https://i.scdn.co/image/ab67616d00001e027a7cc8411fe9e9e3ac5487f5
2026-07-29,in,India,151,3,Ban Ja Tu,Charan Preet; Badshah,3XpPxH0e3jodx0QyLbHVfD; 0y59o4v8uw5crbN9M3JiL1,1USl5qs5IzNfrUS3sCicNo,https://i.scdn.co/image/ab67616d00001e02e5c835140f84d7cf4c56b275
2026-07-29,in,India,152,15,God Mode,Sai Abhyankkar; Gana Muthu; Vishnu Edavan,5jJrJU7VVmxQQLcLAmmxXc; 2oyLpdrvnRrkgwc48UZFSx; 0EESJaBQY5fiBeQOGvDi3T,5IA1BVN8OKwpCxkgeOR8YM,https://i.scdn.co/image/ab67616d00001e0296692a4abb1d828ca444db71
2026-07-29,in,India,153,13,Piche Tere,Kunwarr,6AnFaupnhQD1Ps8DX7Z7mV,4ZWoJ4tRi74mHHnItB3k9h,https://i.scdn.co/image/ab67616d00001e02a04031934c9580bd317e373c
2026-07-29,in,India,154,36,Qaafirana,Amit Trivedi; Arijit Singh; Nikhita Gandhi,7HCqGPJcQTyGJ2yqntbuyr; 4YRxDV8wJFPHPTeXepOstw; 3tPQOjkxO3mrYrrgkTeXgH,7BCp5hEiiDSmXsxsXkvYff,https://i.scdn.co/image/ab67616d00001e02c65eb44f9039e006247ef8f7
2026-07-29,in,India,155,27,Sanam Re,Mithoon; Arijit Singh,09UmIX92EUH9hAK4bxvHx6; 4YRxDV8wJFPHPTeXepOstw,0CVfovmUv7BnemOyTtOcbL,https://i.scdn.co/image/ab67616d00001e02be42c9c9b63ed5ace22af441
2026-07-29,in,India,156,6,Nallaru Po,Sai Abhyankkar; Tippu; Mohit Chauhan; Vivek,5jJrJU7VVmxQQLcLAmmxXc; 0PykiHCcDsMPRV7s67qZ1B; 5GnnSrwNCGyfAU4zuIytiS; 25Pa1Vz1ZuTHmXPiYeMcgx,0OGCIlWSbpGq1u99jfglFI,https://i.scdn.co/image/ab67616d00001e02712a8e87fa2daf05e7d1ce8c
2026-07-29,in,India,157,2,Tum Hi Ho Bandhu,Pritam; Neeraj Shridhar; Kavita Seth,1wRPtKGflJrBx9BmLsSwlU; 3tHD07u1ON4uHxmnT9rwqZ; 3nQ125TJobosBH446Dsvvv,5MxiAxvsFQIr8JZi8XRntN,https://i.scdn.co/image/ab67616d00001e02347c0ed05d0fc9392c7d883e
2026-07-29,in,India,158,8,Low Fade,Karan Aujla; Mxrci,6DARBhWbfcS9E4yJzcliqQ; 5Us2dsq4VHlfLbKOrskg7K,4CZl2BQkGPIFK99cf6jTAz,https://i.scdn.co/image/ab67616d00001e027be686dc1febf2f2957c1fce
2026-07-29,in,India,159,20,Paro,Aditya Rikhari; UNPLG'd,3ozYqVCLohfpXIhalkhM8D; 3gKTtA1BK4pq1IIHXAyvgO,6nRGPf5tpeJtKpXZO5cgIT,https://i.scdn.co/image/ab67616d00001e025fe9856a449aab589c06b6c8
2026-07-29,in,India,160,7,Bairi,Virat; Pradeep Solanki; Heena; Miss Parul,3uHCE9eimH5dJx7TLslsmE; 5kD46P0iLqWZtITQB9nmAn; 1mgNO6u7VjkWz3wWD7ZnkF; 4dv0ujc6bKpBEEBj7XPUtl,1GfcRba0wGXDTtT4r8C65Z,https://i.scdn.co/image/ab67616d00001e02d5e938b81196c3f19b78dce9
2026-07-29,in,India,161,28,Malang Sajna,Sachet Tandon; Parampara Tandon; Kumaar; Sachet-Parampara,6WOdPJmexxFINcKMkP2jMG; 1E6arsXf5Fgsnv9YpSzjpE; 0m3D4grap8VFSzbJMqgNVk; 1SyKki7JI1AZNKwgNMkn25,73K33p4Vyz9koXGqmL5eFs,https://i.scdn.co/image/ab67616d00001e02b7db9426744019889da8a856
2026-07-29,in,India,162,Re-Entry,Ishq Hai,Anurag Saikia; Raj Shekhar; Romy; Amarabha Banerjee; Varun Jain; Madhubanti Bagchi; Mismatched - Cast,6hzngLO20cX5IGqT0hVv1G; 2DFCHTDIA0t638a4mm37dK; 0bRPtPZQkWHeG7MGk9eWlh; 2780kFYuvbwSLPJZ5faEDw; 4gzrZDyL5gYiROkv27pYKx; 4ojkMVHjuDZgDXSJy5qs2h; 0NbgKDsEHiPzZBZkqZGkXm,3vCzLB6kS2lGcIpm1OOUsy,https://i.scdn.co/image/ab67616d00001e0279f4a87c23143f0abb14c279
2026-07-29,in,India,163,61,"Pal Pal Dil Ke Paas - Title Track - From ""Pal Pal Dil Ke Paas""",Arijit Singh; Parampara Thakur; Sachet-Parampara; Siddharth - Garima,4YRxDV8wJFPHPTeXepOstw; 3BgdtJXnzcGLt7DSKe6Qmr; 1SyKki7JI1AZNKwgNMkn25; 6k6TIai4KyKG1DeIMftSmJ,7DspiNppJdnNx1av4cJfUj,https://i.scdn.co/image/ab67616d00001e02627b5b17cb48f6e6956b842e
2026-07-29,in,India,164,Re-Entry,Not Guilty,Dhanda Nyoliwala,2rN8LHqK4TBI7y3d9POvJb,4YPtkgz40xC5vhLel4uX1D,https://i.scdn.co/image/ab67616d00001e02c7c855476426e5659bceb142
2026-07-29,in,India,165,Re-Entry,"Tum Tak (From ""Raanjhanaa"")",A.R. Rahman; Javed Ali; KIRTI SAGATHIA; Pooja AV,1mYsTxnqsietFxj1OgoGbG; 4W91bbPB2CTSsHwt7eqNl7; 42lH1BZdeeLF5LW02tpKgB; 1Ju3SIITQWtyT3SOnONE40,1wnozUBSe7OMpmZiTPJC5j,https://i.scdn.co/image/ab67616d00001e020c556f210b927ca230f32241
2026-07-29,in,India,166,9,Zara Zara,Bombay Jayashri,5OTt6O4Q22YsqZDaWV6FqC,7wrYBASu0OoxoDErd4Edxd,https://i.scdn.co/image/ab67616d00001e02aedf6f748f73e59cf25bcf25
2026-07-29,in,India,167,3,Dhurandhar The Revenge - Aari Aari,Shashwat Sachdev; Bombay Rockers; Irshad Kamil; Khan Saab; Reble; Token; Jasmine Sandlas; Sudhir Yaduvanshi,465OXuCU8YZNmVG1leLwQ9; 1bLQBuSop3ekE5Qustj5nP; 3GdSQUH1BRtl9UrrtuwJlP; 5Uo28tAylVBPPW2Cs8LFwN; 3MsxNLVtDVGxjEaxgKAoi0; 4cUfFbVZGSsJWdbfmkdxYq; 0mJDQBWytBhOh5JB1DOQ1c; 586UieDtNlK2F8hEMayYbb,157BtwkY54FQ3Xl8DsTso1,https://i.scdn.co/image/ab67616d00001e024c3eeb98521e02693a46d6db
2026-07-29,in,India,168,13,Deewana Kar Raha Hai,Javed Ali,4W91bbPB2CTSsHwt7eqNl7,2tva3nN2kQhBjHMC7Zlty6,https://i.scdn.co/image/ab67616d00001e02e108cdcfc16d1c27220fc8dd
2026-07-29,in,India,169,15,Saiyyan,Kailash Kher; Paresh Kamath; Naresh Kamath,4oVMLzAqW6qhRpZWt8fNw4; 3PgeUFj9oHU4K4RGaITz2f; 79sho4jpEGoCCC51KHnNSJ,37AGZMVr5V8mEMcCmGHroZ,https://i.scdn.co/image/ab67616d00001e02cd3f6c3c2f2aa9b76fe635b1
2026-07-29,in,India,170,13,"Mere Sohneya (From ""Kabir Singh"")",Sachet Tandon; Parampara Tandon; Sachet-Parampara,6WOdPJmexxFINcKMkP2jMG; 1E6arsXf5Fgsnv9YpSzjpE; 1SyKki7JI1AZNKwgNMkn25,2IoZMG3RqiTmsy7Li3zGFg,https://i.scdn.co/image/ab67616d00001e028ae7ce46d1896e3e0fb86e70
2026-07-29,in,India,171,8,"Sajni (From ""Laapataa Ladies"")",Ram Sampath; Arijit Singh; Prashant Pandey,3PpjqSKBer3obW6lDflOBx; 4YRxDV8wJFPHPTeXepOstw; 7vCsTTACb2iT4fvBMnwp5w,5zCnGtCl5Ac5zlFHXaZmhy,https://i.scdn.co/image/ab67616d00001e02d5f4378b1ffc9119fdc7306d
2026-07-29,in,India,172,20,Sailor Song,Gigi Perez,1iCnM8foFssWlPRLfAbIwo,21IYMdzTrzSe191Cy5eMap,https://i.scdn.co/image/ab67616d00001e0249c26270052e1671add569c1
2026-07-29,in,India,173,14,Sajde,Faheem Abdullah; Huzaif Nazar,05etL4pzWd6TSv1x5WrlG3; 7bSCXFT0iT4kcgsAZ6h8Qy,4BGfzLrK6lgvKDjKSU7wrN,https://i.scdn.co/image/ab67616d00001e020de04fd2c7c3bdc0a1d765f5
2026-07-29,in,India,174,Re-Entry,Bulleya,Vishal-Shekhar; Papon; Irshad Kamil,6Mv8GjQa7LKUGCAqa9qqdb; 2FPwX3Gh0w4Qr1v3zSTtcT; 3GdSQUH1BRtl9UrrtuwJlP,3tgdOveYac7YMEAQD9sGLf,https://i.scdn.co/image/ab67616d00001e02b2abfd2439b6c23c3664df87
2026-07-29,in,India,175,5,"Ucha Lamba Kad Forever (From ""Welcome To The Jungle"")",Anand Raj Anand; Vikram Montrose; Rubai; Meggha Bali,5ixQ5hSywFLUaxoaA0uVaH; 0aXLGxJ65wok0y1bVG6flg; 6tBTqKtxRUei3EWE8sl10r; 7oGJfQzTX3UMsN098bd5mF,7J9m7Heb1kdSVdqRgSIDGq,https://i.scdn.co/image/ab67616d00001e0229b2e81fed40b4c95e906e3a
2026-07-29,in,India,176,3,Die With A Smile,Lady Gaga; Bruno Mars,1HY2Jd0NmPuamShAr6KMms; 0du5cEVh5yTK9QJze8zA0C,7so0lgd0zP2Sbgs2d7a1SZ,https://i.scdn.co/image/ab67616d00001e02b0860cf0a98e09663c82290c
2026-07-29,in,India,177,Re-Entry,Kabze,Bintu Pabra; Shiva Choudhary; Sihag Muzik,74L1hcSZY4R6mo3yWNflRe; 3KOSRNy74RLnTAFn0u1tmN; 04XbdTO8fkae4s1ExLeYyC,4zJubmn8R2hYZuhR0CGBIr,https://i.scdn.co/image/ab67616d00001e020c822ead82827e4cbff31b9c
2026-07-29,in,India,178,Re-Entry,Khamoshiyan,Jeet Gannguli; Arijit Singh; Rashmi Virag,2kkQthS9OLpK4UqNWYqoVl; 4YRxDV8wJFPHPTeXepOstw; 5r2baeTwcCJnuIsDIlxUJo,6zCQF5tu7HVwU9shhKqiuF,https://i.scdn.co/image/ab67616d00001e02e46104d82a7ca20d7efc7d97
2026-07-29,in,India,179,4,Afsos,Anuv Jain; AP Dhillon,4gdMJYnopf2nEUcanAwstx; 6LEG9Ld1aLImEFEVHdWNSB,4Qm7r3ImER8S2Ori1gLMAf,https://i.scdn.co/image/ab67616d00001e028537cf974af2c408bdd8e1a6
2026-07-29,in,India,180,36,Dil Diyan Gallan,Atif Aslam,2oSONSC9zQ4UonDKnLqksx,0FBQ4NrrHUbR9kus7rzrOj,https://i.scdn.co/image/ab67616d00001e02f7991610fad937fd9f29f55d
2026-07-29,in,India,181,Re-Entry,Lutt Le Gaya,Shashwat Sachdev; Simran Chaudhary,465OXuCU8YZNmVG1leLwQ9; 6ZAKAA1WQazgmXkq7qks6m,2dQMisG0lyz6Z8J4zYdAsG,https://i.scdn.co/image/ab67616d00001e027838ccbef3fb712228e23fc5
2026-07-29,in,India,182,14,Pani Da Rang - Male,Ayushmann Khurrana; Rochak Kohli,7qHsapL39aTQsPhixtzVvy; 3dN9MQpjIyNxyeRfz4EDZe,0bLCiBR9AOtfp98dk7iCL5,https://i.scdn.co/image/ab67616d00001e020fb8b00733fc3b7ae3105773
2026-07-29,in,India,183,12,Aadat,Jal; Mithoon; Atif Aslam,2f50lwdTtShldrc5JrA5fU; 09UmIX92EUH9hAK4bxvHx6; 2oSONSC9zQ4UonDKnLqksx,2YbKtL9lJBzrjFo4Krld7R,https://i.scdn.co/image/ab67616d00001e02e650df38b751417df3602e82
2026-07-29,in,India,184,10,Jogi,thiarajxtt; Bir,54BjV0qctcWp8xOip7uaJD; 3R1penrqtuKNTeWABjKT5N,1XfBEzVsFJC0X8222Y6unk,https://i.scdn.co/image/ab67616d00001e0218a04f7af1533e15d4c9b1d8
2026-07-29,in,India,185,22,"Shaam O Subah Tu Mera - From ""Gabbar Is Back""",Arijit Singh; Palak Muchhal; Chirantan Bhatt; Manoj Yadav,4YRxDV8wJFPHPTeXepOstw; 3yMmYEklQ7gLOZXEFNd3xr; 1Fp2NbOlCFFrrkc29QbhBC; 0qSfAhYhb7KWEuiLuooBaE,1wx0b8nxhnNZ1gEWMromVg,https://i.scdn.co/image/ab67616d00001e02db17912a8820f893e7edc055
2026-07-29,in,India,186,12,Galliyan,Ankit Tiwari; Manoj Muntashir,0E02VcvA5p1ndkLdqWD5JB; 4cAERazLlAzVGA10ORWaUP,3ySVdXje5nm31d7vL3jNV3,https://i.scdn.co/image/ab67616d00001e02a2ef89ae0f8d1848081c1449
2026-07-29,in,India,187,2,Hamari Adhuri Kahani (Title Track),Jeet Gannguli; Arijit Singh; Rashmi Virag,2kkQthS9OLpK4UqNWYqoVl; 4YRxDV8wJFPHPTeXepOstw; 5r2baeTwcCJnuIsDIlxUJo,3HiobOOpSpMsi95WBKPBYk,https://i.scdn.co/image/ab67616d00001e02051fe40d22813af67a3391d7
2026-07-29,in,India,188,37,Gulabi Aankhen,Sanam,7o7doCwqft91WC690aglWC,1ccZZf0IQi5y0bHMl2aGDF,https://i.scdn.co/image/ab67616d00001e0275093322ba46b40014e6ed17
2026-07-29,in,India,189,12,"Jugraafiya - From ""Super 30""",Udit Narayan; Shreya Ghoshal,70B80Lwx2sxti0M1Ng9e8K; 0oOet2f43PA68X5RxKobEy,2TYxwTH2HhL6OLVkZlsDLV,https://i.scdn.co/image/ab67616d00001e02e76275da5828d6f937c3bcf3
2026-07-29,in,India,190,4,Ranjheya Ve,Zain Zohaib,0M4wzwZKh9SSHkOXYNvQlP,5J9L7IbadCt0ivs9xmNrr0,https://i.scdn.co/image/ab67616d00001e029876c0fe1a80ecdd1668f886
2026-07-29,in,India,191,31,Nashe Si Chadh Gayi,Vishal-Shekhar; Arijit Singh; Caralisa Monteiro; Jaideep Sahni,6Mv8GjQa7LKUGCAqa9qqdb; 4YRxDV8wJFPHPTeXepOstw; 2Yf4MRVpt0rcAd5y5h5ph1; 5kPOMQZvgkAEnRZqwn9SYQ,0biCSADTAblvLTLtJz4pXO,https://i.scdn.co/image/ab67616d00001e02f5dc36d5000145375a41c3b8
2026-07-29,in,India,192,20,Meri Banogi Kya,Rito Riba; Rajat Nagpal,63QHbwCDdJ50C72D4ojeo1; 4yxICw7joYAxRI2sTRldLB,6gprR0rGv59wALbBU7yZkl,https://i.scdn.co/image/ab67616d00001e022ebd3d368294e9c19696299c
2026-07-29,in,India,193,Re-Entry,Deewane,Navaan Sandhu; Bir; Daaku,6PdJJhJWHFRtoERTQ8JGq1; 3R1penrqtuKNTeWABjKT5N; 0Gk0DXsojuXvKXROsCbO0e,0S4PcH3EYQYIeLs6nLOpF1,https://i.scdn.co/image/ab67616d00001e02dc037345b1f3908273425840
2026-07-29,in,India,194,6,I Wanna Be Yours,Arctic Monkeys,7Ln80lUS6He07XvHI8qqHH,5XeFesFbtLpXzIVDNQP22n,https://i.scdn.co/image/ab67616d00001e024ae1c4c5c45aabe565499163
2026-07-29,in,India,195,Re-Entry,"Tu Hain Toh (From ""Mr. And Mrs. Mahi"")",Bunny; Hunny; Sagar,0Or6EukLg1g2fTl08fPz2o; 3VkiCR2nuvfucpvFXdSVtx; 1uY9B9QroF5K8wPyeEO1QN,6egfWbtFFhMToV2DvmEzmo,https://i.scdn.co/image/ab67616d00001e029c5e3a8b63998aa730bb0fbf
2026-07-29,in,India,196,4,Ae Dil Hai Mushkil Title Track,Pritam; Arijit Singh,1wRPtKGflJrBx9BmLsSwlU; 4YRxDV8wJFPHPTeXepOstw,1UWacd8x8tPPwmrPB1MoBI,https://i.scdn.co/image/ab67616d00001e0258397d59e15b5149adf86033
2026-07-29,in,India,197,Re-Entry,Enna Sona,A.R. Rahman; Arijit Singh,1mYsTxnqsietFxj1OgoGbG; 4YRxDV8wJFPHPTeXepOstw,6bdpj89aYEBjhpsenXAsmO,https://i.scdn.co/image/ab67616d00001e027871ae506e494a7722b38962
2026-07-29,in,India,198,Re-Entry,Pehli Nazar Mein,Atif Aslam; Pritam,2oSONSC9zQ4UonDKnLqksx; 1wRPtKGflJrBx9BmLsSwlU,5llaVhaIoowKT3fqf2NfPO,https://i.scdn.co/image/ab67616d00001e02af932ac943c7afa6b74659f7
2026-07-29,in,India,199,–,Champ,Vikram Sarkar; THOUGHT,4naSOUBsPQeISuibs56w6Y; 5GZklBtmZD8WZsLGVbHQqC,7rrNWWMx4rOgiJBOPaSGgA,https://i.scdn.co/image/ab67616d00001e02fe8f0981b33fc7d164cb2f9b
2026-07-29,in,India,200,Re-Entry,O Meri Laila,Atif Aslam; Jyotica Tangri,2oSONSC9zQ4UonDKnLqksx; 5wQDQFm7Ku8WWGi5xqJ9lp,2iphEAAh75lgFRk1DnPJqT,https://i.scdn.co/image/ab67616d00001e02aa37f80ae246aaebf1f67d55
2026-07-29,id,Indonesia,1,–,Sesi Potret,eńau; Ari Lesmana,0agUNq8PH1QSgm88EuhM1u; 3MMDw11m6HJrXlGOE3honc,4xoY4lZNoTjEuHsSmhgF1G,https://i.scdn.co/image/ab67616d00001e02172768978c7f929803ad7e8b
2026-07-29,id,Indonesia,2,–,Teh Hijau,Tulus,2iDVt6mFbtbDEZG5ax0dTi,4R9G7azXaZe93KTX65P9fU,https://i.scdn.co/image/ab67616d00001e02e4086e5f9d79cf18ed601015
2026-07-29,id,Indonesia,3,–,iqro',Raim Laode,5LcNPa8f8bRmZqELgoRFkN,2ImWVGyYTRMi64861WCCcq,https://i.scdn.co/image/ab67616d00001e02a9d1f9b5d3275b0625e13e79
2026-07-29,id,Indonesia,4,–,Dunia Yang Nanti,Raim Laode,5LcNPa8f8bRmZqELgoRFkN,1sVQuuvFDKu6vklPVeiUXT,https://i.scdn.co/image/ab67616d00001e02a9d1f9b5d3275b0625e13e79
2026-07-29,id,Indonesia,5,–,Bersenja Gurau,Raim Laode,5LcNPa8f8bRmZqELgoRFkN,4DrJqdZgPBHoMNVG5iOLlG,https://i.scdn.co/image/ab67616d00001e02a9d1f9b5d3275b0625e13e79
2026-07-29,id,Indonesia,6,2,Jangan Paksa Rindu - Beda,Ifan Seventeen,2vbWy0ntJGJ2H1erLJFMZZ,79tbBuciPV221EozY3RKQv,https://i.scdn.co/image/ab67616d00001e02b1f0e17d6a48da664cbdcbe5
2026-07-29,id,Indonesia,7,1,Ini Abadi,Perunggu,0NbKRRBuiIUwS9irPvi7wD,6v5RJuJ9yhvaXkMXMeMZBw,https://i.scdn.co/image/ab67616d00001e022f6309d853e9a87b7ccb08a1
2026-07-29,id,Indonesia,8,1,Bahagia Lagi,Piche Kota,5zAYPlhV1TirCul0R4NKGM,5tZaKZPJtiHh6teQfVEHB5,https://i.scdn.co/image/ab67616d00001e025bd00b369e89c5cbc74d827b
2026-07-29,id,Indonesia,9,1,kota ini tak sama tanpamu,Nadhif Basalamah,6UgERnTHmjk3qXM9x5vzyO,13CwOTXUgBugeBByE9oIWb,https://i.scdn.co/image/ab67616d00001e02f3e3f888fbfcc916ecce50a9
2026-07-29,id,Indonesia,10,1,everything u are,Hindia,51kyrUsAVqUBcoDEMFkX12,5WOSNVChcadlsCRiqXE45K,https://i.scdn.co/image/ab67616d00001e0205898628baab6ef07a0a4d03
2026-07-29,id,Indonesia,11,2,bergema sampai selamanya,Nadhif Basalamah,6UgERnTHmjk3qXM9x5vzyO,0ql6fgz8qk0pAEKrGeSppJ,https://i.scdn.co/image/ab67616d00001e02f3e3f888fbfcc916ecce50a9
2026-07-29,id,Indonesia,12,1,Ada titik-titik di ujung doa,Sal Priadi,1NjxFrpEGZTV2Ny0OJxeWu,1E7zLPDdqo0OvzVmGj5aoV,https://i.scdn.co/image/ab67616d00001e02686acaaa87bfc6ebb42b3bd2
2026-07-29,id,Indonesia,13,3,Monolog,Pamungkas,7d86ERlvO5UG44j7Va0Y0C,1zu5ZpnrSArdoaT6Qq3yo9,https://i.scdn.co/image/ab67616d00001e023e2cf96ce4558b8f2376b79a
2026-07-29,id,Indonesia,14,2,Jatuh Suka,Tulus,2iDVt6mFbtbDEZG5ax0dTi,6PqWdGIYq5xdLaa4zCZfRp,https://i.scdn.co/image/ab67616d00001e02d34a0632f6861e8875d6899b
2026-07-29,id,Indonesia,15,1,Lesung Pipi,Raim Laode,5LcNPa8f8bRmZqELgoRFkN,4GSwtvjwdbUmb4blyUyCnD,https://i.scdn.co/image/ab67616d00001e02a9d1f9b5d3275b0625e13e79
2026-07-29,id,Indonesia,16,1,Titik Nadir (feat. Monita Tahalea),Kahitna; Monita Tahalea,2WhoMc7XqIzVXWbQqSoqe7; 1xQXTnhREkLm14Wvrogo1g,52m690jqpxP1tHHkRNdl5p,https://i.scdn.co/image/ab67616d00001e025cfcb24701901b0e53ce4fae
2026-07-29,id,Indonesia,17,1,The One That Got Away,Katy Perry,6jJ0s89eD6GaHleKKya26X,2009X8GyWTqyxIdzAEYW6N,https://i.scdn.co/image/ab67616d00001e021d955011a3ed477dc77865ad
2026-07-29,id,Indonesia,18,4,Monokrom,Tulus,2iDVt6mFbtbDEZG5ax0dTi,4GfK1qOF3uBWidbPlTCQRL,https://i.scdn.co/image/ab67616d00001e0271c65edbeed32af70b900637
2026-07-29,id,Indonesia,19,1,Astaga Bercanda,Akbar Chalay; Mingse,0dIJRlr9m4hUwdBYmKUTjW; 7n6UYi8ahl0SOStLqjWf6I,03fkIoNyruY4N2Pa5CqTvv,https://i.scdn.co/image/ab67616d00001e02db45ed33946536fd099548b0
2026-07-29,id,Indonesia,20,1,MMG (My Mine Gueh),Naykilla,79omf4LgzaVAnXIRWPkJUq,2AtJq58CHh4qBUqTpU75vU,https://i.scdn.co/image/ab67616d00001e02671059f40b6662d84ea412d9
2026-07-29,id,Indonesia,21,–,Berapa Kali Kita Akan Saling Memaafkan,Pamungkas,7d86ERlvO5UG44j7Va0Y0C,7c03QS94XIfcetKSNDhUdd,https://i.scdn.co/image/ab67616d00001e027fd11848d664ff0e9a3694b2
2026-07-29,id,Indonesia,22,5,33x,Perunggu,0NbKRRBuiIUwS9irPvi7wD,2pOLzpYmuDlcbTJUXYkPSr,https://i.scdn.co/image/ab67616d00001e022f6309d853e9a87b7ccb08a1
2026-07-29,id,Indonesia,23,1,Penyangkalan,For Revenge,0f6TyESD8E1mD2oLJ4TGv1,5BEaISZ1DicXxN6DJ5kdtg,https://i.scdn.co/image/ab67616d00001e02bf09e5d5661fe469bdf8e622
2026-07-29,id,Indonesia,24,2,Serana,For Revenge,0f6TyESD8E1mD2oLJ4TGv1,0PtJbtW50jcvvswNPn3QGd,https://i.scdn.co/image/ab67616d00001e02322ce4ba8eb959ebee609fd8
2026-07-29,id,Indonesia,25,2,Nina,.Feast,7Gy1PxqrgsiqWF6JNYPHeB,0daEJMXc3b4ZMTnvtHpuTt,https://i.scdn.co/image/ab67616d00001e02c800b90e2092a5328f699117
2026-07-29,id,Indonesia,26,1,Tarot,.Feast,7Gy1PxqrgsiqWF6JNYPHeB,4XHijJfABTtUCW3Bp6KFvr,https://i.scdn.co/image/ab67616d00001e02c800b90e2092a5328f699117
2026-07-29,id,Indonesia,27,29,penjaga hati,Nadhif Basalamah,6UgERnTHmjk3qXM9x5vzyO,6i9Ci0IN1q1GcnhdbKU7kZ,https://i.scdn.co/image/ab67616d00001e0225001f594384ffb7fb952347
2026-07-29,id,Indonesia,28,1,Sedia Aku Sebelum Hujan,Idgitaf,7pFWMC2E7h8eL3SZyHRsRq,64bauCjHAIiDNkcHiOJW1r,https://i.scdn.co/image/ab67616d00001e02ac44521bc2da938d92b422f9
2026-07-29,id,Indonesia,29,6,Kita usahakan rumah itu,Sal Priadi,1NjxFrpEGZTV2Ny0OJxeWu,5Egm9N7FnzsThl1CFXB2mm,https://i.scdn.co/image/ab67616d00001e02686acaaa87bfc6ebb42b3bd2
2026-07-29,id,Indonesia,30,2,Terpukau,Astrid,6GxmlugWFw4hmhUQ5uP93l,0irPA8LmsoQYkqE5I7v3aj,https://i.scdn.co/image/ab67616d00001e0205d8a1a7ebb27bdd2fbdc685
2026-07-29,id,Indonesia,31,4,Mangu,Fourtwnty; Charita Utami,46cVq2dwPgzPE3X1VR9TMj; 48yQuRfvklyupKmridU1du,4e6TmHCC4PRUj75knNplNP,https://i.scdn.co/image/ab67616d00001e0232ab17f5515e51490841f648
2026-07-29,id,Indonesia,32,7,Rumah Ke Rumah,Hindia,51kyrUsAVqUBcoDEMFkX12,2wAiFWjRupWmnDkQcu91MF,https://i.scdn.co/image/ab67616d00001e02d623688488865906052ef96b
2026-07-29,id,Indonesia,33,5,Selamat (Selamat Tinggal),Virgoun; Audy,4bAgr9zaF0bpzVGHdHuf0f; 611ajYp7fMbkU5CYF08tje,5iN2kyMTTkIEogE0DvEbZO,https://i.scdn.co/image/ab67616d00001e02dbd21bc0b35f4220357a1c66
2026-07-29,id,Indonesia,34,2,Foto kita blur,Sal Priadi,1NjxFrpEGZTV2Ny0OJxeWu,5POrnkQAprvkordH0kB25O,https://i.scdn.co/image/ab67616d00001e02686acaaa87bfc6ebb42b3bd2
2026-07-29,id,Indonesia,35,16,Dan...,Sheila On 7,6q87vizIEdEN4NvlR6mjfT,1MdjZzEInrmDBXf8zs0nKS,https://i.scdn.co/image/ab67616d00001e0254270208627aa8061a8abe21
2026-07-29,id,Indonesia,36,6,"Masa ini, Nanti, dan Masa Indah Lainnya",Nuca,5x3nSujruZLuB6xBicI6Ai,3TTZfjYqhTowNALncAmY5v,https://i.scdn.co/image/ab67616d00001e0272efdd27a433732ba1ab6269
2026-07-29,id,Indonesia,37,1,Shape of My Heart,Backstreet Boys,5rSXSAkZ67PYJSvpUpkOr7,35o9a4iAfLl5jRmqMX9c1D,https://i.scdn.co/image/ab67616d00001e02cf871e6326e334bfa92cff20
2026-07-29,id,Indonesia,38,4,Cincin,Hindia,51kyrUsAVqUBcoDEMFkX12,7J0isBrUxhIYZVdrBOOlIh,https://i.scdn.co/image/ab67616d00001e02d58121433ea3e6c4822ac494
2026-07-29,id,Indonesia,39,6,Hati-Hati di Jalan,Tulus,2iDVt6mFbtbDEZG5ax0dTi,2hHeGD57S0BcopfVcmehdl,https://i.scdn.co/image/ab67616d00001e02d34a0632f6861e8875d6899b
2026-07-29,id,Indonesia,40,2,Bertaut,Nadin Amizah,20zafXaLhm5IcXnSU93rNn,630DpnzdfjdVqv2yLfPbAX,https://i.scdn.co/image/ab67616d00001e026d57a5c60decaa8fb39d5afb
2026-07-29,id,Indonesia,41,4,Soulmate,Kahitna,2WhoMc7XqIzVXWbQqSoqe7,1rwGbGLDE0AkaH1UgUbufL,https://i.scdn.co/image/ab67616d00001e027f1ff8e8be3727f0c362ba06
2026-07-29,id,Indonesia,42,3,Treat You Better,Shawn Mendes,7n2wHs1TKAczGzO7Dd2rGr,3QGsuHI8jO1Rx4JWLUh9jd,https://i.scdn.co/image/ab67616d00001e021376b4b16f4bfcba02dc571b
2026-07-29,id,Indonesia,43,6,Nanti Kita Seperti Ini,Batas Senja,4AhHkaGz7W2bKKJK90IaV2,3y8RcMPYG22fRnrOi4oFJ1,https://i.scdn.co/image/ab67616d00001e02c6092bd9b2579479e5fa9891
2026-07-29,id,Indonesia,44,2,Terbuang Dalam Waktu,Barasuara,5RbI1PF4n02wWKmgjk7hAE,5fmyW3X3kncOOVlmcWhORH,https://i.scdn.co/image/ab67616d00001e0295688e1f59ae3fc4951d41ff
2026-07-29,id,Indonesia,45,14,Rahasia Hati,Nidji,4sEWznAKWWNcicTuLxzb6d,6zrnrcry6OHVFo3EDt6PYa,https://i.scdn.co/image/ab67616d00001e02801ab61ae6086d0381265658
2026-07-29,id,Indonesia,46,2,1000X,Ghea Indrawari,3qL7BzwJOXq3EzAio36aLX,5pXN7iV11PrazlIh8bzA2K,https://i.scdn.co/image/ab67616d00001e02854a92715a00a09e86e33c1a
2026-07-29,id,Indonesia,47,–,Komang,Raim Laode,5LcNPa8f8bRmZqELgoRFkN,3blvSatB9XD5i705K4j2yP,https://i.scdn.co/image/ab67616d00001e02a9d1f9b5d3275b0625e13e79
2026-07-29,id,Indonesia,48,5,Beauty And A Beat,Justin Bieber; Nicki Minaj,1uNFoZAHBGtllmzznpCI3s; 0hCNtLu0JehylgoiP8L4Gh,6QFCMUUq1T2Vf5sFUXcuQ7,https://i.scdn.co/image/ab67616d00001e02f1d02a6cec967f8b6b78f76e
2026-07-29,id,Indonesia,49,8,drop dead,Olivia Rodrigo,1McMsnEElThX1knmY4oliG,3fRCAPMMZ8l8P9YKI6OCzD,https://i.scdn.co/image/ab67616d00001e026949b83f85d782b21ce70583
2026-07-29,id,Indonesia,50,10,Lantas,Juicy Luicy,3tMTXQyRrPmMyHv5SoC0TV,1ZPVEo8RfmrEz8YAD5n6rW,https://i.scdn.co/image/ab67616d00001e02b1d3ef29ee15a18842973471
2026-07-29,id,Indonesia,51,6,Aku Milikmu,Dewa 19,48bKH1ugFBhERC1rdojP9d,5JESuE80fvausWHjcT9QVh,https://i.scdn.co/image/ab67616d00001e02bfc7fa507f4bc822cabe7bde
2026-07-29,id,Indonesia,52,2,Lihat Kebunku (Taman Bunga),Aku Jeje,4FZ6V3q8zMyFvSMeT2ld2f,5dvIK269hL3eZXQMG4Vc2C,https://i.scdn.co/image/ab67616d00001e0223a15d3a2c0fc3d9bb6c5911
2026-07-29,id,Indonesia,53,5,Runtuh,Feby Putri; Fiersa Besari,66NmU5epI0ONGmdCRbLpmW; 06QVnTCdjs4jPKO0487EGV,6Hii26x3qDErVitnGW8QtO,https://i.scdn.co/image/ab67616d00001e024788f7886c01b9b2ee95cbdd
2026-07-29,id,Indonesia,54,2,About You,The 1975,3mIj9lX2MWuHmhNCA7LSCW,3hEfpBHxgieRLz4t3kLNEg,https://i.scdn.co/image/ab67616d00001e0200702474f8e0e2b6155d48e3
2026-07-29,id,Indonesia,55,7,Dirimu Yang Dulu,Anggis Devaki,7lXTU6VtJQWfiN2vuZyzqf,3GIiXoibZNOxoB4QJ0b8UR,https://i.scdn.co/image/ab67616d00001e02d7105ffabf2ff9ddd265eab1
2026-07-29,id,Indonesia,56,7,Sempurna,Andra & The Backbone,4ucwey7FxkHXkLK7jSfevU,2UgCs0i0rNHUH2jKE5NZHE,https://i.scdn.co/image/ab67616d00001e020df7dec70511dd4f2e69dc34
2026-07-29,id,Indonesia,57,3,Pesan Terakhir,Lyodra,6Sv2jkzH9sWQjwghW5ArMG,3FwQ3RYYEekzjEeL3jdpUZ,https://i.scdn.co/image/ab67616d00001e02d00e5994b61f1d93dafe9221
2026-07-29,id,Indonesia,58,5,Tak Kan Hilang,Budi Doremi,6Ifk2cbxyVzT41jLexYCas,6LRO4Nf1DdNRChmnTFi4ic,https://i.scdn.co/image/ab67616d00001e02f7e5af48832abc7234153e0f
2026-07-29,id,Indonesia,59,4,Risk It All,Bruno Mars,0du5cEVh5yTK9QJze8zA0C,5y2ijHECwFYWqcAHKTZgzD,https://i.scdn.co/image/ab67616d00001e023eb8dc748f7efb1470f74395
2026-07-29,id,Indonesia,60,1,Interaksi,Tulus,2iDVt6mFbtbDEZG5ax0dTi,32Pdf9eyXDEMoClEJW6yYP,https://i.scdn.co/image/ab67616d00001e02d34a0632f6861e8875d6899b
2026-07-29,id,Indonesia,61,8,Anugerah Terindah,Andmesh,6IDsZZ4IHgs9VblBgQQSmt,6gjkHuMOR0CrN7Vb2NoEdg,https://i.scdn.co/image/ab67616d00001e023b83fd19945daf89d7cbfc00
2026-07-29,id,Indonesia,62,–,Kata Mereka Ini Berlebihan,Bernadya,47z98pKd71yIbgXwe9LPVC,6wj06az0WX7fClA2w319dO,https://i.scdn.co/image/ab67616d00001e0227693aaf059002bba3a7655a
2026-07-29,id,Indonesia,63,4,Menari-nari,Raim Laode,5LcNPa8f8bRmZqELgoRFkN,5kJ2lw9zz2BMMN7YcI4NZb,https://i.scdn.co/image/ab67616d00001e02a9d1f9b5d3275b0625e13e79
2026-07-29,id,Indonesia,64,–,Jakarta Hari Ini,For Revenge; Stereo Wall,0f6TyESD8E1mD2oLJ4TGv1; 0kw7tMniMnrp9Pcr7vgDAm,6AyBbSvcR2ZwTeR30I4jb9,https://i.scdn.co/image/ab67616d00001e02322ce4ba8eb959ebee609fd8
2026-07-29,id,Indonesia,65,5,Surat Cinta Untuk Starla,Virgoun,4bAgr9zaF0bpzVGHdHuf0f,19gpjGEqIwwTzhc9wbRitw,https://i.scdn.co/image/ab67616d00001e026c9259b10efeeb8521db5750
2026-07-29,id,Indonesia,66,1,Sadrah,For Revenge,0f6TyESD8E1mD2oLJ4TGv1,0G274Cn7Z8olJVHBqG4wpL,https://i.scdn.co/image/ab67616d00001e02bf09e5d5661fe469bdf8e622
2026-07-29,id,Indonesia,67,4,Duka,Last Child,1v1khTmozNfxB2ET1Ep288,3rXS2AEXNADrIFyuY3F6RJ,https://i.scdn.co/image/ab67616d00001e02057818e4bb59fcede0e7e7d5
2026-07-29,id,Indonesia,68,5,Kangen,Dewa 19,48bKH1ugFBhERC1rdojP9d,3ZyMRe0jlSqffPBMeHUZFX,https://i.scdn.co/image/ab67616d00001e0269222d0908ecf5d22cc9d960
2026-07-29,id,Indonesia,69,1,The Man Who Can't Be Moved,The Script,3AQRLZ9PuTAozP28Skbq8V,3nqqDo8CcCLke3ZoTgiOKf,https://i.scdn.co/image/ab67616d00001e02f33a9f529c12f79b116eb218
2026-07-29,id,Indonesia,70,4,Di Ujung Jalan,SAMSONS,6HHje5tfmzWK8PsSaoJ9Xp,70GUGyk1sJYFTqZpSJj2KM,https://i.scdn.co/image/ab67616d00001e0217f5145bfb22a8ca721c6812
2026-07-29,id,Indonesia,71,15,Bawa Dia Kembali,Mahalini,3wOsYKZM0zcKNasi3I7fP4,25M9piWxSsq0xLcjQW5yz6,https://i.scdn.co/image/ab67616d00001e026f713eb92ebf7ca05a562542
2026-07-29,id,Indonesia,72,5,Rabun Jauh,Bernadya,47z98pKd71yIbgXwe9LPVC,2jJpzPsQhjZpxOmLjiYfvP,https://i.scdn.co/image/ab67616d00001e0251b3680373f9e0832d3b764f
2026-07-29,id,Indonesia,73,9,Separuh Aku,Noah,31aMmlq8isIAgojvmIwiS4,4sJmv194lQKWjytpaxH1Vj,https://i.scdn.co/image/ab67616d00001e02ef9c61634ef59e7ee439dacc
2026-07-29,id,Indonesia,74,14,Seandainya,Vierra,1WX2v0BiEW19Vw7xmznLdZ,5NmjnghJGJRFg34KGGx8O0,https://i.scdn.co/image/ab67616d00001e02bdc17798be456d9e4ad28dc0
2026-07-29,id,Indonesia,75,1,Semua Aku Dirayakan,Nadin Amizah,20zafXaLhm5IcXnSU93rNn,4rcuS31IcZynp91dqvmhmA,https://i.scdn.co/image/ab67616d00001e0294847679fe7b10e27d9803f5
2026-07-29,id,Indonesia,76,18,Tampar,Juicy Luicy,3tMTXQyRrPmMyHv5SoC0TV,1csKczcJqOSdK8JriLMpDW,https://i.scdn.co/image/ab67616d00001e02fadca79809c06f6afe7de0d9
2026-07-29,id,Indonesia,77,28,Tapi Bukan Aku,Kerispatih,73OtDyghUEJ9QfGtu1pkaJ,0BrH4b7su9uLELM1h5Xlzw,https://i.scdn.co/image/ab67616d00001e024986516d6ce56f0d19cdc41d
2026-07-29,id,Indonesia,78,3,Kembali Pulang,Suara Kayu; Feby Putri,327ipGIr9bD3MkLb2eucqC; 66NmU5epI0ONGmdCRbLpmW,6xeqCawPZngDVqw2W2aGaR,https://i.scdn.co/image/ab67616d00001e020fa7d0f0589cf5cf7c9300fd
2026-07-29,id,Indonesia,79,2,That Should Be Me,Justin Bieber,1uNFoZAHBGtllmzznpCI3s,0aPZbnkMoWJaJ5CNVLCj8S,https://i.scdn.co/image/ab67616d00001e02629dc9e2e3bc20bbd7d92e4a
2026-07-29,id,Indonesia,80,3,Locked out of Heaven,Bruno Mars,0du5cEVh5yTK9QJze8zA0C,5g7sDjBhZ4I3gcFIpkrLuI,https://i.scdn.co/image/ab67616d00001e02926f43e7cce571e62720fd46
2026-07-29,id,Indonesia,81,3,back to friends,sombr,4G9NDjRyZFDlJKMRL8hx3S,7qjZnBKE73H4Oxkopwulqe,https://i.scdn.co/image/ab67616d00001e024229702de91cb3d3a4383302
2026-07-29,id,Indonesia,82,10,Di Akhir Perang,Nadin Amizah,20zafXaLhm5IcXnSU93rNn,1tqPw8Hf88h24Bpt2SzuYE,https://i.scdn.co/image/ab67616d00001e0294847679fe7b10e27d9803f5
2026-07-29,id,Indonesia,83,3,Sang Badut,Raim Laode,5LcNPa8f8bRmZqELgoRFkN,3psZu1wcmAoyWrL9RB3y08,https://i.scdn.co/image/ab67616d00001e02f26773f6fedf911fa80877bc
2026-07-29,id,Indonesia,84,3,Untuk Perempuan Yang Sedang Di Pelukan,Payung Teduh,2Ooa3TrmlskyBftzenv6xQ,0urpBLpcm6DOGzs86rcKd8,https://i.scdn.co/image/ab67616d00001e028ee03809d40edb632fadd3c0
2026-07-29,id,Indonesia,85,8,Sorai,Nadin Amizah,20zafXaLhm5IcXnSU93rNn,3ymuBMTviroWLuf1jMsMVf,https://i.scdn.co/image/ab67616d00001e027d6b0a5ae92793f5d21be67a
2026-07-29,id,Indonesia,86,26,Evaluasi,Hindia,51kyrUsAVqUBcoDEMFkX12,2dIBMHByUGcNPzmYBJ6OAj,https://i.scdn.co/image/ab67616d00001e02d623688488865906052ef96b
2026-07-29,id,Indonesia,87,2,Bila Kau Tak Disampingku,Sheila On 7,6q87vizIEdEN4NvlR6mjfT,1ylY6UrF7cmOZ9GDOxrfk8,https://i.scdn.co/image/ab67616d00001e02e8d4f0596d66ccbe5241918d
2026-07-29,id,Indonesia,88,9,"Merry Christmas, Please Don't Call",Bleachers,2eam0iDomRHGBypaDQLwWI,0UOG0zUn7t8m8QcxfzR7AH,https://i.scdn.co/image/ab67616d00001e027fbed05d7226834da74c652b
2026-07-29,id,Indonesia,89,15,Gala bunga matahari,Sal Priadi,1NjxFrpEGZTV2Ny0OJxeWu,5eBk8ZXcd0pb0AO4a5PpOg,https://i.scdn.co/image/ab67616d00001e02686acaaa87bfc6ebb42b3bd2
2026-07-29,id,Indonesia,90,16,Pelangi,Hivi!,4ubEZ6sMsrrbQChueyouCC,3ZwqWrRpylU9nfy99qwKdR,https://i.scdn.co/image/ab67616d00001e02abbee551b5c821d7624949ae
2026-07-29,id,Indonesia,91,10,Payphone,Maroon 5; Wiz Khalifa,04gDigrS5kc9YWfZHwBETP; 137W8MRPWKqSmrBGDBFSop,1XGmzt0PVuFgQYYnV2It7A,https://i.scdn.co/image/ab67616d00001e02fc8633e22a7dba6aab817bff
2026-07-29,id,Indonesia,92,7,Menerima Luka,Natasya Sabella,2w2xKlumnOzCf5eVTkmNXn,5ohhUOosF2Ap8wsk1adLI8,https://i.scdn.co/image/ab67616d00001e02666b93e07f4a5ef345e83fe1
2026-07-29,id,Indonesia,93,9,2001x,Adrian Khalif,6X28gNASnalAWseUA8uI4X,7EkTXoaED7peReoRytElSi,https://i.scdn.co/image/ab67616d00001e02e7cecaed4e0dfbb8acfd371e
2026-07-29,id,Indonesia,94,9,Cinta Terakhir,Ari Lasso,1sqYIwXAmhrcSTsYmsTFAr,7gB98EWp4p9VKxOToaqrhM,https://i.scdn.co/image/8dfcae75cf6322f4996dafc5a47f51a65238bda3
2026-07-29,id,Indonesia,95,27,"o,Tuan",.Feast,7Gy1PxqrgsiqWF6JNYPHeB,2WXXgjU6foIi4FBIPDMf9t,https://i.scdn.co/image/ab67616d00001e02c800b90e2092a5328f699117
2026-07-29,id,Indonesia,96,6,Kita Ke Sana,Hindia,51kyrUsAVqUBcoDEMFkX12,5DqSZFvWvSWg5eyCDi0CuW,https://i.scdn.co/image/ab67616d00001e0249bdf0e981cbba25d48b44e0
2026-07-29,id,Indonesia,97,7,Sailor Song,Gigi Perez,1iCnM8foFssWlPRLfAbIwo,21IYMdzTrzSe191Cy5eMap,https://i.scdn.co/image/ab67616d00001e0249c26270052e1671add569c1
2026-07-29,id,Indonesia,98,5,Kenangan Terindah,SAMSONS,6HHje5tfmzWK8PsSaoJ9Xp,5TtmfZaNSYEcTR49cureT0,https://i.scdn.co/image/ab67616d00001e02607aaef4f806cb926096f1ae
2026-07-29,id,Indonesia,99,1,Sialan,Adrian Khalif; Juicy Luicy,6X28gNASnalAWseUA8uI4X; 3tMTXQyRrPmMyHv5SoC0TV,6cChz3Pak7UtjuVJJRZmCm,https://i.scdn.co/image/ab67616d00001e029670851bed73df294eee9111
2026-07-29,id,Indonesia,100,4,Mesra-mesraannya kecil-kecilan dulu,Sal Priadi,1NjxFrpEGZTV2Ny0OJxeWu,1NzyVlr2fOWOfigbwDabme,https://i.scdn.co/image/ab67616d00001e02686acaaa87bfc6ebb42b3bd2
2026-07-29,id,Indonesia,101,33,Jiwa Yang Bersedih,Ghea Indrawari,3qL7BzwJOXq3EzAio36aLX,0sV01d2keik5bwCuW9EQpk,https://i.scdn.co/image/ab67616d00001e029798fbe1bd1cdf2915bd0394
2026-07-29,id,Indonesia,102,5,Satu Bulan,Bernadya,47z98pKd71yIbgXwe9LPVC,7zOVh5fGpEwSbZd0g9z80B,https://i.scdn.co/image/ab67616d00001e02cb1e5f7d0942bf9196c1e711
2026-07-29,id,Indonesia,103,28,Blank Space,Taylor Swift,06HL4z0CvFAxyc27GXpf02,1u8c2t2Cy7UBoG4ArRcF5g,https://i.scdn.co/image/ab67616d00001e0252b2a3824413eefe9e33817a
2026-07-29,id,Indonesia,104,9,Tanpa Cinta,Yovie & Nuno,3DHOtJqv0Bw65ENlK4FiSF,0qjuyXWrksQxIRntqz9ZJV,https://i.scdn.co/image/ab67616d00001e020b43cd27d3f8ab7e3b9069a8
2026-07-29,id,Indonesia,105,17,hate that i made you love me,Ariana Grande,66CXWjxzNUsdJxJ2JdwvnR,20jbSiX29FDX4oQxBXyUEi,https://i.scdn.co/image/ab67616d00001e02b622d42c30697e1e1414343c
2026-07-29,id,Indonesia,106,8,Kau Masih Kekasihku,NaFF,1ryXwlpQNzkSCfU685Ftx5,3rpwAgSsnId9fCoogNeJCt,https://i.scdn.co/image/ab67616d00001e023fdee3a1eae6c6ecffdeadc3
2026-07-29,id,Indonesia,107,9,Wonderwall - Remastered,Oasis,2DaxqgrOhkeH0fpeiQq2f4,5qqabIl2vWzo9ApSC317sa,https://i.scdn.co/image/ab67616d00001e0285e5dcc05cc216a10f141480
2026-07-29,id,Indonesia,108,2,BIRDS OF A FEATHER,Billie Eilish,6qqNVTkY8uBg9cP3Jd7DAH,6dOtVTDdiauQNBQEDOtlAB,https://i.scdn.co/image/ab67616d00001e0271d62ea7ea8a5be92d3c1f62
2026-07-29,id,Indonesia,109,17,Gemilang,Perunggu,0NbKRRBuiIUwS9irPvi7wD,7EPJbZ3UygY2fqhOdqOSaT,https://i.scdn.co/image/ab67616d00001e0287221ad6b867ad30afdf048c
2026-07-29,id,Indonesia,110,–,WILDFLOWER,Billie Eilish,6qqNVTkY8uBg9cP3Jd7DAH,3QaPy1KgI7nu9FJEQUgn6h,https://i.scdn.co/image/ab67616d00001e0271d62ea7ea8a5be92d3c1f62
2026-07-29,id,Indonesia,111,6,L,Halstage,5vTG3EyFrsARtIGDWZNRzu,3aClK9EBpl7QeYEuOq1eMI,https://i.scdn.co/image/ab67616d00001e024e540197973e1e46eedc06c7
2026-07-29,id,Indonesia,112,9,Tak Segampang Itu,Anggi Marito,1JvbNeV9zG9Sew1JyaWsyx,0Y0xIGcTjb5EFHHYrJIGIk,https://i.scdn.co/image/ab67616d00001e02a1d74b65a15714b66bcc6cb5
2026-07-29,id,Indonesia,113,24,Night Changes,One Direction,4AK6F7OLvEQ5QYCBNiQWHq,5O2P9iiztwhomNh8xkR9lJ,https://i.scdn.co/image/ab67616d00001e0234a29f220057810cce98e1b4
2026-07-29,id,Indonesia,114,5,"Merry Christmas, i miss you",Alex Crichton,25JtC3l1STnE2GptoHKXdD,0XYALktGbnHJ1TdW0Oz5KN,https://i.scdn.co/image/ab67616d00001e024df358d2889ec24b2df23c67
2026-07-29,id,Indonesia,115,24,Disarankan di Bandung,Dongker; Jason Ranti,6sf1OnuDZM48bgFQvPkbYm; 06x5hKHmGzMggWmRK833nv,5VyWqCgmRSa1o364B4UGI8,https://i.scdn.co/image/ab67616d00001e0235e8c95e427167c4d26899e1
2026-07-29,id,Indonesia,116,5,Die With A Smile,Lady Gaga; Bruno Mars,1HY2Jd0NmPuamShAr6KMms; 0du5cEVh5yTK9QJze8zA0C,7so0lgd0zP2Sbgs2d7a1SZ,https://i.scdn.co/image/ab67616d00001e02b0860cf0a98e09663c82290c
2026-07-29,id,Indonesia,117,3,Negoro Angin,Denny Caknan,3Gr3opnAGpJiTowsTyJFWG,3kfVlzPUsy7x1MiPHRuFr0,https://i.scdn.co/image/ab67616d00001e02c5377f09143561fcc489b5ef
2026-07-29,id,Indonesia,118,18,SO ASU,Naykilla,79omf4LgzaVAnXIRWPkJUq,56TRhAB4SqpRn5NdqHSAFy,https://i.scdn.co/image/ab67616d00001e02bc3ac83da4a6bda98247e694
2026-07-29,id,Indonesia,119,11,Body Pata Pata - Thailand Edit,COPACABANA,7C7XI2lMHGvTDNLv8vFfpY,0bKzjP0DzD02Zmcm9qNoJQ,https://i.scdn.co/image/ab67616d00001e02237417df6350f060adace45f
2026-07-29,id,Indonesia,120,9,Tak Ada Ujungnya,Rony Parulian,13y29W8mEcA2gKqUr1SPLJ,12clal6pCQGwrFWQ5TccDN,https://i.scdn.co/image/ab67616d00001e0257124131195ac118b99d2042
2026-07-29,id,Indonesia,121,7,Kasih Putih,Yovie Widianto; Glenn Fredly,7Ln5yumFjHCkeZ8bAzHUcp; 4rUYk0fV0Z4pOtwVbEAyK9,2sjA4DTYveWwXo9aC62vWd,https://i.scdn.co/image/ab67616d00001e021ce2ae44de421c5852ef7eeb
2026-07-29,id,Indonesia,122,1,Pura Pura Lupa,Mahen,5Ag6luL11YrL1Znq0xsVuh,48x5fpsRMinILFWmbidU10,https://i.scdn.co/image/ab67616d00001e02a1d20ea063bdfe3f4989bdee
2026-07-29,id,Indonesia,123,12,Heaven,Bryan Adams,3Z02hBLubJxuFJfhacLSDc,7Ewz6bJ97vUqk5HdkvguFQ,https://i.scdn.co/image/ab67616d00001e02cf1fee2a55e98e22bf358512
2026-07-29,id,Indonesia,124,5,Abadi - Indo Version,Dendi Nata,509YLwDnYeTaVfX0Kl6Jdn,2d49CYzYWkjPawTzcR7Z5z,https://i.scdn.co/image/ab67616d00001e0254afdd66acda854318e75df2
2026-07-29,id,Indonesia,125,17,Bunga Maaf,The Lantis,1REvGGP2H7cFLGZgK2sStO,26KhLgFuPymkm1uiZkc6Rv,https://i.scdn.co/image/ab67616d00001e027536908067a37708c3f5ff35
2026-07-29,id,Indonesia,126,39,Bunga Abadi,Rio Clappy,16B3ICSQCPu4C6L5TEHXQe,4HtnRLeRu7N7sTGtwOvdjY,https://i.scdn.co/image/ab67616d00001e0276d805fb6b4fdb20b348b0e1
2026-07-29,id,Indonesia,127,11,Amin Paling Serius,Sal Priadi; Nadin Amizah,1NjxFrpEGZTV2Ny0OJxeWu; 20zafXaLhm5IcXnSU93rNn,1q1dsfckKMgjfr8DfdeKfs,https://i.scdn.co/image/ab67616d00001e0283b0105f3ea493fcf0da7443
2026-07-29,id,Indonesia,128,13,Membasuh,Hindia; Rara Sekar,51kyrUsAVqUBcoDEMFkX12; 6mJII5SJlWEYnf7DY4Uywl,3CBxVM0zGj41BQtE6m7gwb,https://i.scdn.co/image/ab67616d00001e02d623688488865906052ef96b
2026-07-29,id,Indonesia,129,16,I'd like to watch you sleeping,Sal Priadi,1NjxFrpEGZTV2Ny0OJxeWu,0Y7dCFSIdB9vJ8nnVIAfuv,https://i.scdn.co/image/ab67616d00001e02686acaaa87bfc6ebb42b3bd2
2026-07-29,id,Indonesia,130,55,Risalah Hati,Pamungkas,7d86ERlvO5UG44j7Va0Y0C,0pDVCQpK0jAjhWYrzrz91x,https://i.scdn.co/image/ab67616d00001e02e15ac0d90ad533c2dc21008a
2026-07-29,id,Indonesia,131,9,Rahasia Hati,Element,053tL050frPJyo9lPXTUFb,1X80KdFJpedU4as4WGIgYM,https://i.scdn.co/image/ab67616d00001e025764299de24a6d0a74237ce9
2026-07-29,id,Indonesia,132,15,Love Me Not,Ravyn Lenae,5RTLRtXjbXI2lSXc6jxlAz,4WFgvKVfEhb3IUAFGrutTR,https://i.scdn.co/image/ab67616d00001e020e62daaea2c7b94053e1c142
2026-07-29,id,Indonesia,133,5,Hujan,Utopia,4oAZA3aniPjL9XINSvj7VP,30nitOpjzC3rV54QbLHTV8,https://i.scdn.co/image/a76ce2e55a7068f16a78cbbbb38b509088f36800
2026-07-29,id,Indonesia,134,11,Lampu Kuning,Juicy Luicy,3tMTXQyRrPmMyHv5SoC0TV,6Npkwd5gv61SR6QZbTyNf9,https://i.scdn.co/image/ab67616d00001e02fadca79809c06f6afe7de0d9
2026-07-29,id,Indonesia,135,17,Resah Jadi Luka,Daun Jatuh,3EaScgA3zh2rORlbrAL8RI,2sULdMKWdBdK2ZtntuFvSb,https://i.scdn.co/image/ab67616d00001e0226458812554408283d9e2bd1
2026-07-29,id,Indonesia,136,3,Takkan Terganti,Marcell,0JvUFDnuWPbuyRa6ptVkLk,0T4t1PywlNmJGcveGH5spB,https://i.scdn.co/image/ab67616d00001e025f95864c2e8b42d4253b90db
2026-07-29,id,Indonesia,137,40,Alamak,Rizky Febian; Adrian Khalif,28DdkLhrzQNizZ0ExQpyku; 6X28gNASnalAWseUA8uI4X,1vkwlZncsYqFukl2Q7M6Fe,https://i.scdn.co/image/ab67616d00001e0201b9750a33d771645d7f043a
2026-07-29,id,Indonesia,138,31,Aku Yang Jatuh Cinta,Dudy Oris,6YPfs6tdZXvnlzgZNU3SYT,1NFUHFlL8UbyIiwxDfbokL,https://i.scdn.co/image/ab67616d00001e02b37f9f71cadcc9c8aa2af290
2026-07-29,id,Indonesia,139,24,Backburner,NIKI,2kxP07DLgs4xlWz8YHlvfh,4x2PkqSLtuwv53hLqq4GiY,https://i.scdn.co/image/ab67616d00001e0289aa3d00d339b8948374782b
2026-07-29,id,Indonesia,140,8,Die On This Hill,SIENNA SPIRO,02gSuSAWEdWa5UOvqzjX6v,7gkZNvBHfI30qG7hA0eopT,https://i.scdn.co/image/ab67616d00001e02b09eea420767969b6729962b
2026-07-29,id,Indonesia,141,15,Tak Ingin Usai,Keisya Levronka,4EiSzlOeMnJcp2U8ayCQ3a,0OHr74BS1CEwyZsyY9kml2,https://i.scdn.co/image/ab67616d00001e02d640e180e7cb9909fc3d4092
2026-07-29,id,Indonesia,142,Re-Entry,Pupus,Dewa,35dWPb7Tmq0WESp6KAUJ8w,7ADK1rnMzP6PGWhoqWirBJ,https://i.scdn.co/image/92d39f39010bdd678d3e974ef016c7893a77c9e8
2026-07-29,id,Indonesia,143,19,Teganya Kau,Lyodra,6Sv2jkzH9sWQjwghW5ArMG,7BVtNEGHh8O2kLyciokFyl,https://i.scdn.co/image/ab67616d00001e02ab5d3c815265b9b11b51ed86
2026-07-29,id,Indonesia,144,1,You'll Be in My Heart,NIKI,2kxP07DLgs4xlWz8YHlvfh,1UPB5rYJ0bzn6mNSoAHrZC,https://i.scdn.co/image/ab67616d00001e027cd329ea4a204a8a47caf3d5
2026-07-29,id,Indonesia,145,26,Secukupnya,Hindia,51kyrUsAVqUBcoDEMFkX12,5drW6PGRxkE6MxttzVLNk5,https://i.scdn.co/image/ab67616d00001e02d623688488865906052ef96b
2026-07-29,id,Indonesia,146,20,Rayuan Perempuan Gila,Nadin Amizah,20zafXaLhm5IcXnSU93rNn,0zAtj0BEvpulETGrk95NPQ,https://i.scdn.co/image/ab67616d00001e0294847679fe7b10e27d9803f5
2026-07-29,id,Indonesia,147,29,Terlalu Lama,Vierra,1WX2v0BiEW19Vw7xmznLdZ,64004K6OpNt3gI3LtXYC7n,https://i.scdn.co/image/ab67616d00001e0218c5ae00eb3bee52e169d232
2026-07-29,id,Indonesia,148,13,Demi Cinta,Kerispatih,73OtDyghUEJ9QfGtu1pkaJ,2SscarnRY3zdkORvPu9JGZ,https://i.scdn.co/image/ab67616d00001e02899fb8089df3acdc70fc2459
2026-07-29,id,Indonesia,149,22,Ceritanya Jatuh Cinta,Aku Jeje,4FZ6V3q8zMyFvSMeT2ld2f,0f9J5rMcMhCQiPGSJHvr7G,https://i.scdn.co/image/ab67616d00001e020088f196979cd2e9fd00aea0
2026-07-29,id,Indonesia,150,4,Iris,The Goo Goo Dolls,2sil8z5kiy4r76CRTXxBCA,6Qyc6fS4DsZjB2mRW9DsQs,https://i.scdn.co/image/ab67616d00001e02eda9478c39a21e1cdc6609ca
2026-07-29,id,Indonesia,151,Re-Entry,Hari Bersamanya,Sheila On 7,6q87vizIEdEN4NvlR6mjfT,1nfOP7xNHeFSPOlziXswJc,https://i.scdn.co/image/ab67616d00001e02505fb06705d4823830ce5055
2026-07-29,id,Indonesia,152,17,Who Knows,Daniel Caesar,20wkVLutqVOYrc0kxFs7rA,6DH13QYXK7lKkYHSU88N48,https://i.scdn.co/image/ab67616d00001e022bad6e56e77d5bef0aa3f2dc
2026-07-29,id,Indonesia,153,11,Firasat,Marcell,0JvUFDnuWPbuyRa6ptVkLk,3cHjFfvxo7ZIz9Px32V9aA,https://i.scdn.co/image/ab67616d00001e02df28df674016bb665fec81ef
2026-07-29,id,Indonesia,154,31,"Berdansalah, Karir Ini Tak Ada Artinya",Hindia,51kyrUsAVqUBcoDEMFkX12,2SmKwCCSiUTjtR8I8rv6MS,https://i.scdn.co/image/ab67616d00001e0249bdf0e981cbba25d48b44e0
2026-07-29,id,Indonesia,155,Re-Entry,Separuh Nafas,Dewa 19,48bKH1ugFBhERC1rdojP9d,6JusI70TeT9M2O1MXyXRRv,https://i.scdn.co/image/ab67616d00001e0269222d0908ecf5d22cc9d960
2026-07-29,id,Indonesia,156,7,Cinta Sejati - Remastered 2024,Bunga Citra Lestari,30qVSJGhPhrZLKG0H9DMA9,6rFCBIXeCU0xyhMsw8NsF0,https://i.scdn.co/image/ab67616d00001e0270e16648de8862370538b704
2026-07-29,id,Indonesia,157,31,Just the Way You Are,Bruno Mars,0du5cEVh5yTK9QJze8zA0C,7BqBn9nzAq8spo5e7cZ0dJ,https://i.scdn.co/image/ab67616d00001e027039c1c841fc3dfa2ad8a0d8
2026-07-29,id,Indonesia,158,20,Januari,Glenn Fredly,4rUYk0fV0Z4pOtwVbEAyK9,3h3BXv7Iq5CTTiN9CHgkNe,https://i.scdn.co/image/ab67616d00001e02a408bda7831f7e7ec050ba32
2026-07-29,id,Indonesia,159,9,It Will Rain,Bruno Mars,0du5cEVh5yTK9QJze8zA0C,4rMNgxEwGWoPHIUcvB5BrB,https://i.scdn.co/image/ab67616d00001e02dec2e6bae5062b94fc4eeb84
2026-07-29,id,Indonesia,160,3,End of Beginning,Djo,5p9HO3XC5P3BLxJs5Mtrhm,3qhlB30KknSejmIvZZLjOD,https://i.scdn.co/image/ab67616d00001e02fddfffec51b4580acae727c1
2026-07-29,id,Indonesia,161,1,we can't be friends (wait for your love),Ariana Grande,66CXWjxzNUsdJxJ2JdwvnR,51ZQ1vr10ffzbwIjDCwqm4,https://i.scdn.co/image/ab67616d00001e028b58d20f1b77295730db15b4
2026-07-29,id,Indonesia,162,8,Talking to the Moon,Bruno Mars,0du5cEVh5yTK9QJze8zA0C,161DnLWsx1i3u1JT05lzqU,https://i.scdn.co/image/ab67616d00001e027039c1c841fc3dfa2ad8a0d8
2026-07-29,id,Indonesia,163,37,Menjaga Hati,Yovie & Nuno,3DHOtJqv0Bw65ENlK4FiSF,7er7WofjVw4QwPAyxH39jH,https://i.scdn.co/image/ab67616d00001e026a37fc6f96faf4206f4845e7
2026-07-29,id,Indonesia,164,27,Hapus Aku,Nidji,4sEWznAKWWNcicTuLxzb6d,0gwOixLwtjRpnC52W7aHYR,https://i.scdn.co/image/ab67616d00001e02706b70b10dfbf83dd4b1e7d8
2026-07-29,id,Indonesia,165,8,Tak Sanggup Lagi,Rossa,0ygQsC5td2maGmglpzd7tp,1XYFuCKBnWOBapFnOhuD1N,https://i.scdn.co/image/ab67616d00001e02ccf9933772e83da6a0eeb439
2026-07-29,id,Indonesia,166,18,Yang Tlah Merelakanmu,Seventeen,5uUb3J6HqLhBWwzuh84LUZ,7zcmeZ4Xt54ICq90anFSXq,https://i.scdn.co/image/ab67616d00001e0280fc9f89ca88ed1b77eb12b7
2026-07-29,id,Indonesia,167,Re-Entry,terima kasih,Halstage,5vTG3EyFrsARtIGDWZNRzu,2m1ozXAKFam3YQXRPDnEfE,https://i.scdn.co/image/ab67616d00001e027c535da8b21c3a5c055b4202
2026-07-29,id,Indonesia,168,19,Mengenangmu,Kerispatih,73OtDyghUEJ9QfGtu1pkaJ,6l9L0ssWzD5XI1aJgVFpaS,https://i.scdn.co/image/ab67616d00001e024986516d6ce56f0d19cdc41d
2026-07-29,id,Indonesia,169,2,"Untungnya, Hidup Harus Tetap Berjalan",Bernadya,47z98pKd71yIbgXwe9LPVC,2gcMYiZzzmzoF8PPAfL3IO,https://i.scdn.co/image/ab67616d00001e0227693aaf059002bba3a7655a
2026-07-29,id,Indonesia,170,17,"Bulan Bintang, Garis Menyilang",Wijaya 80; Sal Priadi,1ZaYY3Ad5D5KYahXT594BX; 1NjxFrpEGZTV2Ny0OJxeWu,4XjtlZNz9eOA55q3Em4P3B,https://i.scdn.co/image/ab67616d00001e02808d32a545bd48684f7e335d
2026-07-29,id,Indonesia,171,12,the cure,Olivia Rodrigo,1McMsnEElThX1knmY4oliG,55pBIZO1cqoldeqpp5WR7H,https://i.scdn.co/image/ab67616d00001e025cf234eeb7a2edf44bf64a46
2026-07-29,id,Indonesia,172,3,Ruang Baru,Barsena Bestandhi,5vZpfzIdyiutGngkSKEb8i,1hY73ezlX6Lv9egJv2vaTn,https://i.scdn.co/image/ab67616d00001e021492171cba5bd7087eb9fa94
2026-07-29,id,Indonesia,173,5,When I Was Your Man,Bruno Mars,0du5cEVh5yTK9QJze8zA0C,0B7wvvmu9EISAwZnOpjhNI,https://i.scdn.co/image/ab67616d00001e02926f43e7cce571e62720fd46
2026-07-29,id,Indonesia,174,30,Mantan Terindah,Kahitna,2WhoMc7XqIzVXWbQqSoqe7,5cCZ0z71pleBJTPLrHCfNx,https://i.scdn.co/image/ab67616d00001e02c657a717d8957efe80692cb5
2026-07-29,id,Indonesia,175,36,Janji Setia,Tiara Andini,0kPb52ySN2k9P6wEZPTUzm,1AoBdDIOp6RFjAbzcPbWi8,https://i.scdn.co/image/ab67616d00001e02937d621f0025409ee44285d1
2026-07-29,id,Indonesia,176,Re-Entry,Untuk Mencintaimu,Seventeen,5uUb3J6HqLhBWwzuh84LUZ,04tvOIuyk8y0QVA8Ta0UOd,https://i.scdn.co/image/ab67616d00001e02b9f510504efb5b8109708b71
2026-07-29,id,Indonesia,177,Re-Entry,Seluruh Nafas Ini,Last Child; Gisel,1v1khTmozNfxB2ET1Ep288; 4L0t6db3fWWG07bh14TxUw,32dV7qXoU7maiMqikTHlkf,https://i.scdn.co/image/ab67616d00001e029e065bf4ef264eb09a12fa58
2026-07-29,id,Indonesia,178,Re-Entry,Kini Mereka Tahu,Bernadya,47z98pKd71yIbgXwe9LPVC,0UFYW8XaNvO6K8yZLMHPkB,https://i.scdn.co/image/ab67616d00001e0227693aaf059002bba3a7655a
2026-07-29,id,Indonesia,179,3,To the Bone,Pamungkas,7d86ERlvO5UG44j7Va0Y0C,5pvlSx0s2w3nKuyfrFnYBZ,https://i.scdn.co/image/ab67616d00001e02c5c5edb34e1c9b8a7c3af581
2026-07-29,id,Indonesia,180,25,Rasa ini,Vierra,1WX2v0BiEW19Vw7xmznLdZ,5NVPptNO7R25ERR1pM7GOz,https://i.scdn.co/image/ab67616d00001e02bdc17798be456d9e4ad28dc0
2026-07-29,id,Indonesia,181,8,Photograph,Ed Sheeran,6eUKZXaKkcviH0Ku9w2n3V,6fxVffaTuwjgEk5h9QyRjy,https://i.scdn.co/image/ab67616d00001e0213b3e37318a0c247b550bccd
2026-07-29,id,Indonesia,182,Re-Entry,Kenangan Manis,Pamungkas,7d86ERlvO5UG44j7Va0Y0C,5jLzpxUOnCsX5tfq7TGY9v,https://i.scdn.co/image/ab67616d00001e023e2cf96ce4558b8f2376b79a
2026-07-29,id,Indonesia,183,11,Baby,Justin Bieber; Ludacris,1uNFoZAHBGtllmzznpCI3s; 3ipn9JLAPI5GUEo4y4jcoi,6epn3r7S14KUqlReYr77hA,https://i.scdn.co/image/ab67616d00001e02629dc9e2e3bc20bbd7d92e4a
2026-07-29,id,Indonesia,184,1,Kita,Sheila On 7,6q87vizIEdEN4NvlR6mjfT,0HiNUFD2ovdPC2p5tbnzCG,https://i.scdn.co/image/ab67616d00001e0254270208627aa8061a8abe21
2026-07-29,id,Indonesia,185,Re-Entry,Sampai Akhir Waktu,Yovie & Nuno,3DHOtJqv0Bw65ENlK4FiSF,6LF44wAs3h0K67RitTAfr5,https://i.scdn.co/image/ab67616d00001e020fe7814ce91a1b4e7b0d5881
2026-07-29,id,Indonesia,186,12,Beranjak Dewasa,Nadin Amizah,20zafXaLhm5IcXnSU93rNn,3FPlY1uqTe1oFfIgI0BnoA,https://i.scdn.co/image/ab67616d00001e026d57a5c60decaa8fb39d5afb
2026-07-29,id,Indonesia,187,1,One Last Time,Ariana Grande,66CXWjxzNUsdJxJ2JdwvnR,7xoUc6faLbCqZO6fQEYprd,https://i.scdn.co/image/ab67616d00001e02deec12a28d1e336c5052e9aa
2026-07-29,id,Indonesia,188,Re-Entry,Send My Love (To Your New Lover),Adele,4dpARuHxo51G3z768sgnrY,563SfWAHJs4FBZMkRN0IFN,https://i.scdn.co/image/ab67616d00001e027b9888dc365b8f957c63df14
2026-07-29,id,Indonesia,189,Re-Entry,Let Down,Radiohead,4Z8W4fKeB5YxbusRsdQVPb,2fuYa3Lx06QQJAm0MjztKr,https://i.scdn.co/image/ab67616d00001e02c8b444df094279e70d0ed856
2026-07-29,id,Indonesia,190,5,TABOLA BALE,Silet Open Up; Jacson Seran; Juan Reza; Diva Aurel,5naPJsWUJ6y22yKXA6dX36; 7sGSFhUe26nmXPxw3KuXrj; 0eYCIajsbVsMjVUIkcomIY; 5aOpLMYo7aOOxoXBFkiJ4u,7mqG8I1JG0iQAejC53qpbU,https://i.scdn.co/image/ab67616d00001e02f6f7d0c06b8b2bd22ba3eae4
2026-07-29,id,Indonesia,191,Re-Entry,Kita Usahakan Lagi,Batas Senja,4AhHkaGz7W2bKKJK90IaV2,1wfbqUSPWbnPjkiBA9UmoF,https://i.scdn.co/image/ab67616d00001e02246e30c4bef2c5336465aca7
2026-07-29,id,Indonesia,192,5,Cinta Dan Rahasia,Yura Yunita; Glenn Fredly,02Tq76MwpeoRu3BHIAiaio; 4rUYk0fV0Z4pOtwVbEAyK9,4HXUMRdT6s6Am6YHcWmuib,https://i.scdn.co/image/ab67616d00001e021e4e95c4e26e1f04580e374d
2026-07-29,id,Indonesia,193,1,Apa Mungkin,Bernadya,47z98pKd71yIbgXwe9LPVC,5KYUrBgdbIcqwaGSIgfXPl,https://i.scdn.co/image/ab67616d00001e028869d13091935994879f2a47
2026-07-29,id,Indonesia,194,14,The Night We Met,Lord Huron,6ltzsmQQbmdoHHbLZ4ZN25,5yJaXWIErrrsjQ3J0eR5aK,https://i.scdn.co/image/ab67616d00001e02b4916183f769aca218acb85f
2026-07-29,id,Indonesia,195,25,Andai Aku Bisa,Chrisye,2NteKKMj3takKR3ABTd279,6mmVZerWyj5gO83hSpeZJG,https://i.scdn.co/image/ab67616d00001e02604a25ca6825471b4a74b69d
2026-07-29,id,Indonesia,196,10,The Fate of Ophelia,Taylor Swift,06HL4z0CvFAxyc27GXpf02,53iuhJlwXhSER5J2IYYv1W,https://i.scdn.co/image/ab67616d00001e02d7812467811a7da6e6a44902
2026-07-29,id,Indonesia,197,Re-Entry,Sekuat Hatimu,Last Child,1v1khTmozNfxB2ET1Ep288,0HbrQXrdeMF5zHGHUw0zuH,https://i.scdn.co/image/ab67616d00001e029e065bf4ef264eb09a12fa58
2026-07-29,id,Indonesia,198,40,Labirin,Tulus,2iDVt6mFbtbDEZG5ax0dTi,0pDmW5AOpl1Wi58Ob0xXB8,https://i.scdn.co/image/ab67616d00001e02b45389e5c90048351ad42039
2026-07-29,id,Indonesia,199,48,Diri,Tulus,2iDVt6mFbtbDEZG5ax0dTi,2qgjqbi96IAOBzZFC6H57U,https://i.scdn.co/image/ab67616d00001e02d34a0632f6861e8875d6899b
2026-07-29,id,Indonesia,200,Re-Entry,Love Yourself,Justin Bieber,1uNFoZAHBGtllmzznpCI3s,50kpGaPAhYJ3sGmk6vplg0,https://i.scdn.co/image/ab67616d00001e02f46b9d202509a8f7384b90de
2026-07-29,my,Malaysia,1,–,Teh Hijau,Tulus,2iDVt6mFbtbDEZG5ax0dTi,4R9G7azXaZe93KTX65P9fU,https://i.scdn.co/image/ab67616d00001e02e4086e5f9d79cf18ed601015
2026-07-29,my,Malaysia,2,–,hate that i made you love me,Ariana Grande,66CXWjxzNUsdJxJ2JdwvnR,20jbSiX29FDX4oQxBXyUEi,https://i.scdn.co/image/ab67616d00001e02b622d42c30697e1e1414343c
2026-07-29,my,Malaysia,3,–,iqro',Raim Laode,5LcNPa8f8bRmZqELgoRFkN,2ImWVGyYTRMi64861WCCcq,https://i.scdn.co/image/ab67616d00001e02a9d1f9b5d3275b0625e13e79
2026-07-29,my,Malaysia,4,–,The One That Got Away,Katy Perry,6jJ0s89eD6GaHleKKya26X,2009X8GyWTqyxIdzAEYW6N,https://i.scdn.co/image/ab67616d00001e021d955011a3ed477dc77865ad
2026-07-29,my,Malaysia,5,1,Astaga Bercanda,Akbar Chalay; Mingse,0dIJRlr9m4hUwdBYmKUTjW; 7n6UYi8ahl0SOStLqjWf6I,03fkIoNyruY4N2Pa5CqTvv,https://i.scdn.co/image/ab67616d00001e02db45ed33946536fd099548b0
2026-07-29,my,Malaysia,6,1,Bahagia Lagi,Piche Kota,5zAYPlhV1TirCul0R4NKGM,5tZaKZPJtiHh6teQfVEHB5,https://i.scdn.co/image/ab67616d00001e025bd00b369e89c5cbc74d827b
2026-07-29,my,Malaysia,7,–,MMG (My Mine Gueh),Naykilla,79omf4LgzaVAnXIRWPkJUq,2AtJq58CHh4qBUqTpU75vU,https://i.scdn.co/image/ab67616d00001e02671059f40b6662d84ea412d9
2026-07-29,my,Malaysia,8,–,Risk It All,Bruno Mars,0du5cEVh5yTK9QJze8zA0C,5y2ijHECwFYWqcAHKTZgzD,https://i.scdn.co/image/ab67616d00001e023eb8dc748f7efb1470f74395
2026-07-29,my,Malaysia,9,–,Beauty And A Beat,Justin Bieber; Nicki Minaj,1uNFoZAHBGtllmzznpCI3s; 0hCNtLu0JehylgoiP8L4Gh,6QFCMUUq1T2Vf5sFUXcuQ7,https://i.scdn.co/image/ab67616d00001e02f1d02a6cec967f8b6b78f76e
2026-07-29,my,Malaysia,10,–,Ada titik-titik di ujung doa,Sal Priadi,1NjxFrpEGZTV2Ny0OJxeWu,1E7zLPDdqo0OvzVmGj5aoV,https://i.scdn.co/image/ab67616d00001e02686acaaa87bfc6ebb42b3bd2
2026-07-29,my,Malaysia,11,1,bergema sampai selamanya,Nadhif Basalamah,6UgERnTHmjk3qXM9x5vzyO,0ql6fgz8qk0pAEKrGeSppJ,https://i.scdn.co/image/ab67616d00001e02f3e3f888fbfcc916ecce50a9
2026-07-29,my,Malaysia,12,3,Less than a Lover,JENNIE,250b0Wlc5Vk0CoUsaCY84M,19UnXjpLshSLobPspdyxlD,https://i.scdn.co/image/ab67616d00001e021568796289f10031724bc780
2026-07-29,my,Malaysia,13,–,Jangan Paksa Rindu - Beda,Ifan Seventeen,2vbWy0ntJGJ2H1erLJFMZZ,79tbBuciPV221EozY3RKQv,https://i.scdn.co/image/ab67616d00001e02b1f0e17d6a48da664cbdcbe5
2026-07-29,my,Malaysia,14,3,kota ini tak sama tanpamu,Nadhif Basalamah,6UgERnTHmjk3qXM9x5vzyO,13CwOTXUgBugeBByE9oIWb,https://i.scdn.co/image/ab67616d00001e02f3e3f888fbfcc916ecce50a9
2026-07-29,my,Malaysia,15,1,Treat You Better,Shawn Mendes,7n2wHs1TKAczGzO7Dd2rGr,3QGsuHI8jO1Rx4JWLUh9jd,https://i.scdn.co/image/ab67616d00001e021376b4b16f4bfcba02dc571b
2026-07-29,my,Malaysia,16,2,Sesi Potret,eńau; Ari Lesmana,0agUNq8PH1QSgm88EuhM1u; 3MMDw11m6HJrXlGOE3honc,4xoY4lZNoTjEuHsSmhgF1G,https://i.scdn.co/image/ab67616d00001e02172768978c7f929803ad7e8b
2026-07-29,my,Malaysia,17,15,Animal,KATSEYE,3c0gDdb9lhnHGFtP4prQpn,3ouNEk0tv5TTi8VWMe1xbX,https://i.scdn.co/image/ab67616d00001e029e8d48f27391ce383862b8e8
2026-07-29,my,Malaysia,18,22,penjaga hati,Nadhif Basalamah,6UgERnTHmjk3qXM9x5vzyO,6i9Ci0IN1q1GcnhdbKU7kZ,https://i.scdn.co/image/ab67616d00001e0225001f594384ffb7fb952347
2026-07-29,my,Malaysia,19,2,"Masa ini, Nanti, dan Masa Indah Lainnya",Nuca,5x3nSujruZLuB6xBicI6Ai,3TTZfjYqhTowNALncAmY5v,https://i.scdn.co/image/ab67616d00001e0272efdd27a433732ba1ab6269
2026-07-29,my,Malaysia,20,1,drop dead,Olivia Rodrigo,1McMsnEElThX1knmY4oliG,3fRCAPMMZ8l8P9YKI6OCzD,https://i.scdn.co/image/ab67616d00001e026949b83f85d782b21ce70583
2026-07-29,my,Malaysia,21,2,Romancinta,Mojo,1nxfzZDDm0a0msuLz0W4lx,5XCNHa4uhsI3zYdbVHZaGE,https://i.scdn.co/image/ab67616d00001e023f65b7a1a57401ae8f966c19
2026-07-29,my,Malaysia,22,1,Die With A Smile,Lady Gaga; Bruno Mars,1HY2Jd0NmPuamShAr6KMms; 0du5cEVh5yTK9QJze8zA0C,7so0lgd0zP2Sbgs2d7a1SZ,https://i.scdn.co/image/ab67616d00001e02b0860cf0a98e09663c82290c
2026-07-29,my,Malaysia,23,3,Earrings,Malcolm Todd,7eKkW1zo5uzW8kUntiiBvz,0eAuGrXyGFYwur9ARUe7LJ,https://i.scdn.co/image/ab67616d00001e022c1f34ecc1929fb59908aad1
2026-07-29,my,Malaysia,24,6,Dunia Yang Nanti,Raim Laode,5LcNPa8f8bRmZqELgoRFkN,1sVQuuvFDKu6vklPVeiUXT,https://i.scdn.co/image/ab67616d00001e02a9d1f9b5d3275b0625e13e79
2026-07-29,my,Malaysia,25,2,back to friends,sombr,4G9NDjRyZFDlJKMRL8hx3S,7qjZnBKE73H4Oxkopwulqe,https://i.scdn.co/image/ab67616d00001e024229702de91cb3d3a4383302
2026-07-29,my,Malaysia,26,1,Mangu,Fourtwnty; Charita Utami,46cVq2dwPgzPE3X1VR9TMj; 48yQuRfvklyupKmridU1du,4e6TmHCC4PRUj75knNplNP,https://i.scdn.co/image/ab67616d00001e0232ab17f5515e51490841f648
2026-07-29,my,Malaysia,27,5,Sayang Orang Sama,Adira Suhaimi,3BwdkvUUHLP8pZj9hN4FiF,1pkemoTIuhFJrX3GLKGf9y,https://i.scdn.co/image/ab67616d00001e02555e83aabbd7bff9b3bb9681
2026-07-29,my,Malaysia,28,4,Foto kita blur,Sal Priadi,1NjxFrpEGZTV2Ny0OJxeWu,5POrnkQAprvkordH0kB25O,https://i.scdn.co/image/ab67616d00001e02686acaaa87bfc6ebb42b3bd2
2026-07-29,my,Malaysia,29,5,WILDFLOWER,Billie Eilish,6qqNVTkY8uBg9cP3Jd7DAH,3QaPy1KgI7nu9FJEQUgn6h,https://i.scdn.co/image/ab67616d00001e0271d62ea7ea8a5be92d3c1f62
2026-07-29,my,Malaysia,30,–,BIRDS OF A FEATHER,Billie Eilish,6qqNVTkY8uBg9cP3Jd7DAH,6dOtVTDdiauQNBQEDOtlAB,https://i.scdn.co/image/ab67616d00001e0271d62ea7ea8a5be92d3c1f62
2026-07-29,my,Malaysia,31,5,Kita Lewati Berdua,Overnight,0ZkNSRvBK767bNOCdXKeYK,5Enpui55il1ZW0HgwRTSds,https://i.scdn.co/image/ab67616d00001e02d05559e98f982b79eb508dcc
2026-07-29,my,Malaysia,32,3,honeybee,Olivia Rodrigo,1McMsnEElThX1knmY4oliG,4kX7xkopoXZCfE1D6fNwl2,https://i.scdn.co/image/ab67616d00001e026949b83f85d782b21ce70583
2026-07-29,my,Malaysia,33,5,stupid song,Olivia Rodrigo,1McMsnEElThX1knmY4oliG,49j6SvuvWfbEKZKzsHCdLJ,https://i.scdn.co/image/ab67616d00001e026949b83f85d782b21ce70583
2026-07-29,my,Malaysia,34,3,the cure,Olivia Rodrigo,1McMsnEElThX1knmY4oliG,55pBIZO1cqoldeqpp5WR7H,https://i.scdn.co/image/ab67616d00001e025cf234eeb7a2edf44bf64a46
2026-07-29,my,Malaysia,35,4,"One Of The Girls (with JENNIE, Lily Rose Depp)",The Weeknd; JENNIE; Lily-Rose Depp,1Xyo4u8uXC1ZmMpatF05PJ; 250b0Wlc5Vk0CoUsaCY84M; 1pBLC0qVRTB5zVMuteQ9jJ,7CyPwkp0oE8Ro9Dd5CUDjW,https://i.scdn.co/image/ab67616d00001e02b0dd6a5cd1dec96c4119c262
2026-07-29,my,Malaysia,36,1,Bersenja Gurau,Raim Laode,5LcNPa8f8bRmZqELgoRFkN,4DrJqdZgPBHoMNVG5iOLlG,https://i.scdn.co/image/ab67616d00001e02a9d1f9b5d3275b0625e13e79
2026-07-29,my,Malaysia,37,5,we can't be friends (wait for your love),Ariana Grande,66CXWjxzNUsdJxJ2JdwvnR,51ZQ1vr10ffzbwIjDCwqm4,https://i.scdn.co/image/ab67616d00001e028b58d20f1b77295730db15b4
2026-07-29,my,Malaysia,38,5,Gila Bayang,Ammar Haikal,6vBShxc5LR2M7DS6YYk9Yh,2IuAckXwlp3GUOD812FDSC,https://i.scdn.co/image/ab67616d00001e026145e180a712e75f2ff53017
2026-07-29,my,Malaysia,39,2,SWIM,BTS,3Nrfpe0tUJi4K4DXYWgMUX,68lbSrXDORS51pmyjZv712,https://i.scdn.co/image/ab67616d00001e02dfa17fad7f190c901603270e
2026-07-29,my,Malaysia,40,5,Love Me Not,Ravyn Lenae,5RTLRtXjbXI2lSXc6jxlAz,4WFgvKVfEhb3IUAFGrutTR,https://i.scdn.co/image/ab67616d00001e020e62daaea2c7b94053e1c142
2026-07-29,my,Malaysia,41,4,Berapa Kali Kita Akan Saling Memaafkan,Pamungkas,7d86ERlvO5UG44j7Va0Y0C,7c03QS94XIfcetKSNDhUdd,https://i.scdn.co/image/ab67616d00001e027fd11848d664ff0e9a3694b2
2026-07-29,my,Malaysia,42,4,That Should Be Me,Justin Bieber,1uNFoZAHBGtllmzznpCI3s,0aPZbnkMoWJaJ5CNVLCj8S,https://i.scdn.co/image/ab67616d00001e02629dc9e2e3bc20bbd7d92e4a
2026-07-29,my,Malaysia,43,5,The Fate of Ophelia,Taylor Swift,06HL4z0CvFAxyc27GXpf02,53iuhJlwXhSER5J2IYYv1W,https://i.scdn.co/image/ab67616d00001e02d7812467811a7da6e6a44902
2026-07-29,my,Malaysia,44,11,Lesung Pipi,Raim Laode,5LcNPa8f8bRmZqELgoRFkN,4GSwtvjwdbUmb4blyUyCnD,https://i.scdn.co/image/ab67616d00001e02a9d1f9b5d3275b0625e13e79
2026-07-29,my,Malaysia,45,5,Monolog,Pamungkas,7d86ERlvO5UG44j7Va0Y0C,1zu5ZpnrSArdoaT6Qq3yo9,https://i.scdn.co/image/ab67616d00001e023e2cf96ce4558b8f2376b79a
2026-07-29,my,Malaysia,46,2,REDRED,CORTIS,1ebt9HnXdyYA6KgLXr1n4P,2fCwv2ppU5nTRTckomIGsd,https://i.scdn.co/image/ab67616d00001e0224ace1518851b27e9983f739
2026-07-29,my,Malaysia,47,6,Locked out of Heaven,Bruno Mars,0du5cEVh5yTK9QJze8zA0C,5g7sDjBhZ4I3gcFIpkrLuI,https://i.scdn.co/image/ab67616d00001e02926f43e7cce571e62720fd46
2026-07-29,my,Malaysia,48,8,Cinta Ini Membunuhku,D’MASIV,1hioeMAsVwJ3bvcb9lxBpB,3jqOKTYh4XH9khpOXQp89Y,https://i.scdn.co/image/ab67616d00001e027a53bc0dfa374c632d394e98
2026-07-29,my,Malaysia,49,1,Pulang,Insomniacks,3uSnvyMAFJTm7XkZJFo0xP,1DVHCvTwuwtZrpYDV4irH5,https://i.scdn.co/image/ab67616d00001e020a1f83fe0ff9c9ff1a366d5d
2026-07-29,my,Malaysia,50,27,We Don't Talk Anymore (feat. Selena Gomez),Charlie Puth; Selena Gomez,6VuMaDnrHyPL1p4EHjYLi7; 0C8ZW7ezQVs4URX5aX7Kqx,54PbBpquVfhfrwRwvjSXbI,https://i.scdn.co/image/ab67616d00001e0215145482a542a9adb282250b
2026-07-29,my,Malaysia,51,2,Die On This Hill,SIENNA SPIRO,02gSuSAWEdWa5UOvqzjX6v,7gkZNvBHfI30qG7hA0eopT,https://i.scdn.co/image/ab67616d00001e02b09eea420767969b6729962b
2026-07-29,my,Malaysia,52,6,Night Changes,One Direction,4AK6F7OLvEQ5QYCBNiQWHq,5O2P9iiztwhomNh8xkR9lJ,https://i.scdn.co/image/ab67616d00001e0234a29f220057810cce98e1b4
2026-07-29,my,Malaysia,53,2,Beautiful (feat. Camila Cabello),Bazzi; Camila Cabello,4GvEc3ANtPPjt1ZJllr5Zl; 4nDoRrQiYLoBzwC5BhVJzF,4VUwkH455At9kENOfzTqmF,https://i.scdn.co/image/ab67616d00001e026e3291f3c9b3cef7bc70f75f
2026-07-29,my,Malaysia,54,18,Bahagiamu Deritaku,Hafiz Suip,08nApps9ThD6cZD2jXC4vW,5vNhfRa1WTzUDZcU8DAO1a,https://i.scdn.co/image/ab67616d00001e028fea0786d4aa86948156e799
2026-07-29,my,Malaysia,55,4,Payphone,Maroon 5; Wiz Khalifa,04gDigrS5kc9YWfZHwBETP; 137W8MRPWKqSmrBGDBFSop,1XGmzt0PVuFgQYYnV2It7A,https://i.scdn.co/image/ab67616d00001e02fc8633e22a7dba6aab817bff
2026-07-29,my,Malaysia,56,9,P Ramlee Saloma,Alpha,0s2MtYt7PZx0kP8CqLt38t,7totacaqk0aGyO8evCjzOh,https://i.scdn.co/image/ab67616d00001e022ece326ad7dea11e2719fb8a
2026-07-29,my,Malaysia,57,14,Takkan Pergi,Hyper Act,0zo8fkOQyrawuBfIhy99jb,4RpBCmAFDHmUGGrYKMySQI,https://i.scdn.co/image/ab67616d00001e024dcff9cef4f883ddb2f1940c
2026-07-29,my,Malaysia,58,46,Sempurna,Insomniacks,3uSnvyMAFJTm7XkZJFo0xP,67C6LHREqmytK923Ak6R0I,https://i.scdn.co/image/ab67616d00001e02ddb1b2c929f06a2484ab9522
2026-07-29,my,Malaysia,59,7,Just the Way You Are,Bruno Mars,0du5cEVh5yTK9QJze8zA0C,7BqBn9nzAq8spo5e7cZ0dJ,https://i.scdn.co/image/ab67616d00001e027039c1c841fc3dfa2ad8a0d8
2026-07-29,my,Malaysia,60,9,Who Knows,Daniel Caesar,20wkVLutqVOYrc0kxFs7rA,6DH13QYXK7lKkYHSU88N48,https://i.scdn.co/image/ab67616d00001e022bad6e56e77d5bef0aa3f2dc
2026-07-29,my,Malaysia,61,6,Confident,Justin Bieber; Chance the Rapper,1uNFoZAHBGtllmzznpCI3s; 1anyVhU62p31KFi8MEzkbf,6czM6UMQD9qE5GAUp68oud,https://i.scdn.co/image/ab67616d00001e0258ae8fddecbd2630005409c9
2026-07-29,my,Malaysia,62,8,Sailor Song,Gigi Perez,1iCnM8foFssWlPRLfAbIwo,21IYMdzTrzSe191Cy5eMap,https://i.scdn.co/image/ab67616d00001e0249c26270052e1671add569c1
2026-07-29,my,Malaysia,63,12,SO ASU,Naykilla,79omf4LgzaVAnXIRWPkJUq,56TRhAB4SqpRn5NdqHSAFy,https://i.scdn.co/image/ab67616d00001e02bc3ac83da4a6bda98247e694
2026-07-29,my,Malaysia,64,8,Cinderella (feat. Ty Dolla $ign),Mac Miller; Ty Dolla $ign,4LLpKhyESsyAXpc4laK94U; 7c0XG5cIJTrrAgEC3ULPiq,2lpygKqzPFtItQ4ss3cgfb,https://i.scdn.co/image/ab67616d00001e022e92f776279eaf45d14a33fd
2026-07-29,my,Malaysia,65,5,The Man Who Can't Be Moved,The Script,3AQRLZ9PuTAozP28Skbq8V,3nqqDo8CcCLke3ZoTgiOKf,https://i.scdn.co/image/ab67616d00001e02f33a9f529c12f79b116eb218
2026-07-29,my,Malaysia,66,10,Raindance (feat. Tems),Dave; Tems,6Ip8FS7vWT1uKkJSweANQK; 687cZJR45JO7jhk1LHIbgq,3oTuTpF1F3A7rEC6RKsMRz,https://i.scdn.co/image/ab67616d00001e02fecaa7826bb0cbe139a8cb83
2026-07-29,my,Malaysia,67,12,Menjaga Jodoh Orang Lain,Ara Johari,0xuL8l2qakTAyURbZb1gtc,2CneKWpjKErzqZhHID0avV,https://i.scdn.co/image/ab67616d00001e0201c8234d472a85cc65702dd7
2026-07-29,my,Malaysia,68,7,Sedia Aku Sebelum Hujan,Idgitaf,7pFWMC2E7h8eL3SZyHRsRq,64bauCjHAIiDNkcHiOJW1r,https://i.scdn.co/image/ab67616d00001e02ac44521bc2da938d92b422f9
2026-07-29,my,Malaysia,69,4,Starboy,The Weeknd; Daft Punk,1Xyo4u8uXC1ZmMpatF05PJ; 4tZwfgrHOc3mvqYlEYSvVi,7MXVkk9YMctZqd1Srtv4MB,https://i.scdn.co/image/ab67616d00001e024718e2b124f79258be7bc452
2026-07-29,my,Malaysia,70,8,Reminisensi,Insomniacks,3uSnvyMAFJTm7XkZJFo0xP,0TRKtVvsVmOkXCvnq5AgNE,https://i.scdn.co/image/ab67616d00001e02fa18e23520c6e919b7fc6a24
2026-07-29,my,Malaysia,71,12,Talking to the Moon,Bruno Mars,0du5cEVh5yTK9QJze8zA0C,161DnLWsx1i3u1JT05lzqU,https://i.scdn.co/image/ab67616d00001e027039c1c841fc3dfa2ad8a0d8
2026-07-29,my,Malaysia,72,34,Anugerah Terindah,Andmesh,6IDsZZ4IHgs9VblBgQQSmt,6gjkHuMOR0CrN7Vb2NoEdg,https://i.scdn.co/image/ab67616d00001e023b83fd19945daf89d7cbfc00
2026-07-29,my,Malaysia,73,12,Love Yourself,Justin Bieber,1uNFoZAHBGtllmzznpCI3s,50kpGaPAhYJ3sGmk6vplg0,https://i.scdn.co/image/ab67616d00001e02f46b9d202509a8f7384b90de
2026-07-29,my,Malaysia,74,11,Komang,Raim Laode,5LcNPa8f8bRmZqELgoRFkN,3blvSatB9XD5i705K4j2yP,https://i.scdn.co/image/ab67616d00001e02a9d1f9b5d3275b0625e13e79
2026-07-29,my,Malaysia,75,11,End of Beginning,Djo,5p9HO3XC5P3BLxJs5Mtrhm,3qhlB30KknSejmIvZZLjOD,https://i.scdn.co/image/ab67616d00001e02fddfffec51b4580acae727c1
2026-07-29,my,Malaysia,76,2,Siapa Di Hatimu,Rahmat,1yhQJRu5vlBqwwTrvYSg1L,1nPkL63Uxaw84801K23KNr,https://i.scdn.co/image/ab67616d00001e02564670dccc0817192c2d89ec
2026-07-29,my,Malaysia,77,12,Love Me Harder,Ariana Grande; The Weeknd,66CXWjxzNUsdJxJ2JdwvnR; 1Xyo4u8uXC1ZmMpatF05PJ,5J4ZkQpzMUFojo1CtAZYpn,https://i.scdn.co/image/ab67616d00001e02deec12a28d1e336c5052e9aa
2026-07-29,my,Malaysia,78,22,Blank Space,Taylor Swift,06HL4z0CvFAxyc27GXpf02,1u8c2t2Cy7UBoG4ArRcF5g,https://i.scdn.co/image/ab67616d00001e0252b2a3824413eefe9e33817a
2026-07-29,my,Malaysia,79,4,One Last Time,Ariana Grande,66CXWjxzNUsdJxJ2JdwvnR,7xoUc6faLbCqZO6fQEYprd,https://i.scdn.co/image/ab67616d00001e02deec12a28d1e336c5052e9aa
2026-07-29,my,Malaysia,80,10,Shape of My Heart,Backstreet Boys,5rSXSAkZ67PYJSvpUpkOr7,35o9a4iAfLl5jRmqMX9c1D,https://i.scdn.co/image/ab67616d00001e02cf871e6326e334bfa92cff20
2026-07-29,my,Malaysia,81,27,Separuh Aku,Noah,31aMmlq8isIAgojvmIwiS4,4sJmv194lQKWjytpaxH1Vj,https://i.scdn.co/image/ab67616d00001e02ef9c61634ef59e7ee439dacc
2026-07-29,my,Malaysia,82,16,Self Aware,Temper City,5mHUmlJWkcoOk1NbjfrXWz,4qW3BbQAwZsrnu8a3ZRdyT,https://i.scdn.co/image/ab67616d00001e02d6c26d2ae723f7ab553d64cc
2026-07-29,my,Malaysia,83,79,Tapi Bukan Aku,Kerispatih,73OtDyghUEJ9QfGtu1pkaJ,0BrH4b7su9uLELM1h5Xlzw,https://i.scdn.co/image/ab67616d00001e024986516d6ce56f0d19cdc41d
2026-07-29,my,Malaysia,84,35,Garam & Madu (Sakit Dadaku),Tenxi; Naykilla; Jemsii,6vP4azTCk053nGL0xAYnVH; 79omf4LgzaVAnXIRWPkJUq; 5PTw7KmM8c9QfBjU5caHWs,3jJkB9wdKpwxnkjgUBnE4c,https://i.scdn.co/image/ab67616d00001e02ebdd8446bacd87dc7796cede
2026-07-29,my,Malaysia,85,1,BAD,ATEEZ,68KmkJeZGfwe1OUaivBa2L,55UDXtbNJBAdTdUdbRu8T3,https://i.scdn.co/image/ab67616d00001e027e77585ffef632e51313b3e0
2026-07-29,my,Malaysia,86,4,Baby,Justin Bieber; Ludacris,1uNFoZAHBGtllmzznpCI3s; 3ipn9JLAPI5GUEo4y4jcoi,6epn3r7S14KUqlReYr77hA,https://i.scdn.co/image/ab67616d00001e02629dc9e2e3bc20bbd7d92e4a
2026-07-29,my,Malaysia,87,19,ICONIC BY MISTAKE,LE SSERAFIM; ILLIT; KATSEYE,4SpbR6yFEvexJuaBpgAU5p; 36cgvBn0aadzOijnjjwqMN; 3c0gDdb9lhnHGFtP4prQpn,6fl4Gu0lJm5hc8FM5JzCZD,https://i.scdn.co/image/ab67616d00001e0255886e2f0784a2b7b62b7fe7
2026-07-29,my,Malaysia,88,75,Rindukanlah,Encik Mimpi,68ZxreefosizfgpXo2JCFm,7mOsJUfxgKn6I1Nlgrv9ke,https://i.scdn.co/image/ab67616d00001e029520dfb39b2157d34f66208f
2026-07-29,my,Malaysia,89,32,Dai Dai,Shakira; Burna Boy,0EmeFodog0BfCgMzAIvKQp; 3wcj11K77LjEY1PkEazffa,0kosUz0jePvjiz4ctmR6wL,https://i.scdn.co/image/ab67616d00001e0203cadf1b3fe324c1dc710ed4
2026-07-29,my,Malaysia,90,1,I Wanna Be Yours,Arctic Monkeys,7Ln80lUS6He07XvHI8qqHH,5XeFesFbtLpXzIVDNQP22n,https://i.scdn.co/image/ab67616d00001e024ae1c4c5c45aabe565499163
2026-07-29,my,Malaysia,91,12,Ghost,Justin Bieber,1uNFoZAHBGtllmzznpCI3s,6I3mqTwhRpn34SLVafSH7G,https://i.scdn.co/image/ab67616d00001e02e6f407c7f3a0ec98845e4431
2026-07-29,my,Malaysia,92,11,Dracula (with JENNIE),Tame Impala; JENNIE,5INjqkS1o8h1imAzPqGZBb; 250b0Wlc5Vk0CoUsaCY84M,5yvVYFDUpbnjcnRBgjwTzM,https://i.scdn.co/image/ab67616d00001e02c7c031ce9d06b131f8563676
2026-07-29,my,Malaysia,93,20,Bawaku Pergi,Zizan Razak; Kaka Azraff,7GkUskIBOKpJRyzpE7WQBD; 4a6rcjvQs6YOwK5sVlybKV,3gnWZtlLKqYQeBPuFDwFbd,https://i.scdn.co/image/ab67616d00001e02ae4f1868ec32b657aa68b0ca
2026-07-29,my,Malaysia,94,7,Sesal Separuh Nyawa,Alyah,2bUKiCTlseN47NCfkpDTEZ,6Kqc2T2YiYLkzW6zD0GO8y,https://i.scdn.co/image/ab67616d00001e0275ce82fa538fadf1f9deb913
2026-07-29,my,Malaysia,95,48,Apocalypse,Cigarettes After Sex,1QAJqy2dA3ihHBFIHRphZj,1oAwsWBovWRIp7qLMGPIet,https://i.scdn.co/image/ab67616d00001e02dfed999f959177dfc4f33cdc
2026-07-29,my,Malaysia,96,3,Kenangan Terindah,SAMSONS,6HHje5tfmzWK8PsSaoJ9Xp,5TtmfZaNSYEcTR49cureT0,https://i.scdn.co/image/ab67616d00001e02607aaef4f806cb926096f1ae
2026-07-29,my,Malaysia,97,9,Let Me Love You,DJ Snake; Justin Bieber,540vIaP2JwjQb9dm3aArA4; 1uNFoZAHBGtllmzznpCI3s,0lYBSQXN6rCTvUZvg9S0lU,https://i.scdn.co/image/ab67616d00001e02212d776c31027c511f0ee3bc
2026-07-29,my,Malaysia,98,4,FREAKED OUT,Fat Papi; prodshushy,6bemHySK6oqDAPZZzt61ov; 6aQnbm7k0VsmUqfU9cfwoA,7pBzCp7qNLlsH6rzEFkSwN,https://i.scdn.co/image/ab67616d00001e02dae2db6b9b0a2d5ef298075f
2026-07-29,my,Malaysia,99,39,Alasanmu,Exists,1ibFtPHzpqHJKA0PdAC8TH,6UdHL1HgSBwo1Vxx4ys5uS,https://i.scdn.co/image/ab67616d00001e0259dd3992df6c55c6830a4d17
2026-07-29,my,Malaysia,100,27,Sempurna,Andra & The Backbone,4ucwey7FxkHXkLK7jSfevU,2UgCs0i0rNHUH2jKE5NZHE,https://i.scdn.co/image/ab67616d00001e020df7dec70511dd4f2e69dc34
2026-07-29,my,Malaysia,101,35,Runtuh,Feby Putri; Fiersa Besari,66NmU5epI0ONGmdCRbLpmW; 06QVnTCdjs4jPKO0487EGV,6Hii26x3qDErVitnGW8QtO,https://i.scdn.co/image/ab67616d00001e024788f7886c01b9b2ee95cbdd
2026-07-29,my,Malaysia,102,5,About You,The 1975,3mIj9lX2MWuHmhNCA7LSCW,3hEfpBHxgieRLz4t3kLNEg,https://i.scdn.co/image/ab67616d00001e0200702474f8e0e2b6155d48e3
2026-07-29,my,Malaysia,103,69,Kasih,Hyper Act,0zo8fkOQyrawuBfIhy99jb,0gBdh0evtxMT4txKqf3nh7,https://i.scdn.co/image/ab67616d00001e027b9f69606c8dd2fc64cedc40
2026-07-29,my,Malaysia,104,8,Die For You,The Weeknd,1Xyo4u8uXC1ZmMpatF05PJ,2LBqCSwhJGcFQeTHMVGwy3,https://i.scdn.co/image/ab67616d00001e02a048415db06a5b6fa7ec4e1a
2026-07-29,my,Malaysia,105,74,Biarkanlah,Drama Band,5NWfEZx5XGbVCAQTjhSxlR,0TbxuF4pkOZBfdBipPorYQ,https://i.scdn.co/image/ab67616d00001e02956f6207e1817d7a7b9c7365
2026-07-29,my,Malaysia,106,16,Memori Sekuntum Rindu,Spoon,2rk0koEOYpAL7pGGWleyxn,5xs9OMUxjOu8bKRd7bnHcl,https://i.scdn.co/image/ab67616d00001e023cd96a3db0e265a5884618f9
2026-07-29,my,Malaysia,107,86,Dan...,Sheila On 7,6q87vizIEdEN4NvlR6mjfT,1MdjZzEInrmDBXf8zs0nKS,https://i.scdn.co/image/ab67616d00001e0254270208627aa8061a8abe21
2026-07-29,my,Malaysia,108,42,Attention,Charlie Puth,6VuMaDnrHyPL1p4EHjYLi7,5cF0dROlMOK5uNZtivgu50,https://i.scdn.co/image/ab67616d00001e02897f73256b9128a9d70eaf66
2026-07-29,my,Malaysia,109,31,Babydoll,Dominic Fike,6USv9qhCn6zfxlBQIYJ9qs,7yNf9YjeO5JXUE3JEBgnYc,https://i.scdn.co/image/ab67616d00001e027b1b6f41c1645af9757d5616
2026-07-29,my,Malaysia,110,8,There's Nothing Holdin' Me Back,Shawn Mendes,7n2wHs1TKAczGzO7Dd2rGr,7JJmb5XwzOO8jgpou264Ml,https://i.scdn.co/image/ab67616d00001e02ea3ef7697cfd5705b8f47521
2026-07-29,my,Malaysia,111,14,Nanti Kita Seperti Ini,Batas Senja,4AhHkaGz7W2bKKJK90IaV2,3y8RcMPYG22fRnrOi4oFJ1,https://i.scdn.co/image/ab67616d00001e02c6092bd9b2579479e5fa9891
2026-07-29,my,Malaysia,112,14,Eenie Meenie,Sean Kingston; Justin Bieber,6S0dmVVn4udvppDhZIWxCr; 1uNFoZAHBGtllmzznpCI3s,4vVTI94F9uJ8lHNDWKv0i2,https://i.scdn.co/image/ab67616d00001e024dea4c1cdf30c359dbaec318
2026-07-29,my,Malaysia,113,24,Ingat,ALYPH,3qeuv2ijwaAcbX3KVMJfuj,0QnyIDSjy366dQZjcHS2yF,https://i.scdn.co/image/ab67616d00001e02aeaf0ac1f551769d707e2ea8
2026-07-29,my,Malaysia,114,47,Anugerah Terindah,Black,37KElXv2uiEQIAyatQIPqw,0hVu3n7V6Q2MINAgHlQJA7,https://i.scdn.co/image/ab67616d00001e021e53ce54291cab5cec687df5
2026-07-29,my,Malaysia,115,2,When I Was Your Man,Bruno Mars,0du5cEVh5yTK9QJze8zA0C,0B7wvvmu9EISAwZnOpjhNI,https://i.scdn.co/image/ab67616d00001e02926f43e7cce571e62720fd46
2026-07-29,my,Malaysia,116,26,Perfect,Ed Sheeran,6eUKZXaKkcviH0Ku9w2n3V,0tgVpDi06FyKpA1z0VMD4v,https://i.scdn.co/image/ab67616d00001e02ba5db46f4b838ef6027e6f96
2026-07-29,my,Malaysia,117,25,So Easy (To Fall In Love),Olivia Dean,00x1fYSGhdqScXBRpSj3DW,6sGIMrtIzQjdzNndVxe397,https://i.scdn.co/image/ab67616d00001e029a336bfb6d40bbd90a507417
2026-07-29,my,Malaysia,118,13,Rumah Ke Rumah,Hindia,51kyrUsAVqUBcoDEMFkX12,2wAiFWjRupWmnDkQcu91MF,https://i.scdn.co/image/ab67616d00001e02d623688488865906052ef96b
2026-07-29,my,Malaysia,119,41,Bourgenvilla,Spring,2DHROEfQ05NhnciQxReWk6,3tw15uN1CSWXjx9X6D8cIp,https://i.scdn.co/image/ab67616d00001e02a8564ef5ab5aa2cfdf70e25c
2026-07-29,my,Malaysia,120,58,Closer,The Chainsmokers; Halsey,69GGBxA162lTqCwzJG5jLp; 26VFTg2z8YR0cCuwLzESi2,7BKLCZ1jbUBVqRi2FVlTVw,https://i.scdn.co/image/ab67616d00001e02495ce6da9aeb159e94eaa453
2026-07-29,my,Malaysia,121,20,Di Akhir Perang,Nadin Amizah,20zafXaLhm5IcXnSU93rNn,1tqPw8Hf88h24Bpt2SzuYE,https://i.scdn.co/image/ab67616d00001e0294847679fe7b10e27d9803f5
2026-07-29,my,Malaysia,122,36,Bunga Maaf,The Lantis,1REvGGP2H7cFLGZgK2sStO,26KhLgFuPymkm1uiZkc6Rv,https://i.scdn.co/image/ab67616d00001e027536908067a37708c3f5ff35
2026-07-29,my,Malaysia,123,16,Ku Yang Berjuang,Danial Kifli,1M0tSSp60yHTRB36GTofGx,6vESiRXG0vOpUgI5pt3eOb,https://i.scdn.co/image/ab67616d00001e02db033b9f1066c0f5a2201aa9
2026-07-29,my,Malaysia,124,70,Aku Yang Tersakiti,Judika,5fS7aONqrIhiw6YzgKVOsd,5pzblRSSo6YWd2dQR3sp2m,https://i.scdn.co/image/ab67616d00001e025f14b2386437640366a1e6de
2026-07-29,my,Malaysia,125,59,Monokrom,Tulus,2iDVt6mFbtbDEZG5ax0dTi,4GfK1qOF3uBWidbPlTCQRL,https://i.scdn.co/image/ab67616d00001e0271c65edbeed32af70b900637
2026-07-29,my,Malaysia,126,11,Those Eyes,New West,69bG9tC62d8oTFC9aTTosn,2psRActEWsTlYYd7EDoyVR,https://i.scdn.co/image/ab67616d00001e02aacd27a096e6e59ff555b46c
2026-07-29,my,Malaysia,127,15,玻璃,Gareth.T,6R57JlNKlnNrYaji0vw8xx,4lZVYNSHy3bKN1pqTxw9Zl,https://i.scdn.co/image/ab67616d00001e02d6e4227850346a74a114c0f7
2026-07-29,my,Malaysia,128,5,Save Your Tears (Remix) (with Ariana Grande) - Bonus Track,The Weeknd; Ariana Grande,1Xyo4u8uXC1ZmMpatF05PJ; 66CXWjxzNUsdJxJ2JdwvnR,1oFAF1hdPOickyHgbuRjyX,https://i.scdn.co/image/ab67616d00001e02b5097b81179824803664aaaf
2026-07-29,my,Malaysia,129,10,Gabriela,KATSEYE,3c0gDdb9lhnHGFtP4prQpn,1xOqGUkyxGQRdCvGpvWKmL,https://i.scdn.co/image/ab67616d00001e02f8d4d00ffe09373efb13ce29
2026-07-29,my,Malaysia,130,19,Iris,The Goo Goo Dolls,2sil8z5kiy4r76CRTXxBCA,6Qyc6fS4DsZjB2mRW9DsQs,https://i.scdn.co/image/ab67616d00001e02eda9478c39a21e1cdc6609ca
2026-07-29,my,Malaysia,131,21,Rumah Singgah,Fabio Asher,6FTLayBxjkQeanFdUusk1I,0f0GcqppZTmAYaAZA7GkhQ,https://i.scdn.co/image/ab67616d00001e02d53761dea5571fab6a7dd145
2026-07-29,my,Malaysia,132,21,It Will Rain,Bruno Mars,0du5cEVh5yTK9QJze8zA0C,4rMNgxEwGWoPHIUcvB5BrB,https://i.scdn.co/image/ab67616d00001e02dec2e6bae5062b94fc4eeb84
2026-07-29,my,Malaysia,133,Re-Entry,Into You,Ariana Grande,66CXWjxzNUsdJxJ2JdwvnR,76FZM38RC8XaAjJ77CVTNe,https://i.scdn.co/image/ab67616d00001e0233342c57a9b2c4e04c97b3f5
2026-07-29,my,Malaysia,134,65,Jiwa Yang Bersedih,Ghea Indrawari,3qL7BzwJOXq3EzAio36aLX,0sV01d2keik5bwCuW9EQpk,https://i.scdn.co/image/ab67616d00001e029798fbe1bd1cdf2915bd0394
2026-07-29,my,Malaysia,135,47,Cry,Cigarettes After Sex,1QAJqy2dA3ihHBFIHRphZj,3p4hRhMcb6ch8OLtATMaLw,https://i.scdn.co/image/ab67616d00001e028324db1ae37be249aed887e7
2026-07-29,my,Malaysia,136,23,Heart Attack,Demi Lovato,6S2OmqARrzebs0tKUEyXyp,1V6gIisPpYqgFeWbMLI0bA,https://i.scdn.co/image/ab67616d00001e02aadb13ae608f6af20528409b
2026-07-29,my,Malaysia,137,20,Hati-Hati di Jalan,Tulus,2iDVt6mFbtbDEZG5ax0dTi,2hHeGD57S0BcopfVcmehdl,https://i.scdn.co/image/ab67616d00001e02d34a0632f6861e8875d6899b
2026-07-29,my,Malaysia,138,18,Di Matamu,Sufian Suhaimi,6KEEEdAqmCL7PYOrjZCnEa,5jAqkM00R41cm1Y2T0mGzb,https://i.scdn.co/image/ab67616d00001e02df738f0f699dc72745e937fc
2026-07-29,my,Malaysia,139,37,Lantas,Juicy Luicy,3tMTXQyRrPmMyHv5SoC0TV,1ZPVEo8RfmrEz8YAD5n6rW,https://i.scdn.co/image/ab67616d00001e02b1d3ef29ee15a18842973471
2026-07-29,my,Malaysia,140,24,Kepuraanmu,Luqman Faiz,2ZhUfT19cZKRi7sayQcEZH,5tNfSGN2zQ6y3E5pl5Wggy,https://i.scdn.co/image/ab67616d00001e02efdcbd8345ac34c3d21e0a14
2026-07-29,my,Malaysia,141,36,Stitches,Shawn Mendes,7n2wHs1TKAczGzO7Dd2rGr,5jsw9uXEGuKyJzs0boZ1bT,https://i.scdn.co/image/ab67616d00001e02d26246b23c8bfa8ce543b3bb
2026-07-29,my,Malaysia,142,3,I Like Me Better,LAUV,5JZ7CnR6gTvEMKX4g70Amv,4MagTPnkPiDuIa4P8GtW1b,https://i.scdn.co/image/ab67616d00001e029ed5fcf212f05d55b1e61eae
2026-07-29,my,Malaysia,143,38,Bayangan Gurauan,Mega,5KJO8SHDZrO7mvLq0FKu7b,1HhYpYlr9sxxxQr0chKreu,https://i.scdn.co/image/ab67616d00001e0242e498060ba60afebe29f8c2
2026-07-29,my,Malaysia,144,56,Telepati,Aziz Harun,1dmuM6bG5J8sDFyp26x9Nf,2VM0RoNs889vw5c1sFunfB,https://i.scdn.co/image/ab67616d00001e0247f1f63c4236de61b71f26ac
2026-07-29,my,Malaysia,145,Re-Entry,Bawa Dia Kembali,Mahalini,3wOsYKZM0zcKNasi3I7fP4,25M9piWxSsq0xLcjQW5yz6,https://i.scdn.co/image/ab67616d00001e026f713eb92ebf7ca05a562542
2026-07-29,my,Malaysia,146,47,everything u are,Hindia,51kyrUsAVqUBcoDEMFkX12,5WOSNVChcadlsCRiqXE45K,https://i.scdn.co/image/ab67616d00001e0205898628baab6ef07a0a4d03
2026-07-29,my,Malaysia,147,7,Cinnamon Girl,Lana Del Rey,00FQb4jTyendYWaN8pK0wa,2mdEsXPu8ZmkHRRtAdC09e,https://i.scdn.co/image/ab67616d00001e02879e9318cb9f4e05ee552ac9
2026-07-29,my,Malaysia,148,14,Terpukau,Astrid,6GxmlugWFw4hmhUQ5uP93l,0irPA8LmsoQYkqE5I7v3aj,https://i.scdn.co/image/ab67616d00001e0205d8a1a7ebb27bdd2fbdc685
2026-07-29,my,Malaysia,149,39,Young And Beautiful,Lana Del Rey,00FQb4jTyendYWaN8pK0wa,2nMeu6UenVvwUktBCpLMK9,https://i.scdn.co/image/ab67616d00001e02d7fb3e4c63020039d1cff6b2
2026-07-29,my,Malaysia,150,Re-Entry,Sweater Weather,The Neighbourhood,77SW9BnxLY8rJ0RciFqkHh,0cQVqPuHQP4KEwc7ZUQmj6,https://i.scdn.co/image/ab67616d00001e028265a736a1eb838ad5a0b921
2026-07-29,my,Malaysia,151,35,Bila Cinta Di Dusta,Screen,1U7SSgDArzeDyximDoph3E,3r0iun2fhJ4otYGyStLbL0,https://i.scdn.co/image/ab67616d00001e026e8171d91d9d6ffc751e5fc7
2026-07-29,my,Malaysia,152,22,Pesan Terakhir,Lyodra,6Sv2jkzH9sWQjwghW5ArMG,3FwQ3RYYEekzjEeL3jdpUZ,https://i.scdn.co/image/ab67616d00001e02d00e5994b61f1d93dafe9221
2026-07-29,my,Malaysia,153,21,Tak Segampang Itu,Anggi Marito,1JvbNeV9zG9Sew1JyaWsyx,0Y0xIGcTjb5EFHHYrJIGIk,https://i.scdn.co/image/ab67616d00001e02a1d74b65a15714b66bcc6cb5
2026-07-29,my,Malaysia,154,1,DAISIES,Justin Bieber,1uNFoZAHBGtllmzznpCI3s,5BZsQlgw21vDOAjoqkNgKb,https://i.scdn.co/image/ab67616d00001e02d65c4773bc5061fd27facc5b
2026-07-29,my,Malaysia,155,Re-Entry,Sofea Jane,Black,37KElXv2uiEQIAyatQIPqw,2MZ0RuMzefjx9W0SSI5JcJ,https://i.scdn.co/image/ab67616d00001e02b6aef14d966febe241720519
2026-07-29,my,Malaysia,156,5,Serana,For Revenge,0f6TyESD8E1mD2oLJ4TGv1,0PtJbtW50jcvvswNPn3QGd,https://i.scdn.co/image/ab67616d00001e02322ce4ba8eb959ebee609fd8
2026-07-29,my,Malaysia,157,17,TABOLA BALE,Silet Open Up; Jacson Seran; Juan Reza; Diva Aurel,5naPJsWUJ6y22yKXA6dX36; 7sGSFhUe26nmXPxw3KuXrj; 0eYCIajsbVsMjVUIkcomIY; 5aOpLMYo7aOOxoXBFkiJ4u,7mqG8I1JG0iQAejC53qpbU,https://i.scdn.co/image/ab67616d00001e02f6f7d0c06b8b2bd22ba3eae4
2026-07-29,my,Malaysia,158,68,Jatuh Suka,Tulus,2iDVt6mFbtbDEZG5ax0dTi,6PqWdGIYq5xdLaa4zCZfRp,https://i.scdn.co/image/ab67616d00001e02d34a0632f6861e8875d6899b
2026-07-29,my,Malaysia,159,24,Permaisuri,DATA,4kFPGIhw9ra8vS19pPr19x,5pPOzQys6TQbv6cby5e7cG,https://i.scdn.co/image/ab67616d00001e02b10176c9b1c65e7f685197b3
2026-07-29,my,Malaysia,160,3,Somewhere Only We Know,Keane,53A0W3U0s8diEn9RhXQhVz,0ll8uFnc0nANY35E0Lfxvg,https://i.scdn.co/image/ab67616d00001e027d6cd95a046a3c0dacbc7d33
2026-07-29,my,Malaysia,161,63,Jodoh Pasti Bertemu,Afgan,4cgBCGxtlfap2g6jveB7du,4csPgl0UlCya7pFqxEwoes,https://i.scdn.co/image/ab67616d00001e02e76536050b663d9d735aba7b
2026-07-29,my,Malaysia,162,34,Sorry,Justin Bieber,1uNFoZAHBGtllmzznpCI3s,09CtPGIpYB4BrO8qb1RGsF,https://i.scdn.co/image/ab67616d00001e02f46b9d202509a8f7384b90de
2026-07-29,my,Malaysia,163,Re-Entry,Sedetik Lebih,Anuar Zain,4jseSNWUg2haVIdUZS8R1a,0wU81ztD9Phud7dVlJXvcx,https://i.scdn.co/image/ab67616d00001e024da77847bb09fb285ad3c482
2026-07-29,my,Malaysia,164,34,海屿你,马也_Crabbit,1V6Bl7Ny5loHozQUalAd6M,6UO9nrihAk6sFGvVHDVTz8,https://i.scdn.co/image/ab67616d00001e027d721d0483ccd72e6581e858
2026-07-29,my,Malaysia,165,5,"thank u, next",Ariana Grande,66CXWjxzNUsdJxJ2JdwvnR,3e9HZxeyfWwjeyPAMmWSSQ,https://i.scdn.co/image/ab67616d00001e0256ac7b86e090f307e218e9c8
2026-07-29,my,Malaysia,166,25,"All The Stars (with SZA) - From ""Black Panther: The Album""",Kendrick Lamar; SZA,2YZyLoL8N0Wb9xBt1NhZWg; 7tYKF4w9nC0nq9CsPZTHyP,3GCdLUSnKSMJhs4Tj6CV3s,https://i.scdn.co/image/ab67616d00001e02c027ad28821777b00dcaa888
2026-07-29,my,Malaysia,167,Re-Entry,Sunflower - Spider-Man: Into the Spider-Verse,Post Malone; Swae Lee,246dkjvS1zLTtiykXe5h60; 1zNqQNIdeOUZHb8zbZRFMX,0RiRZpuVRbi7oqRdSMwhQY,https://i.scdn.co/image/ab67616d00001e029478c87599550dd73bfa7e02
2026-07-29,my,Malaysia,168,2,Sudah Ku Tahu,Projector Band,7iMjAugk2BtmWvhG5cI40L,5aErufES0TkxM2HE9SrzW9,https://i.scdn.co/image/ab67616d00001e0278b5ecdd6fcba4fe4af14e3f
2026-07-29,my,Malaysia,169,13,Yellow,Coldplay,4gzpq5DPGxSnKTe4SA8HAU,3AJwUDP919kvQ9QcozQPxg,https://i.scdn.co/image/ab67616d00001e029164bafe9aaa168d93f4816a
2026-07-29,my,Malaysia,170,26,No One Noticed,The Marías,2sSGPbdZJkaSE2AbcGOACx,3siwsiaEoU4Kuuc9WKMUy5,https://i.scdn.co/image/ab67616d00001e028aa339341a0b0c813909c831
2026-07-29,my,Malaysia,171,4,SLOW DANCING IN THE DARK,Joji,3MZsBdqDrRTJihTHQrO6Dq,6rY5FAWxCdAGllYEOZMbjW,https://i.scdn.co/image/ab67616d00001e024cc52cd7a712842234e4fce2
2026-07-29,my,Malaysia,172,51,Tak Mungkin Berpaling,Slam,6ZK1l84rj8SLSn2tXVgCsf,1VmVgeVBNukfpF0OhhpOF4,https://i.scdn.co/image/ab67616d00001e02052eef066e3b8eda51414b36
2026-07-29,my,Malaysia,173,78,Dan Bila Esok,Sofaz,4EWTiE61XKSdCi3DwW8fee,1xMeSSPoaUivQJqOdH5r12,https://i.scdn.co/image/ab67616d00001e020f0fa33950e98919923aca79
2026-07-29,my,Malaysia,174,6,Kekasih Bayangan,Cakra Khan,6pZzHAdfBLIEkQVRUhB8ps,3PeIxOLCSZtpMCo24EcapU,https://i.scdn.co/image/ab67616d00001e0235a51a2b14ca1a3caa1e0bef
2026-07-29,my,Malaysia,175,10,Seven (feat. Latto) (Explicit Ver.),Jung Kook; Latto,6HaGTQPmzraVmaVxvz6EUc; 3MdXrJWsbVzdn6fe5JYkSQ,2HRgqmZQC0MC7GeNuDIXHN,https://i.scdn.co/image/ab67616d00001e02741fd4807f442af3f7359316
2026-07-29,my,Malaysia,176,32,MALU MALU,dia; INDAHKUS,6WgjNWwGACXaBy7NZripBu; 1O4yyjVsY0VUpGMZiK7zNB,4nx5dujfgjriMeQg1OWMsp,https://i.scdn.co/image/ab67616d00001e025c157ac76f31ba099cdd6993
2026-07-29,my,Malaysia,177,53,Memburu Rindu,Dato Hattan,64nU5o4jwljVGiKYAym1Lb,3u3bQzCET7oAKEsqfTTP5j,https://i.scdn.co/image/ab67616d00001e024221109013ef646c7e0cfeea
2026-07-29,my,Malaysia,178,14,Dandelions,Ruth B.,2WzaAvm2bBCf4pEhyuDgCY,2eAvDnpXP5W0cVtiI0PUxV,https://i.scdn.co/image/ab67616d00001e02b09403f05bc0c306cf96990f
2026-07-29,my,Malaysia,179,Re-Entry,STAY (with Justin Bieber),The Kid LAROI; Justin Bieber,2tIP7SsRs7vjIcLrU85W8J; 1uNFoZAHBGtllmzznpCI3s,567e29TDzLwZwfDuEpGTwo,https://i.scdn.co/image/ab67616d00001e02b4d59e6fa7e5e7cbc57ac33a
2026-07-29,my,Malaysia,180,13,happier,Olivia Rodrigo,1McMsnEElThX1knmY4oliG,2tGvwE8GcFKwNdAXMnlbfl,https://i.scdn.co/image/ab67616d00001e02a91c10fe9472d9bd89802e5a
2026-07-29,my,Malaysia,181,Re-Entry,Untuk Mencintaimu,Seventeen,5uUb3J6HqLhBWwzuh84LUZ,04tvOIuyk8y0QVA8Ta0UOd,https://i.scdn.co/image/ab67616d00001e02b9f510504efb5b8109708b71
2026-07-29,my,Malaysia,182,Re-Entry,Photograph,Ed Sheeran,6eUKZXaKkcviH0Ku9w2n3V,6fxVffaTuwjgEk5h9QyRjy,https://i.scdn.co/image/ab67616d00001e0213b3e37318a0c247b550bccd
2026-07-29,my,Malaysia,183,Re-Entry,Best Part (feat. H.E.R.),Daniel Caesar; H.E.R.,20wkVLutqVOYrc0kxFs7rA; 3Y7RZ31TRPVadSFVy1o8os,1Q7EgiMOuwDcB0PJC6AzON,https://i.scdn.co/image/ab67616d00001e027aa8783ad8def37cc548a9cf
2026-07-29,my,Malaysia,184,Re-Entry,Rayuan Perempuan Gila,Nadin Amizah,20zafXaLhm5IcXnSU93rNn,0zAtj0BEvpulETGrk95NPQ,https://i.scdn.co/image/ab67616d00001e0294847679fe7b10e27d9803f5
2026-07-29,my,Malaysia,185,–,drivers license,Olivia Rodrigo,1McMsnEElThX1knmY4oliG,5wANPM4fQCJwkGd4rN57mH,https://i.scdn.co/image/ab67616d00001e02a91c10fe9472d9bd89802e5a
2026-07-29,my,Malaysia,186,13,Bintang,Budak Kacamata,4thhnp2dS6gYcYMUvEGqOw,7n37fKTB2qjMg2Jps2nDPw,https://i.scdn.co/image/ab67616d00001e0239a724905598615d075f34e4
2026-07-29,my,Malaysia,187,16,mejikuhibiniu,Tenxi; Suisei; Jemsii,6vP4azTCk053nGL0xAYnVH; 2Iw3yPRqjz5Xh4veKj7oqi; 5PTw7KmM8c9QfBjU5caHWs,13KXgSl4vs7h8y2G7V6GrB,https://i.scdn.co/image/ab67616d00001e02ebdd8446bacd87dc7796cede
2026-07-29,my,Malaysia,188,30,That’s So True,Gracie Abrams,4tuJ0bMpJh08umKkEXKUI5,7ne4VBA60CxGM75vw0EYad,https://i.scdn.co/image/ab67616d00001e021dac3694b3289cd903cb3acf
2026-07-29,my,Malaysia,189,Re-Entry,On The Floor,Jennifer Lopez; Pitbull,2DlGxzQSjYe5N6G9nkYghR; 0TnOYISbd1XYRBk9myaseg,3C0nOe05EIt1390bVABLyN,https://i.scdn.co/image/ab67616d00001e02d7b2aa3834b82b1cbe899a48
2026-07-29,my,Malaysia,190,21,That's What I Like,Bruno Mars,0du5cEVh5yTK9QJze8zA0C,0KKkJNfGyhkQ5aFogxQAPU,https://i.scdn.co/image/ab67616d00001e02232711f7d66a1e19e89e28c5
2026-07-29,my,Malaysia,191,4,Bukan Ku Tak Sudi,Iklim,6JC3uifC84pTUZssGSnBD5,5TQ67TxfxEiAl58Vmtx5ew,https://i.scdn.co/image/ab67616d00001e0289bc3d2926d8903688d805dd
2026-07-29,my,Malaysia,192,Re-Entry,traitor,Olivia Rodrigo,1McMsnEElThX1knmY4oliG,5CZ40GBx1sQ9agT82CLQCT,https://i.scdn.co/image/ab67616d00001e02a91c10fe9472d9bd89802e5a
2026-07-29,my,Malaysia,193,Re-Entry,Style,Taylor Swift,06HL4z0CvFAxyc27GXpf02,0ug5NqcwcFR2xrfTkc7k8e,https://i.scdn.co/image/ab67616d00001e0252b2a3824413eefe9e33817a
2026-07-29,my,Malaysia,194,7,Love The Way You Lie,Eminem; Rihanna,7dGJo4pcD2V6oG8kP0tJRR; 5pKCCKE2ajJHZ9KAiaK11H,15JINEqzVMv3SvJTAXAKED,https://i.scdn.co/image/ab67616d00001e02c08d5fa5c0f1a834acef5100
2026-07-29,my,Malaysia,195,Re-Entry,Baldu Biru,Ella; Awie,2ZQY8HKMtEjGdxgcuW2574; 312w29rqto67W0NTxD91gz,4sQ52ihFfSTIo7bQZavdSt,https://i.scdn.co/image/ab67616d00001e029f90cd6eaa0547494806965f
2026-07-29,my,Malaysia,196,4,Sampai Mati,Hazama,5jKjGIfQbctItoit4X95XI,0w2kjlWmp8JUMtylt0kNMh,https://i.scdn.co/image/ab67616d00001e0266b068b6789b7716996ef20c
2026-07-29,my,Malaysia,197,Re-Entry,Hapus Aku,Nidji,4sEWznAKWWNcicTuLxzb6d,0gwOixLwtjRpnC52W7aHYR,https://i.scdn.co/image/ab67616d00001e02706b70b10dfbf83dd4b1e7d8
2026-07-29,my,Malaysia,198,51,Sakit,IamNeeta,6g7i9qhTwxhEuxNUhU1mCg,3pkLAqPKJWqr9MluDVIc6U,https://i.scdn.co/image/ab67616d00001e02bf756658c87ef23a4b1579cf
2026-07-29,my,Malaysia,199,Re-Entry,Kasih Aba Aba,Naykilla; Tenxi; Jemsii,79omf4LgzaVAnXIRWPkJUq; 6vP4azTCk053nGL0xAYnVH; 5PTw7KmM8c9QfBjU5caHWs,5rhwXZP0luMucnEPnYJpbI,https://i.scdn.co/image/ab67616d00001e028afa25403ff8a518ee7a9f94
2026-07-29,my,Malaysia,200,Re-Entry,Always,Daniel Caesar,20wkVLutqVOYrc0kxFs7rA,2LlOeW5rVcvl3QcPNPcDus,https://i.scdn.co/image/ab67616d00001e027c68face1dc58127f3a7b1cc
2026-07-29,kr,South Korea,1,–,REDRED,CORTIS,1ebt9HnXdyYA6KgLXr1n4P,2fCwv2ppU5nTRTckomIGsd,https://i.scdn.co/image/ab67616d00001e0224ace1518851b27e9983f739
2026-07-29,kr,South Korea,2,–,LOVE ATTACK,RESCENE,5deOsjuFTKrNMJW3rKuL8S,6uosenLUNFZtOIih5T0qfV,https://i.scdn.co/image/ab67616d00001e02831c0d124fc7c7a3ad0618ab
2026-07-29,kr,South Korea,3,1,Less than a Lover,JENNIE,250b0Wlc5Vk0CoUsaCY84M,19UnXjpLshSLobPspdyxlD,https://i.scdn.co/image/ab67616d00001e021568796289f10031724bc780
2026-07-29,kr,South Korea,4,1,Pretty Girl,RESCENE,5deOsjuFTKrNMJW3rKuL8S,26GehcyfHwgzfS0ok9yDYk,https://i.scdn.co/image/ab67616d00001e0277d32118586f2e1053262fce
2026-07-29,kr,South Korea,5,–,LEMONADE,aespa,6YVMFz59CuY7ngCxTxjpxE,6vjt2smGK75oc9r2OGFfgp,https://i.scdn.co/image/ab67616d00001e025f0171c63cceb32ccff8b9a9
2026-07-29,kr,South Korea,6,–,It's Me,ILLIT,36cgvBn0aadzOijnjjwqMN,1D5L58KLBbceOynTP4DQnY,https://i.scdn.co/image/ab67616d00001e0261eea484e31bca065904f1c6
2026-07-29,kr,South Korea,7,–,Who,Jimin,1oSPZhvZMIrWW5I41kPkkY,7tI8dRuH2Yc6RuoTjxo4dU,https://i.scdn.co/image/ab67616d00001e02f02c451189a709b9a952aaec
2026-07-29,kr,South Korea,8,–,BAD,ATEEZ,68KmkJeZGfwe1OUaivBa2L,55UDXtbNJBAdTdUdbRu8T3,https://i.scdn.co/image/ab67616d00001e027e77585ffef632e51313b3e0
2026-07-29,kr,South Korea,9,4,0+0,HANRORO,5wVJpXzuKV6Xj7Yhsf2uYx,3sOAwRg5esaxDcWnUigWPv,https://i.scdn.co/image/ab67616d00001e02afda752d5db59e06d3f86e3b
2026-07-29,kr,South Korea,10,1,Lemon Tang,Hearts2Hearts,1ZLU77nRzQIaP23mVSYpCQ,4vaC50FUEn6H8pPalM6jVA,https://i.scdn.co/image/ab67616d00001e02391fce8d3ef22f778a8c5c54
2026-07-29,kr,South Korea,11,1,Deja Vu,RESCENE,5deOsjuFTKrNMJW3rKuL8S,1pBUzZE9PoKLoPxo6QxsG6,https://i.scdn.co/image/ab67616d00001e022d3d7a09566b6d612c890824
2026-07-29,kr,South Korea,12,2,RUDE!,Hearts2Hearts,1ZLU77nRzQIaP23mVSYpCQ,0WA27lZzPKFJKAbiDRmQDc,https://i.scdn.co/image/ab67616d00001e02d505bec2fbfee5857725d333
2026-07-29,kr,South Korea,13,2,Landing in Love,HANRORO,5wVJpXzuKV6Xj7Yhsf2uYx,3WvM2dIR9iIxMGNMP7WsNw,https://i.scdn.co/image/ab67616d00001e02041c2df6c6417db26f4133d4
2026-07-29,kr,South Korea,14,2,Suddenly,I.O.I,6RKnXXyprPjhBdCvL802Ku,7u0yW2XPSJozIGdUSRET19,https://i.scdn.co/image/ab67616d00001e02244aed7ce852aedf2097fed9
2026-07-29,kr,South Korea,15,1,Vitamin ME,fromis_9,24nUVBIlCGi4twz4nYxJum,70RQYCjVacuJgeYAmU2sXd,https://i.scdn.co/image/ab67616d00001e025e0c6f72c2e7d712f34b01e2
2026-07-29,kr,South Korea,16,2,Let Me Love My Youth,HANRORO,5wVJpXzuKV6Xj7Yhsf2uYx,4KA9VMFIKUUMjEcnwiylr1,https://i.scdn.co/image/ab67616d00001e0226a40856fec5db78306ba3c0
2026-07-29,kr,South Korea,17,–,404 (New Era),KiiiKiii,63sat2XSMKdwKfqspmYQKP,24rDDbSlFY9OHrlJb48CRh,https://i.scdn.co/image/ab67616d00001e020cc65398388cbc486fa4fff7
2026-07-29,kr,South Korea,18,1,Drowning,WOODZ,6y9nlaoynxSvoTGY09Vdcy,4xeugB5MqWh0jwvXZPxahq,https://i.scdn.co/image/ab67616d00001e02e87a41550ee1b24be3e6e1fb
2026-07-29,kr,South Korea,19,4,If I have you only (My love X Nerd Connection),Nerd Connection,5WKUZJPvN1SScyggtPFShK,3TQHPUEVdvdq8ejwEcHUlL,https://i.scdn.co/image/ab67616d00001e0220daf4f9c25cbe0bc384e606
2026-07-29,kr,South Korea,20,–,Seven (feat. Latto) (Explicit Ver.),Jung Kook; Latto,6HaGTQPmzraVmaVxvz6EUc; 3MdXrJWsbVzdn6fe5JYkSQ,2HRgqmZQC0MC7GeNuDIXHN,https://i.scdn.co/image/ab67616d00001e02741fd4807f442af3f7359316
2026-07-29,kr,South Korea,21,–,Catch Catch,YENA,49muoiIu4uea4PO8vueUNN,2O9bMJticxbQ8FH3NiQ7Xh,https://i.scdn.co/image/ab67616d00001e029687ef1de31954cfdeac2f5a
2026-07-29,kr,South Korea,22,1,Don’t Say You Love Me,Jin,5vV3bFXnN6D6N3Nj4xRvaV,27xkOIER6uDLKALIelHylZ,https://i.scdn.co/image/ab67616d00001e0289228504f700641956e29f5d
2026-07-29,kr,South Korea,23,1,Bansanka,TAEYEON,3qNVuliS40BLgXGxhdBdqu,0KgetoSLg8qfJWIwoAQxBf,https://i.scdn.co/image/ab67616d00001e02ec70b6ceac2050be19c87cfb
2026-07-29,kr,South Korea,24,1,Heavy Serenade,NMIXX,28ot3wh4oNmoFOdVajibBl,1Sjs93mMgi9bX06FFU9Mcv,https://i.scdn.co/image/ab67616d00001e02d179b01c0b9baac10170d1ad
2026-07-29,kr,South Korea,25,1,Pretender,OFFICIAL HIGE DANDISM,5Vo1hnCRmCM6M4thZCInCj,15HNdxGKNCIO9pgaY4n7FU,https://i.scdn.co/image/ab67616d00001e02fc273337d7aafc7e907c383d
2026-07-29,kr,South Korea,26,–,SWIM,BTS,3Nrfpe0tUJi4K4DXYWgMUX,68lbSrXDORS51pmyjZv712,https://i.scdn.co/image/ab67616d00001e02dfa17fad7f190c901603270e
2026-07-29,kr,South Korea,27,–,Runaway,RESCENE,5deOsjuFTKrNMJW3rKuL8S,1x0mG2CyQW5mjBX17ZfTUG,https://i.scdn.co/image/ab67616d00001e02e5fd56cd91d38d69aec9a5a2
2026-07-29,kr,South Korea,28,2,Forever Has Always Been,Redoor,5xhi1KB7WkPiTYb5Fm3YvS,3tbHqU6PKS2bIGWx9cn082,https://i.scdn.co/image/ab67616d00001e02149023dcdf178cffc8b994c3
2026-07-29,kr,South Korea,29,1,Love Love Love,Epik High,5snNHNlYT2UrtZo5HCJkiw,7hlEhmg5h9XuFtaGfgvqjF,https://i.scdn.co/image/ab67616d00001e024c71e80a8f580184ba910222
2026-07-29,kr,South Korea,30,2,STYLE,Hearts2Hearts,1ZLU77nRzQIaP23mVSYpCQ,5EoV2HmAlkqN1XvsIjOBZZ,https://i.scdn.co/image/ab67616d00001e02610f16f9c84e85158baa0384
2026-07-29,kr,South Korea,31,–,for lovers who hesitate,JANNABI,2SY6OktZyMLdOnscX3DCyS,5BqwC9kOBbqYkzdOKeXFFk,https://i.scdn.co/image/ab67616d00001e02f694adfa02990eaca79fec1b
2026-07-29,kr,South Korea,32,3,yours,데이먼스 이어 Damons year,2T5KKZuEEudb7alCJ1pCus,7JQH2lBMZ10ztDnpoeq6Ki,https://i.scdn.co/image/ab67616d00001e02cccd0bf2843a65a3d45ea190
2026-07-29,kr,South Korea,33,4,We Are,Woo; Loco; GRAY,5a8EJtOEbUJDF4RX3mKK02; 2e4G04F77jxVuDYo44TCSm; 3kPEBSt7qgVoRZSbIXMr7W,2SMq0lOqCTHayWa9juoI0d,https://i.scdn.co/image/ab67616d00001e0280af1bc4fa047ba0e2f17c04
2026-07-29,kr,South Korea,34,1,Paradise of Rumors,AKMU,6OwKE9Ez6ALxpTaKcT5ayv,5dxiriLgC9mu2FbSNqudld,https://i.scdn.co/image/ab67616d00001e02bd15713cf9824b7842bcd290
2026-07-29,kr,South Korea,35,1,晩餐歌 - Bansanka,tuki.,1Y5vJqABeI6QI6R95EDV6o,075HUD50Nuea3rNaABIsNZ,https://i.scdn.co/image/ab67616d00001e022d68ffbcaeaa5e6fbe102202
2026-07-29,kr,South Korea,36,3,‎Good Night Good Dream,Nerd Connection,5WKUZJPvN1SScyggtPFShK,3s761CQaziQ0GEN1yUkIsG,https://i.scdn.co/image/ab67616d00001e024d082eca2a31873a3622408e
2026-07-29,kr,South Korea,37,–,Magnetic,ILLIT,36cgvBn0aadzOijnjjwqMN,1aKvZDoLGkNMxoRYgkckZG,https://i.scdn.co/image/ab67616d00001e02f037c5fb9de6c78726cb8e2c
2026-07-29,kr,South Korea,38,2,hate that i made you love me,Ariana Grande,66CXWjxzNUsdJxJ2JdwvnR,20jbSiX29FDX4oQxBXyUEi,https://i.scdn.co/image/ab67616d00001e02b622d42c30697e1e1414343c
2026-07-29,kr,South Korea,39,1,GO!,CORTIS,1ebt9HnXdyYA6KgLXr1n4P,6OWWZtNQORY1McaZmOrwhc,https://i.scdn.co/image/ab67616d00001e024b56a34b0c2b3798fd46f855
2026-07-29,kr,South Korea,40,13,Sunflower - Spider-Man: Into the Spider-Verse,Post Malone; Swae Lee,246dkjvS1zLTtiykXe5h60; 1zNqQNIdeOUZHb8zbZRFMX,0RiRZpuVRbi7oqRdSMwhQY,https://i.scdn.co/image/ab67616d00001e029478c87599550dd73bfa7e02
2026-07-29,kr,South Korea,41,1,FLYING HIGH WITH U,VINXEN,4T6xiCykTP9rCNaEPU7D4q,4iZIvaus7v4wSjFvdF83NA,https://i.scdn.co/image/ab67616d00001e024c013b35958a8538181b41c4
2026-07-29,kr,South Korea,42,2,ACAI,CORTIS,1ebt9HnXdyYA6KgLXr1n4P,7Ldcvhcl4Xj4eOTSWpZus5,https://i.scdn.co/image/ab67616d00001e027a702a4c3a18c1439fdc29ff
2026-07-29,kr,South Korea,43,2,Beauty And A Beat,Justin Bieber; Nicki Minaj,1uNFoZAHBGtllmzznpCI3s; 0hCNtLu0JehylgoiP8L4Gh,6QFCMUUq1T2Vf5sFUXcuQ7,https://i.scdn.co/image/ab67616d00001e02f1d02a6cec967f8b6b78f76e
2026-07-29,kr,South Korea,44,3,KISS N TELL,aespa,6YVMFz59CuY7ngCxTxjpxE,3Fse9qXqMNey4TL5mLy8IF,https://i.scdn.co/image/ab67616d00001e02304c46fde5f5244a66f7317b
2026-07-29,kr,South Korea,45,1,Endangered Love,LEE CHANHYUK,4RkTSLr5Qf79FfUkeaDKbl,06o2o3TpyR8eGU2ANK21Lp,https://i.scdn.co/image/ab67616d00001e02c675edee6479e3f798d90716
2026-07-29,kr,South Korea,46,3,KISS KISS KISS (Feat. SUNWOO (THE BOYZ)) (Prod. by Hukky Shibaseki),NOWIMYOUNG; Royal 44; SUNWOO,66LxteaHD7NvxCnkQoyw2G; 6I5eyZiVUpuPwE8mTXp7hC; 27Uaxd3EmAW0Hl3Atpf74q,1alWuqrk1v7xzECNR8ovRo,https://i.scdn.co/image/ab67616d00001e026ac4312a155a95bb06fc6532
2026-07-29,kr,South Korea,47,1,FOCUS,Hearts2Hearts,1ZLU77nRzQIaP23mVSYpCQ,6jYiHr12NVKLzn0X7K8aSK,https://i.scdn.co/image/ab67616d00001e027c887828b1a67202f0219857
2026-07-29,kr,South Korea,48,3,Eternal Moment,Lim Young Woong,75MOYjGEyyH5U4ZFHOPvxR,2aSfmbpproCPOe2j01WT2a,https://i.scdn.co/image/ab67616d00001e02f207933160e8018901f665b2
2026-07-29,kr,South Korea,49,–,FaSHioN,CORTIS,1ebt9HnXdyYA6KgLXr1n4P,4ecdsGz3Hg6TKPwQ0ZOdJz,https://i.scdn.co/image/ab67616d00001e024b56a34b0c2b3798fd46f855
2026-07-29,kr,South Korea,50,1,아크라포빅 (Akrapovic),hamo,7bQHemX2QBqGaERdrfraNW,3YVcnTV3v6DEFJeAnxGTBj,https://i.scdn.co/image/ab67616d00001e02627a75fc4d9bfa9bc45a8b58
2026-07-29,kr,South Korea,51,14,Animal,KATSEYE,3c0gDdb9lhnHGFtP4prQpn,3ouNEk0tv5TTi8VWMe1xbX,https://i.scdn.co/image/ab67616d00001e029e8d48f27391ce383862b8e8
2026-07-29,kr,South Korea,52,2,BOOMPALA,LE SSERAFIM,4SpbR6yFEvexJuaBpgAU5p,41d2WjuL0ikRKVjxmL7ZFz,https://i.scdn.co/image/ab67616d00001e023fba33983638fcf9704c965d
2026-07-29,kr,South Korea,53,7,112,HEEDAE; C JAMM; BlackNut,6J4oB6UcxVwsI6jmjmeMGA; 2ZT3bnHPOdErwCLdP5aHqR; 0T8sqjCB5w57zxvW5lp3qJ,3ewkk2oDhpmhz0geDTlnLI,https://i.scdn.co/image/ab67616d00001e0201d3ed091ef286d919cde7c1
2026-07-29,kr,South Korea,54,2,What Would Have Been? (Feat. Lena Park),PSY; Lena Park,2dd5mrQZvg6SmahdgVKDzh; 7MNyflLAWpaH0EPw1fdORD,5Kbpcd3hOqu4ZRAJNAjIcg,https://i.scdn.co/image/ab67616d00001e028cacbdd7305b0651b4c0fec4
2026-07-29,kr,South Korea,55,3,Hype Boy,NewJeans,6HvZYsbFfjnjFrWF950C9d,0a4MMyCrzT0En247IhqZbD,https://i.scdn.co/image/ab67616d00001e029d28fd01859073a3ae6ea209
2026-07-29,kr,South Korea,56,2,L[ ]VE,CHOIJUNSEONG (Jun S),2RPo7pzzve2r1LufIxrPeR,4c9CHyzibRaogeupFGzsFW,https://i.scdn.co/image/ab67616d00001e02b377c03efdcea46e526086ca
2026-07-29,kr,South Korea,57,–,벌써 일년,Brown Eyes,6O7LgtO6NKOOOudzRayUfJ,373fb3tsAbcShtD2RZ8edv,https://i.scdn.co/image/ab67616d00001e02d04eaf92f704aaf61c686b48
2026-07-29,kr,South Korea,58,10,Every moment of you,Sung Si Kyung,7jFUYMpMUBDL4JQtMZ5ilc,6piGysTzX1hCj2l0mygEl9,https://i.scdn.co/image/ab67616d00001e026b3a05b16a6d0114727b6f65
2026-07-29,kr,South Korea,59,4,Be Mine,Jimin,1oSPZhvZMIrWW5I41kPkkY,3LWVXp636uLT356Rj08Jaz,https://i.scdn.co/image/ab67616d00001e02f02c451189a709b9a952aaec
2026-07-29,kr,South Korea,60,2,Pinball,RESCENE,5deOsjuFTKrNMJW3rKuL8S,7FzDMnwPhj6qdTT2PRaSYi,https://i.scdn.co/image/ab67616d00001e02831c0d124fc7c7a3ad0618ab
2026-07-29,kr,South Korea,61,–,NOT CUTE ANYMORE,ILLIT,36cgvBn0aadzOijnjjwqMN,1k0JAiH11gHL9dc5dfQjQr,https://i.scdn.co/image/ab67616d00001e023d09075f6c7fabe9a7234cb3
2026-07-29,kr,South Korea,62,16,Supernatural,NewJeans,6HvZYsbFfjnjFrWF950C9d,5ocSQW5sIUIOFojwXEz9Ki,https://i.scdn.co/image/ab67616d00001e027e1eeb0d7cc374a168369c80
2026-07-29,kr,South Korea,63,4,1:05,The Black Skirts,6WeDO4GynFmK4OxwkBzMW8,4bjNOhOMvqFPflwHIaS7Fw,https://i.scdn.co/image/ab67616d00001e0210b3ebc65d2f65964cf461d8
2026-07-29,kr,South Korea,64,15,Ditto,NewJeans,6HvZYsbFfjnjFrWF950C9d,3r8RuvgbX9s7ammBn07D3W,https://i.scdn.co/image/ab67616d00001e02edf5b257be1d6593e81bb45f
2026-07-29,kr,South Korea,65,7,Blue Valentine,NMIXX,28ot3wh4oNmoFOdVajibBl,4OmhROPSFf2CGU1iFza4rC,https://i.scdn.co/image/ab67616d00001e02ee26bd5ae483fc54e6ef9e74
2026-07-29,kr,South Korea,66,2,"How can I love the heartbreak, you're the one I love",AKMU,6OwKE9Ez6ALxpTaKcT5ayv,0hqj5JBnFt1BHEz2UCFwrl,https://i.scdn.co/image/ab67616d00001e02d41cdd1f3e033a0ea1642112
2026-07-29,kr,South Korea,67,7,"TICK TOCK (Feat. ZICO) (Prod. by ZICO, Crush)",HAON; Nosun; Raf Sandou; Marv; Jung Junhyuk; ZICO,2krUNMgFZYm5s4Nn0g91W9; 0BHYZCuuyLl53LVgeC3pUa; 4FBKTurCVdtC6Fq8mSQgj8; 1V2ep7618bYgCcTVyDKPcW; 3AfvvgMrTONEdoXOfWrBoS; 4XpUIb8uuNlIWVKmgKZXC0,3m08yeqLjXsqblRU3KXPAp,https://i.scdn.co/image/ab67616d00001e023745e2d4fd21e243eca7d36c
2026-07-29,kr,South Korea,68,24,Please Summer!,BOL4,4k5fFEYgkWYrYvtOK3zVBl,2D5IrHXQhnltOsi0gE9YqV,https://i.scdn.co/image/ab67616d00001e02224571aa7884b5c07ed1e790
2026-07-29,kr,South Korea,69,7,Babydoll,Dominic Fike,6USv9qhCn6zfxlBQIYJ9qs,7yNf9YjeO5JXUE3JEBgnYc,https://i.scdn.co/image/ab67616d00001e027b1b6f41c1645af9757d5616
2026-07-29,kr,South Korea,70,11,Antifreeze,Yerin Baek,6dhfy4ByARPJdPtMyrUYJK,1osW08ygBwopWmjWzqWbfJ,https://i.scdn.co/image/ab67616d00001e02627b4da419bddabfce86f98e
2026-07-29,kr,South Korea,71,2,애상,COOL,0w3PsroIezW7uRTNxEJLb9,5LCxeObb3oj4m2lUCm0OJW,https://i.scdn.co/image/ab67616d00001e021a44ad7d3f3141bbdf8f1985
2026-07-29,kr,South Korea,72,12,Ling Ling,The Black Skirts,6WeDO4GynFmK4OxwkBzMW8,5BGxDtIEw8zxoP29Fid69a,https://i.scdn.co/image/ab67616d00001e029c3a4e471c5e82a457dce2c0
2026-07-29,kr,South Korea,73,9,Billyeoon Goyangi (Do the Dance),ILLIT,36cgvBn0aadzOijnjjwqMN,4p0uVFAXKUISu8yp9gNtWE,https://i.scdn.co/image/ab67616d00001e02f24755716ee6789fa094112c
2026-07-29,kr,South Korea,74,11,A Letter For You,Kim Na Young,4dvmLXorXADxVq8EcySEWk,4vfO4uu5VObHhGSrdV6TC5,https://i.scdn.co/image/ab67616d00001e020021471c9466ace33cd8c1b8
2026-07-29,kr,South Korea,75,6,"Joy, Sorrow, A Beautiful Heart",AKMU,6OwKE9Ez6ALxpTaKcT5ayv,3yKUJbZjAWlteUSjnNv3UK,https://i.scdn.co/image/ab67616d00001e02bd15713cf9824b7842bcd290
2026-07-29,kr,South Korea,76,5,toxic till the end,ROSÉ,3eVa5w3URK5duf6eyVDbu9,1z5ebC9238uGoBgzYyvGpQ,https://i.scdn.co/image/ab67616d00001e027be65ce6672ed7e5aac6e966
2026-07-29,kr,South Korea,77,–,IRIS OUT,Kenshi Yonezu,1snhtMLeb2DYoMOcVbb8iB,59hVbgr8rfYkDbHfr8RcGI,https://i.scdn.co/image/ab67616d00001e026d1d4e875e2424cdd07f3232
2026-07-29,kr,South Korea,78,5,The time of walking on remembrance,NELL,5WY88tCMFA6J6vqSN3MmDZ,0LSmb1eo894EJ7eIWPaAgQ,https://i.scdn.co/image/ab67616d00001e0248dbdbc6b9eacca1cc668ef4
2026-07-29,kr,South Korea,79,1,Supersonic,fromis_9,24nUVBIlCGi4twz4nYxJum,6oNLSQX8bcAdbCElZYju3v,https://i.scdn.co/image/ab67616d00001e020490e8ab48790ca6e5add267
2026-07-29,kr,South Korea,80,18,STAY (with Justin Bieber),The Kid LAROI; Justin Bieber,2tIP7SsRs7vjIcLrU85W8J; 1uNFoZAHBGtllmzznpCI3s,567e29TDzLwZwfDuEpGTwo,https://i.scdn.co/image/ab67616d00001e02b4d59e6fa7e5e7cbc57ac33a
2026-07-29,kr,South Korea,81,3,Die With A Smile,Lady Gaga; Bruno Mars,1HY2Jd0NmPuamShAr6KMms; 0du5cEVh5yTK9QJze8zA0C,7so0lgd0zP2Sbgs2d7a1SZ,https://i.scdn.co/image/ab67616d00001e02b0860cf0a98e09663c82290c
2026-07-29,kr,South Korea,82,6,Whiplash,aespa,6YVMFz59CuY7ngCxTxjpxE,7Cnpb1vBbC46RgVyyKLH7p,https://i.scdn.co/image/ab67616d00001e02e467a8e8d7b0aa92d354aa75
2026-07-29,kr,South Korea,83,2,How Sweet,NewJeans,6HvZYsbFfjnjFrWF950C9d,38tXZcL1gZRfbqfOG0VMTH,https://i.scdn.co/image/ab67616d00001e02b657fbb27b17e7bd4691c2b2
2026-07-29,kr,South Korea,84,11,YOUNGCREATORCREW,CORTIS,1ebt9HnXdyYA6KgLXr1n4P,2vKNzC9T3kdU2JECcvob3V,https://i.scdn.co/image/ab67616d00001e027a702a4c3a18c1439fdc29ff
2026-07-29,kr,South Korea,85,36,OMG,NewJeans,6HvZYsbFfjnjFrWF950C9d,65FftemJ1DbbZ45DUfHJXE,https://i.scdn.co/image/ab67616d00001e02d70036292d54f29e8b68ec01
2026-07-29,kr,South Korea,86,5,To Reach You,10CM,6zn0ihyAApAYV51zpXxdEp,20QI1DhCFz7pN8rATkNguv,https://i.scdn.co/image/ab67616d00001e0258c6956da5fa380b67986551
2026-07-29,kr,South Korea,87,18,And July,Heize; DEAN; dj friz,5dCvSnVduaFleCnyy98JMo; 3eCd0TZrBPm2n9cDG6yWfF; 0js3wKXyi7RL11sfOykRt1,0Yz3F0UGDibDe8uU69zmjn,https://i.scdn.co/image/ab67616d00001e027f22ff3c2da84dfc06101e23
2026-07-29,kr,South Korea,88,–,Vancouver,BIG Naughty,7cEaNXXTHx3LokbjUUyHal,4p4yxplNCSmt9xfaAMpcd5,https://i.scdn.co/image/ab67616d00001e02f9607048dfb6b1915026be72
2026-07-29,kr,South Korea,89,17,No Make Up,Zion.T,5HenzRvMtSrgtvU16XAoby,4ppKRxity3jJd2hGoVyD4u,https://i.scdn.co/image/ab67616d00001e0204b20cc263631b9af21fcb61
2026-07-29,kr,South Korea,90,1,Attention,NewJeans,6HvZYsbFfjnjFrWF950C9d,2pIUpMhHL6L9Z5lnKxJJr9,https://i.scdn.co/image/ab67616d00001e029d28fd01859073a3ae6ea209
2026-07-29,kr,South Korea,91,5,Lemon,Kenshi Yonezu,1snhtMLeb2DYoMOcVbb8iB,04TshWXkhV1qkqHzf31Hn6,https://i.scdn.co/image/ab67616d00001e02775e8184725e0fb89337dd9a
2026-07-29,kr,South Korea,92,5,Sadder Than Yesterday,Woody,37ZY7eIcTT28id2jfq8WYw,4PBtSN6dNFXA9RUkx5e3W9,https://i.scdn.co/image/ab67616d00001e02aeb8b7088ef8325117beae8a
2026-07-29,kr,South Korea,93,11,Body to Body,BTS,3Nrfpe0tUJi4K4DXYWgMUX,2rKkfc4VZ74FQDc1FF1Zo6,https://i.scdn.co/image/ab67616d00001e02dfa17fad7f190c901603270e
2026-07-29,kr,South Korea,94,19,Brainwash,HEEDAE; C JAMM; BlackNut,6J4oB6UcxVwsI6jmjmeMGA; 2ZT3bnHPOdErwCLdP5aHqR; 0T8sqjCB5w57zxvW5lp3qJ,6g02YqJTLBjqJ7sGvW1wDB,https://i.scdn.co/image/ab67616d00001e0201d3ed091ef286d919cde7c1
2026-07-29,kr,South Korea,95,13,Super Shy,NewJeans,6HvZYsbFfjnjFrWF950C9d,5sdQOyqq2IDhvmx2lHOpwd,https://i.scdn.co/image/ab67616d00001e023d98a0ae7c78a3a9babaf8af
2026-07-29,kr,South Korea,96,6,ULSSIGU,Lim Young Woong,75MOYjGEyyH5U4ZFHOPvxR,651GMkAaR0JbpzZXRvdQ3D,https://i.scdn.co/image/ab67616d00001e02f207933160e8018901f665b2
2026-07-29,kr,South Korea,97,15,A Letter,BUMJIN,3vljSA6N2aSE8U3OhNFkPy,0VdwOoAKPe9aGahkpllfkH,https://i.scdn.co/image/ab67616d00001e02392694f88c4df7367d0641f0
2026-07-29,kr,South Korea,98,28,사랑의 바보,The NuTs,56NKtypwi90dIOb5ZQZwHb,3wYDgvDi82GUU1NPy2roYp,https://i.scdn.co/image/ab67616d00001e020b66d2c29d697c27f25c51c3
2026-07-29,kr,South Korea,99,9,Johnny (Feat. Dynamicduo),Primary; Dynamicduo,4QDcs3XrA8uHUZ7Xt9Ytep; 4nvFFLtv7ZqoTr83387uK4,4OHq2ao4pXmGq9OOuP3lxb,https://i.scdn.co/image/ab67616d00001e02308e46cf4811ea55fa815c65
2026-07-29,kr,South Korea,100,6,A midsummer night's sweetness,San E; Raina,61MMiylth1injW39oZBuYB; 21dQ70DS91icGLN9J4mH7h,3gug38ZhXQWJbwN7sh0YRR,https://i.scdn.co/image/ab67616d00001e02aedf2fa2159302cdd748f02a
2026-07-29,kr,South Korea,101,36,Wild flower,Lim Young Woong,75MOYjGEyyH5U4ZFHOPvxR,0CWk3LG8MXMA3TE61y5zPB,https://i.scdn.co/image/ab67616d00001e02f207933160e8018901f665b2
2026-07-29,kr,South Korea,102,34,New Jeans,NewJeans,6HvZYsbFfjnjFrWF950C9d,6rdkCkjk6D12xRpdMXy0I2,https://i.scdn.co/image/ab67616d00001e023d98a0ae7c78a3a9babaf8af
2026-07-29,kr,South Korea,103,–,You and I,HANRORO,5wVJpXzuKV6Xj7Yhsf2uYx,35kftu3tYZnhWFBuKGyS1p,https://i.scdn.co/image/ab67616d00001e0280c5ccced5c30276dddcc12c
2026-07-29,kr,South Korea,104,22,Jasmine,DPR LIVE,0siBQaURCli5wn2lqv8WZg,2IgbYlOlFpiSFYnsqB39lM,https://i.scdn.co/image/ab67616d00001e021b75dffa6331e7ae8333cb69
2026-07-29,kr,South Korea,105,25,My whole world,"Car, the garden",7c1HgFDe8ogy5NOZ1ANCJQ,55pCe0UgAeaeWKKSQqdiWh,https://i.scdn.co/image/ab67616d00001e02572c3481841c6f020cfa80cc
2026-07-29,kr,South Korea,106,10,Closely Far Away,"Car, the garden",7c1HgFDe8ogy5NOZ1ANCJQ,7wLJ4xzxNss5abZ1kXs242,https://i.scdn.co/image/ab67616d00001e025715142fe7cecb7729304426
2026-07-29,kr,South Korea,107,13,CROOKED,G-DRAGON,30b9WulBM8sFuBo17nNq9c,4EwNWRBWdZ6bgvxRHlZ8OO,https://i.scdn.co/image/ab67616d00001e023dbdbd0023f1e1c08cd5a6c9
2026-07-29,kr,South Korea,108,7,When I stop thinking,Choi Yu Ree,6qvVoPGEqNCyYSjYCgfV1v,2lC9w6JGMzBkiQrx8Wy6uM,https://i.scdn.co/image/ab67616d00001e02a76b5a6300ab748cc470778a
2026-07-29,kr,South Korea,109,8,Shape of You,Ed Sheeran,6eUKZXaKkcviH0Ku9w2n3V,7qiZfU4dY1lWllzX7mPBI3,https://i.scdn.co/image/ab67616d00001e02ba5db46f4b838ef6027e6f96
2026-07-29,kr,South Korea,110,–,Ice Cream,YEONJUN,2Mo2yHjmrDRZW7yRuJwR2w,10aWlzB6sD6iF58yKPMgVB,https://i.scdn.co/image/ab67616d00001e02507b4d02c0225d567b3871f4
2026-07-29,kr,South Korea,111,8,Good Goodbye,HWASA,7bmYpVgQub656uNTu6qGNQ,3cLXrotzCjYCkN73PewALM,https://i.scdn.co/image/ab67616d00001e02f7ec5c454a78dfb0086c0c97
2026-07-29,kr,South Korea,112,17,Antifreeze,The Black Skirts,6WeDO4GynFmK4OxwkBzMW8,745W6tNeXVKjskHoCsMJvV,https://i.scdn.co/image/ab67616d00001e02c8f015ee928bda54c29301fd
2026-07-29,kr,South Korea,113,1,Guilty,Dynamicduo,4nvFFLtv7ZqoTr83387uK4,0SPZ7y0fJiozsuWLSAocOl,https://i.scdn.co/image/ab67616d00001e02c6b31f5f1ce2958380fdb9b0
2026-07-29,kr,South Korea,114,29,Love Yourself,Justin Bieber,1uNFoZAHBGtllmzznpCI3s,50kpGaPAhYJ3sGmk6vplg0,https://i.scdn.co/image/ab67616d00001e02f46b9d202509a8f7384b90de
2026-07-29,kr,South Korea,115,15,WDA (Whole Different Animal) (feat. G-DRAGON),aespa; G-DRAGON,6YVMFz59CuY7ngCxTxjpxE; 30b9WulBM8sFuBo17nNq9c,6QkyFjUMmncXzu6oSWKwHQ,https://i.scdn.co/image/ab67616d00001e029a022a3fd08f159b189df50a
2026-07-29,kr,South Korea,116,19,Unread Message,Lim Young Woong,75MOYjGEyyH5U4ZFHOPvxR,4CRhJHHbH9Awx7z7xRAdPP,https://i.scdn.co/image/ab67616d00001e02f207933160e8018901f665b2
2026-07-29,kr,South Korea,117,12,Aqua Man,Beenzino,7IrDIIq3j04exsiF3Z7CPg,5tEouf2s1SPwAIkOHnvWtQ,https://i.scdn.co/image/ab67616d00001e02fce4d97a91b1d51a64ec8a97
2026-07-29,kr,South Korea,118,52,사랑했나봐,Yoon Do Hyun,6KsmQPHXE3qhzNNBPSZ0eB,1w2hClDL1xH4FPZIipZ1FJ,https://i.scdn.co/image/ab67616d00001e0232ed5b9137093ce828e02f22
2026-07-29,kr,South Korea,119,46,응급실,Izi,4PPkRMbw2jIs7flJkl4okf,5XVEx1pTUR4T7ABtXoGGxx,https://i.scdn.co/image/ab67616d00001e023188f838e26ff0d3fc10009c
2026-07-29,kr,South Korea,120,14,Cruel Summer,Taylor Swift,06HL4z0CvFAxyc27GXpf02,1BxfuPKGuaTgP7aM0Bbdwr,https://i.scdn.co/image/ab67616d00001e02e787cffec20aa2a396a61647
2026-07-29,kr,South Korea,121,12,Boat,george,2pRZp2WxvnWWiSPcSSYkNV,34HSEUn4YGAFBW9OHGIkU7,https://i.scdn.co/image/ab67616d00001e023d0b7e069c048966d4862787
2026-07-29,kr,South Korea,122,22,EVERYTHING,The Black Skirts,6WeDO4GynFmK4OxwkBzMW8,19Hg1UCZaCdpHB37L7x63X,https://i.scdn.co/image/ab67616d00001e0210b3ebc65d2f65964cf461d8
2026-07-29,kr,South Korea,123,22,Left in the Rain,Lim Young Woong,75MOYjGEyyH5U4ZFHOPvxR,1TPHGTbSlEiZh9MvQDpMcY,https://i.scdn.co/image/ab67616d00001e02f207933160e8018901f665b2
2026-07-29,kr,South Korea,124,8,BANG BANG,IVE,6RHTUrRF63xao58xh9FXYJ,7pBE8YpFoZ9ankC2Ci5z9X,https://i.scdn.co/image/ab67616d00001e02ad80a9aabc17535c5eeb5317
2026-07-29,kr,South Korea,125,8,가시,BUZZ,4SdXXEHKFa5NSoh10QxeN2,7csMuPqdOPaFKby0AoRYL5,https://i.scdn.co/image/ab67616d00001e02b1b79c8d3dd18607fe573f18
2026-07-29,kr,South Korea,126,50,The Chase,Hearts2Hearts,1ZLU77nRzQIaP23mVSYpCQ,68UrZQUuO3O6eUiD226xHg,https://i.scdn.co/image/ab67616d00001e02d346fc1102eb417305b5358b
2026-07-29,kr,South Korea,127,6,TOMBOY,HYUKOH,57okaLdCtv3nVBSn5otJkp,6DA7kCWYMggJjqPM84V2Ng,https://i.scdn.co/image/ab67616d00001e026b0b72f94905f2321564a20f
2026-07-29,kr,South Korea,128,11,There's Nothing Holdin' Me Back,Shawn Mendes,7n2wHs1TKAczGzO7Dd2rGr,7JJmb5XwzOO8jgpou264Ml,https://i.scdn.co/image/ab67616d00001e02ea3ef7697cfd5705b8f47521
2026-07-29,kr,South Korea,129,13,Heavenly Ever After,Lim Young Woong,75MOYjGEyyH5U4ZFHOPvxR,7kjVCymE7vn0HizmGCGFWQ,https://i.scdn.co/image/ab67616d00001e028959826653e37902d6413ab9
2026-07-29,kr,South Korea,130,48,instagram,DEAN,3eCd0TZrBPm2n9cDG6yWfF,6z1kLsntE7FuzKZHZWrXYN,https://i.scdn.co/image/ab67616d00001e024ee9dc60013d5648d0f23bcc
2026-07-29,kr,South Korea,131,1,HER,Block B,4RnezwRV7VBJUCI1S0AE5u,4jQDaI7FRGaDB0llURpnNf,https://i.scdn.co/image/ab67616d00001e029b5b9760a4d371d2253f4d6f
2026-07-29,kr,South Korea,132,7,Baby I Need You,JANNABI,2SY6OktZyMLdOnscX3DCyS,4KU23Zay3Q1W0c0yJCNczH,https://i.scdn.co/image/ab67616d00001e0254e3efd22eca2b999f6cc07b
2026-07-29,kr,South Korea,133,16,Melody for You,Lim Young Woong,75MOYjGEyyH5U4ZFHOPvxR,7hYI4QprQ3hMqp56ul6uEv,https://i.scdn.co/image/ab67616d00001e02f207933160e8018901f665b2
2026-07-29,kr,South Korea,134,7,JUMP,BLACKPINK,41MozSoPIsD1dJM0CLPjZF,5H1sKFMzDeMtXwND3V6hRY,https://i.scdn.co/image/ab67616d00001e026224d1236b0e0a0e1586efbb
2026-07-29,kr,South Korea,135,28,HAPPY,DAY6,5TnQc2N1iKlFjYD7CPGvFc,1k68vKHNQXU5CHqcM7Yp7N,https://i.scdn.co/image/ab67616d00001e020309970945710645006b9c9e
2026-07-29,kr,South Korea,136,2,ETA,NewJeans,6HvZYsbFfjnjFrWF950C9d,56v8WEnGzLByGsDAXDiv4d,https://i.scdn.co/image/ab67616d00001e020744690248ef3ba7b776ea7b
2026-07-29,kr,South Korea,137,13,Standing Next to You,Jung Kook,6HaGTQPmzraVmaVxvz6EUc,2KslE17cAJNHTsI2MI0jb2,https://i.scdn.co/image/ab67616d00001e02741fd4807f442af3f7359316
2026-07-29,kr,South Korea,138,39,Officially Missing You,Geeks,5VxfguafjfSdJcN10ACVZe,7CkjU55ROZSwb95dzGan0o,https://i.scdn.co/image/ab67616d00001e02a2983d364025534e7d2609bf
2026-07-29,kr,South Korea,139,15,Say Yes,Loco; Punch,2e4G04F77jxVuDYo44TCSm; 2FgZrgTMX6Sk0VNcOsEPmm,27zrFrtUtWl2urlvjOn5xc,https://i.scdn.co/image/ab67616d00001e02cb95963709806e12d93128d4
2026-07-29,kr,South Korea,140,22,Heavenly fate,LEECHANGSUB,1rp5HzWaNwgauM5W5YmZ3U,4mqfe9XrgEOSsofvq5MyjR,https://i.scdn.co/image/ab67616d00001e0292144c5952844a7c0086b141
2026-07-29,kr,South Korea,141,21,TIME CAPSULE,DAVICHI,4z6yrDz5GfKXkeQZjOaZdq,3CQw6HqsBu12wUj89vUQ5M,https://i.scdn.co/image/ab67616d00001e0242f191e863eb9f2c9325a6e6
2026-07-29,kr,South Korea,142,6,나무,"Car, the garden",7c1HgFDe8ogy5NOZ1ANCJQ,30tYWTkLIQtZWnRIOqcHnJ,https://i.scdn.co/image/ab67616d00001e0264eea0085a043b52217179cb
2026-07-29,kr,South Korea,143,32,우산 (feat. 윤하),Epik High; Younha,5snNHNlYT2UrtZo5HCJkiw; 6GwM5CHqhWXzG3l5kzRSAS,1VnjByC7TUx5A73A4qtgoo,https://i.scdn.co/image/ab67616d00001e0238e8263b51bec04b91143b76
2026-07-29,kr,South Korea,144,16,비행기,Turtles,7HtP6hIBf2xk5L5vqWqj22,3GcTcXCJLVdy7iYhSKPGUp,https://i.scdn.co/image/ab67616d00001e02930f9bd187cb13e17f8600e8
2026-07-29,kr,South Korea,145,7,Wonderful Life,Lim Young Woong,75MOYjGEyyH5U4ZFHOPvxR,2penachGpHAHaMQGo1j1Tz,https://i.scdn.co/image/ab67616d00001e02f207933160e8018901f665b2
2026-07-29,kr,South Korea,146,15,ベテルギウス,Yuuri,0ixzjrK1wkN2zWBXt3VW3W,4JK1kDUdH9RTBQrrSO1QfR,https://i.scdn.co/image/ab67616d00001e02d0bd51668da5629aa0cc77d8
2026-07-29,kr,South Korea,147,11,Sunset Glow,BIGBANG,4Kxlr1PRlDKEB0ekOCyHgX,3qHBjPdFZeS0tfXywAxOKq,https://i.scdn.co/image/ab67616d00001e02a1fbc93f1f424d133e22cce8
2026-07-29,kr,South Korea,148,8,ICONIC BY MISTAKE,LE SSERAFIM; ILLIT; KATSEYE,4SpbR6yFEvexJuaBpgAU5p; 36cgvBn0aadzOijnjjwqMN; 3c0gDdb9lhnHGFtP4prQpn,6fl4Gu0lJm5hc8FM5JzCZD,https://i.scdn.co/image/ab67616d00001e0255886e2f0784a2b7b62b7fe7
2026-07-29,kr,South Korea,149,26,Trip,Leellamarz; Hannah,79g2STpP2iV1xfgHuhrhX0; 2XHuhBOiADOIR91vFkNq6Q,11fB0pRXSdxOgoM8ity2D4,https://i.scdn.co/image/ab67616d00001e0242f77ead5ea888c6e011200c
2026-07-29,kr,South Korea,150,5,love.,wave to earth,5069JTmv5ZDyPeZaCCXiCg,5mtTAScDytxMMqZj14NmlN,https://i.scdn.co/image/ab67616d00001e0224f8c3ad20b7c6cfecb5832e
2026-07-29,kr,South Korea,151,12,Here With Me,d4vd,5y8tKLUfMvliMe8IKamR32,0dS2u2UFd88TIzDDaZDLvS,https://i.scdn.co/image/ab67616d00001e02e5ff1941799cd30cb2aa072b
2026-07-29,kr,South Korea,152,39,Coming Of Age Story,LEE MU JIN,4Xj0peBt3EZHbdF20JmdWC,2ZTU8atPwouhoQSvxv9aQj,https://i.scdn.co/image/ab67616d00001e022d8020a415ad2df89d4b6c54
2026-07-29,kr,South Korea,153,14,2.0,BTS,3Nrfpe0tUJi4K4DXYWgMUX,3bmpXHVie1GTy37OkXJ7Vc,https://i.scdn.co/image/ab67616d00001e02dfa17fad7f190c901603270e
2026-07-29,kr,South Korea,154,7,Miniskirt,AOA,54gWVQFHf8IIqbjxAoOarN,6Yj8kVuVR3UPxx9r5eFEoV,https://i.scdn.co/image/ab67616d00001e0236adcea4e93245f1fec547df
2026-07-29,kr,South Korea,155,62,거리에서,Sung Si Kyung,7jFUYMpMUBDL4JQtMZ5ilc,3om54iJe5sfQiUvSRQXyPZ,https://i.scdn.co/image/ab67616d00001e02be63f726b5e816bc5ce3926c
2026-07-29,kr,South Korea,156,34,Time of Our Life -Japanese ver.- - Japanese ver.,DAY6,5TnQc2N1iKlFjYD7CPGvFc,18x0Z8JUwLA2LhgsIHbNy3,https://i.scdn.co/image/ab67616d00001e022ecc00c9a71f5d72ce87958e
2026-07-29,kr,South Korea,157,2,Attraction (feat.Dynamic Duo),BUMKEY; Dynamicduo,3vhZuZdMksbnJwoE3AwpXq; 4nvFFLtv7ZqoTr83387uK4,3aB6czyTVQavHa1fz1x3HZ,https://i.scdn.co/image/ab67616d00001e025df4381f22df5d67eba2aee0
2026-07-29,kr,South Korea,158,21,Dynamite,BTS,3Nrfpe0tUJi4K4DXYWgMUX,5QDLhrAOJJdNAmCTJ8xMyW,https://i.scdn.co/image/ab67616d00001e02c07d5d2fdc02ae252fcd07e5
2026-07-29,kr,South Korea,159,11,DAISIES,Justin Bieber,1uNFoZAHBGtllmzznpCI3s,5BZsQlgw21vDOAjoqkNgKb,https://i.scdn.co/image/ab67616d00001e02d65c4773bc5061fd27facc5b
2026-07-29,kr,South Korea,160,4,OHAYO MY NIGHT,D-Hack; PATEKO,6Ycj4hhpz2nOfsYCU1gHqR; 0J372uvAXbRjLFSoAVE2lp,4iJprGt1rt5iy0sxXXaRWn,https://i.scdn.co/image/ab67616d00001e024f10712c9170e737a7c212ce
2026-07-29,kr,South Korea,161,Re-Entry,I’m HERO,Lim Young Woong,75MOYjGEyyH5U4ZFHOPvxR,2TOpItg5NsMsFV58nZm5XN,https://i.scdn.co/image/ab67616d00001e02f207933160e8018901f665b2
2026-07-29,kr,South Korea,162,6,Die For You,The Weeknd,1Xyo4u8uXC1ZmMpatF05PJ,2LBqCSwhJGcFQeTHMVGwy3,https://i.scdn.co/image/ab67616d00001e02a048415db06a5b6fa7ec4e1a
2026-07-29,kr,South Korea,163,34,Glow Up,RESCENE,5deOsjuFTKrNMJW3rKuL8S,12tWYSmupB8x0B4HyalBAm,https://i.scdn.co/image/ab67616d00001e029538990ec50c597ab78adfcf
2026-07-29,kr,South Korea,164,23,Hooligan,BTS,3Nrfpe0tUJi4K4DXYWgMUX,20dAJsyno9ZoBLJtqgQnUI,https://i.scdn.co/image/ab67616d00001e02dfa17fad7f190c901603270e
2026-07-29,kr,South Korea,165,5,actually,ZICO,4XpUIb8uuNlIWVKmgKZXC0,7u2fcMmCUvboH1G2nYQFRP,https://i.scdn.co/image/ab67616d00001e0224deb6c031c068f1f3a6324b
2026-07-29,kr,South Korea,166,5,Blinding Lights,The Weeknd,1Xyo4u8uXC1ZmMpatF05PJ,0VjIjW4GlUZAMYd2vXMi3b,https://i.scdn.co/image/ab67616d00001e028863bc11d2aa12b54f5aeb36
2026-07-29,kr,South Korea,167,8,Prince of the sea,박명수,1aCvTvFylQbGlKetfucVJY,3OTSFhD4vXLOH10i0FUPgA,https://i.scdn.co/image/ab67616d00001e02727b047a50910d42780c5602
2026-07-29,kr,South Korea,168,4,Skrr (feat. GISELLE),HAON; GISELLE,2krUNMgFZYm5s4Nn0g91W9; 2P1id80CMwR5R5cwcyIIAi,21IVUjbu1ms4ZISGt74NCy,https://i.scdn.co/image/ab67616d00001e020ab54ce9be8cc71deb33343f
2026-07-29,kr,South Korea,169,17,Come Over,BTS,3Nrfpe0tUJi4K4DXYWgMUX,6uvw8GFIqdqaJ4Nr3kN8Rs,https://i.scdn.co/image/ab67616d00001e02df7118c4f396e50961cc0e74
2026-07-29,kr,South Korea,170,24,고백,DELISPICE,3zH8Xu8C1GnnmfpBqzdLPf,20tWEsVsKU6FfzXGt4IOuV,https://i.scdn.co/image/ab67616d00001e029ee364d7aacc7ae61af96b2b
2026-07-29,kr,South Korea,171,17,VIRAL,BOYNEXTDOOR,4hnHLgMSOiqERWBL4jINP1,0NqmROY1BA3g9A7ZqF8D6O,https://i.scdn.co/image/ab67616d00001e025d7b9ba3a4a1e7aa5acbec20
2026-07-29,kr,South Korea,172,Re-Entry,Lucky Girl Syndrome,ILLIT,36cgvBn0aadzOijnjjwqMN,2kIUILBPlz4exX9xIFS275,https://i.scdn.co/image/ab67616d00001e02f037c5fb9de6c78726cb8e2c
2026-07-29,kr,South Korea,173,17,Bubble Gum,NewJeans,6HvZYsbFfjnjFrWF950C9d,19D8LNpWwIPpi6hs9BG7dq,https://i.scdn.co/image/ab67616d00001e02b657fbb27b17e7bd4691c2b2
2026-07-29,kr,South Korea,174,17,"Every day, Every Moment",Paul Kim,4qRXrzUmdy3p33lgvJEzdv,3Ml2s37uS9jqRM2R3bfDiB,https://i.scdn.co/image/ab67616d00001e0290a98780fb70dde769f9e61a
2026-07-29,kr,South Korea,175,25,TNT,CORTIS,1ebt9HnXdyYA6KgLXr1n4P,7diH1qnFziArYzynk3vkr6,https://i.scdn.co/image/ab67616d00001e027a702a4c3a18c1439fdc29ff
2026-07-29,kr,South Korea,176,9,"I’m sorry, But…",Lim Young Woong,75MOYjGEyyH5U4ZFHOPvxR,5qCu3KDSEoojJ4Rh5OzHm3,https://i.scdn.co/image/ab67616d00001e02f207933160e8018901f665b2
2026-07-29,kr,South Korea,177,Re-Entry,double take,Dhruv,70NcAr4ZtA3FAqU16iQZSb,0QzuaeCEEOV40Pn7IvKEny,https://i.scdn.co/image/ab67616d00001e026f04e53cb5309f8e88286842
2026-07-29,kr,South Korea,178,15,JANE DOE,Kenshi Yonezu; Hikaru Utada,1snhtMLeb2DYoMOcVbb8iB; 7lbSsjYACZHn1MSDXPxNF2,4oE7MyJhqSD3BaHRpNs8Nl,https://i.scdn.co/image/ab67616d00001e028131aa99fb87ff0e9c511851
2026-07-29,kr,South Korea,179,4,サムライハート(Some Like It Hot!!),SPYAIR,7gRg6C2qgQ1F01k3sgyEVt,5G0NPSOTLepHxUhEMlVjWj,https://i.scdn.co/image/ab67616d00001e025d8c79e841da375652577a5d
2026-07-29,kr,South Korea,180,39,Shut The Door,Young K,34HmvZztvxqAo2mBSAieRe,0EbfMfuMAPyFtv07DrRauE,https://i.scdn.co/image/ab67616d00001e02d607537c9b40bf8be972e5a4
2026-07-29,kr,South Korea,181,1,Episode,LEE MU JIN,4Xj0peBt3EZHbdF20JmdWC,29MHN4pjwkSSKsGowRETGW,https://i.scdn.co/image/ab67616d00001e02240ab752af13134992e65b53
2026-07-29,kr,South Korea,182,13,NIGHT DANCER,imase,4TaSvnT5o4REFwhqfrmK27,3gmn76fCtpDazGMnN0QMHX,https://i.scdn.co/image/ab67616d00001e024b062591b6a5c15652dd2bb5
2026-07-29,kr,South Korea,183,Re-Entry,踊り子,Vaundy,2IUl3m1H1EQ7QfNbNWvgru,1YXot2MLAG9sttepCtBRM7,https://i.scdn.co/image/ab67616d00001e02e0c3a68b9981c2e7b25f9737
2026-07-29,kr,South Korea,184,Re-Entry,Cherry Blossom Ending,Busker Busker,6jgrgDBt1SbtNbc25sLaTH,4eFTh1opLS5wANDmZK9ghC,https://i.scdn.co/image/ab67616d00001e0247683d1b11d35a22048d243f
2026-07-29,kr,South Korea,185,Re-Entry,HOT,LE SSERAFIM,4SpbR6yFEvexJuaBpgAU5p,24Y63uAvj6Oc9jGuTlhlgf,https://i.scdn.co/image/ab67616d00001e022e573f25565a8c2d1ae5e4d6
2026-07-29,kr,South Korea,186,Re-Entry,Still With You,Jung Kook,6HaGTQPmzraVmaVxvz6EUc,0eFMbKCRw8KByXyWBw8WO7,https://i.scdn.co/image/ab67616d00001e02a7f42c375578df426b37638d
2026-07-29,kr,South Korea,187,8,As If It's Your Last,BLACKPINK,41MozSoPIsD1dJM0CLPjZF,4ZxOuNHhpyOj4gv52MtQpT,https://i.scdn.co/image/ab67616d00001e02ac93d8b1bd84fa6b5291ba21
2026-07-29,kr,South Korea,188,Re-Entry,Don’t look back at me,Lim Young Woong,75MOYjGEyyH5U4ZFHOPvxR,7ohibqc88AbCOYqCqjcE1a,https://i.scdn.co/image/ab67616d00001e02f207933160e8018901f665b2
2026-07-29,kr,South Korea,189,5,Y (Please Tell Me Why),freestyle,0LigV2SSsRZaeX2htEFXV9,1nk9moKBnrWMsXoHxnaeJd,https://i.scdn.co/image/ab67616d00001e02c85c7840e616339d7322f2c2
2026-07-29,kr,South Korea,190,93,If you lovingly call my name,GyeongseoYeji; Jeon Gunho,5crpfIGj4lAUNuHYUY2TN9; 3WFFsW6pFOm0e2yVQLTYCX,0tgxvf4rqBBeEB54h0nnRD,https://i.scdn.co/image/ab67616d00001e02d22351424b334dd54c1c39cf
2026-07-29,kr,South Korea,191,Re-Entry,DM,fromis_9,24nUVBIlCGi4twz4nYxJum,7B9W7Qsy5M2kyUNjQYIEG8,https://i.scdn.co/image/ab67616d00001e02cf53b5c466a64daece07edc4
2026-07-29,kr,South Korea,192,Re-Entry,A Song For Us,Lim Young Woong,75MOYjGEyyH5U4ZFHOPvxR,1gSYptPgZodmxwSXqeCKSF,https://i.scdn.co/image/ab67616d00001e02f207933160e8018901f665b2
2026-07-29,kr,South Korea,193,2,"IF I SAY, I LOVE YOU",BOYNEXTDOOR,4hnHLgMSOiqERWBL4jINP1,2NtidJuimmXzUsExfMYcvk,https://i.scdn.co/image/ab67616d00001e02cf33c21b065bda3fc6842c8e
2026-07-29,kr,South Korea,194,17,Amor,Baek A,5rHUhS9Ya0S63WI9LFmCSx,3scRk3rUGIwpCg9kMNrtEQ,https://i.scdn.co/image/ab67616d00001e02d07b5785179b6b3709e9bd8c
2026-07-29,kr,South Korea,195,6,Billie Jean,Michael Jackson,3fMbdgg4jU18AjLCKBhRSm,7J1uxwnxfQLu4APicE5Rnj,https://i.scdn.co/image/ab67616d00001e0232a7d87248d1b75463483df5
2026-07-29,kr,South Korea,196,Re-Entry,Cherish (My Love),ILLIT,36cgvBn0aadzOijnjjwqMN,21LtZQQMQYwVIxc9O9Ygq8,https://i.scdn.co/image/ab67616d00001e02be38c944cece32b9978c1b41
2026-07-29,kr,South Korea,197,Re-Entry,나였으면,Na Yoon Kwon,49fyJl5wIzI5GtRuCKxKRw,7sp5iTQjB7GHXX4TKrhOaO,https://i.scdn.co/image/ab67616d00001e022ccd9df5630a4e1806dbb291
2026-07-29,kr,South Korea,198,51,Spring Is Gone by chance,Loco; YUJU,2e4G04F77jxVuDYo44TCSm; 7Bu0r4MCDX3sbhcFD5IXyx,5rZN0PP6xZsf5SWxkpMm7k,https://i.scdn.co/image/ab67616d00001e02f60ebb0dff372aa4eff38e39
2026-07-29,kr,South Korea,199,Re-Entry,Winter Ahead (with PARK HYO SHIN),V; Park Hyo Shin,3JsHnjpbhX4SnySpvpa9DK; 57htMBtzpppc1yoXgjbslj,7G7mSV4BebkoHWwKTDvXu9,https://i.scdn.co/image/ab67616d00001e0216ba2a3622bd0d0d985e3234
2026-07-29,kr,South Korea,200,Re-Entry,Wi Ing Wi Ing,HYUKOH,57okaLdCtv3nVBSn5otJkp,66UcQu5LBo2A7AC0A5r0lI,https://i.scdn.co/image/ab67616d00001e021ca37e9bcd0cc377a82aec48
2026-07-29,tw,Taiwan,1,–,Less than a Lover,JENNIE,250b0Wlc5Vk0CoUsaCY84M,19UnXjpLshSLobPspdyxlD,https://i.scdn.co/image/ab67616d00001e021568796289f10031724bc780
2026-07-29,tw,Taiwan,2,–,Don’t Say You Love Me,Jin,5vV3bFXnN6D6N3Nj4xRvaV,27xkOIER6uDLKALIelHylZ,https://i.scdn.co/image/ab67616d00001e0289228504f700641956e29f5d
2026-07-29,tw,Taiwan,3,2,Winter Ahead (with PARK HYO SHIN),V; Park Hyo Shin,3JsHnjpbhX4SnySpvpa9DK; 57htMBtzpppc1yoXgjbslj,7G7mSV4BebkoHWwKTDvXu9,https://i.scdn.co/image/ab67616d00001e0216ba2a3622bd0d0d985e3234
2026-07-29,tw,Taiwan,4,1,沒有人像我一樣 (影集《欠妳的那場婚禮》主題曲),Cosmos People,0tNjyz75Px29Yuf1sjs25G,5ZIAawvVz8fr74vIk8wX6l,https://i.scdn.co/image/ab67616d00001e02fff8abd389864784b3f599d4
2026-07-29,tw,Taiwan,5,1,BAD,ATEEZ,68KmkJeZGfwe1OUaivBa2L,55UDXtbNJBAdTdUdbRu8T3,https://i.scdn.co/image/ab67616d00001e027e77585ffef632e51313b3e0
2026-07-29,tw,Taiwan,6,–,Beauty And A Beat,Justin Bieber; Nicki Minaj,1uNFoZAHBGtllmzznpCI3s; 0hCNtLu0JehylgoiP8L4Gh,6QFCMUUq1T2Vf5sFUXcuQ7,https://i.scdn.co/image/ab67616d00001e02f1d02a6cec967f8b6b78f76e
2026-07-29,tw,Taiwan,7,–,玻璃,Gareth.T,6R57JlNKlnNrYaji0vw8xx,4lZVYNSHy3bKN1pqTxw9Zl,https://i.scdn.co/image/ab67616d00001e02d6e4227850346a74a114c0f7
2026-07-29,tw,Taiwan,8,–,不愛就不愛,艾薇 Ivy,0RaC2hXyniYsju0mCSNz90,3ZILOOFldKtW2C7sD3MYXi,https://i.scdn.co/image/ab67616d00001e020c91704919ddcd53229744b9
2026-07-29,tw,Taiwan,9,2,海屿你,马也_Crabbit,1V6Bl7Ny5loHozQUalAd6M,6UO9nrihAk6sFGvVHDVTz8,https://i.scdn.co/image/ab67616d00001e027d721d0483ccd72e6581e858
2026-07-29,tw,Taiwan,10,1,太陽與地球,Crowd Lu,2JBUyLiFvpFPWdZGqIGYLD,0bQSWXtpau3VkNI1ZcXTQA,https://i.scdn.co/image/ab67616d00001e021b1fb50eec98ff61b9fdbda2
2026-07-29,tw,Taiwan,11,1,甲乙丙丁Strangers,Jess Lee,02Cz717BTulFiQXUuIXH6n,629FqLOdjtsXh5b45FTk43,https://i.scdn.co/image/ab67616d00001e02da4b1beb6d3520f8e1dbfad9
2026-07-29,tw,Taiwan,12,–,hate that i made you love me,Ariana Grande,66CXWjxzNUsdJxJ2JdwvnR,20jbSiX29FDX4oQxBXyUEi,https://i.scdn.co/image/ab67616d00001e02b622d42c30697e1e1414343c
2026-07-29,tw,Taiwan,13,1,若無你我欲去佗位,黃奇斌,7td0pZH6CpEX2f36bU1H2D,63uBr7KrsE4dUHCjFTzn3W,https://i.scdn.co/image/ab67616d00001e029473ea3673fe674b522ffa94
2026-07-29,tw,Taiwan,14,3,特別的人,Khalil Fong,1YrtUPrWcPfgdl9BaD9nhd,0VTzUEuHYD8s7CgQ15cDPo,https://i.scdn.co/image/ab67616d00001e02e71979c121400469d76350cf
2026-07-29,tw,Taiwan,15,3,離開我的依賴,Evangeline Wong,7sEIHkZXRzGa3OBUCCxzU5,28VBdtYc5Cpmey4Cpvcrby,https://i.scdn.co/image/ab67616d00001e02bc2f8151c384496d34c683df
2026-07-29,tw,Taiwan,16,3,一個人想著一個人,Pets Tseng,1he19XnDUahODrmRwKlC8w,3n3zzFH7zzO0gJNaw4RKSm,https://i.scdn.co/image/ab67616d00001e022bc290220b16df50c6324586
2026-07-29,tw,Taiwan,17,2,愛你但說不出口,Karencici,6v6qfXRvTRGGsmGfDvtMIK,5CCV2xxYnI7b1wFkP1gElh,https://i.scdn.co/image/ab67616d00001e02323d0063533bcabc9ae5927b
2026-07-29,tw,Taiwan,18,7,幾分之幾 - 電影<花甲大人轉男孩>主題曲,Crowd Lu,2JBUyLiFvpFPWdZGqIGYLD,4F7ZAsndEIJXyFzJUHNlRu,https://i.scdn.co/image/ab67616d00001e02d861b9b3ba2ad6370d09e30d
2026-07-29,tw,Taiwan,19,5,LEMONADE,aespa,6YVMFz59CuY7ngCxTxjpxE,6vjt2smGK75oc9r2OGFfgp,https://i.scdn.co/image/ab67616d00001e025f0171c63cceb32ccff8b9a9
2026-07-29,tw,Taiwan,20,4,Who,Jimin,1oSPZhvZMIrWW5I41kPkkY,7tI8dRuH2Yc6RuoTjxo4dU,https://i.scdn.co/image/ab67616d00001e02f02c451189a709b9a952aaec
2026-07-29,tw,Taiwan,21,1,Good Goodbye,HWASA,7bmYpVgQub656uNTu6qGNQ,3cLXrotzCjYCkN73PewALM,https://i.scdn.co/image/ab67616d00001e02f7ec5c454a78dfb0086c0c97
2026-07-29,tw,Taiwan,22,2,REDRED,CORTIS,1ebt9HnXdyYA6KgLXr1n4P,2fCwv2ppU5nTRTckomIGsd,https://i.scdn.co/image/ab67616d00001e0224ace1518851b27e9983f739
2026-07-29,tw,Taiwan,23,3,愛情的大壞蛋,Amazing Show,3n16EAnJtz6SZGx2zJssrI,5HVq8nS0pbM6G7YK8M7DY4,https://i.scdn.co/image/ab67616d00001e025e186c6cd94001e56c635af4
2026-07-29,tw,Taiwan,24,5,It's Me,ILLIT,36cgvBn0aadzOijnjjwqMN,1D5L58KLBbceOynTP4DQnY,https://i.scdn.co/image/ab67616d00001e0261eea484e31bca065904f1c6
2026-07-29,tw,Taiwan,25,7,離開的一路上,Bestards,0Awqm7GXGiBp8fJNGvywra,1NoDTQhJsrd5rnpb6PQthK,https://i.scdn.co/image/ab67616d00001e02d6440a0195afdb56353be153
2026-07-29,tw,Taiwan,26,18,Animal,KATSEYE,3c0gDdb9lhnHGFtP4prQpn,3ouNEk0tv5TTi8VWMe1xbX,https://i.scdn.co/image/ab67616d00001e029e8d48f27391ce383862b8e8
2026-07-29,tw,Taiwan,27,8,失重前幸福,艾薇 Ivy,0RaC2hXyniYsju0mCSNz90,3SJgTyb8a7z66suw0kBZ0T,https://i.scdn.co/image/ab67616d00001e02c7dd9f3f5921f3ad7a558eda
2026-07-29,tw,Taiwan,28,1,CHOOM,BABYMONSTER,1SIocsqdEefUTE6XKGUiVS,6gunPOwkADFspLkQtmVuZT,https://i.scdn.co/image/ab67616d00001e020fbcc1d9dc6a647af4ebdfee
2026-07-29,tw,Taiwan,29,1,SWIM,BTS,3Nrfpe0tUJi4K4DXYWgMUX,68lbSrXDORS51pmyjZv712,https://i.scdn.co/image/ab67616d00001e02dfa17fad7f190c901603270e
2026-07-29,tw,Taiwan,30,10,我懷念的,Stefanie Sun,0SIXZXJCAhNU8sxK0qm7hn,7z2M7DsEjZjwXBkWG3zd21,https://i.scdn.co/image/ab67616d00001e02a44d8e316d4c30aa03bba052
2026-07-29,tw,Taiwan,31,19,All For You - 《蜘蛛人：重生日》電影片尾曲,Eric Chou,5fEQLwq1BWWQNR8GzhOIvi,7nDEuBtwQmqv2tQm7EREyb,https://i.scdn.co/image/ab67616d00001e02fe82110802b5915e7646946e
2026-07-29,tw,Taiwan,32,1,陪你到這,陳華,5ZxRmJ21NzjxD2ZGBxi7um,26zxMDfNVe4lAfx1VRmqSt,https://i.scdn.co/image/ab67616d00001e021ff6eee33b2ea4e89aef2583
2026-07-29,tw,Taiwan,33,10,過了幾天(合唱版),郭家瑋; DIOR 大穎,5EZkv9iiDdCJvhSQaRMj2X; 0czbvTRVGHfCdRsJLxbBGQ,4GEWZ1vDFVkmhG55zpKFLO,https://i.scdn.co/image/ab67616d00001e021638625acf2084cca7630e8f
2026-07-29,tw,Taiwan,34,13,擱淺,Jay Chou,2elBjNSdBE2Y3f0j1mjrql,0cOMncRq4cmDLO4tPQnkBF,https://i.scdn.co/image/ab67616d00001e0200b976d1df4243e5318a7712
2026-07-29,tw,Taiwan,35,6,STAY (with Justin Bieber),The Kid LAROI; Justin Bieber,2tIP7SsRs7vjIcLrU85W8J; 1uNFoZAHBGtllmzznpCI3s,567e29TDzLwZwfDuEpGTwo,https://i.scdn.co/image/ab67616d00001e02b4d59e6fa7e5e7cbc57ac33a
2026-07-29,tw,Taiwan,36,5,閣愛妳一擺,EggPlantEgg,6g641431O1Xkl7HAs2yFEg,4Zwn8WxD61diTwqv9hyTQA,https://i.scdn.co/image/ab67616d00001e0234a5cfe817584ad8fc38981c
2026-07-29,tw,Taiwan,37,12,第八大洋,陳華,5ZxRmJ21NzjxD2ZGBxi7um,2k1pmgxA5wttMfSWR1khKY,https://i.scdn.co/image/ab67616d00001e024411c034579d7bbd70e512bc
2026-07-29,tw,Taiwan,38,4,ICONIC BY MISTAKE,LE SSERAFIM; ILLIT; KATSEYE,4SpbR6yFEvexJuaBpgAU5p; 36cgvBn0aadzOijnjjwqMN; 3c0gDdb9lhnHGFtP4prQpn,6fl4Gu0lJm5hc8FM5JzCZD,https://i.scdn.co/image/ab67616d00001e0255886e2f0784a2b7b62b7fe7
2026-07-29,tw,Taiwan,39,11,開始懂了,Stefanie Sun,0SIXZXJCAhNU8sxK0qm7hn,68tZwwRuo9ip5gRQFG1XWF,https://i.scdn.co/image/ab67616d00001e021d210622badaad3d869038ef
2026-07-29,tw,Taiwan,40,4,晴天,Jay Chou,2elBjNSdBE2Y3f0j1mjrql,5pIcwtJYNJx93l420oR2Vm,https://i.scdn.co/image/ab67616d00001e026850b3307853e0753ed53cc5
2026-07-29,tw,Taiwan,41,11,愛 請問怎麼走,A-Lin,28gf2piFx6cAKOMIwcky5a,2mqHMawyHWU5B5f2wA299P,https://i.scdn.co/image/ab67616d00001e02065ed77585ec7c2b792df59d
2026-07-29,tw,Taiwan,42,7,多遠都要在一起,G.E.M.,7aRC4L63dBn3CiLDuWaLSI,55d0jw269HE9pbOt5ntCo8,https://i.scdn.co/image/ab67616d00001e02a40897c721bbc3afded61669
2026-07-29,tw,Taiwan,43,4,遇見,Stefanie Sun,0SIXZXJCAhNU8sxK0qm7hn,3xJK8ywApYVEYIDhymYMC6,https://i.scdn.co/image/ab67616d00001e02df729ce08f51ac7cbab07e39
2026-07-29,tw,Taiwan,44,5,浪人的…,Zhang Zhen Yue,6PNEi9i2MxUgRufqYr76Xt,4cOagvJS8xGFU4VLpcp0gK,https://i.scdn.co/image/ab67616d00001e029bbeefa122298cbab6bf1cbd
2026-07-29,tw,Taiwan,45,8,幸福在歌唱 - 電影《陽光女子合唱團》幸福版主題曲,A-Lin,28gf2piFx6cAKOMIwcky5a,3VHi5bCUek6XdiDmqqrirs,https://i.scdn.co/image/ab67616d00001e020c46b9e7e5d28f9bc1cbe892
2026-07-29,tw,Taiwan,46,7,偷偷愛,Amazing Show,3n16EAnJtz6SZGx2zJssrI,0L7R4dmkwk46DEZgqx1fF7,https://i.scdn.co/image/ab67616d00001e025e186c6cd94001e56c635af4
2026-07-29,tw,Taiwan,47,5,如果我很平庸,陳華,5ZxRmJ21NzjxD2ZGBxi7um,0o0yzV24yRsgFE1xstBeeV,https://i.scdn.co/image/ab67616d00001e02886a886681fa2a20938f2360
2026-07-29,tw,Taiwan,48,13,連名帶姓,A-Mei Chang,6noxsCszBEEK04kCehugOp,3LlQoKvVnkVvq3KC8anUn8,https://i.scdn.co/image/ab67616d00001e02e56be6db20760f34831f7170
2026-07-29,tw,Taiwan,49,8,慢冷,Fish Leong,3aIDSTKS9yH745GUQBxDcS,3NNDJfWMGHuNpvHWTImmlW,https://i.scdn.co/image/ab67616d00001e0270a002a07c7e78abbe128abb
2026-07-29,tw,Taiwan,50,12,演员,Joker Xue,1cg0bYpP5e2DNG0RgK2CMN,5Sib99jpYybZAicUMETb3h,https://i.scdn.co/image/ab67616d00001e02b561e8f785c92e136f37cd08
2026-07-29,tw,Taiwan,51,13,小半,陳粒,3SyC3U06X0DjdWd2Jf6V8Q,3QxWTqyIT4O9bokIZlNDpo,https://i.scdn.co/image/ab67616d00001e025108846a5856e34da7892064
2026-07-29,tw,Taiwan,52,4,KISS N TELL,aespa,6YVMFz59CuY7ngCxTxjpxE,3Fse9qXqMNey4TL5mLy8IF,https://i.scdn.co/image/ab67616d00001e02304c46fde5f5244a66f7317b
2026-07-29,tw,Taiwan,53,8,Dai Dai,Shakira; Burna Boy,0EmeFodog0BfCgMzAIvKQp; 3wcj11K77LjEY1PkEazffa,0kosUz0jePvjiz4ctmR6wL,https://i.scdn.co/image/ab67616d00001e0203cadf1b3fe324c1dc710ed4
2026-07-29,tw,Taiwan,54,–,數到十,Pets Tseng,1he19XnDUahODrmRwKlC8w,6RN4rGtDTTx9orufM72pC4,https://i.scdn.co/image/ab67616d00001e02ff9e519c3bf77721b9319969
2026-07-29,tw,Taiwan,55,4,珊瑚海,Jay Chou; Lara Liang,2elBjNSdBE2Y3f0j1mjrql; 4VgfrD5wuAoN428fBZNSyW,3Qj9Fy8BPbWmICTiNkuqB7,https://i.scdn.co/image/ab67616d00001e022625625847482492f9e2e665
2026-07-29,tw,Taiwan,56,11,左轉燈 (1000 Times+1),Patrick Brasca; mac ova seas,1xCrrnnj9xif5G0y3ie5dM; 1a3bTQmBNmgiY3U7sMh9pf,4UwZyC0wEV6XDEAr9kaQhi,https://i.scdn.co/image/ab67616d00001e02cb96e5aa990343a259e36ad5
2026-07-29,tw,Taiwan,57,14,toxic till the end,ROSÉ,3eVa5w3URK5duf6eyVDbu9,1z5ebC9238uGoBgzYyvGpQ,https://i.scdn.co/image/ab67616d00001e027be65ce6672ed7e5aac6e966
2026-07-29,tw,Taiwan,58,1,RUDE!,Hearts2Hearts,1ZLU77nRzQIaP23mVSYpCQ,0WA27lZzPKFJKAbiDRmQDc,https://i.scdn.co/image/ab67616d00001e02d505bec2fbfee5857725d333
2026-07-29,tw,Taiwan,59,11,Heavy Serenade,NMIXX,28ot3wh4oNmoFOdVajibBl,1Sjs93mMgi9bX06FFU9Mcv,https://i.scdn.co/image/ab67616d00001e02d179b01c0b9baac10170d1ad
2026-07-29,tw,Taiwan,60,–,顏色,Gareth.T,6R57JlNKlnNrYaji0vw8xx,0M7YiMq9KiC9rW3GapANfL,https://i.scdn.co/image/ab67616d00001e0201de4c20ff710824726c1db8
2026-07-29,tw,Taiwan,61,15,在加納共和國離婚,Firdhaus; DIOR 大穎,6fOqdhRNsMQqtwRwgo3NUv; 0czbvTRVGHfCdRsJLxbBGQ,6GyUt7yJ0sOktc5HjvVnFh,https://i.scdn.co/image/ab67616d00001e02bd7cdd9987dede8f59e62ec6
2026-07-29,tw,Taiwan,62,3,不是因為天氣晴朗才愛你,Bestards,0Awqm7GXGiBp8fJNGvywra,2VEt42QSQxILgEf9B50xxm,https://i.scdn.co/image/ab67616d00001e022ea4b848296468f759304331
2026-07-29,tw,Taiwan,63,25,嘉賓,张远,4Q6r8rqOodVCDkbAYm7F18,5jAmIkIpskwu2hRz2YaEHi,https://i.scdn.co/image/ab67616d00001e02c74b8ff07fe68b72b31c852e
2026-07-29,tw,Taiwan,64,16,Love Yourself,Justin Bieber,1uNFoZAHBGtllmzznpCI3s,50kpGaPAhYJ3sGmk6vplg0,https://i.scdn.co/image/ab67616d00001e02f46b9d202509a8f7384b90de
2026-07-29,tw,Taiwan,65,12,一夜一夜一夜,Crowd Lu,2JBUyLiFvpFPWdZGqIGYLD,3wofqqt5YJWdhLI9IFaX39,https://i.scdn.co/image/ab67616d00001e021b1fb50eec98ff61b9fdbda2
2026-07-29,tw,Taiwan,66,4,給我一個理由忘記,A-Lin,28gf2piFx6cAKOMIwcky5a,2DcmVSLAg0ZzfOQxDshZHY,https://i.scdn.co/image/ab67616d00001e02e2b0c00178975b04b23691dc
2026-07-29,tw,Taiwan,67,9,Golden,HUNTR/X; EJAE; AUDREY NUNA; REI AMI; KPop Demon Hunters Cast,2yNNYQBChuox9A5Ka93BIn; 0RMJOzHDhAKY1o2j0W0vxY; 0Wwji82sLA0Hcvtuak3omb; 6U1dV7aL68N7Gb0Naq34V5; 7mW7Tv7NvywKKXqafZo0Lc,1CPZ5BxNNd0n0nF4Orb9JS,https://i.scdn.co/image/ab67616d00001e024dcb6c5df15cf74596ab25a4
2026-07-29,tw,Taiwan,68,1,SUGAR HONEY ICE TEA,BABYMONSTER,1SIocsqdEefUTE6XKGUiVS,227IgqbtZJtyODxqJ4wazb,https://i.scdn.co/image/ab67616d00001e02365e11a819dd404520d288e1
2026-07-29,tw,Taiwan,69,14,我喜歡你,芒果醬 Mango Jump,1t1GIb4bb1lARAXwWEekUN,6FpUCVpLvO0QXwsovSfWEa,https://i.scdn.co/image/ab67616d00001e02c4406bdc7db01dffa88ff27a
2026-07-29,tw,Taiwan,70,6,Jumping Machine (跳楼机),LBI利比,1xMn0bhYRWHDV01mU8gP1J,1XZE0InCx3SdCnLpVsPpZl,https://i.scdn.co/image/ab67616d00001e0265bcb498250d15917f92464f
2026-07-29,tw,Taiwan,71,4,Magnetic,ILLIT,36cgvBn0aadzOijnjjwqMN,1aKvZDoLGkNMxoRYgkckZG,https://i.scdn.co/image/ab67616d00001e02f037c5fb9de6c78726cb8e2c
2026-07-29,tw,Taiwan,72,4,"如果可以 - 電影""月老""主題曲",WeiBird,7y3HnWCFEvWj4KM9GFSkiX,72OVnXDzugvrCU25lMi9au,https://i.scdn.co/image/ab67616d00001e02e7e0b58b56d99f8f704c6760
2026-07-29,tw,Taiwan,73,51,我不難過,Stefanie Sun,0SIXZXJCAhNU8sxK0qm7hn,4XrWar13kLO1jr535AzKrQ,https://i.scdn.co/image/ab67616d00001e0284dfb5e38d967ab0bd2b2190
2026-07-29,tw,Taiwan,74,51,无人之岛,Ren Ran,6f4srX54JFrLNK4aTJe2Sc,4wrX3x09Z41EoqFT6BtcFi,https://i.scdn.co/image/ab67616d00001e025456964d25cb52abd0dd3768
2026-07-29,tw,Taiwan,75,26,愛我別走,Zhang Zhen Yue,6PNEi9i2MxUgRufqYr76Xt,2fc2vUA5H3mTAr9rQoBDKt,https://i.scdn.co/image/ab67616d00001e0268c82f09326ad31bb08132fd
2026-07-29,tw,Taiwan,76,8,一半一半,Top Barry; INDEcompany,3CSQfCUHVB3sZBfUfdWuph; 3bFdBTYErmHlLmdRZZxffh,21x0N6lu6D9kO8rVtTU3mH,https://i.scdn.co/image/ab67616d00001e02b581842eaf194382c21a30da
2026-07-29,tw,Taiwan,77,14,DAISIES,Justin Bieber,1uNFoZAHBGtllmzznpCI3s,5BZsQlgw21vDOAjoqkNgKb,https://i.scdn.co/image/ab67616d00001e02d65c4773bc5061fd27facc5b
2026-07-29,tw,Taiwan,78,3,愛我還是他,David Tao,40tNK2YedBV2jRFAHxpifB,13bw75oRjvxMv9VGIeM32i,https://i.scdn.co/image/ab67616d00001e02110af1ee291450d9e86a05a4
2026-07-29,tw,Taiwan,79,7,Seven (feat. Latto) (Explicit Ver.),Jung Kook; Latto,6HaGTQPmzraVmaVxvz6EUc; 3MdXrJWsbVzdn6fe5JYkSQ,2HRgqmZQC0MC7GeNuDIXHN,https://i.scdn.co/image/ab67616d00001e02741fd4807f442af3f7359316
2026-07-29,tw,Taiwan,80,26,愛愛愛,Khalil Fong,1YrtUPrWcPfgdl9BaD9nhd,59lBAMCis4C6NsPdUV35Vz,https://i.scdn.co/image/ab67616d00001e0242198488aba710a12dd43064
2026-07-29,tw,Taiwan,81,23,愛情你比我想的閣較偉大 (《當男人戀愛時》電影主題曲),EggPlantEgg,6g641431O1Xkl7HAs2yFEg,6m2I6ZyWRkxjBrrLVQILfl,https://i.scdn.co/image/ab67616d00001e027556c994436a3b274394fe81
2026-07-29,tw,Taiwan,82,26,掉了,A-Mei Chang,6noxsCszBEEK04kCehugOp,4yLirljV93Y0vIoERjeTv5,https://i.scdn.co/image/ab67616d00001e02da6368ffadcd4c761a1b4744
2026-07-29,tw,Taiwan,83,9,怎麼了,Eric Chou,5fEQLwq1BWWQNR8GzhOIvi,5cU1O9P0EDA0rPkPDykhIm,https://i.scdn.co/image/ab67616d00001e02540dd1971439c343972a92b7
2026-07-29,tw,Taiwan,84,14,BIRDS OF A FEATHER,Billie Eilish,6qqNVTkY8uBg9cP3Jd7DAH,6dOtVTDdiauQNBQEDOtlAB,https://i.scdn.co/image/ab67616d00001e0271d62ea7ea8a5be92d3c1f62
2026-07-29,tw,Taiwan,85,22,Without You,高爾宣 OSN,4TcOznbEZBqev21LzAH4KE,0KWnRv3wxjltYVB3MqjNd2,https://i.scdn.co/image/ab67616d00001e02643c4fb91404d250686fa4ed
2026-07-29,tw,Taiwan,86,2,Die With A Smile,Lady Gaga; Bruno Mars,1HY2Jd0NmPuamShAr6KMms; 0du5cEVh5yTK9QJze8zA0C,7so0lgd0zP2Sbgs2d7a1SZ,https://i.scdn.co/image/ab67616d00001e02b0860cf0a98e09663c82290c
2026-07-29,tw,Taiwan,87,10,七里香,Jay Chou,2elBjNSdBE2Y3f0j1mjrql,57w29bSwdIZ6gr6xXOqwc1,https://i.scdn.co/image/ab67616d00001e0200b976d1df4243e5318a7712
2026-07-29,tw,Taiwan,88,2,Baby,Justin Bieber; Ludacris,1uNFoZAHBGtllmzznpCI3s; 3ipn9JLAPI5GUEo4y4jcoi,6epn3r7S14KUqlReYr77hA,https://i.scdn.co/image/ab67616d00001e02629dc9e2e3bc20bbd7d92e4a
2026-07-29,tw,Taiwan,89,6,淘汰,Eason Chan,2QcZxAgcs2I1q7CtCkl6MI,5sYtvIl1mx9QuIgwC6FDU1,https://i.scdn.co/image/ab67616d00001e025108b03b7ae44c82d7f4e014
2026-07-29,tw,Taiwan,90,27,心悶,Amazing Show,3n16EAnJtz6SZGx2zJssrI,5PpuqQ7vLG2e66SUpjUVYg,https://i.scdn.co/image/ab67616d00001e0221ab32cbb8ca07c0789dccf5
2026-07-29,tw,Taiwan,91,2,你沒等我去的舊金山,Patrick Brasca; 陳華,1xCrrnnj9xif5G0y3ie5dM; 5ZxRmJ21NzjxD2ZGBxi7um,1aNVW0fujBVx7JTorTO1jn,https://i.scdn.co/image/ab67616d00001e02cb96e5aa990343a259e36ad5
2026-07-29,tw,Taiwan,92,7,天后,Andrew Tan,5AhK8gDgOZT7lE1UlbyF1c,4D0KlK4Fl8lotvsoys1bYQ,https://i.scdn.co/image/ab67616d00001e02c45593710081f6364e42960d
2026-07-29,tw,Taiwan,93,21,浪流連,EggPlantEgg,6g641431O1Xkl7HAs2yFEg,1IS0WFyiVpwsATeSzjEvpI,https://i.scdn.co/image/ab67616d00001e028c7e976070d78efcda06f7bc
2026-07-29,tw,Taiwan,94,16,看着我的眼睛说,张远,4Q6r8rqOodVCDkbAYm7F18,5cOXSOo4olhVLVSpQBvQaP,https://i.scdn.co/image/ab67616d00001e02623da38934771207c19756d1
2026-07-29,tw,Taiwan,95,23,我們的愛,F.I.R.,5oqLnVZzJJXE3YnzzZfRKu,0Q4YuuiCuxIIKUw2fb1cmV,https://i.scdn.co/image/ab67616d00001e02f475bb027a3f2f9aef2e7940
2026-07-29,tw,Taiwan,96,30,她已不再是那個女孩,DIOR 大穎,0czbvTRVGHfCdRsJLxbBGQ,49T3qI4iMo0lAzJq1CWjA3,https://i.scdn.co/image/ab67616d00001e0240d8dd6417b6b5c6d569dc12
2026-07-29,tw,Taiwan,97,5,愛錯,Leehom Wang,2F5W6Rsxwzg0plQ0w8dSyt,4vdX5mQE0oXkflFqsqQkUP,https://i.scdn.co/image/ab67616d00001e0265fce5eb1fbdcdeb5ca55b34
2026-07-29,tw,Taiwan,98,14,back to friends,sombr,4G9NDjRyZFDlJKMRL8hx3S,7qjZnBKE73H4Oxkopwulqe,https://i.scdn.co/image/ab67616d00001e024229702de91cb3d3a4383302
2026-07-29,tw,Taiwan,99,–,APT.,ROSÉ; Bruno Mars,3eVa5w3URK5duf6eyVDbu9; 0du5cEVh5yTK9QJze8zA0C,4wJ5Qq0jBN4ajy7ouZIV1c,https://i.scdn.co/image/ab67616d00001e027be65ce6672ed7e5aac6e966
2026-07-29,tw,Taiwan,100,–,能不能和我留在台北（陪我幾天）,icyball 冰球樂團,4GsjZQZJ3viOq4Uw8wZDbW,63N9fNPJ5kkbvtntCwgIbm,https://i.scdn.co/image/ab67616d00001e0225924b289c5bca087d494fd2
2026-07-29,tw,Taiwan,101,Re-Entry,如果你也聽說,A-Mei Chang,6noxsCszBEEK04kCehugOp,2JH8WubSk2IWYUDBUguSQv,https://i.scdn.co/image/ab67616d00001e020b498d921e43f090eeb31e23
2026-07-29,tw,Taiwan,102,86,楓,Jay Chou,2elBjNSdBE2Y3f0j1mjrql,1pALOIA4ytESmhl7Fxjdic,https://i.scdn.co/image/ab67616d00001e022625625847482492f9e2e665
2026-07-29,tw,Taiwan,103,–,DRIP,BABYMONSTER,1SIocsqdEefUTE6XKGUiVS,1MUZitHRpmng5NevrvNx4T,https://i.scdn.co/image/ab67616d00001e02119800c5fc88785ee3ed1524
2026-07-29,tw,Taiwan,104,8,stupid song,Olivia Rodrigo,1McMsnEElThX1knmY4oliG,49j6SvuvWfbEKZKzsHCdLJ,https://i.scdn.co/image/ab67616d00001e026949b83f85d782b21ce70583
2026-07-29,tw,Taiwan,105,18,NIGHT DANCER,imase,4TaSvnT5o4REFwhqfrmK27,3gmn76fCtpDazGMnN0QMHX,https://i.scdn.co/image/ab67616d00001e024b062591b6a5c15652dd2bb5
2026-07-29,tw,Taiwan,106,4,Payphone,Maroon 5; Wiz Khalifa,04gDigrS5kc9YWfZHwBETP; 137W8MRPWKqSmrBGDBFSop,1XGmzt0PVuFgQYYnV2It7A,https://i.scdn.co/image/ab67616d00001e02fc8633e22a7dba6aab817bff
2026-07-29,tw,Taiwan,107,19,痴心絕對,Sam Lee,7ya3wFqG9X35S7L7XSrE2i,0D0n4q2o54VTOmDJdL6ikY,https://i.scdn.co/image/ab67616d00001e02e34baf069252392938495697
2026-07-29,tw,Taiwan,108,29,人質,A-Mei Chang,6noxsCszBEEK04kCehugOp,6OAUhxFZzaRHHC8XiuIkvb,https://i.scdn.co/image/ab67616d00001e02657284accb75e6b683ebd59a
2026-07-29,tw,Taiwan,109,26,愛上你不是我決定 (feat. A-Lin),Jam Hsiao; A-Lin,4AJcTAMOLkRl3vf4syay8Q; 28gf2piFx6cAKOMIwcky5a,3F6EVsPTrU7MYCQhVOmDcg,https://i.scdn.co/image/ab67616d00001e023a891afb6e69a968fb8b7a63
2026-07-29,tw,Taiwan,110,42,Closer,The Chainsmokers; Halsey,69GGBxA162lTqCwzJG5jLp; 26VFTg2z8YR0cCuwLzESi2,7BKLCZ1jbUBVqRi2FVlTVw,https://i.scdn.co/image/ab67616d00001e02495ce6da9aeb159e94eaa453
2026-07-29,tw,Taiwan,111,23,Ghost,Justin Bieber,1uNFoZAHBGtllmzznpCI3s,6I3mqTwhRpn34SLVafSH7G,https://i.scdn.co/image/ab67616d00001e02e6f407c7f3a0ec98845e4431
2026-07-29,tw,Taiwan,112,18,綿綿無絕期,黃奇斌,7td0pZH6CpEX2f36bU1H2D,2s00UudzwUn1i16mO3zjVw,https://i.scdn.co/image/ab67616d00001e029473ea3673fe674b522ffa94
2026-07-29,tw,Taiwan,113,31,Wui229,陳嫺靜,4wbipbaGeTXkuF5paNuJqB,6ys5ZWv1RTBlwBs1vRFyd1,https://i.scdn.co/image/ab67616d00001e024724cc14fed25d41fe86bed8
2026-07-29,tw,Taiwan,114,1,捲菸,Amazing Show,3n16EAnJtz6SZGx2zJssrI,7ks6KrwN2DKhEm06X85qEK,https://i.scdn.co/image/ab67616d00001e0217db15a71504cc2bcab8c44c
2026-07-29,tw,Taiwan,115,10,Gimme Dat Love,i-dle,2AfmfGFbe0A0WsTYm0SDTx,2qMgzYVUR7JRWoZeknYfRp,https://i.scdn.co/image/ab67616d00001e02068f50412a462f651a95dbcb
2026-07-29,tw,Taiwan,116,77,愛存在,Diana Wang,6qMCbcnBinopCiiCrKQlF3,20eQ3szxVA3Ulq9Mgvu3yM,https://i.scdn.co/image/ab67616d00001e022eb6d7d3f9dd1b6061844c97
2026-07-29,tw,Taiwan,117,15,愚人節快樂,Crowd Lu,2JBUyLiFvpFPWdZGqIGYLD,3bQeHxH1x4pVUfsRpuLAlH,https://i.scdn.co/image/ab67616d00001e021b1fb50eec98ff61b9fdbda2
2026-07-29,tw,Taiwan,118,16,like JENNIE,JENNIE,250b0Wlc5Vk0CoUsaCY84M,0fK7ie6XwGxQTIkpFoWkd1,https://i.scdn.co/image/ab67616d00001e02dcf27dec5e479b2e39c4c993
2026-07-29,tw,Taiwan,119,5,那天下雨了,Jay Chou,2elBjNSdBE2Y3f0j1mjrql,0bWGqfaEeTIvrnKGPJFD18,https://i.scdn.co/image/ab67616d00001e024ccab3d7484963c55e110586
2026-07-29,tw,Taiwan,120,22,"不將就 (電影""何以笙簫默""片尾曲)",Ronghao Li,0rTP0x4vRFSDbhtqcCqc8K,5DH8nF7aWoXXg5Sm3gjCWD,https://i.scdn.co/image/ab67616d00001e02167bfff7b24d6d8fb0cd08a8
2026-07-29,tw,Taiwan,121,Re-Entry,少一點天份,Shi Shi,4XKp9GFAQfsh2NflSRnHQi,7lCLZlVt6g4ifoHXpXEHZm,https://i.scdn.co/image/ab67616d00001e026b03c0327f4742c8a2ef49c3
2026-07-29,tw,Taiwan,122,51,雨愛,Rainie Yang,0MEchSWR9pJvw1S5CV3Kuk,553GNiNqcudWfsF55RBDqz,https://i.scdn.co/image/ab67616d00001e027781cc488fb3aeca4a1c5a5c
2026-07-29,tw,Taiwan,123,42,We Don't Talk Anymore (feat. Selena Gomez),Charlie Puth; Selena Gomez,6VuMaDnrHyPL1p4EHjYLi7; 0C8ZW7ezQVs4URX5aX7Kqx,54PbBpquVfhfrwRwvjSXbI,https://i.scdn.co/image/ab67616d00001e0215145482a542a9adb282250b
2026-07-29,tw,Taiwan,124,8,刻在我心底的名字 (Your Name Engraved Herein) - 電影<刻在你心底的名字>主題曲,Crowd Lu,2JBUyLiFvpFPWdZGqIGYLD,3OC84eKMxRJ4x0Hcwl9i4i,https://i.scdn.co/image/ab67616d00001e02a09d99cdbfdb0fafee0c2318
2026-07-29,tw,Taiwan,125,12,Whiplash,aespa,6YVMFz59CuY7ngCxTxjpxE,7Cnpb1vBbC46RgVyyKLH7p,https://i.scdn.co/image/ab67616d00001e02e467a8e8d7b0aa92d354aa75
2026-07-29,tw,Taiwan,126,36,What is Love?,TWICE,7n2Ycct7Beij7Dj7meI4X0,5Ek40FyMPprcvtyZDjqylX,https://i.scdn.co/image/ab67616d00001e0240d7efd2594a2b6bda60ea18
2026-07-29,tw,Taiwan,127,54,天使借的溫柔,艾薇 Ivy,0RaC2hXyniYsju0mCSNz90,4wj25C5zOleCoNpW6wHKkR,https://i.scdn.co/image/ab67616d00001e02c1194a6510563cab926a4da8
2026-07-29,tw,Taiwan,128,8,Ice Cream,YEONJUN,2Mo2yHjmrDRZW7yRuJwR2w,10aWlzB6sD6iF58yKPMgVB,https://i.scdn.co/image/ab67616d00001e02507b4d02c0225d567b3871f4
2026-07-29,tw,Taiwan,129,26,嚣张,en王翊恩,7z7tLLiBfmH0kZ2lNVs8LW,1vfUASvUGt3gxQ1x3T3u1C,https://i.scdn.co/image/ab67616d00001e029ca65a2abe7108fd00ffe9fb
2026-07-29,tw,Taiwan,130,11,淚橋,Wu Bai,5H8TJITZE1sPjVR2ACzXNS,0NAcDn6U2GB2Arhspmh38S,https://i.scdn.co/image/ab67616d00001e02574541164c6e7f7f849e3b27
2026-07-29,tw,Taiwan,131,20,一個人,A-Lin,28gf2piFx6cAKOMIwcky5a,5Vxi8yyujUP3tw8hfR6abp,https://i.scdn.co/image/ab67616d00001e02a19f46e222d927c2c80383c2
2026-07-29,tw,Taiwan,132,5,失戀無罪,A-Lin,28gf2piFx6cAKOMIwcky5a,2s96YKKpfBUbQP3lJuhkfX,https://i.scdn.co/image/ab67616d00001e02477599cfd11f3b0d31727288
2026-07-29,tw,Taiwan,133,6,妥協,JOLIN,1r9DuPTHiQ7hnRRZ99B8nL,0m1cI6aV1jq537JamnL592,https://i.scdn.co/image/ab67616d00001e020b7942064ed301cf678f6974
2026-07-29,tw,Taiwan,134,13,GO!,CORTIS,1ebt9HnXdyYA6KgLXr1n4P,6OWWZtNQORY1McaZmOrwhc,https://i.scdn.co/image/ab67616d00001e024b56a34b0c2b3798fd46f855
2026-07-29,tw,Taiwan,135,11,Cruel Summer,Taylor Swift,06HL4z0CvFAxyc27GXpf02,1BxfuPKGuaTgP7aM0Bbdwr,https://i.scdn.co/image/ab67616d00001e02e787cffec20aa2a396a61647
2026-07-29,tw,Taiwan,136,7,SPOTLIGHT,頑童Mj116,7aMQdNM05rPkcHS1ethHUx,4M7VP5IiIj1saXNFINmxt3,https://i.scdn.co/image/ab67616d00001e0205570f9f5557d730d86a777f
2026-07-29,tw,Taiwan,137,13,像晴天像雨天（电视剧《难哄》心动曲）,Silence Wang,0PdNEiQ3MsJGCEgE13Tz60,298LjjcBvuQCAlwUWb9dKb,https://i.scdn.co/image/ab67616d00001e02e315e968f364d79e460d8f62
2026-07-29,tw,Taiwan,138,15,I LIKE IT,BABYMONSTER,1SIocsqdEefUTE6XKGUiVS,0PVC2O65Ux1aQ2PyIgeDAP,https://i.scdn.co/image/ab67616d00001e020fbcc1d9dc6a647af4ebdfee
2026-07-29,tw,Taiwan,139,1,Hit 'Em,MEOVV,08hHTBHlv0WRXWlyrsb6Kv,4hsNNlV2DFit4LSs1wL5ux,https://i.scdn.co/image/ab67616d00001e022d594ab39fc01f2200613aaf
2026-07-29,tw,Taiwan,140,10,月牙灣,F.I.R.,5oqLnVZzJJXE3YnzzZfRKu,1b5IRT3iraxjHOsKZx93sW,https://i.scdn.co/image/ab67616d00001e023653891f79d36296182d5b15
2026-07-29,tw,Taiwan,141,12,The Fate of Ophelia,Taylor Swift,06HL4z0CvFAxyc27GXpf02,53iuhJlwXhSER5J2IYYv1W,https://i.scdn.co/image/ab67616d00001e02d7812467811a7da6e6a44902
2026-07-29,tw,Taiwan,142,53,情歌,Fish Leong,3aIDSTKS9yH745GUQBxDcS,5oL7vOxCz2eJKAX6G4Yluh,https://i.scdn.co/image/ab67616d00001e02fc2f156e25ccc00efa3dfbc8
2026-07-29,tw,Taiwan,143,4,不在乎,icyball 冰球樂團,4GsjZQZJ3viOq4Uw8wZDbW,1t2mpO9GpLjRHDDX6SFWRn,https://i.scdn.co/image/ab67616d00001e02db733eaddfc8f5c52f41dad8
2026-07-29,tw,Taiwan,144,35,BOOMPALA,LE SSERAFIM,4SpbR6yFEvexJuaBpgAU5p,41d2WjuL0ikRKVjxmL7ZFz,https://i.scdn.co/image/ab67616d00001e023fba33983638fcf9704c965d
2026-07-29,tw,Taiwan,145,9,感谢你曾来过,阿涵; Ayo97,0Nu7uGMynoaIdKnfLRgxJ8; 3RZsYqWpNRBTPoJ8oqsAwW,1JLtvvPsHwLyd2ufASdkWV,https://i.scdn.co/image/ab67616d00001e025032acc6e82b53aa2e4b17bd
2026-07-29,tw,Taiwan,146,39,愛情轉移,Eason Chan,2QcZxAgcs2I1q7CtCkl6MI,2CFYSmLqdflbfOHSlZJlwl,https://i.scdn.co/image/ab67616d00001e025108b03b7ae44c82d7f4e014
2026-07-29,tw,Taiwan,147,7,我只能离开,瑞; 猫先生,7MfvSRNtsRsv9iwaMkwJCE; 235Hx9NNE1l1HgMqijDnwH,3Qg0zqpAGNFZwagu18NMtJ,https://i.scdn.co/image/ab67616d00001e028059cf3ab5d5d8ec8573e57b
2026-07-29,tw,Taiwan,148,20,魚仔 - 電視劇<花甲男孩轉大人>主題曲,Crowd Lu,2JBUyLiFvpFPWdZGqIGYLD,2sb6AZQLeoD3VgA4zglQB6,https://i.scdn.co/image/ab67616d00001e02ebd7d3e4537ed9425406a61b
2026-07-29,tw,Taiwan,149,Re-Entry,Slow Dancing,V,3JsHnjpbhX4SnySpvpa9DK,5h1BN75CEh8wdSwE1xrbSe,https://i.scdn.co/image/ab67616d00001e028e504c5aedaae49a73ed4963
2026-07-29,tw,Taiwan,150,17,下輩子,玖壹壹,3w8fdvgPp2aKgy125EBgVg,73Ijz3vN9KP1W5qrfNeWMI,https://i.scdn.co/image/ab67616d00001e02dbe6794a4afcafc06291b751
2026-07-29,tw,Taiwan,151,Re-Entry,Love Me Again,V,3JsHnjpbhX4SnySpvpa9DK,2N0SPREDYqILVEFSsWF5N5,https://i.scdn.co/image/ab67616d00001e022f1a5b69c2bd76474bca8035
2026-07-29,tw,Taiwan,152,27,不該,Jay Chou; A-Mei Chang,2elBjNSdBE2Y3f0j1mjrql; 6noxsCszBEEK04kCehugOp,5miH0BWhRVTvHAwmnoeyXH,https://i.scdn.co/image/ab67616d00001e02db1172ca038c6818b6ae8bf2
2026-07-29,tw,Taiwan,153,Re-Entry,Something Just Like This,The Chainsmokers; Coldplay,69GGBxA162lTqCwzJG5jLp; 4gzpq5DPGxSnKTe4SA8HAU,6RUKPb4LETWmmr3iAEQktW,https://i.scdn.co/image/ab67616d00001e020c13d3d5a503c84fcc60ae94
2026-07-29,tw,Taiwan,154,9,Sorry,Justin Bieber,1uNFoZAHBGtllmzznpCI3s,09CtPGIpYB4BrO8qb1RGsF,https://i.scdn.co/image/ab67616d00001e02f46b9d202509a8f7384b90de
2026-07-29,tw,Taiwan,155,14,Ditto,NewJeans,6HvZYsbFfjnjFrWF950C9d,3r8RuvgbX9s7ammBn07D3W,https://i.scdn.co/image/ab67616d00001e02edf5b257be1d6593e81bb45f
2026-07-29,tw,Taiwan,156,1,家家酒,Jia Jia,5qUYuf6cIHU241KxPyDMBp,6mO5fCJKvB9tr5RAFvBO7z,https://i.scdn.co/image/ab67616d00001e02d8946e4e14cbce7eb4a2d7c5
2026-07-29,tw,Taiwan,157,35,你，好不好？ - TVBS連續劇【遺憾拼圖】片尾曲,Eric Chou,5fEQLwq1BWWQNR8GzhOIvi,2gug6MRv4xQFYi9LA3PJCS,https://i.scdn.co/image/ab67616d00001e0205e895059be31891a3e0f01d
2026-07-29,tw,Taiwan,158,23,Rewind,高爾宣 OSN,4TcOznbEZBqev21LzAH4KE,65Wzl9VIDmbFULck1mHWub,https://i.scdn.co/image/ab67616d00001e020fd500b71aa1c90f24817d9c
2026-07-29,tw,Taiwan,159,Re-Entry,普通朋友,David Tao,40tNK2YedBV2jRFAHxpifB,7CTitzr4eVIDCPUJi5Dr4B,https://i.scdn.co/image/ab67616d00001e020aee670b96c585c15ec6d127
2026-07-29,tw,Taiwan,160,Re-Entry,對等關係 (feat. 張惠妹),Ronghao Li; A-Mei Chang,0rTP0x4vRFSDbhtqcCqc8K; 6noxsCszBEEK04kCehugOp,0mGNDAW085Jkn8IbEalZG3,https://i.scdn.co/image/ab67616d00001e02676f6999f42e041d787c97d6
2026-07-29,tw,Taiwan,161,23,小情歌,sodagreen,3WYT2b8pOLsLsqSaoWYr7U,4FhJ7YSRxATHnaRg4nGs6t,https://i.scdn.co/image/ab67616d00001e02f455f6b17df809e48fad7379
2026-07-29,tw,Taiwan,162,9,有些,颜人中,5PNcqs6EtD6gSXgUiiJIUU,4bDJJr7yG31MApWuvEasAo,https://i.scdn.co/image/ab67616d00001e02dbc44cb806214a1372ff98d0
2026-07-29,tw,Taiwan,163,31,Dynamite,BTS,3Nrfpe0tUJi4K4DXYWgMUX,5QDLhrAOJJdNAmCTJ8xMyW,https://i.scdn.co/image/ab67616d00001e02c07d5d2fdc02ae252fcd07e5
2026-07-29,tw,Taiwan,164,Re-Entry,Hold On,高爾宣 OSN; Patrick Brasca,4TcOznbEZBqev21LzAH4KE; 1xCrrnnj9xif5G0y3ie5dM,580BvW3DyUNoYFgQgoD2GI,https://i.scdn.co/image/ab67616d00001e02ebda96af44dfa483d78599f4
2026-07-29,tw,Taiwan,165,Re-Entry,Eenie Meenie,Sean Kingston; Justin Bieber,6S0dmVVn4udvppDhZIWxCr; 1uNFoZAHBGtllmzznpCI3s,4vVTI94F9uJ8lHNDWKv0i2,https://i.scdn.co/image/ab67616d00001e024dea4c1cdf30c359dbaec318
2026-07-29,tw,Taiwan,166,8,慢慢喜歡你,Karen Mok,6jlz5QSUqbKE4vnzo2qfP1,79LVKCDq5n3N2k6dtWP4gP,https://i.scdn.co/image/ab67616d00001e023ca1981b111f175cfe6a7a9d
2026-07-29,tw,Taiwan,167,Re-Entry,Body to Body,BTS,3Nrfpe0tUJi4K4DXYWgMUX,2rKkfc4VZ74FQDc1FF1Zo6,https://i.scdn.co/image/ab67616d00001e02dfa17fad7f190c901603270e
2026-07-29,tw,Taiwan,168,Re-Entry,飞鸟和蝉,Ren Ran,6f4srX54JFrLNK4aTJe2Sc,4cDVX9pSt4UQEVbbXKodW6,https://i.scdn.co/image/ab67616d00001e022d643cf8abd73155ea906bf9
2026-07-29,tw,Taiwan,169,30,幸福了 然後呢,A-Lin,28gf2piFx6cAKOMIwcky5a,6G2IcPtB3fvF4RLyanDBQQ,https://i.scdn.co/image/ab67616d00001e02f34965970a1b4ef2643be518
2026-07-29,tw,Taiwan,170,9,drop dead,Olivia Rodrigo,1McMsnEElThX1knmY4oliG,3fRCAPMMZ8l8P9YKI6OCzD,https://i.scdn.co/image/ab67616d00001e026949b83f85d782b21ce70583
2026-07-29,tw,Taiwan,171,12,無垢,李浩瑋 Howard Lee,7EkkWNWPiWFQ0rA9IEmMXs,08VBl78Lgs7VIEzCL1Btyv,https://i.scdn.co/image/ab67616d00001e02ea3657d519d84d8860541dcd
2026-07-29,tw,Taiwan,172,2,客客氣氣 COURTESY,The Crane,7naloiyHdmw1HsJd95OYDL,3aZIGAzaPiZY3CXpWLYHfq,https://i.scdn.co/image/ab67616d00001e0268164e6a21fd85c4f17a1606
2026-07-29,tw,Taiwan,173,7,說好的幸福呢,Jay Chou,2elBjNSdBE2Y3f0j1mjrql,4OoExItZJ0jePoCZDbHx4t,https://i.scdn.co/image/ab67616d00001e02c2321adb9887902f0c5bd8f1
2026-07-29,tw,Taiwan,174,14,PSYCHO,BABYMONSTER,1SIocsqdEefUTE6XKGUiVS,491ca80N1C63tpoLvAsLKb,https://i.scdn.co/image/ab67616d00001e028fbb6ffdf0fad1623c8e95f8
2026-07-29,tw,Taiwan,175,7,浪子回頭,EggPlantEgg,6g641431O1Xkl7HAs2yFEg,301mxTHzMyFOVUXl6U22sf,https://i.scdn.co/image/ab67616d00001e0271feed027741391dba78fde7
2026-07-29,tw,Taiwan,176,14,瞬,郑润泽,6KKqrrPtPB4eR1T5DT6dJ4,6rh39M79viLf2jvH46f1GB,https://i.scdn.co/image/ab67616d00001e0206ed66880dac8a092712e1ae
2026-07-29,tw,Taiwan,177,30,WE GO UP,BABYMONSTER,1SIocsqdEefUTE6XKGUiVS,1tonXoW6dcb7GGNpec3PTl,https://i.scdn.co/image/ab67616d00001e028fbb6ffdf0fad1623c8e95f8
2026-07-29,tw,Taiwan,178,14,想見你想見你想見你 - 電視劇《想見你》片尾曲,831,3TtgOeQcNkf9WVDA4xPBJM,69zgyr5HVKdInjeKpq1qHa,https://i.scdn.co/image/ab67616d00001e0271eb1e21d6b443885815abe8
2026-07-29,tw,Taiwan,179,6,Lemon Tang,Hearts2Hearts,1ZLU77nRzQIaP23mVSYpCQ,4vaC50FUEn6H8pPalM6jVA,https://i.scdn.co/image/ab67616d00001e02391fce8d3ef22f778a8c5c54
2026-07-29,tw,Taiwan,180,3,Shape of You,Ed Sheeran,6eUKZXaKkcviH0Ku9w2n3V,7qiZfU4dY1lWllzX7mPBI3,https://i.scdn.co/image/ab67616d00001e02ba5db46f4b838ef6027e6f96
2026-07-29,tw,Taiwan,181,11,年少有為,Ronghao Li,0rTP0x4vRFSDbhtqcCqc8K,6XY80Ofqd8j0SGiEdRLwCp,https://i.scdn.co/image/ab67616d00001e024ed5351deda71982d6f1ab4d
2026-07-29,tw,Taiwan,182,6,NORMAL,BTS,3Nrfpe0tUJi4K4DXYWgMUX,4B4Q7zfd0aHcuhQBfCRnH5,https://i.scdn.co/image/ab67616d00001e02dfa17fad7f190c901603270e
2026-07-29,tw,Taiwan,183,1,Counting Stars,OneRepublic,5Pwc4xIPtQLFEnJriah9YJ,2tpWsVSb9UEmDRxAl1zhX1,https://i.scdn.co/image/ab67616d00001e029e2f95ae77cf436017ada9cb
2026-07-29,tw,Taiwan,184,12,一直下,陳宇祥,2dgXpLFeXEZvzgD9Az4CvU,6OcCYYPqpoGFDA4Bcx47tR,https://i.scdn.co/image/ab67616d00001e029333520d61d8091d246c80ec
2026-07-29,tw,Taiwan,185,Re-Entry,想和你看五月的晚霞,陳華,5ZxRmJ21NzjxD2ZGBxi7um,6pFxVcn6T4BdP8mfZpTQHZ,https://i.scdn.co/image/ab67616d00001e02a318eb8c0e7811922f3817c6
2026-07-29,tw,Taiwan,186,11,戀人,Amazing Show,3n16EAnJtz6SZGx2zJssrI,0FeNHq2UAbJQ2qBLiJEXBN,https://i.scdn.co/image/ab67616d00001e02a0a953876f815e754336bda8
2026-07-29,tw,Taiwan,187,Re-Entry,手放開,Sam Lee,7ya3wFqG9X35S7L7XSrE2i,2Dd9EXYXI2NNrLG61OtWQv,https://i.scdn.co/image/ab67616d00001e022023a1b36b009bda06165b9a
2026-07-29,tw,Taiwan,188,44,一樣的月光,LaLa Hsu,3dI4Io8XE33J2o04ZwjR0Y,4wRYpv96z3nmsiC9f3BdWh,https://i.scdn.co/image/ab67616d00001e021c03e651f5e82e00b6768acf
2026-07-29,tw,Taiwan,189,3,修煉愛情,JJ Lin,7Dx7RhX0mFuXhCOUgB01uM,101iWa6yaODTI0RWewMK1B,https://i.scdn.co/image/ab67616d00001e02d007039d7dbb3ac88b4c5686
2026-07-29,tw,Taiwan,190,Re-Entry,減傷,陳華,5ZxRmJ21NzjxD2ZGBxi7um,4jqh9HVVGVhr5NOjJ7Cabu,https://i.scdn.co/image/ab67616d00001e02a30055072314dad3616efbab
2026-07-29,tw,Taiwan,191,19,擋一根,Amazing Show,3n16EAnJtz6SZGx2zJssrI,6439IQyiZV5I7aOo8UREgm,https://i.scdn.co/image/ab67616d00001e020f90f928187a5fa99f9a4608
2026-07-29,tw,Taiwan,192,Re-Entry,Come Over,BTS,3Nrfpe0tUJi4K4DXYWgMUX,6uvw8GFIqdqaJ4Nr3kN8Rs,https://i.scdn.co/image/ab67616d00001e02df7118c4f396e50961cc0e74
2026-07-29,tw,Taiwan,193,Re-Entry,迷途羔羊,G.U.T.S,1BhfLtbUmju5XfwMQ9TJdQ,7L4WcYnU9KhCqfzYTaKenr,https://i.scdn.co/image/ab67616d00001e0278021c474c194882348e5785
2026-07-29,tw,Taiwan,194,75,Just Believe,頑童Mj116,7aMQdNM05rPkcHS1ethHUx,1qrpfAFspxxhghnPeRHSsQ,https://i.scdn.co/image/ab67616d00001e02d4fe063729ca5dccd58d685f
2026-07-29,tw,Taiwan,195,Re-Entry,Lemon,Kenshi Yonezu,1snhtMLeb2DYoMOcVbb8iB,04TshWXkhV1qkqHzf31Hn6,https://i.scdn.co/image/ab67616d00001e02775e8184725e0fb89337dd9a
2026-07-29,tw,Taiwan,196,Re-Entry,好朋友的祝福,A-Lin,28gf2piFx6cAKOMIwcky5a,171nl2rmUtU9qHwJSATijn,https://i.scdn.co/image/ab67616d00001e02f34965970a1b4ef2643be518
2026-07-29,tw,Taiwan,197,Re-Entry,Sunflower - Spider-Man: Into the Spider-Verse,Post Malone; Swae Lee,246dkjvS1zLTtiykXe5h60; 1zNqQNIdeOUZHb8zbZRFMX,0RiRZpuVRbi7oqRdSMwhQY,https://i.scdn.co/image/ab67616d00001e029478c87599550dd73bfa7e02
2026-07-29,tw,Taiwan,198,Re-Entry,晚安,颜人中,5PNcqs6EtD6gSXgUiiJIUU,34M0W5H5mj7e0D83ptYbhd,https://i.scdn.co/image/ab67616d00001e02e83ca6a74d11a222a80c2fdb
2026-07-29,tw,Taiwan,199,14,唯一,G.E.M.,7aRC4L63dBn3CiLDuWaLSI,6ENf77i5DmXDimXle5Ux3C,https://i.scdn.co/image/ab67616d00001e02d3512d1c4193bc0b78380d17
2026-07-29,tw,Taiwan,200,Re-Entry,Treat You Better,Shawn Mendes,7n2wHs1TKAczGzO7Dd2rGr,3QGsuHI8jO1Rx4JWLUh9jd,https://i.scdn.co/image/ab67616d00001e021376b4b16f4bfcba02dc571b