captured_date,market,market_name,rank,rank_change,track_name,artist_names,artist_spotify_ids,track_spotify_id,image_url
2026-05-31,jp,Japan,1,10,Five,ARASHI,1XYuC1vxinTjHCNd5clB8C,2cIqVZFyBH8h5dnrzBvtre,https://i.scdn.co/image/ab67616d00001e02d4223a5dd64fe336dd9951e2
2026-05-31,jp,Japan,2,1,夜の踊り子,sakanaction,0hCWVMGGQnRVfDgmhwLIxq,6qB3lZIfnDC8TE2245NDtO,https://i.scdn.co/image/ab67616d00001e026dd4b6207e6e3780e50a24d6
2026-05-31,jp,Japan,3,1,Sukisugite METSU!,M!LK,4jhJ8cnJ9vYKyCh289nuwQ,0vDqNzQqEhl7boeRS3Joli,https://i.scdn.co/image/ab67616d00001e0209fb0acaaf2416132c914eb5
2026-05-31,jp,Japan,4,–,花束,back number,6rs1KAoQnFalSqSU4LTh8g,3QIAwtEEDOrv0g5NKCGrXZ,https://i.scdn.co/image/ab67616d00001e024951a4f5f9d719dfa4ef3d75
2026-05-31,jp,Japan,5,2,IRIS OUT,Kenshi Yonezu,1snhtMLeb2DYoMOcVbb8iB,59hVbgr8rfYkDbHfr8RcGI,https://i.scdn.co/image/ab67616d00001e026d1d4e875e2424cdd07f3232
2026-05-31,jp,Japan,6,1,Bakuretsu Aishiteru,M!LK,4jhJ8cnJ9vYKyCh289nuwQ,1F1hibBCtNeObRMmEMLHNh,https://i.scdn.co/image/ab67616d00001e023307c09719bde062177f93c7
2026-05-31,jp,Japan,7,44,Love So Sweet,ARASHI,1XYuC1vxinTjHCNd5clB8C,5I6JLJqnZICLvPebTj2YCm,https://i.scdn.co/image/ab67616d00001e02678947aeda2dc2b7aa22b8a7
2026-05-31,jp,Japan,8,2,ライラック,Mrs. GREEN APPLE,4QvgGvpgzgyUOo8Yp8LDm9,21VsLvoE7elUmJZLSawaMh,https://i.scdn.co/image/ab67616d00001e02232b48311e311ba914af2811
2026-05-31,jp,Japan,9,46,One Love,ARASHI,1XYuC1vxinTjHCNd5clB8C,3r6Am8NvUDbuS2Yqv76ivi,https://i.scdn.co/image/ab67616d00001e025d21e1c01f9e127efff4e23e
2026-05-31,jp,Japan,10,2,It's Me,ILLIT,36cgvBn0aadzOijnjjwqMN,1D5L58KLBbceOynTP4DQnY,https://i.scdn.co/image/ab67616d00001e0261eea484e31bca065904f1c6
2026-05-31,jp,Japan,11,1,高嶺の花子さん,back number,6rs1KAoQnFalSqSU4LTh8g,2jdbZGFp8KVTuk0YxDNL4l,https://i.scdn.co/image/ab67616d00001e02783ed3c2af46af7ab7c671c0
2026-05-31,jp,Japan,12,47,Happiness,ARASHI,1XYuC1vxinTjHCNd5clB8C,5p2NSsBiaKK1CJwM7Rc1Yp,https://i.scdn.co/image/ab67616d00001e029c3da739aa25fc886f0263c9
2026-05-31,jp,Japan,13,6,Blue Jeans,HANA,7fmXV2O48buswss04YetaN,6hnk0Fesq9JOhWpck8HJsj,https://i.scdn.co/image/ab67616d00001e02c175a1d89c39c1cd297cb669
2026-05-31,jp,Japan,14,5,lulu.,Mrs. GREEN APPLE,4QvgGvpgzgyUOo8Yp8LDm9,0vE1WglBbhmd5wDO49lcih,https://i.scdn.co/image/ab67616d00001e029f3b4070433475c017120dec
2026-05-31,jp,Japan,15,1,ブルーアンバー,back number,6rs1KAoQnFalSqSU4LTh8g,35MeePbBnryubkVG0v8GbI,https://i.scdn.co/image/ab67616d00001e02a58f0d10db6a676c3b422fda
2026-05-31,jp,Japan,16,4,ハッピーエンド,back number,6rs1KAoQnFalSqSU4LTh8g,4GqO80eGXA542oTvlYv4LS,https://i.scdn.co/image/ab67616d00001e02e09353d6028fda18c3699085
2026-05-31,jp,Japan,17,4,Soranji,Mrs. GREEN APPLE,4QvgGvpgzgyUOo8Yp8LDm9,3YML5IHoqWbw9c9vJJvrvM,https://i.scdn.co/image/ab67616d00001e02d482c602732da71e7cdf04c3
2026-05-31,jp,Japan,18,1,点描の唄,Mrs. GREEN APPLE; Sonoko Inoue,4QvgGvpgzgyUOo8Yp8LDm9; 71hQB5jxdNiHk5gzZRhicQ,1sIIlVrnPhrvmTrHtzM7tV,https://i.scdn.co/image/ab67616d00001e02b68755a98268d7aa297549d5
2026-05-31,jp,Japan,19,4,青と夏,Mrs. GREEN APPLE,4QvgGvpgzgyUOo8Yp8LDm9,5BC6kr6etk2Y9J62AyI4i3,https://i.scdn.co/image/ab67616d00001e0281f55cd879e9480e3ed313df
2026-05-31,jp,Japan,20,3,3XL,Number_i,4XFkDALFTsSHVnRtJSsaMN,3sNbkM4pIy1l7p6K2lhpvm,https://i.scdn.co/image/ab67616d00001e02633ad0881110110829018a69
2026-05-31,jp,Japan,21,7,水平線,back number,6rs1KAoQnFalSqSU4LTh8g,3RvdkNMcSy71m0aT6UF9Uf,https://i.scdn.co/image/ab67616d00001e02fd363d834b815375814ae78e
2026-05-31,jp,Japan,22,69,A・RA・SHI,ARASHI,1XYuC1vxinTjHCNd5clB8C,1kdGYCHCff09E2FASM5IVY,https://i.scdn.co/image/ab67616d00001e02c891632867d7bf0cfb260fa8
2026-05-31,jp,Japan,23,5,AIZO,King Gnu,6wxfx1yhyqjCPYwwxJktR2,65X2koe1LhDgQmRkNdJFv9,https://i.scdn.co/image/ab67616d00001e02120734724ff398a2d812f982
2026-05-31,jp,Japan,24,4,ダーリン,Mrs. GREEN APPLE,4QvgGvpgzgyUOo8Yp8LDm9,7ikOwlVju9HYUKthPiNHwr,https://i.scdn.co/image/ab67616d00001e02232b48311e311ba914af2811
2026-05-31,jp,Japan,25,3,Kaiju,sakanaction,0hCWVMGGQnRVfDgmhwLIxq,6FhWelfRDMFZRtFUU6SIdC,https://i.scdn.co/image/ab67616d00001e022337f03620420d4561c7e6c9
2026-05-31,jp,Japan,26,3,Who,Jimin,1oSPZhvZMIrWW5I41kPkkY,7tI8dRuH2Yc6RuoTjxo4dU,https://i.scdn.co/image/ab67616d00001e02f02c451189a709b9a952aaec
2026-05-31,jp,Japan,27,99,Monster,ARASHI,1XYuC1vxinTjHCNd5clB8C,2WZQFqvPvrGRelBgRHA73M,https://i.scdn.co/image/ab67616d00001e02c6b390ece4dc64d20ba4c4f2
2026-05-31,jp,Japan,28,3,ケセラセラ,Mrs. GREEN APPLE,4QvgGvpgzgyUOo8Yp8LDm9,0teqQ0PYqVDyyXJuPOyMhu,https://i.scdn.co/image/ab67616d00001e02d482c602732da71e7cdf04c3
2026-05-31,jp,Japan,29,5,Kaiju no Hanauta,Vaundy,2IUl3m1H1EQ7QfNbNWvgru,7dTW21YAJxnAOiUh7Rtu9S,https://i.scdn.co/image/ab67616d00001e02cf855f0c6dee3a4b541b48e7
2026-05-31,jp,Japan,30,4,ROSE,HANA,7fmXV2O48buswss04YetaN,3920QegiL2PHmaYYBVwexC,https://i.scdn.co/image/ab67616d00001e02c175a1d89c39c1cd297cb669
2026-05-31,jp,Japan,31,97,Troublemaker,ARASHI,1XYuC1vxinTjHCNd5clB8C,786L5PPUvqcX7vBmxCbtzi,https://i.scdn.co/image/ab67616d00001e02c6b390ece4dc64d20ba4c4f2
2026-05-31,jp,Japan,32,4,僕のこと,Mrs. GREEN APPLE,4QvgGvpgzgyUOo8Yp8LDm9,0tnhoHUrHfcLi9hPknUFZ4,https://i.scdn.co/image/ab67616d00001e0281f55cd879e9480e3ed313df
2026-05-31,jp,Japan,33,1,愛をこめて花束を,Superfly,5M8AXrOifBT8elkLKbGPQZ,7CmWXD3w1xOO53AAO4LRVQ,https://i.scdn.co/image/ab67616d00001e02f4ba4f68c6906e2cd85fd54a
2026-05-31,jp,Japan,34,5,恋,back number,6rs1KAoQnFalSqSU4LTh8g,7f9DsQEsIoeTwKxV6shsom,https://i.scdn.co/image/ab67616d00001e0203808f76fad28ce8523f5ac6
2026-05-31,jp,Japan,35,4,夢中,BE:FIRST,4wCW8kZ8LL7QIdcE8EOKPP,7KNY1e9x1MDvpBAmIAN3tz,https://i.scdn.co/image/ab67616d00001e02530e4b27e7f9281ee1ad4ee6
2026-05-31,jp,Japan,36,6,君の恋人になったら,back number,6rs1KAoQnFalSqSU4LTh8g,0k4KaqElLVjdR6sVHPTS6h,https://i.scdn.co/image/ab67616d00001e02e09353d6028fda18c3699085
2026-05-31,jp,Japan,37,3,IDOLPOWER,M!LK,4jhJ8cnJ9vYKyCh289nuwQ,3NPdo1QXqBKIoQAX2xSCRJ,https://i.scdn.co/image/ab67616d00001e020147cecbbbc8b8237ed95dc9
2026-05-31,jp,Japan,38,3,SAD SONG,CHANMINA,2vjeuQwzSP5ErC1S41gONX,2zxK14g3shGRbgjUmKaj2x,https://i.scdn.co/image/ab67616d00001e0266c40b99a73fab7a12ceb7a8
2026-05-31,jp,Japan,39,3,革命道中 - On The Way,AiNA THE END,5k7KS34gxQbzdQaXWSOVKC,1oFqKeepmT5S8BCGqJl7Ar,https://i.scdn.co/image/ab67616d00001e029df9218f742e792bcbd711d3
2026-05-31,jp,Japan,40,13,HAPPY BIRTHDAY,back number,6rs1KAoQnFalSqSU4LTh8g,4FMz2RFrbDGzJO7K4D0vS3,https://i.scdn.co/image/ab67616d00001e02ce51ffc5c742ed217779cb9d
2026-05-31,jp,Japan,41,8,Marigold,Aimyon,5kVZa4lFUmAQlBogl1fkd6,2cKiHG16JBiqHdi7Llq0r7,https://i.scdn.co/image/ab67616d00001e023bc8c5a65f225815fa3844e1
2026-05-31,jp,Japan,42,3,Setsugekka,yangskinny,3VVMRDGpbQR2SK9nHX3DW5,21UVLrJ0yuJ6CGeElXMG0C,https://i.scdn.co/image/ab67616d00001e024ccbea10c9ca9f47eab6d200
2026-05-31,jp,Japan,43,103,Guts!,ARASHI,1XYuC1vxinTjHCNd5clB8C,08yKzlwawi3kfNFXD3kvIb,https://i.scdn.co/image/ab67616d00001e02750e405296d68a6a46d34fab
2026-05-31,jp,Japan,44,23,Don’t Say You Love Me,Jin,5vV3bFXnN6D6N3Nj4xRvaV,27xkOIER6uDLKALIelHylZ,https://i.scdn.co/image/ab67616d00001e0289228504f700641956e29f5d
2026-05-31,jp,Japan,45,7,新宝島,sakanaction,0hCWVMGGQnRVfDgmhwLIxq,4a48lWUd64bZgHUDx0GZlj,https://i.scdn.co/image/ab67616d00001e023bffc3038f2ace41272d9952
2026-05-31,jp,Japan,46,110,カイト,ARASHI,1XYuC1vxinTjHCNd5clB8C,5lo3L98nR2VpN2dM9UFJu0,https://i.scdn.co/image/ab67616d00001e02f12a7f28eae41fed7904d99b
2026-05-31,jp,Japan,47,10,SWIM,BTS,3Nrfpe0tUJi4K4DXYWgMUX,68lbSrXDORS51pmyjZv712,https://i.scdn.co/image/ab67616d00001e02dfa17fad7f190c901603270e
2026-05-31,jp,Japan,48,Re-Entry,Kotoba Yori Taisetsu Na Mono,ARASHI,1XYuC1vxinTjHCNd5clB8C,3vRs4RMP0QvHD4No9WVpEO,https://i.scdn.co/image/ab67616d00001e0231c575f11d19187b74f695de
2026-05-31,jp,Japan,49,9,風と町,Mrs. GREEN APPLE,4QvgGvpgzgyUOo8Yp8LDm9,1ZcCFpGA7ufRBPsNIsTKa8,https://i.scdn.co/image/ab67616d00001e0279c23142d0d11887158fe9da
2026-05-31,jp,Japan,50,Re-Entry,Kansya Kangeki Ame Arashi,ARASHI,1XYuC1vxinTjHCNd5clB8C,3jakr03fYbfKkoF7cfxXgF,https://i.scdn.co/image/ab67616d00001e02c891632867d7bf0cfb260fa8
2026-05-31,jp,Japan,51,10,JANE DOE,Kenshi Yonezu; Hikaru Utada,1snhtMLeb2DYoMOcVbb8iB; 7lbSsjYACZHn1MSDXPxNF2,4oE7MyJhqSD3BaHRpNs8Nl,https://i.scdn.co/image/ab67616d00001e028131aa99fb87ff0e9c511851
2026-05-31,jp,Japan,52,10,どうしてもどうしても,back number,6rs1KAoQnFalSqSU4LTh8g,6hlYmR30RGaHIz4UlVOG2U,https://i.scdn.co/image/ab67616d00001e026742a4c3db5d172a98733e91
2026-05-31,jp,Japan,53,10,奏(かなで),Sukima Switch,0wRzWf3I4lUl9hdFF5uL0m,5RbMlPFL4gVyEHW2lEOuzG,https://i.scdn.co/image/ab67616d00001e02a716d5aa6f08492ad5bdae37
2026-05-31,jp,Japan,54,7,LAVALAVA,Number_i,4XFkDALFTsSHVnRtJSsaMN,7vgZhgyZBkGJvuh37tJnJo,https://i.scdn.co/image/ab67616d00001e02ee5d0c9b74cc52f066a6b572
2026-05-31,jp,Japan,55,11,君はロックを聴かない,Aimyon,5kVZa4lFUmAQlBogl1fkd6,59eluCMn0XbOWqeWQ91FTM,https://i.scdn.co/image/ab67616d00001e0233c05e1d08fec494a30bd240
2026-05-31,jp,Japan,56,11,クスシキ,Mrs. GREEN APPLE,4QvgGvpgzgyUOo8Yp8LDm9,57zS3lPil2VxdlBLXHu8l2,https://i.scdn.co/image/ab67616d00001e02232b48311e311ba914af2811
2026-05-31,jp,Japan,57,11,Theater,King & Prince,1nzId6SLDDTUTRV7lNbgxp,6iltt0n1DkQ0AtCcwxXNZJ,https://i.scdn.co/image/ab67616d00001e0217729fc980bfd497e1a62dc3
2026-05-31,jp,Japan,58,Re-Entry,Løve Rainbow,ARASHI,1XYuC1vxinTjHCNd5clB8C,2U1H9RzJt14VvTKKBaXcvv,https://i.scdn.co/image/ab67616d00001e020aafa7925b83bf6c4ecfb7f2
2026-05-31,jp,Japan,59,Re-Entry,Believe,ARASHI,1XYuC1vxinTjHCNd5clB8C,2vXuVpGXqIXF6KB2jeWhXI,https://i.scdn.co/image/ab67616d00001e02bafb5db86a45e011e1c144bf
2026-05-31,jp,Japan,60,Re-Entry,My Girl,ARASHI,1XYuC1vxinTjHCNd5clB8C,4aYPwMIS1f3rCuMkr1LBBd,https://i.scdn.co/image/ab67616d00001e02c6b390ece4dc64d20ba4c4f2
2026-05-31,jp,Japan,61,13,Bad Girl,HANA,7fmXV2O48buswss04YetaN,2bLQ0HMyuUWI7uPRzCy5Lo,https://i.scdn.co/image/ab67616d00001e026dfc60ab085c9ceda0557548
2026-05-31,jp,Japan,62,13,2.0,BTS,3Nrfpe0tUJi4K4DXYWgMUX,3bmpXHVie1GTy37OkXJ7Vc,https://i.scdn.co/image/ab67616d00001e02dfa17fad7f190c901603270e
2026-05-31,jp,Japan,63,Re-Entry,Sakura Sake,ARASHI,1XYuC1vxinTjHCNd5clB8C,1hpmLnKKouKUN8nVd33KOi,https://i.scdn.co/image/ab67616d00001e02d010b63755679f65d5c9c4c2
2026-05-31,jp,Japan,64,Re-Entry,truth,ARASHI,1XYuC1vxinTjHCNd5clB8C,6TWPTr6DdDpjkf9wYkHz8v,https://i.scdn.co/image/ab67616d00001e02f7a587fc072737f3915fcf7a
2026-05-31,jp,Japan,65,15,Cold Night,HANA,7fmXV2O48buswss04YetaN,79wd94vXLJngCwTAVtzYvr,https://i.scdn.co/image/ab67616d00001e02c175a1d89c39c1cd297cb669
2026-05-31,jp,Japan,66,13,恋人ごっこ,Macaroni Empitsu,1t17z3vfuc82cxSDMrvryJ,2SihT7AVMiI2VtaAyVIcnO,https://i.scdn.co/image/ab67616d00001e02ad388532d6600cc70e57139d
2026-05-31,jp,Japan,67,13,愛を伝えたいだとか,Aimyon,5kVZa4lFUmAQlBogl1fkd6,0N8Xztr4pBHJ7V0moJWhbO,https://i.scdn.co/image/ab67616d00001e0233c05e1d08fec494a30bd240
2026-05-31,jp,Japan,68,16,幸せ,back number,6rs1KAoQnFalSqSU4LTh8g,1YVuXOCjN1GkGYqZ8RCcF3,https://i.scdn.co/image/ab67616d00001e024951a4f5f9d719dfa4ef3d75
2026-05-31,jp,Japan,69,Re-Entry,Wild at Heart,ARASHI,1XYuC1vxinTjHCNd5clB8C,7jc1VLTIiYgREGfCpUg4ot,https://i.scdn.co/image/ab67616d00001e0298769ef792eabc1740dbadb2
2026-05-31,jp,Japan,70,Re-Entry,Meikyu Love Song,ARASHI,1XYuC1vxinTjHCNd5clB8C,68ljGknzCvgM7inrAiPlYi,https://i.scdn.co/image/ab67616d00001e0298769ef792eabc1740dbadb2
2026-05-31,jp,Japan,71,14,ただ君に晴れ,Yorushika,4UK2Lzi6fBfUi9rpDt6cik,3wJHCry960drNlAUGrJLmz,https://i.scdn.co/image/ab67616d00001e0228b535c92629e3c8d20ec242
2026-05-31,jp,Japan,72,12,Golden,HUNTR/X; EJAE; AUDREY NUNA; REI AMI; KPop Demon Hunters Cast,2yNNYQBChuox9A5Ka93BIn; 0RMJOzHDhAKY1o2j0W0vxY; 0Wwji82sLA0Hcvtuak3omb; 6U1dV7aL68N7Gb0Naq34V5; 7mW7Tv7NvywKKXqafZo0Lc,1CPZ5BxNNd0n0nF4Orb9JS,https://i.scdn.co/image/ab67616d00001e024dcb6c5df15cf74596ab25a4
2026-05-31,jp,Japan,73,5,Naked Heart,Aimyon,5kVZa4lFUmAQlBogl1fkd6,4Jv7U0JJpbQnOrjtDwDZTZ,https://i.scdn.co/image/ab67616d00001e02d56ef749e7eeb2f070619bcc
2026-05-31,jp,Japan,74,12,きらり,Fujii Kaze,6bDWAcdtVR3WHz2xtiIPUi,3L7ISJTvKx56uhsF28aJ4p,https://i.scdn.co/image/ab67616d00001e02af62b027ee85ae2e2f7c9702
2026-05-31,jp,Japan,75,17,Pretender,OFFICIAL HIGE DANDISM,5Vo1hnCRmCM6M4thZCInCj,15HNdxGKNCIO9pgaY4n7FU,https://i.scdn.co/image/ab67616d00001e02fc273337d7aafc7e907c383d
2026-05-31,jp,Japan,76,20,ヒロイン,back number,6rs1KAoQnFalSqSU4LTh8g,3hBAYbAECEix9raaTq8S3H,https://i.scdn.co/image/ab67616d00001e0259a14a1d53eb5610f84c8382
2026-05-31,jp,Japan,77,16,瞬き,back number,6rs1KAoQnFalSqSU4LTh8g,7hIfpcdUZcyCKHYy8gp49E,https://i.scdn.co/image/ab67616d00001e02ce51ffc5c742ed217779cb9d
2026-05-31,jp,Japan,78,13,インフェルノ,Mrs. GREEN APPLE,4QvgGvpgzgyUOo8Yp8LDm9,2vOAHp8PBBFYqvQUWSoITY,https://i.scdn.co/image/ab67616d00001e0281f55cd879e9480e3ed313df
2026-05-31,jp,Japan,79,15,Harenchi,CHANMINA,2vjeuQwzSP5ErC1S41gONX,2BfzhBl79bcPOHHXAXJkTY,https://i.scdn.co/image/ab67616d00001e02b6274d484c9ea468882ada0d
2026-05-31,jp,Japan,80,17,BOOMPALA,LE SSERAFIM,4SpbR6yFEvexJuaBpgAU5p,41d2WjuL0ikRKVjxmL7ZFz,https://i.scdn.co/image/ab67616d00001e023fba33983638fcf9704c965d
2026-05-31,jp,Japan,81,Re-Entry,Hatenai Sora,ARASHI,1XYuC1vxinTjHCNd5clB8C,3FsTZ0Q7CfFiIIByInF08I,https://i.scdn.co/image/ab67616d00001e020aafa7925b83bf6c4ecfb7f2
2026-05-31,jp,Japan,82,4,オールドファッション,back number,6rs1KAoQnFalSqSU4LTh8g,0Xn30nT5EKFPsWvpiJ2Iav,https://i.scdn.co/image/ab67616d00001e02ce51ffc5c742ed217779cb9d
2026-05-31,jp,Japan,83,13,カリスマックス - CHARISMAX,Snow Man,0UuiWPm9FpWvRuWNrXO98N,76OElzXqlyLCdlSypwSKBy,https://i.scdn.co/image/ab67616d00001e0227ffc7b085822fb2cffe33ac
2026-05-31,jp,Japan,84,18,Shape of You,Ed Sheeran,6eUKZXaKkcviH0Ku9w2n3V,7qiZfU4dY1lWllzX7mPBI3,https://i.scdn.co/image/ab67616d00001e02ba5db46f4b838ef6027e6f96
2026-05-31,jp,Japan,85,10,チェリー,SPITZ,5kjGRHClVacSyllOUqU1S0,1ihCiJaXRl4f6Sy4LJov5z,https://i.scdn.co/image/ab67616d00001e02ca6cb1176913264c1f402f68
2026-05-31,jp,Japan,86,13,セレナーデ,natori,6WmXWHmfBMhupyIs8MSqtu,0CWAQlHsvfqcKJVVz9up2R,https://i.scdn.co/image/ab67616d00001e0229f649edf51edde6fdf01a09
2026-05-31,jp,Japan,87,15,HANABI,Mr.Children,1qma7XhwZotCAucL7NHVLY,77lmDcPPyY6kK907gdgC6i,https://i.scdn.co/image/ab67616d00001e024eb972483c4de7618b526019
2026-05-31,jp,Japan,88,14,Never Grow Up,CHANMINA,2vjeuQwzSP5ErC1S41gONX,5aDgM8rYPT15CqjkN1EIKq,https://i.scdn.co/image/ab67616d00001e0266c40b99a73fab7a12ceb7a8
2026-05-31,jp,Japan,89,7,ダンスホール,Mrs. GREEN APPLE,4QvgGvpgzgyUOo8Yp8LDm9,4QIKSlDV5YIjr0kqT1Ad32,https://i.scdn.co/image/ab67616d00001e02232b48311e311ba914af2811
2026-05-31,jp,Japan,90,13,キセキ,GReeeeN,14T8NkbwXVZgbOvwnuGV89,7ztdl6cnbJgHRdMkKldkts,https://i.scdn.co/image/ab67616d00001e0257fc2bbd3061376a6058fc74
2026-05-31,jp,Japan,91,20,なんでもないよ、,Macaroni Empitsu,1t17z3vfuc82cxSDMrvryJ,5W7Y92LB4jWvu9NeEQ0GZl,https://i.scdn.co/image/ab67616d00001e0228374927acef64f376e7bed5
2026-05-31,jp,Japan,92,New,Oh Yeah!,ARASHI,1XYuC1vxinTjHCNd5clB8C,2SWpvDGQPolxdKFsvLpk8B,https://i.scdn.co/image/ab67616d00001e02678947aeda2dc2b7aa22b8a7
2026-05-31,jp,Japan,93,12,とくべチュ、して,=LOVE,1j2WhcTW00Zd2SjFYsJVc6,2XS2jEncSJsetNZdVtlpeo,https://i.scdn.co/image/ab67616d00001e02d7f3a9e810813d803a8173eb
2026-05-31,jp,Japan,94,11,ブルーベリー・ナイツ,Macaroni Empitsu,1t17z3vfuc82cxSDMrvryJ,2UdvMWk0Z83lMJPbawy2Sm,https://i.scdn.co/image/ab67616d00001e02ad388532d6600cc70e57139d
2026-05-31,jp,Japan,95,26,Harunohi,Aimyon,5kVZa4lFUmAQlBogl1fkd6,1oNeSCt0CMekCyyLo06kFs,https://i.scdn.co/image/ab67616d00001e02d56ef749e7eeb2f070619bcc
2026-05-31,jp,Japan,96,29,怪盗,back number,6rs1KAoQnFalSqSU4LTh8g,014Dp0tBp4d9uuFAvH1mlc,https://i.scdn.co/image/ab67616d00001e02fd363d834b815375814ae78e
2026-05-31,jp,Japan,97,17,115 million kilometer film,OFFICIAL HIGE DANDISM,5Vo1hnCRmCM6M4thZCInCj,278JqkBGkjDovOYAwE8TW7,https://i.scdn.co/image/ab67616d00001e02b0ab6e5ff8ba422784d60191
2026-05-31,jp,Japan,98,19,Beauty And A Beat,Justin Bieber; Nicki Minaj,1uNFoZAHBGtllmzznpCI3s; 0hCNtLu0JehylgoiP8L4Gh,6QFCMUUq1T2Vf5sFUXcuQ7,https://i.scdn.co/image/ab67616d00001e02f1d02a6cec967f8b6b78f76e
2026-05-31,jp,Japan,99,23,ドライフラワー,Yuuri,0ixzjrK1wkN2zWBXt3VW3W,4kPlQKwtPrnqLgrmmKFSlA,https://i.scdn.co/image/ab67616d00001e02d0bd51668da5629aa0cc77d8
2026-05-31,jp,Japan,100,14,Elderflower,OFFICIAL HIGE DANDISM,5Vo1hnCRmCM6M4thZCInCj,2QYaW8UQEae0GuMJrE7aeE,https://i.scdn.co/image/ab67616d00001e0248ca6b510aa5573fcc6b197d
2026-05-31,jp,Japan,101,11,E Jan,M!LK,4jhJ8cnJ9vYKyCh289nuwQ,0jj4mLjwYcos3PPzjQwVzh,https://i.scdn.co/image/ab67616d00001e02ac7d7b79a3f5e6610779581e
2026-05-31,jp,Japan,102,New,Still...,ARASHI,1XYuC1vxinTjHCNd5clB8C,6s8Ixyr8hLkjtT3QO7Spx2,https://i.scdn.co/image/ab67616d00001e02fe518b2685bd9e83042c6d58
2026-05-31,jp,Japan,103,19,幾億光年,Omoinotake,63ylN6WBUUxxMsySiDmr0B,5Ak1F5nGzM4KRhE0H1Q3CP,https://i.scdn.co/image/ab67616d00001e02734c65d0b31e87000e49b1ae
2026-05-31,jp,Japan,104,19,白日,King Gnu,6wxfx1yhyqjCPYwwxJktR2,172fMG26G2OoEzzg0wn26r,https://i.scdn.co/image/ab67616d00001e02a2272c8966971b7b04066241
2026-05-31,jp,Japan,105,16,CHOOM,BABYMONSTER,1SIocsqdEefUTE6XKGUiVS,6gunPOwkADFspLkQtmVuZT,https://i.scdn.co/image/ab67616d00001e020fbcc1d9dc6a647af4ebdfee
2026-05-31,jp,Japan,106,2,アイネクライネ,Kenshi Yonezu,1snhtMLeb2DYoMOcVbb8iB,45YBVp6zMwQZRbUDcPzmMB,https://i.scdn.co/image/ab67616d00001e024f220d17ad81c943221ce335
2026-05-31,jp,Japan,107,19,Stardust,OFFICIAL HIGE DANDISM,5Vo1hnCRmCM6M4thZCInCj,60Lst9oTXDsAPXvHKUrxpk,https://i.scdn.co/image/ab67616d00001e025440ee8f2e4b92bc90736a56
2026-05-31,jp,Japan,108,New,Lucky Man,ARASHI,1XYuC1vxinTjHCNd5clB8C,5FGtp1QINAsYHxIpGXkCcS,https://i.scdn.co/image/ab67616d00001e02df35b21d043915815aa2df31
2026-05-31,jp,Japan,109,12,ガーデン,Fujii Kaze,6bDWAcdtVR3WHz2xtiIPUi,5U4PgFWzfzY7VEg9Ck4ziF,https://i.scdn.co/image/ab67616d00001e02af62b027ee85ae2e2f7c9702
2026-05-31,jp,Japan,110,14,me me she,RADWIMPS,1EowJ1WwkMzkCkRomFhui7,0BYa5V0RyOYthDeCMUBJQZ,https://i.scdn.co/image/ab67616d00001e02a2f4114eb1e98cafef5a3f3d
2026-05-31,jp,Japan,111,5,春泥棒,Yorushika,4UK2Lzi6fBfUi9rpDt6cik,1rr2DJOxV0sHXeUXCAz1yf,https://i.scdn.co/image/ab67616d00001e02a19652713b50a721360c1775
2026-05-31,jp,Japan,112,12,恋風,Lilas,1qM11R4ylJyQiPJ0DffE9z,3gw8n3DG28VaYGuVc3lqxl,https://i.scdn.co/image/ab67616d00001e027ec22dead06c7dd4fc2f5b0a
2026-05-31,jp,Japan,113,2,ミスター・ブルースカイ,Macaroni Empitsu,1t17z3vfuc82cxSDMrvryJ,6glcoO077gTGhgdVI9X5wA,https://i.scdn.co/image/ab67616d00001e0234b9dfe360fcfadd776159fc
2026-05-31,jp,Japan,114,New,僕が僕のすべて,ARASHI,1XYuC1vxinTjHCNd5clB8C,7IvT8dSaLtztV0ndx7LbSU,https://i.scdn.co/image/ab67616d00001e0242146ed921ccb25273d95046
2026-05-31,jp,Japan,115,22,Fukakoryoku,Vaundy,2IUl3m1H1EQ7QfNbNWvgru,6AncLCxf4U7ivJEaqih9zA,https://i.scdn.co/image/ab67616d00001e02cf855f0c6dee3a4b541b48e7
2026-05-31,jp,Japan,116,11,On a Cherry Blossom Night,Aimyon,5kVZa4lFUmAQlBogl1fkd6,0H2n6GpHAMlujiER71ubMB,https://i.scdn.co/image/ab67616d00001e02ca9868f5b6ada24ce2fa0150
2026-05-31,jp,Japan,117,23,シルエット,KANA-BOON,3PWp9R5HvbQgxI5KBx5kVd,1di1C0QI6Y92yZPYn6XYAZ,https://i.scdn.co/image/ab67616d00001e0264be01336a8f917538a60b74
2026-05-31,jp,Japan,118,5,Let the Night,Aimyon,5kVZa4lFUmAQlBogl1fkd6,6kKvmT4i0Dercz6f3kftg3,https://i.scdn.co/image/ab67616d00001e023bc8c5a65f225815fa3844e1
2026-05-31,jp,Japan,119,17,GOOD DAY,Mrs. GREEN APPLE,4QvgGvpgzgyUOo8Yp8LDm9,61UOoqGI1B9qdeD5Dzupyb,https://i.scdn.co/image/ab67616d00001e02cd0ab9dc9d7c0a58553005a6
2026-05-31,jp,Japan,120,25,ラストダンスあなたと,MISIA,3uyDATzOGjbGCts7v2eszk,4s2NSTs2Go6JSnAUKpM2bs,https://i.scdn.co/image/ab67616d00001e025fde2d42b852042e4fdeaf76
2026-05-31,jp,Japan,121,20,飛ぶ時,Vaundy,2IUl3m1H1EQ7QfNbNWvgru,2NFgZXeRjcqV91SaBIZ3cI,https://i.scdn.co/image/ab67616d00001e02a4e5a5b77fdc74d5d3fe634f
2026-05-31,jp,Japan,122,Re-Entry,PIKA☆☆NCHI DOUBLE,ARASHI,1XYuC1vxinTjHCNd5clB8C,5cxyFSH57cmxN8kS9ItBkW,https://i.scdn.co/image/ab67616d00001e0231c575f11d19187b74f695de
2026-05-31,jp,Japan,123,36,Again,Mr.Children,1qma7XhwZotCAucL7NHVLY,1K2WDtqX9flfGGktr4sCRU,https://i.scdn.co/image/ab67616d00001e0270aba78810b6db0c93a0b047
2026-05-31,jp,Japan,124,7,Itsuka,Saucy Dog,4WqXqPmUuenMIr4QaFrZXN,5gjAdhfzftzFR7sriEYUCt,https://i.scdn.co/image/ab67616d00001e02a78d1ec6ed9fedac2301af7b
2026-05-31,jp,Japan,125,17,ツキミソウ,Novelbright,0jWCX6zp4RjWrmZRxJ2uri,6sElEqOIGENWjpxGFeo5ct,https://i.scdn.co/image/ab67616d00001e02a15dc066cec020b5da991c34
2026-05-31,jp,Japan,126,70,日曜日,back number,6rs1KAoQnFalSqSU4LTh8g,1LDxe7AgJ7DRYdV012EmyR,https://i.scdn.co/image/ab67616d00001e0203808f76fad28ce8523f5ac6
2026-05-31,jp,Japan,127,28,NON STOP,HANA,7fmXV2O48buswss04YetaN,2q910scaHhg6GmqnUKOGHU,https://i.scdn.co/image/ab67616d00001e02c175a1d89c39c1cd297cb669
2026-05-31,jp,Japan,128,53,LEMONADE,aespa,6YVMFz59CuY7ngCxTxjpxE,7a3iH9vM5Z58GqOMqXBU1M,https://i.scdn.co/image/ab67616d00001e025f0171c63cceb32ccff8b9a9
2026-05-31,jp,Japan,129,New,Yes? No?,ARASHI,1XYuC1vxinTjHCNd5clB8C,64y9skw17WZOopU4hZZ7IW,https://i.scdn.co/image/ab67616d00001e02d010b63755679f65d5c9c4c2
2026-05-31,jp,Japan,130,6,REDRED,CORTIS,1ebt9HnXdyYA6KgLXr1n4P,2fCwv2ppU5nTRTckomIGsd,https://i.scdn.co/image/ab67616d00001e0224ace1518851b27e9983f739
2026-05-31,jp,Japan,131,Re-Entry,Hadashi No Mirai,ARASHI,1XYuC1vxinTjHCNd5clB8C,5zkyuJuzRFh1SGwhPV2GDB,https://i.scdn.co/image/ab67616d00001e0231c575f11d19187b74f695de
2026-05-31,jp,Japan,132,1,ロビンソン,SPITZ,5kjGRHClVacSyllOUqU1S0,0sVnyL71jTOuMt9TZ59bws,https://i.scdn.co/image/ab67616d00001e0216aeaa20fccbe7ef8e32f876
2026-05-31,jp,Japan,133,1,春愁,Mrs. GREEN APPLE,4QvgGvpgzgyUOo8Yp8LDm9,5SHguvOUbyPTINNjCvRo8K,https://i.scdn.co/image/ab67616d00001e0235559b23aa4aeba5bf5c18a9
2026-05-31,jp,Japan,134,42,I Love...,OFFICIAL HIGE DANDISM,5Vo1hnCRmCM6M4thZCInCj,5wWLNNwMAehpj83FU4Lz0m,https://i.scdn.co/image/ab67616d00001e02bbf9d502f3ce4a15b3c43f7a
2026-05-31,jp,Japan,135,16,愛とか恋とか,Novelbright,0jWCX6zp4RjWrmZRxJ2uri,1VHL1PIkhDwWbFc65xHwOr,https://i.scdn.co/image/ab67616d00001e027b5dacdec4e8cc4ce9b93665
2026-05-31,jp,Japan,136,22,クリスマスソング,back number,6rs1KAoQnFalSqSU4LTh8g,5P8ZvBQoCrujjNcLAxO3Su,https://i.scdn.co/image/ab67616d00001e0259a14a1d53eb5610f84c8382
2026-05-31,jp,Japan,137,8,だから僕は音楽を辞めた,Yorushika,4UK2Lzi6fBfUi9rpDt6cik,5j7ixaLeGTGSv4DzKs0pCM,https://i.scdn.co/image/ab67616d00001e02b1b3b83ffee5925197e7ef2c
2026-05-31,jp,Japan,138,40,Lemon,Kenshi Yonezu,1snhtMLeb2DYoMOcVbb8iB,04TshWXkhV1qkqHzf31Hn6,https://i.scdn.co/image/ab67616d00001e02775e8184725e0fb89337dd9a
2026-05-31,jp,Japan,139,30,Tiger,HANA,7fmXV2O48buswss04YetaN,20VZXnRzvcS0qVMOThjjmM,https://i.scdn.co/image/ab67616d00001e02c42d40d89849e922c95b9f32
2026-05-31,jp,Japan,140,2,愛のレンタル,Macaroni Empitsu,1t17z3vfuc82cxSDMrvryJ,4GgI6ESeHw4SPqicVY3HPV,https://i.scdn.co/image/ab67616d00001e02ad388532d6600cc70e57139d
2026-05-31,jp,Japan,141,23,Drop,HANA,7fmXV2O48buswss04YetaN,3OOKZkrUWnMdWJFAvy0b58,https://i.scdn.co/image/ab67616d00001e02c175a1d89c39c1cd297cb669
2026-05-31,jp,Japan,142,32,ベテルギウス,Yuuri,0ixzjrK1wkN2zWBXt3VW3W,4JK1kDUdH9RTBQrrSO1QfR,https://i.scdn.co/image/ab67616d00001e02d0bd51668da5629aa0cc77d8
2026-05-31,jp,Japan,143,31,ともに,WANIMA,6YqdtpUutxodni6lUD4stM,6FHgHDXiGnRfhrSok9xAz3,https://i.scdn.co/image/ab67616d00001e02be77ec342dae727a2ce8c7d7
2026-05-31,jp,Japan,144,28,さよならエレジー,SUDA MASAKI,6n4SsAp5VjvIBg3s9QCcPX,3oYD2O31b05fILFpv0AXRI,https://i.scdn.co/image/ab67616d00001e028d7af4bb11a16acd8c0d3e50
2026-05-31,jp,Japan,145,20,イケナイ太陽,ORANGE RANGE,4upiYMjsFfLRieGo8RVRzD,7emibp3qHeqNNYqZ2Y09xb,https://i.scdn.co/image/ab67616d00001e02dce91774924868ea69bd4b87
2026-05-31,jp,Japan,146,31,旅路,Fujii Kaze,6bDWAcdtVR3WHz2xtiIPUi,7uSLJCDetmdm3tQcoYLyty,https://i.scdn.co/image/ab67616d00001e02af62b027ee85ae2e2f7c9702
2026-05-31,jp,Japan,147,44,Subtitle,OFFICIAL HIGE DANDISM,5Vo1hnCRmCM6M4thZCInCj,5ZkHkXPHrIM8K5twCe78i9,https://i.scdn.co/image/ab67616d00001e02f780c0095cdf7f718c71af8e
2026-05-31,jp,Japan,148,21,ロマンチシズム,Mrs. GREEN APPLE,4QvgGvpgzgyUOo8Yp8LDm9,0JcI7OdALbpSFkyKoufRYs,https://i.scdn.co/image/ab67616d00001e0281f55cd879e9480e3ed313df
2026-05-31,jp,Japan,149,8,Lovers,sumika,0ySFZq3Wd0SQUyJUzmJAeb,6IEqiEgTQn4FwE0seKXFZO,https://i.scdn.co/image/ab67616d00001e02b4695efdcdd9e57051815e48
2026-05-31,jp,Japan,150,6,わたがし,back number,6rs1KAoQnFalSqSU4LTh8g,23NPPhiLqHywaExkaEey8l,https://i.scdn.co/image/ab67616d00001e0203808f76fad28ce8523f5ac6
2026-05-31,jp,Japan,151,31,晩餐歌 - Bansanka,tuki.,1Y5vJqABeI6QI6R95EDV6o,075HUD50Nuea3rNaABIsNZ,https://i.scdn.co/image/ab67616d00001e022d68ffbcaeaa5e6fbe102202
2026-05-31,jp,Japan,152,13,Seven (feat. Latto) (Explicit Ver.),Jung Kook; Latto,6HaGTQPmzraVmaVxvz6EUc; 3MdXrJWsbVzdn6fe5JYkSQ,2HRgqmZQC0MC7GeNuDIXHN,https://i.scdn.co/image/ab67616d00001e02741fd4807f442af3f7359316
2026-05-31,jp,Japan,153,21,"Stand by me, Stand by you.",HIRAIDAI,7JthQ6zwNzfxRfIEjp6wUs,7DyS11kB1YNrfDzQqtjmTh,https://i.scdn.co/image/ab67616d00001e0286a86bc3753b237672859788
2026-05-31,jp,Japan,154,17,Sangatsu Kokonoka,Remioromen,4Yz1LjHwgQ5DFWJrZL8bC8,4g066xFUp3cTUuTfOCPytT,https://i.scdn.co/image/ab67616d00001e02edce6c93551696dc4983339d
2026-05-31,jp,Japan,155,32,ワタリドリ,[Alexandros],1luOe8HkZQ7zwuaO2wuJqI,0ve9Tpz8Yw0I4eXhWsy21o,https://i.scdn.co/image/ab67616d00001e02ee9ddd9ff22b6ea5458b8f29
2026-05-31,jp,Japan,156,23,Wherever you are,ONE OK ROCK,7k73EtZwoPs516ZxE72KsO,1TZjEATJpF5LaVL7oJHDMn,https://i.scdn.co/image/ab67616d00001e02e8336ffe34220ffc7729c233
2026-05-31,jp,Japan,157,Re-Entry,Whenever You Call,ARASHI,1XYuC1vxinTjHCNd5clB8C,5QeBkGDOUGOLtcdOwqqqiB,https://i.scdn.co/image/ab67616d00001e02f12a7f28eae41fed7904d99b
2026-05-31,jp,Japan,158,22,Mela!,Ryokuoushoku Shakai,4SJ7qRgJYNXB9Yttzs4aSa,6IO5nn84TKArsi3cjpIqaD,https://i.scdn.co/image/ab67616d00001e02c753d46683786eed63d41a90
2026-05-31,jp,Japan,159,8,小さな恋のうた,MONGOL800,2zUQjYvy0TevSi4d3PjqQO,23atyJacJVHvB9RHBNhr35,https://i.scdn.co/image/ab67616d00001e02c6a3678b061e8586d7a13db6
2026-05-31,jp,Japan,160,11,RPG,SEKAI NO OWARI,7HwzlRPa9Ad0I8rK0FPzzK,7facNrW6VRW8s3ICZ8G1uW,https://i.scdn.co/image/ab67616d00001e024b17a98d5c1bcbd868cc921d
2026-05-31,jp,Japan,161,Re-Entry,Step and Go,ARASHI,1XYuC1vxinTjHCNd5clB8C,7r15JkjMRmdyosm58wNSx0,https://i.scdn.co/image/ab67616d00001e029c3da739aa25fc886f0263c9
2026-05-31,jp,Japan,162,27,Magic,Mrs. GREEN APPLE,4QvgGvpgzgyUOo8Yp8LDm9,170XOP1T4MvY9TLTgPw07D,https://i.scdn.co/image/ab67616d00001e02d482c602732da71e7cdf04c3
2026-05-31,jp,Japan,163,33,Rashisa,OFFICIAL HIGE DANDISM,5Vo1hnCRmCM6M4thZCInCj,2TRxremVZ0t2JVu5OFxbiA,https://i.scdn.co/image/ab67616d00001e02d4cc253a7c70b0f38b68c61f
2026-05-31,jp,Japan,164,6,"Us, again",SG,216arN9tLMMn2ltwEAxmF5,6II2hXGYMd9cTZWshcPUf8,https://i.scdn.co/image/ab67616d00001e02db8a565ed6823c6fdee35387
2026-05-31,jp,Japan,165,58,花束を君に,Hikaru Utada,7lbSsjYACZHn1MSDXPxNF2,31yv1hR9gw1WSEmtqsaZbD,https://i.scdn.co/image/ab67616d00001e029f5c5e06d31160668cd48c22
2026-05-31,jp,Japan,166,9,さよーならまたいつか！- Sayonara,Kenshi Yonezu,1snhtMLeb2DYoMOcVbb8iB,5pN2AyWwjzwRoI7gukEVNd,https://i.scdn.co/image/ab67616d00001e0203d3216d6c463f993c96c9c7
2026-05-31,jp,Japan,167,–,チェックのワンピース,back number,6rs1KAoQnFalSqSU4LTh8g,3TpD7kfsRSbXYzYvug4yey,https://i.scdn.co/image/ab67616d00001e024951a4f5f9d719dfa4ef3d75
2026-05-31,jp,Japan,168,46,W / X / Y,Tani Yuuki,0B1ce3uNrzkdm76NXI4mhX,4IfrM44LofE9bSs6TDZS49,https://i.scdn.co/image/ab67616d00001e02a2228dec6c49ad500f9de234
2026-05-31,jp,Japan,169,6,プロポーズ,natori,6WmXWHmfBMhupyIs8MSqtu,2BcQfb9SfauDQdeXHTfLsT,https://i.scdn.co/image/ab67616d00001e0229f649edf51edde6fdf01a09
2026-05-31,jp,Japan,170,9,美しい鰭,SPITZ,5kjGRHClVacSyllOUqU1S0,1H3qOzheTPhE7aVvJOWfvA,https://i.scdn.co/image/ab67616d00001e02622ca4b0159cc73e9c7c1c57
2026-05-31,jp,Japan,171,Re-Entry,Tsunagu,ARASHI,1XYuC1vxinTjHCNd5clB8C,4H1k48zF8JWpWIdzDZiIKj,https://i.scdn.co/image/ab67616d00001e026d9a5def151facaed6c1b1be
2026-05-31,jp,Japan,172,18,Cinderella Boy,Saucy Dog,4WqXqPmUuenMIr4QaFrZXN,4ZIr1NSxVihtHcD6EnG65f,https://i.scdn.co/image/ab67616d00001e029efb3f62b3d4862c7bd5d6a1
2026-05-31,jp,Japan,173,26,黒毛和牛上塩タン焼680円,Ai Otsuka,0q7KOr99MYmwKxivChxpSd,6BVy2lDVrBUjBjvn3dQPTy,https://i.scdn.co/image/ab67616d00001e02746c4b5a4af0bf229d13a679
2026-05-31,jp,Japan,174,32,Walking with you,Novelbright,0jWCX6zp4RjWrmZRxJ2uri,7tGDXCPLpAScEwmqab9YZd,https://i.scdn.co/image/ab67616d00001e02e984d27d0de318dc56f123d4
2026-05-31,jp,Japan,175,25,STAY (with Justin Bieber),The Kid LAROI; Justin Bieber,2tIP7SsRs7vjIcLrU85W8J; 1uNFoZAHBGtllmzznpCI3s,567e29TDzLwZwfDuEpGTwo,https://i.scdn.co/image/ab67616d00001e02b4d59e6fa7e5e7cbc57ac33a
2026-05-31,jp,Japan,176,33,アゲハ蝶,PornoGraffitti,5jQa0f5MIMPEK7udL7UpI6,3blWd9ZEt4VSY5udhugpRs,https://i.scdn.co/image/ab67616d00001e02968db95fef5d119ec3850d49
2026-05-31,jp,Japan,177,29,BE:FIRST ALL DAY,BE:FIRST,4wCW8kZ8LL7QIdcE8EOKPP,3C7208lbsu1qFo5oNfYG2I,https://i.scdn.co/image/ab67616d00001e0292e7621e032215dc6e6908e7
2026-05-31,jp,Japan,178,2,Hanabi,aiko,6TDMbiQCWeMClsMr9ORLRK,0I0zZHGJ6ea8TxwbUvvJEH,https://i.scdn.co/image/ab67616d00001e02b62f14c264f8be2b3ab3f9c3
2026-05-31,jp,Japan,179,14,アイラブユー,back number,6rs1KAoQnFalSqSU4LTh8g,34ayWAUrQcrjlKZOJAzqke,https://i.scdn.co/image/ab67616d00001e02fd363d834b815375814ae78e
2026-05-31,jp,Japan,180,59,BPM (feat. KREVA),Kvi Baba; KREVA,5VxQzcVrakID2E4UxaDPNs; 6lAinPkC2U1Huibu6Vfr9R,6SMUXzvpo1dGg1N7QaMjvy,https://i.scdn.co/image/ab67616d00001e0228e2e4491b404294034e8a29
2026-05-31,jp,Japan,181,New,CARNIVAL NIGHT part 2,ARASHI,1XYuC1vxinTjHCNd5clB8C,3YvUkkvSXGVwCZo2riZ5iA,https://i.scdn.co/image/ab67616d00001e026fe0ebd66db4077ff52cce82
2026-05-31,jp,Japan,182,22,あなた,Hikaru Utada,7lbSsjYACZHn1MSDXPxNF2,3yCVsL9xnnnhtOQ1CfPD7W,https://i.scdn.co/image/ab67616d00001e02b11318545ec9e3ec49e7c9f1
2026-05-31,jp,Japan,183,43,感電,Kenshi Yonezu,1snhtMLeb2DYoMOcVbb8iB,6H0PLsSYMzDOqhLgyOlzIj,https://i.scdn.co/image/ab67616d00001e02775e8184725e0fb89337dd9a
2026-05-31,jp,Japan,184,31,満ちてゆく,Fujii Kaze,6bDWAcdtVR3WHz2xtiIPUi,3Ez9uxIM4nwbAZRAdJvBxS,https://i.scdn.co/image/ab67616d00001e024f079859392a11ff71b94814
2026-05-31,jp,Japan,185,33,火種,Tatsuya Kitani,7mvhRvEAHiCTQHUnH7fgnv,3WaAa5Fc3LgN7QRn5oVomX,https://i.scdn.co/image/ab67616d00001e02290cdcb0dc4a9492369f71b7
2026-05-31,jp,Japan,186,10,napori,Vaundy,2IUl3m1H1EQ7QfNbNWvgru,7hDX39mc6Uf6zp8RXYUQ6d,https://i.scdn.co/image/ab67616d00001e02cf855f0c6dee3a4b541b48e7
2026-05-31,jp,Japan,187,8,ルート16,Macaroni Empitsu,1t17z3vfuc82cxSDMrvryJ,6h7xub2fJiqUzLWKMSpxMp,https://i.scdn.co/image/ab67616d00001e02290f3de9f69dc818f0e770c6
2026-05-31,jp,Japan,188,1,SISTER,back number,6rs1KAoQnFalSqSU4LTh8g,1ZmiUiQn7Q2qEKLlIznoXZ,https://i.scdn.co/image/ab67616d00001e0259a14a1d53eb5610f84c8382
2026-05-31,jp,Japan,189,Re-Entry,Beautiful,Superfly,5M8AXrOifBT8elkLKbGPQZ,2ruHYPN3a77Ra8WvvPyfwb,https://i.scdn.co/image/ab67616d00001e02143971d98dba3b2830e39799
2026-05-31,jp,Japan,190,45,WDA (Whole Different Animal) (feat. G-DRAGON),aespa; G-DRAGON,6YVMFz59CuY7ngCxTxjpxE; 30b9WulBM8sFuBo17nNq9c,7Ccp7Oid3YFAWuY9Ar1eb3,https://i.scdn.co/image/ab67616d00001e029a022a3fd08f159b189df50a
2026-05-31,jp,Japan,191,7,Tokimeki,Vaundy,2IUl3m1H1EQ7QfNbNWvgru,3e0Td8QexmD5l3DJzXbbcC,https://i.scdn.co/image/ab67616d00001e02e0c3a68b9981c2e7b25f9737
2026-05-31,jp,Japan,192,New,P・A・R・A・D・O・X,ARASHI,1XYuC1vxinTjHCNd5clB8C,2b4kQYXDNUqB5ON6jMXO6b,https://i.scdn.co/image/ab67616d00001e0258d0e4ddb11e97c41aac6fde
2026-05-31,jp,Japan,193,11,僕は君の事が好きだけど君は僕を別に好きじゃないみたい,back number,6rs1KAoQnFalSqSU4LTh8g,1WutVejYvP7220sofj3xId,https://i.scdn.co/image/ab67616d00001e0259a14a1d53eb5610f84c8382
2026-05-31,jp,Japan,194,20,SPECIALZ,King Gnu,6wxfx1yhyqjCPYwwxJktR2,5oQpH1uuZte4axR411rIlN,https://i.scdn.co/image/ab67616d00001e02bd626097eb1af7ddfeaaeadc
2026-05-31,jp,Japan,195,23,踊り子,Vaundy,2IUl3m1H1EQ7QfNbNWvgru,1YXot2MLAG9sttepCtBRM7,https://i.scdn.co/image/ab67616d00001e02e0c3a68b9981c2e7b25f9737
2026-05-31,jp,Japan,196,19,Magnetic,ILLIT,36cgvBn0aadzOijnjjwqMN,1aKvZDoLGkNMxoRYgkckZG,https://i.scdn.co/image/ab67616d00001e02f037c5fb9de6c78726cb8e2c
2026-05-31,jp,Japan,197,27,あぶく,Yorushika,4UK2Lzi6fBfUi9rpDt6cik,59h6J25QnnT8xshPTFLkpe,https://i.scdn.co/image/ab67616d00001e024c10f924eae00b377b623516
2026-05-31,jp,Japan,198,36,Dynamite,BTS,3Nrfpe0tUJi4K4DXYWgMUX,5QDLhrAOJJdNAmCTJ8xMyW,https://i.scdn.co/image/ab67616d00001e02c07d5d2fdc02ae252fcd07e5
2026-05-31,jp,Japan,199,44,プラネタリウム,Ai Otsuka,0q7KOr99MYmwKxivChxpSd,3zfyzbHuqcT2AAffAyLm02,https://i.scdn.co/image/ab67616d00001e02bfca414b7a654241a6950e35
2026-05-31,jp,Japan,200,32,What Makes You Beautiful,One Direction,4AK6F7OLvEQ5QYCBNiQWHq,4cluDES4hQEUhmXj6TXkSo,https://i.scdn.co/image/ab67616d00001e024a5584795dc73860653a9a3e
2026-05-31,sg,Singapore,1,2,hate that i made you love me,Ariana Grande,66CXWjxzNUsdJxJ2JdwvnR,20jbSiX29FDX4oQxBXyUEi,https://i.scdn.co/image/ab67616d00001e02b622d42c30697e1e1414343c
2026-05-31,sg,Singapore,2,–,Who,Jimin,1oSPZhvZMIrWW5I41kPkkY,7tI8dRuH2Yc6RuoTjxo4dU,https://i.scdn.co/image/ab67616d00001e02f02c451189a709b9a952aaec
2026-05-31,sg,Singapore,3,2,Don’t Say You Love Me,Jin,5vV3bFXnN6D6N3Nj4xRvaV,27xkOIER6uDLKALIelHylZ,https://i.scdn.co/image/ab67616d00001e0289228504f700641956e29f5d
2026-05-31,sg,Singapore,4,–,the cure,Olivia Rodrigo,1McMsnEElThX1knmY4oliG,4EoJ151oQ5jY48z4RhSE96,https://i.scdn.co/image/ab67616d00001e0279e480cbab8c7b86d277841a
2026-05-31,sg,Singapore,5,–,Beauty And A Beat,Justin Bieber; Nicki Minaj,1uNFoZAHBGtllmzznpCI3s; 0hCNtLu0JehylgoiP8L4Gh,6QFCMUUq1T2Vf5sFUXcuQ7,https://i.scdn.co/image/ab67616d00001e02f1d02a6cec967f8b6b78f76e
2026-05-31,sg,Singapore,6,–,Earrings,Malcolm Todd,7eKkW1zo5uzW8kUntiiBvz,0eAuGrXyGFYwur9ARUe7LJ,https://i.scdn.co/image/ab67616d00001e022c1f34ecc1929fb59908aad1
2026-05-31,sg,Singapore,7,–,Risk It All,Bruno Mars,0du5cEVh5yTK9QJze8zA0C,5y2ijHECwFYWqcAHKTZgzD,https://i.scdn.co/image/ab67616d00001e023eb8dc748f7efb1470f74395
2026-05-31,sg,Singapore,8,–,drop dead,Olivia Rodrigo,1McMsnEElThX1knmY4oliG,7Hc6qcJG4NtyZgbNvQyd8U,https://i.scdn.co/image/ab67616d00001e021a1495ff41046065b9475366
2026-05-31,sg,Singapore,9,–,LEMONADE,aespa,6YVMFz59CuY7ngCxTxjpxE,7a3iH9vM5Z58GqOMqXBU1M,https://i.scdn.co/image/ab67616d00001e025f0171c63cceb32ccff8b9a9
2026-05-31,sg,Singapore,10,–,SWIM,BTS,3Nrfpe0tUJi4K4DXYWgMUX,68lbSrXDORS51pmyjZv712,https://i.scdn.co/image/ab67616d00001e02dfa17fad7f190c901603270e
2026-05-31,sg,Singapore,11,–,The One That Got Away,Katy Perry,6jJ0s89eD6GaHleKKya26X,6hkOqJ5mE093AQf2lbZnsG,https://i.scdn.co/image/ab67616d00001e021d955011a3ed477dc77865ad
2026-05-31,sg,Singapore,12,–,REDRED,CORTIS,1ebt9HnXdyYA6KgLXr1n4P,2fCwv2ppU5nTRTckomIGsd,https://i.scdn.co/image/ab67616d00001e0224ace1518851b27e9983f739
2026-05-31,sg,Singapore,13,2,back to friends,sombr,4G9NDjRyZFDlJKMRL8hx3S,7qjZnBKE73H4Oxkopwulqe,https://i.scdn.co/image/ab67616d00001e024229702de91cb3d3a4383302
2026-05-31,sg,Singapore,14,–,Billie Jean,Michael Jackson,3fMbdgg4jU18AjLCKBhRSm,7J1uxwnxfQLu4APicE5Rnj,https://i.scdn.co/image/ab67616d00001e0232a7d87248d1b75463483df5
2026-05-31,sg,Singapore,15,2,Dracula (with JENNIE),Tame Impala; JENNIE,5INjqkS1o8h1imAzPqGZBb; 250b0Wlc5Vk0CoUsaCY84M,5yvVYFDUpbnjcnRBgjwTzM,https://i.scdn.co/image/ab67616d00001e02c7c031ce9d06b131f8563676
2026-05-31,sg,Singapore,16,1,Jumping Machine (跳楼机),LBI利比,1xMn0bhYRWHDV01mU8gP1J,1XZE0InCx3SdCnLpVsPpZl,https://i.scdn.co/image/ab67616d00001e0265bcb498250d15917f92464f
2026-05-31,sg,Singapore,17,5,Who Knows,Daniel Caesar,20wkVLutqVOYrc0kxFs7rA,6DH13QYXK7lKkYHSU88N48,https://i.scdn.co/image/ab67616d00001e022bad6e56e77d5bef0aa3f2dc
2026-05-31,sg,Singapore,18,3,The Fate of Ophelia,Taylor Swift,06HL4z0CvFAxyc27GXpf02,53iuhJlwXhSER5J2IYYv1W,https://i.scdn.co/image/ab67616d00001e02d7812467811a7da6e6a44902
2026-05-31,sg,Singapore,19,3,Stateside + Zara Larsson,PinkPantheress; Zara Larsson,78rUTD7y6Cy67W1RVzYs7t; 1Xylc3o4UrD53lo9CvFvVg,1DwscornXpj8fmOmYVlqZt,https://i.scdn.co/image/ab67616d00001e02684ecc5bc1b724d0106ad694
2026-05-31,sg,Singapore,20,3,Golden,HUNTR/X; EJAE; AUDREY NUNA; REI AMI; KPop Demon Hunters Cast,2yNNYQBChuox9A5Ka93BIn; 0RMJOzHDhAKY1o2j0W0vxY; 0Wwji82sLA0Hcvtuak3omb; 6U1dV7aL68N7Gb0Naq34V5; 7mW7Tv7NvywKKXqafZo0Lc,1CPZ5BxNNd0n0nF4Orb9JS,https://i.scdn.co/image/ab67616d00001e024dcb6c5df15cf74596ab25a4
2026-05-31,sg,Singapore,21,2,海屿你,马也_Crabbit,1V6Bl7Ny5loHozQUalAd6M,6UO9nrihAk6sFGvVHDVTz8,https://i.scdn.co/image/ab67616d00001e027d721d0483ccd72e6581e858
2026-05-31,sg,Singapore,22,4,Babydoll,Dominic Fike,6USv9qhCn6zfxlBQIYJ9qs,7yNf9YjeO5JXUE3JEBgnYc,https://i.scdn.co/image/ab67616d00001e027b1b6f41c1645af9757d5616
2026-05-31,sg,Singapore,23,4,Self Aware,Temper City,5mHUmlJWkcoOk1NbjfrXWz,4qW3BbQAwZsrnu8a3ZRdyT,https://i.scdn.co/image/ab67616d00001e02d6c26d2ae723f7ab553d64cc
2026-05-31,sg,Singapore,24,4,CHOOM,BABYMONSTER,1SIocsqdEefUTE6XKGUiVS,6gunPOwkADFspLkQtmVuZT,https://i.scdn.co/image/ab67616d00001e020fbcc1d9dc6a647af4ebdfee
2026-05-31,sg,Singapore,25,1,DAISIES,Justin Bieber,1uNFoZAHBGtllmzznpCI3s,5BZsQlgw21vDOAjoqkNgKb,https://i.scdn.co/image/ab67616d00001e02d65c4773bc5061fd27facc5b
2026-05-31,sg,Singapore,26,1,Love Me Not,Ravyn Lenae,5RTLRtXjbXI2lSXc6jxlAz,4WFgvKVfEhb3IUAFGrutTR,https://i.scdn.co/image/ab67616d00001e020e62daaea2c7b94053e1c142
2026-05-31,sg,Singapore,27,3,BOOMPALA,LE SSERAFIM,4SpbR6yFEvexJuaBpgAU5p,41d2WjuL0ikRKVjxmL7ZFz,https://i.scdn.co/image/ab67616d00001e023fba33983638fcf9704c965d
2026-05-31,sg,Singapore,28,1,End of Beginning,Djo,5p9HO3XC5P3BLxJs5Mtrhm,3qhlB30KknSejmIvZZLjOD,https://i.scdn.co/image/ab67616d00001e02fddfffec51b4580acae727c1
2026-05-31,sg,Singapore,29,8,Seven (feat. Latto) (Explicit Ver.),Jung Kook; Latto,6HaGTQPmzraVmaVxvz6EUc; 3MdXrJWsbVzdn6fe5JYkSQ,2HRgqmZQC0MC7GeNuDIXHN,https://i.scdn.co/image/ab67616d00001e02741fd4807f442af3f7359316
2026-05-31,sg,Singapore,30,–,Die With A Smile,Lady Gaga; Bruno Mars,1HY2Jd0NmPuamShAr6KMms; 0du5cEVh5yTK9QJze8zA0C,7so0lgd0zP2Sbgs2d7a1SZ,https://i.scdn.co/image/ab67616d00001e02b0860cf0a98e09663c82290c
2026-05-31,sg,Singapore,31,1,Body to Body,BTS,3Nrfpe0tUJi4K4DXYWgMUX,2rKkfc4VZ74FQDc1FF1Zo6,https://i.scdn.co/image/ab67616d00001e02dfa17fad7f190c901603270e
2026-05-31,sg,Singapore,32,4,一念 (影视剧《逐玉》插曲),张紫宁 / 李鑫一,2OL7dKjcDZjMiPjFohbmAZ,1iZVXRo5IcIradUoVYymRW,https://i.scdn.co/image/ab67616d00001e02e273383859cd02ba247b5d96
2026-05-31,sg,Singapore,33,–,So Easy (To Fall In Love),Olivia Dean,00x1fYSGhdqScXBRpSj3DW,6sGIMrtIzQjdzNndVxe397,https://i.scdn.co/image/ab67616d00001e029a336bfb6d40bbd90a507417
2026-05-31,sg,Singapore,34,2,APT.,ROSÉ; Bruno Mars,3eVa5w3URK5duf6eyVDbu9; 0du5cEVh5yTK9QJze8zA0C,4wJ5Qq0jBN4ajy7ouZIV1c,https://i.scdn.co/image/ab67616d00001e027be65ce6672ed7e5aac6e966
2026-05-31,sg,Singapore,35,1,The Man Who Can't Be Moved,The Script,3AQRLZ9PuTAozP28Skbq8V,3nqqDo8CcCLke3ZoTgiOKf,https://i.scdn.co/image/ab67616d00001e02f33a9f529c12f79b116eb218
2026-05-31,sg,Singapore,36,5,看着我的眼睛说,张远,4Q6r8rqOodVCDkbAYm7F18,5cOXSOo4olhVLVSpQBvQaP,https://i.scdn.co/image/ab67616d00001e02623da38934771207c19756d1
2026-05-31,sg,Singapore,37,2,Beat It,Michael Jackson,3fMbdgg4jU18AjLCKBhRSm,3BovdzfaX4jb5KFQwoPfAw,https://i.scdn.co/image/ab67616d00001e0232a7d87248d1b75463483df5
2026-05-31,sg,Singapore,38,6,Iris,The Goo Goo Dolls,2sil8z5kiy4r76CRTXxBCA,6Qyc6fS4DsZjB2mRW9DsQs,https://i.scdn.co/image/ab67616d00001e02eda9478c39a21e1cdc6609ca
2026-05-31,sg,Singapore,39,6,BIRDS OF A FEATHER,Billie Eilish,6qqNVTkY8uBg9cP3Jd7DAH,6dOtVTDdiauQNBQEDOtlAB,https://i.scdn.co/image/ab67616d00001e0271d62ea7ea8a5be92d3c1f62
2026-05-31,sg,Singapore,40,2,Janice STFU,Drake,3TVXtAsR1Inumwj472S9r4,514joG57v4yKTsfQmz7stz,https://i.scdn.co/image/ab67616d00001e02fe9d3ab9adb1d3b59835b81c
2026-05-31,sg,Singapore,41,7,Winter Ahead (with PARK HYO SHIN),V; Park Hyo Shin,3JsHnjpbhX4SnySpvpa9DK; 57htMBtzpppc1yoXgjbslj,7G7mSV4BebkoHWwKTDvXu9,https://i.scdn.co/image/ab67616d00001e0216ba2a3622bd0d0d985e3234
2026-05-31,sg,Singapore,42,7,Suddenly,I.O.I,6RKnXXyprPjhBdCvL802Ku,7u0yW2XPSJozIGdUSRET19,https://i.scdn.co/image/ab67616d00001e02244aed7ce852aedf2097fed9
2026-05-31,sg,Singapore,43,3,Raindance (feat. Tems),Dave; Tems,6Ip8FS7vWT1uKkJSweANQK; 687cZJR45JO7jhk1LHIbgq,3oTuTpF1F3A7rEC6RKsMRz,https://i.scdn.co/image/ab67616d00001e02fecaa7826bb0cbe139a8cb83
2026-05-31,sg,Singapore,44,3,NOBLE,F3miii,0gmx7cndNJbFM0DAO7fT0s,4Jsus7N4d8hFB2G9gcRdBv,https://i.scdn.co/image/ab67616d00001e023e2c1f8bb3f146186e2a1dc5
2026-05-31,sg,Singapore,45,2,Hooligan,BTS,3Nrfpe0tUJi4K4DXYWgMUX,20dAJsyno9ZoBLJtqgQnUI,https://i.scdn.co/image/ab67616d00001e02dfa17fad7f190c901603270e
2026-05-31,sg,Singapore,46,5,2.0,BTS,3Nrfpe0tUJi4K4DXYWgMUX,3bmpXHVie1GTy37OkXJ7Vc,https://i.scdn.co/image/ab67616d00001e02dfa17fad7f190c901603270e
2026-05-31,sg,Singapore,47,5,WDA (Whole Different Animal) (feat. G-DRAGON),aespa; G-DRAGON,6YVMFz59CuY7ngCxTxjpxE; 30b9WulBM8sFuBo17nNq9c,7Ccp7Oid3YFAWuY9Ar1eb3,https://i.scdn.co/image/ab67616d00001e029a022a3fd08f159b189df50a
2026-05-31,sg,Singapore,48,2,It's Me,ILLIT,36cgvBn0aadzOijnjjwqMN,1D5L58KLBbceOynTP4DQnY,https://i.scdn.co/image/ab67616d00001e0261eea484e31bca065904f1c6
2026-05-31,sg,Singapore,49,–,About You,The 1975,3mIj9lX2MWuHmhNCA7LSCW,3hEfpBHxgieRLz4t3kLNEg,https://i.scdn.co/image/ab67616d00001e0200702474f8e0e2b6155d48e3
2026-05-31,sg,Singapore,50,–,Man I Need,Olivia Dean,00x1fYSGhdqScXBRpSj3DW,1qbmS6ep2hbBRaEZFpn7BX,https://i.scdn.co/image/ab67616d00001e02e3d69e17dde129037a1f09e2
2026-05-31,sg,Singapore,51,1,Hit the Wall,Gracie Abrams,4tuJ0bMpJh08umKkEXKUI5,1U90UBmMrQTx9GNweUA4LZ,https://i.scdn.co/image/ab67616d00001e0299bc33b47a0a67fd50783055
2026-05-31,sg,Singapore,52,1,Eenie Meenie,Sean Kingston; Justin Bieber,6S0dmVVn4udvppDhZIWxCr; 1uNFoZAHBGtllmzznpCI3s,4vVTI94F9uJ8lHNDWKv0i2,https://i.scdn.co/image/ab67616d00001e024dea4c1cdf30c359dbaec318
2026-05-31,sg,Singapore,53,1,Chicago,Michael Jackson,3fMbdgg4jU18AjLCKBhRSm,5BKKy9fIJL5uM9fz1SnqyP,https://i.scdn.co/image/ab67616d00001e0235f36cb686b0d5a12ab3a9f0
2026-05-31,sg,Singapore,54,7,Sweet Boy,Malcolm Todd,7eKkW1zo5uzW8kUntiiBvz,59c2xv2kMzYM6HR9oY6BIa,https://i.scdn.co/image/ab67616d00001e022c1f34ecc1929fb59908aad1
2026-05-31,sg,Singapore,55,1,Ordinary,Alex Warren,0fTSzq9jAh4c36UVb4V7CB,2RkZ5LkEzeHGRsmDqKwmaJ,https://i.scdn.co/image/ab67616d00001e028d18d73bbfc8985d52865edf
2026-05-31,sg,Singapore,56,1,Opalite,Taylor Swift,06HL4z0CvFAxyc27GXpf02,3yWuTOYDztXjZxdE2cIRUa,https://i.scdn.co/image/ab67616d00001e02d7812467811a7da6e6a44902
2026-05-31,sg,Singapore,57,3,Sailor Song,Gigi Perez,1iCnM8foFssWlPRLfAbIwo,21IYMdzTrzSe191Cy5eMap,https://i.scdn.co/image/ab67616d00001e0249c26270052e1671add569c1
2026-05-31,sg,Singapore,58,4,Yellow,Coldplay,4gzpq5DPGxSnKTe4SA8HAU,3AJwUDP919kvQ9QcozQPxg,https://i.scdn.co/image/ab67616d00001e029164bafe9aaa168d93f4816a
2026-05-31,sg,Singapore,59,6,Night Changes,One Direction,4AK6F7OLvEQ5QYCBNiQWHq,5O2P9iiztwhomNh8xkR9lJ,https://i.scdn.co/image/ab67616d00001e0234a29f220057810cce98e1b4
2026-05-31,sg,Singapore,60,3,像晴天像雨天（电视剧《难哄》心动曲）,Silence Wang,0PdNEiQ3MsJGCEgE13Tz60,1zFuSla4RQ5qAJwDIQYixW,https://i.scdn.co/image/ab67616d00001e02e315e968f364d79e460d8f62
2026-05-31,sg,Singapore,61,9,White Keys,Dominic Fike,6USv9qhCn6zfxlBQIYJ9qs,5ViLKrbyL3HD6wsq3AB9eI,https://i.scdn.co/image/ab67616d00001e023696096119ef08824cf85ede
2026-05-31,sg,Singapore,62,3,We Don't Talk Anymore (feat. Selena Gomez),Charlie Puth; Selena Gomez,6VuMaDnrHyPL1p4EHjYLi7; 0C8ZW7ezQVs4URX5aX7Kqx,54PbBpquVfhfrwRwvjSXbI,https://i.scdn.co/image/ab67616d00001e0215145482a542a9adb282250b
2026-05-31,sg,Singapore,63,9,Lush Life,Zara Larsson,1Xylc3o4UrD53lo9CvFvVg,1rIKgCH4H52lrvDcz50hS8,https://i.scdn.co/image/ab67616d00001e02401bf6103d4b7f5230a21582
2026-05-31,sg,Singapore,64,6,Just the Way You Are,Bruno Mars,0du5cEVh5yTK9QJze8zA0C,7BqBn9nzAq8spo5e7cZ0dJ,https://i.scdn.co/image/ab67616d00001e027039c1c841fc3dfa2ad8a0d8
2026-05-31,sg,Singapore,65,1,STAY (with Justin Bieber),The Kid LAROI; Justin Bieber,2tIP7SsRs7vjIcLrU85W8J; 1uNFoZAHBGtllmzznpCI3s,567e29TDzLwZwfDuEpGTwo,https://i.scdn.co/image/ab67616d00001e02b4d59e6fa7e5e7cbc57ac33a
2026-05-31,sg,Singapore,66,5,Ghost,Justin Bieber,1uNFoZAHBGtllmzznpCI3s,6I3mqTwhRpn34SLVafSH7G,https://i.scdn.co/image/ab67616d00001e02e6f407c7f3a0ec98845e4431
2026-05-31,sg,Singapore,67,1,Starboy,The Weeknd; Daft Punk,1Xyo4u8uXC1ZmMpatF05PJ; 4tZwfgrHOc3mvqYlEYSvVi,7MXVkk9YMctZqd1Srtv4MB,https://i.scdn.co/image/ab67616d00001e024718e2b124f79258be7bc452
2026-05-31,sg,Singapore,68,5,NORMAL,BTS,3Nrfpe0tUJi4K4DXYWgMUX,4B4Q7zfd0aHcuhQBfCRnH5,https://i.scdn.co/image/ab67616d00001e02dfa17fad7f190c901603270e
2026-05-31,sg,Singapore,69,–,"One Of The Girls (with JENNIE, Lily Rose Depp)",The Weeknd; JENNIE; Lily-Rose Depp,1Xyo4u8uXC1ZmMpatF05PJ; 250b0Wlc5Vk0CoUsaCY84M; 1pBLC0qVRTB5zVMuteQ9jJ,7CyPwkp0oE8Ro9Dd5CUDjW,https://i.scdn.co/image/ab67616d00001e02b0dd6a5cd1dec96c4119c262
2026-05-31,sg,Singapore,70,19,Running Wild,Jin,5vV3bFXnN6D6N3Nj4xRvaV,50zAEIE4B1QqhPjRMK2Xmh,https://i.scdn.co/image/ab67616d00001e0202dd46d1f82ce19b5927b269
2026-05-31,sg,Singapore,71,4,I Just Might,Bruno Mars,0du5cEVh5yTK9QJze8zA0C,6f68Ac5tt5BQOpwr0BV9oN,https://i.scdn.co/image/ab67616d00001e023eb8dc748f7efb1470f74395
2026-05-31,sg,Singapore,72,6,嘉賓,张远,4Q6r8rqOodVCDkbAYm7F18,5jAmIkIpskwu2hRz2YaEHi,https://i.scdn.co/image/ab67616d00001e02c74b8ff07fe68b72b31c852e
2026-05-31,sg,Singapore,73,6,Payphone,Maroon 5; Wiz Khalifa,04gDigrS5kc9YWfZHwBETP; 137W8MRPWKqSmrBGDBFSop,1XGmzt0PVuFgQYYnV2It7A,https://i.scdn.co/image/ab67616d00001e02fc8633e22a7dba6aab817bff
2026-05-31,sg,Singapore,74,3,Homewrecker,sombr,4G9NDjRyZFDlJKMRL8hx3S,7tICCrK3CcyRFKza7yrR0z,https://i.scdn.co/image/ab67616d00001e029a8d41dca4c7d0ef23d76dd7
2026-05-31,sg,Singapore,75,3,they don’t know ’bout us,BTS,3Nrfpe0tUJi4K4DXYWgMUX,0b61A7v9agI08BG21jJPQ9,https://i.scdn.co/image/ab67616d00001e02dfa17fad7f190c901603270e
2026-05-31,sg,Singapore,76,4,晴天,Jay Chou,2elBjNSdBE2Y3f0j1mjrql,5pIcwtJYNJx93l420oR2Vm,https://i.scdn.co/image/ab67616d00001e026850b3307853e0753ed53cc5
2026-05-31,sg,Singapore,77,10,我對緣分小心翼翼 (劇集《逐玉》主題曲),JJ Lin,7Dx7RhX0mFuXhCOUgB01uM,72yIlZtNNS4i2b4FfVm619,https://i.scdn.co/image/ab67616d00001e02b24d13aada9e78ff850a0a07
2026-05-31,sg,Singapore,78,4,PINKY UP,KATSEYE,3c0gDdb9lhnHGFtP4prQpn,4KmkJjHTNlr1jFY56Lyz4E,https://i.scdn.co/image/ab67616d00001e02f995fcdb4d6f1c273a3bc56b
2026-05-31,sg,Singapore,79,6,FYA,BTS,3Nrfpe0tUJi4K4DXYWgMUX,0KmrKOdScRDVYwWS8hkkdv,https://i.scdn.co/image/ab67616d00001e02dfa17fad7f190c901603270e
2026-05-31,sg,Singapore,80,6,Human Nature,Michael Jackson,3fMbdgg4jU18AjLCKBhRSm,4cgjA7B4fJBHyB9Ya2bu0t,https://i.scdn.co/image/ab67616d00001e0232a7d87248d1b75463483df5
2026-05-31,sg,Singapore,81,45,擱淺,Jay Chou,2elBjNSdBE2Y3f0j1mjrql,0cOMncRq4cmDLO4tPQnkBF,https://i.scdn.co/image/ab67616d00001e0200b976d1df4243e5318a7712
2026-05-31,sg,Singapore,82,7,Treat You Better,Shawn Mendes,7n2wHs1TKAczGzO7Dd2rGr,3QGsuHI8jO1Rx4JWLUh9jd,https://i.scdn.co/image/ab67616d00001e021376b4b16f4bfcba02dc571b
2026-05-31,sg,Singapore,83,7,你，好不好？ - TVBS連續劇【遺憾拼圖】片尾曲,Eric Chou,5fEQLwq1BWWQNR8GzhOIvi,2gug6MRv4xQFYi9LA3PJCS,https://i.scdn.co/image/ab67616d00001e0205e895059be31891a3e0f01d
2026-05-31,sg,Singapore,84,1,Closer,The Chainsmokers; Halsey,69GGBxA162lTqCwzJG5jLp; 26VFTg2z8YR0cCuwLzESi2,7BKLCZ1jbUBVqRi2FVlTVw,https://i.scdn.co/image/ab67616d00001e02495ce6da9aeb159e94eaa453
2026-05-31,sg,Singapore,85,6,Always,Daniel Caesar,20wkVLutqVOYrc0kxFs7rA,2LlOeW5rVcvl3QcPNPcDus,https://i.scdn.co/image/ab67616d00001e027c68face1dc58127f3a7b1cc
2026-05-31,sg,Singapore,86,2,RUDE!,Hearts2Hearts,1ZLU77nRzQIaP23mVSYpCQ,0WA27lZzPKFJKAbiDRmQDc,https://i.scdn.co/image/ab67616d00001e02d505bec2fbfee5857725d333
2026-05-31,sg,Singapore,87,5,Love Me Harder,Ariana Grande; The Weeknd,66CXWjxzNUsdJxJ2JdwvnR; 1Xyo4u8uXC1ZmMpatF05PJ,5J4ZkQpzMUFojo1CtAZYpn,https://i.scdn.co/image/ab67616d00001e02deec12a28d1e336c5052e9aa
2026-05-31,sg,Singapore,88,–,Baby,Justin Bieber; Ludacris,1uNFoZAHBGtllmzznpCI3s; 3ipn9JLAPI5GUEo4y4jcoi,6epn3r7S14KUqlReYr77hA,https://i.scdn.co/image/ab67616d00001e02629dc9e2e3bc20bbd7d92e4a
2026-05-31,sg,Singapore,89,4,we can't be friends (wait for your love),Ariana Grande,66CXWjxzNUsdJxJ2JdwvnR,51ZQ1vr10ffzbwIjDCwqm4,https://i.scdn.co/image/ab67616d00001e028b58d20f1b77295730db15b4
2026-05-31,sg,Singapore,90,4,Into the Sun,BTS,3Nrfpe0tUJi4K4DXYWgMUX,1ZNolq7VI7efGlh2hb2VVr,https://i.scdn.co/image/ab67616d00001e02dfa17fad7f190c901603270e
2026-05-31,sg,Singapore,91,10,WHERE IS MY HUSBAND!,RAYE,5KKpBU5eC2tJDzf0wmlRp2,7eYzn1CuiJK6VvUhf8zA6k,https://i.scdn.co/image/ab67616d00001e0297c0928704e5a2bd8d4c5b90
2026-05-31,sg,Singapore,92,6,Locked out of Heaven,Bruno Mars,0du5cEVh5yTK9QJze8zA0C,5g7sDjBhZ4I3gcFIpkrLuI,https://i.scdn.co/image/ab67616d00001e02926f43e7cce571e62720fd46
2026-05-31,sg,Singapore,93,1,Like Animals,BTS,3Nrfpe0tUJi4K4DXYWgMUX,2IFND3phjzIG1RcPnHh2hP,https://i.scdn.co/image/ab67616d00001e02dfa17fad7f190c901603270e
2026-05-31,sg,Singapore,94,1,Aliens,BTS,3Nrfpe0tUJi4K4DXYWgMUX,5tg21NdePCn5m8F9BXOEeJ,https://i.scdn.co/image/ab67616d00001e02dfa17fad7f190c901603270e
2026-05-31,sg,Singapore,95,2,That’s So True,Gracie Abrams,4tuJ0bMpJh08umKkEXKUI5,7ne4VBA60CxGM75vw0EYad,https://i.scdn.co/image/ab67616d00001e021dac3694b3289cd903cb3acf
2026-05-31,sg,Singapore,96,19,Cruel Summer,Taylor Swift,06HL4z0CvFAxyc27GXpf02,1BxfuPKGuaTgP7aM0Bbdwr,https://i.scdn.co/image/ab67616d00001e02e787cffec20aa2a396a61647
2026-05-31,sg,Singapore,97,4,E85,Don Toliver,4Gso3d4CscCijv0lmajZWs,3B4cjvGlPvyBLNG3AzEgkZ,https://i.scdn.co/image/ab67616d00001e0225c28f3c9fbdbab1a88dd619
2026-05-31,sg,Singapore,98,8,That's What I Like,Bruno Mars,0du5cEVh5yTK9QJze8zA0C,0KKkJNfGyhkQ5aFogxQAPU,https://i.scdn.co/image/ab67616d00001e02232711f7d66a1e19e89e28c5
2026-05-31,sg,Singapore,99,–,Best Part (feat. H.E.R.),Daniel Caesar; H.E.R.,20wkVLutqVOYrc0kxFs7rA; 3Y7RZ31TRPVadSFVy1o8os,1Q7EgiMOuwDcB0PJC6AzON,https://i.scdn.co/image/ab67616d00001e027aa8783ad8def37cc548a9cf
2026-05-31,sg,Singapore,100,15,like JENNIE,JENNIE,250b0Wlc5Vk0CoUsaCY84M,0fK7ie6XwGxQTIkpFoWkd1,https://i.scdn.co/image/ab67616d00001e02dcf27dec5e479b2e39c4c993
2026-05-31,sg,Singapore,101,6,Die On This Hill,SIENNA SPIRO,02gSuSAWEdWa5UOvqzjX6v,2gYTC8DsplN3RNdpdBcCOQ,https://i.scdn.co/image/ab67616d00001e020901e50bfaff4351a29f462b
2026-05-31,sg,Singapore,102,1,Viva La Vida,Coldplay,4gzpq5DPGxSnKTe4SA8HAU,1mea3bSkSGXuIRvnydlB5b,https://i.scdn.co/image/ab67616d00001e02e21cc1db05580b6f2d2a3b6e
2026-05-31,sg,Singapore,103,8,Gabriela,KATSEYE,3c0gDdb9lhnHGFtP4prQpn,1xOqGUkyxGQRdCvGpvWKmL,https://i.scdn.co/image/ab67616d00001e02f8d4d00ffe09373efb13ce29
2026-05-31,sg,Singapore,104,30,Love Yourself,Justin Bieber,1uNFoZAHBGtllmzznpCI3s,50kpGaPAhYJ3sGmk6vplg0,https://i.scdn.co/image/ab67616d00001e02f46b9d202509a8f7384b90de
2026-05-31,sg,Singapore,105,5,On The Floor,Jennifer Lopez; Pitbull,2DlGxzQSjYe5N6G9nkYghR; 0TnOYISbd1XYRBk9myaseg,3C0nOe05EIt1390bVABLyN,https://i.scdn.co/image/ab67616d00001e02d7b2aa3834b82b1cbe899a48
2026-05-31,sg,Singapore,106,2,Sweater Weather,The Neighbourhood,77SW9BnxLY8rJ0RciFqkHh,0cQVqPuHQP4KEwc7ZUQmj6,https://i.scdn.co/image/ab67616d00001e028265a736a1eb838ad5a0b921
2026-05-31,sg,Singapore,107,9,blue,yung kai,6zO1dZ40fTZ5hY9NnnRJSk,6W614n8yLUeS3zsZSeBwyq,https://i.scdn.co/image/ab67616d00001e02def6ffd0e4b80cb0d2a0d00f
2026-05-31,sg,Singapore,108,1,Sign of the Times,Harry Styles,6KImCVD70vtIoJWnq6nGn3,5Ohxk2dO5COHF1krpoPigN,https://i.scdn.co/image/ab67616d00001e023f8b8a9c71b2bd2f3019940b
2026-05-31,sg,Singapore,109,13,Something Just Like This,The Chainsmokers; Coldplay,69GGBxA162lTqCwzJG5jLp; 4gzpq5DPGxSnKTe4SA8HAU,6RUKPb4LETWmmr3iAEQktW,https://i.scdn.co/image/ab67616d00001e020c13d3d5a503c84fcc60ae94
2026-05-31,sg,Singapore,110,2,Espresso,Sabrina Carpenter,74KM79TiuVKeVCqs8QtB0B,2HRqTpkrJO5ggZyyK6NPWz,https://i.scdn.co/image/ab67616d00001e02fd8d7a8d96871e791cb1f626
2026-05-31,sg,Singapore,111,3,From The Start,Laufey,7gW0r5CkdEUMm42w9XpyZO,43iIQbw5hx986dUEZbr3eN,https://i.scdn.co/image/ab67616d00001e0274c732f8aa0e0ccbb3d17d96
2026-05-31,sg,Singapore,112,10,Please,BTS,3Nrfpe0tUJi4K4DXYWgMUX,1XpVhaI4HzWrhRWIpdfyJB,https://i.scdn.co/image/ab67616d00001e02dfa17fad7f190c901603270e
2026-05-31,sg,Singapore,113,18,No One Noticed,The Marías,2sSGPbdZJkaSE2AbcGOACx,3siwsiaEoU4Kuuc9WKMUy5,https://i.scdn.co/image/ab67616d00001e028aa339341a0b0c813909c831
2026-05-31,sg,Singapore,114,9,JUMP,BLACKPINK,41MozSoPIsD1dJM0CLPjZF,5H1sKFMzDeMtXwND3V6hRY,https://i.scdn.co/image/ab67616d00001e026224d1236b0e0a0e1586efbb
2026-05-31,sg,Singapore,115,2,Manchild,Sabrina Carpenter,74KM79TiuVKeVCqs8QtB0B,2BwO5K8Q7EPAJSGze3AAh9,https://i.scdn.co/image/ab67616d00001e02b1863bf95557ea7f357c4947
2026-05-31,sg,Singapore,116,3,Perfect,Ed Sheeran,6eUKZXaKkcviH0Ku9w2n3V,0tgVpDi06FyKpA1z0VMD4v,https://i.scdn.co/image/ab67616d00001e02ba5db46f4b838ef6027e6f96
2026-05-31,sg,Singapore,117,41,toxic till the end,ROSÉ,3eVa5w3URK5duf6eyVDbu9,1z5ebC9238uGoBgzYyvGpQ,https://i.scdn.co/image/ab67616d00001e027be65ce6672ed7e5aac6e966
2026-05-31,sg,Singapore,118,16,善后,马师傅,0M668HC4fq39Ls98rUdsyS,6gYS6CQc7UMnj0Ubq3C0QT,https://i.scdn.co/image/ab67616d00001e023e8cd6ae4415fbaae876d3be
2026-05-31,sg,Singapore,119,1,One More Night,BTS,3Nrfpe0tUJi4K4DXYWgMUX,6s3w7SUVtmm68Bw5KrKMh0,https://i.scdn.co/image/ab67616d00001e02dfa17fad7f190c901603270e
2026-05-31,sg,Singapore,120,–,Merry Go Round,BTS,3Nrfpe0tUJi4K4DXYWgMUX,3VegC0PZiHjGxb80DER8XU,https://i.scdn.co/image/ab67616d00001e02dfa17fad7f190c901603270e
2026-05-31,sg,Singapore,121,11,離開我的依賴,Evangeline Wong,7sEIHkZXRzGa3OBUCCxzU5,28VBdtYc5Cpmey4Cpvcrby,https://i.scdn.co/image/ab67616d00001e02bc2f8151c384496d34c683df
2026-05-31,sg,Singapore,122,8,Let Down,Radiohead,4Z8W4fKeB5YxbusRsdQVPb,2fuYa3Lx06QQJAm0MjztKr,https://i.scdn.co/image/ab67616d00001e02c8b444df094279e70d0ed856
2026-05-31,sg,Singapore,123,19,玻璃,Gareth.T,6R57JlNKlnNrYaji0vw8xx,4lZVYNSHy3bKN1pqTxw9Zl,https://i.scdn.co/image/ab67616d00001e02d6e4227850346a74a114c0f7
2026-05-31,sg,Singapore,124,3,I Wanna Be Yours,Arctic Monkeys,7Ln80lUS6He07XvHI8qqHH,5XeFesFbtLpXzIVDNQP22n,https://i.scdn.co/image/ab67616d00001e024ae1c4c5c45aabe565499163
2026-05-31,sg,Singapore,125,4,Confident,Justin Bieber; Chance the Rapper,1uNFoZAHBGtllmzznpCI3s; 1anyVhU62p31KFi8MEzkbf,6czM6UMQD9qE5GAUp68oud,https://i.scdn.co/image/ab67616d00001e0258ae8fddecbd2630005409c9
2026-05-31,sg,Singapore,126,2,Roommates,Malcolm Todd,7eKkW1zo5uzW8kUntiiBvz,5vPUv0xziXbV4lnWeVNXNq,https://i.scdn.co/image/ab67616d00001e022c1f34ecc1929fb59908aad1
2026-05-31,sg,Singapore,127,19,bittersweet,Madison Beer,2kRfqPViCqYdSGhYSM9R0Q,6vDVu9IM9s8L8XMQ1c1Yti,https://i.scdn.co/image/ab67616d00001e02391ad22354ea2e90c54f6b14
2026-05-31,sg,Singapore,128,5,Photograph,Ed Sheeran,6eUKZXaKkcviH0Ku9w2n3V,6fxVffaTuwjgEk5h9QyRjy,https://i.scdn.co/image/ab67616d00001e0213b3e37318a0c247b550bccd
2026-05-31,sg,Singapore,129,4,That Should Be Me,Justin Bieber,1uNFoZAHBGtllmzznpCI3s,0aPZbnkMoWJaJ5CNVLCj8S,https://i.scdn.co/image/ab67616d00001e02629dc9e2e3bc20bbd7d92e4a
2026-05-31,sg,Singapore,130,12,Apocalypse,Cigarettes After Sex,1QAJqy2dA3ihHBFIHRphZj,1oAwsWBovWRIp7qLMGPIet,https://i.scdn.co/image/ab67616d00001e02dfed999f959177dfc4f33cdc
2026-05-31,sg,Singapore,131,14,As It Was,Harry Styles,6KImCVD70vtIoJWnq6nGn3,4Dvkj6JhhA12EX05fT7y2e,https://i.scdn.co/image/ab67616d00001e0282ce362511fb3d9dda6578ee
2026-05-31,sg,Singapore,132,4,Somewhere Only We Know,Keane,53A0W3U0s8diEn9RhXQhVz,0ll8uFnc0nANY35E0Lfxvg,https://i.scdn.co/image/ab67616d00001e027d6cd95a046a3c0dacbc7d33
2026-05-31,sg,Singapore,133,1,Timeless (feat Playboi Carti),The Weeknd; Playboi Carti,1Xyo4u8uXC1ZmMpatF05PJ; 699OTQXzgjhIYAHMy9RyPD,0FIDCNYYjNvPVimz5icugS,https://i.scdn.co/image/ab67616d00001e02de79f330bc297af3fae736da
2026-05-31,sg,Singapore,134,1,Counting Stars,OneRepublic,5Pwc4xIPtQLFEnJriah9YJ,2tpWsVSb9UEmDRxAl1zhX1,https://i.scdn.co/image/ab67616d00001e029e2f95ae77cf436017ada9cb
2026-05-31,sg,Singapore,135,8,WILDFLOWER,Billie Eilish,6qqNVTkY8uBg9cP3Jd7DAH,3QaPy1KgI7nu9FJEQUgn6h,https://i.scdn.co/image/ab67616d00001e0271d62ea7ea8a5be92d3c1f62
2026-05-31,sg,Singapore,136,7,National Treasures,Drake,3TVXtAsR1Inumwj472S9r4,393OFJFZKIIv66JmJcNm9D,https://i.scdn.co/image/ab67616d00001e02fe9d3ab9adb1d3b59835b81c
2026-05-31,sg,Singapore,137,2,Don't Stop 'Til You Get Enough,Michael Jackson,3fMbdgg4jU18AjLCKBhRSm,46eu3SBuFCXWsPT39Yg3tJ,https://i.scdn.co/image/ab67616d00001e022b74bf21c7e4f56758610949
2026-05-31,sg,Singapore,138,35,在加納共和國離婚,Firdhaus; DIOR 大穎,6fOqdhRNsMQqtwRwgo3NUv; 0czbvTRVGHfCdRsJLxbBGQ,6GyUt7yJ0sOktc5HjvVnFh,https://i.scdn.co/image/ab67616d00001e02bd7cdd9987dede8f59e62ec6
2026-05-31,sg,Singapore,139,1,Heavy Serenade,NMIXX,28ot3wh4oNmoFOdVajibBl,1Sjs93mMgi9bX06FFU9Mcv,https://i.scdn.co/image/ab67616d00001e02d179b01c0b9baac10170d1ad
2026-05-31,sg,Singapore,140,10,Style,Taylor Swift,06HL4z0CvFAxyc27GXpf02,0ug5NqcwcFR2xrfTkc7k8e,https://i.scdn.co/image/ab67616d00001e0252b2a3824413eefe9e33817a
2026-05-31,sg,Singapore,141,22,这是你期盼的长大吗,ZQS,6CvqU8itTtfpm1E8Pvez33,3AKYofM0vFekNthGbpjMpN,https://i.scdn.co/image/ab67616d00001e022d90720b3c403c14594ac23a
2026-05-31,sg,Singapore,142,18,One Last Time,Ariana Grande,66CXWjxzNUsdJxJ2JdwvnR,7xoUc6faLbCqZO6fQEYprd,https://i.scdn.co/image/ab67616d00001e02deec12a28d1e336c5052e9aa
2026-05-31,sg,Singapore,143,5,Attention,Charlie Puth,6VuMaDnrHyPL1p4EHjYLi7,5cF0dROlMOK5uNZtivgu50,https://i.scdn.co/image/ab67616d00001e02897f73256b9128a9d70eaf66
2026-05-31,sg,Singapore,144,5,Talking to the Moon,Bruno Mars,0du5cEVh5yTK9QJze8zA0C,161DnLWsx1i3u1JT05lzqU,https://i.scdn.co/image/ab67616d00001e027039c1c841fc3dfa2ad8a0d8
2026-05-31,sg,Singapore,145,–,Smooth Criminal - 2012 Remaster,Michael Jackson,3fMbdgg4jU18AjLCKBhRSm,5T7ywazdGIydr6JCW6t02j,https://i.scdn.co/image/ab67616d00001e02eb2087dcd1eb61f833bdedff
2026-05-31,sg,Singapore,146,2,Impostor Syndrome,Sidney Gish,2orBKFyc84jo9AZH5jarhI,33KU9huHP1Lv1UWWVkuTYd,https://i.scdn.co/image/ab67616d00001e02f7832bb86831bdec9848acda
2026-05-31,sg,Singapore,147,10,Blinding Lights,The Weeknd,1Xyo4u8uXC1ZmMpatF05PJ,0VjIjW4GlUZAMYd2vXMi3b,https://i.scdn.co/image/ab67616d00001e028863bc11d2aa12b54f5aeb36
2026-05-31,sg,Singapore,148,61,Like Crazy,Jimin,1oSPZhvZMIrWW5I41kPkkY,3Ua0m0YmEjrMi9XErKcNiR,https://i.scdn.co/image/ab67616d00001e022b46078245d0120690eb560d
2026-05-31,sg,Singapore,149,–,What Makes You Beautiful,One Direction,4AK6F7OLvEQ5QYCBNiQWHq,4cluDES4hQEUhmXj6TXkSo,https://i.scdn.co/image/ab67616d00001e024a5584795dc73860653a9a3e
2026-05-31,sg,Singapore,150,2,Dracula,Tame Impala,5INjqkS1o8h1imAzPqGZBb,1NXbNEAcPvY5G1xvfN57aA,https://i.scdn.co/image/ab67616d00001e02208500450dcd0fd294d7bd3b
2026-05-31,sg,Singapore,151,–,演员,Joker Xue,1cg0bYpP5e2DNG0RgK2CMN,5Sib99jpYybZAicUMETb3h,https://i.scdn.co/image/ab67616d00001e02b561e8f785c92e136f37cd08
2026-05-31,sg,Singapore,152,5,Let Me Love You,DJ Snake; Justin Bieber,540vIaP2JwjQb9dm3aArA4; 1uNFoZAHBGtllmzznpCI3s,0lYBSQXN6rCTvUZvg9S0lU,https://i.scdn.co/image/ab67616d00001e02212d776c31027c511f0ee3bc
2026-05-31,sg,Singapore,153,18,There's Nothing Holdin' Me Back,Shawn Mendes,7n2wHs1TKAczGzO7Dd2rGr,7JJmb5XwzOO8jgpou264Ml,https://i.scdn.co/image/ab67616d00001e02ea3ef7697cfd5705b8f47521
2026-05-31,sg,Singapore,154,18,Every Breath You Take,The Police,5NGO30tJxFlKixkPSgXcFE,1JSTJqkT5qHq8MDJnJbRE1,https://i.scdn.co/image/ab67616d00001e02c8e97cafeb2acb85b21a777e
2026-05-31,sg,Singapore,155,11,Sparks,Coldplay,4gzpq5DPGxSnKTe4SA8HAU,7D0RhFcb3CrfPuTJ0obrod,https://i.scdn.co/image/ab67616d00001e029164bafe9aaa168d93f4816a
2026-05-31,sg,Singapore,156,3,Creep,Radiohead,4Z8W4fKeB5YxbusRsdQVPb,70LcF31zb1H0PyJoS1Sx1r,https://i.scdn.co/image/ab67616d00001e02ec548c00d3ac2f10be73366d
2026-05-31,sg,Singapore,157,4,"All The Stars (with SZA) - From ""Black Panther: The Album""",Kendrick Lamar; SZA,2YZyLoL8N0Wb9xBt1NhZWg; 7tYKF4w9nC0nq9CsPZTHyP,3GCdLUSnKSMJhs4Tj6CV3s,https://i.scdn.co/image/ab67616d00001e02c027ad28821777b00dcaa888
2026-05-31,sg,Singapore,158,17,爱怎么了,陈村长,6zEkJebB8dCxTGyvyYa8FA,0c9gjnRGBRke9VmLaZWmhM,https://i.scdn.co/image/ab67616d00001e02fceba8f8dae0d3dc2640e955
2026-05-31,sg,Singapore,159,1,Sorry,Justin Bieber,1uNFoZAHBGtllmzznpCI3s,09CtPGIpYB4BrO8qb1RGsF,https://i.scdn.co/image/ab67616d00001e02f46b9d202509a8f7384b90de
2026-05-31,sg,Singapore,160,6,Get You (feat. Kali Uchis),Daniel Caesar; Kali Uchis,20wkVLutqVOYrc0kxFs7rA; 1U1el3k54VvEUzo3ybLPlM,2uP6t2J5MEwhr9rDkAAzwh,https://i.scdn.co/image/ab67616d00001e027aa8783ad8def37cc548a9cf
2026-05-31,sg,Singapore,161,4,Midnight Sun,Zara Larsson,1Xylc3o4UrD53lo9CvFvVg,1qRV1dKLOfH1s00b9J2LUQ,https://i.scdn.co/image/ab67616d00001e027657f9028ea8bb2c18dca99f
2026-05-31,sg,Singapore,162,1,When I Was Your Man,Bruno Mars,0du5cEVh5yTK9QJze8zA0C,0B7wvvmu9EISAwZnOpjhNI,https://i.scdn.co/image/ab67616d00001e02926f43e7cce571e62720fd46
2026-05-31,sg,Singapore,163,8,Shape of My Heart,Backstreet Boys,5rSXSAkZ67PYJSvpUpkOr7,35o9a4iAfLl5jRmqMX9c1D,https://i.scdn.co/image/ab67616d00001e02cf871e6326e334bfa92cff20
2026-05-31,sg,Singapore,164,3,I Thought I Saw Your Face Today,She & Him,3CIRif6ZAedT7kZSPvj2A4,0myRViRgmQ3J8izICXEAVO,https://i.scdn.co/image/ab67616d00001e02a47c6d8a934b4833c0916cc9
2026-05-31,sg,Singapore,165,16,SLOW DANCING IN THE DARK,Joji,3MZsBdqDrRTJihTHQrO6Dq,6rY5FAWxCdAGllYEOZMbjW,https://i.scdn.co/image/ab67616d00001e024cc52cd7a712842234e4fce2
2026-05-31,sg,Singapore,166,2,Disillusioned (with serpentwithfeet),Daniel Caesar; serpentwithfeet,20wkVLutqVOYrc0kxFs7rA; 1O9iHQjrVuiAYOJFCBeFSl,4YsnwsPURRSvprBHBY1BCd,https://i.scdn.co/image/ab67616d00001e027c68face1dc58127f3a7b1cc
2026-05-31,sg,Singapore,167,39,座位,于冬然,7mJv2vnmyEbD8eyI7tMLKs,4s3iUkYgh9gCeGYqCODrQe,https://i.scdn.co/image/ab67616d00001e0268c60c834b6e9dec1b70222f
2026-05-31,sg,Singapore,168,2,最后一页 - Live,王赫野; 姚晓棠,2sAy0e2cL6jbo0ukxlxWNJ; 011UpPnnyUWchmKVyFFByL,0ahuxmprOO8tfKpG5Sgkt2,https://i.scdn.co/image/ab67616d00001e029f9f941d637e298723ba80b7
2026-05-31,sg,Singapore,169,8,Stitches,Shawn Mendes,7n2wHs1TKAczGzO7Dd2rGr,5jsw9uXEGuKyJzs0boZ1bT,https://i.scdn.co/image/ab67616d00001e02d26246b23c8bfa8ce543b3bb
2026-05-31,sg,Singapore,170,12,It Will Rain,Bruno Mars,0du5cEVh5yTK9QJze8zA0C,4rMNgxEwGWoPHIUcvB5BrB,https://i.scdn.co/image/ab67616d00001e02dec2e6bae5062b94fc4eeb84
2026-05-31,sg,Singapore,171,4,Just Keep Watching (From F1® The Movie),Tate McRae; F1 The Album,45dkTj5sMRSjrmBSBeiHym; 3aly4xJOy3LVznzvRIvFYC,2yWlGEgEfPot0lv3OAjuG3,https://i.scdn.co/image/ab67616d00001e02a23d1b3449fb415346735a08
2026-05-31,sg,Singapore,172,20,Die For You,The Weeknd,1Xyo4u8uXC1ZmMpatF05PJ,2LBqCSwhJGcFQeTHMVGwy3,https://i.scdn.co/image/ab67616d00001e02a048415db06a5b6fa7ec4e1a
2026-05-31,sg,Singapore,173,17,Blank Space,Taylor Swift,06HL4z0CvFAxyc27GXpf02,1u8c2t2Cy7UBoG4ArRcF5g,https://i.scdn.co/image/ab67616d00001e0252b2a3824413eefe9e33817a
2026-05-31,sg,Singapore,174,17,怎麼了,Eric Chou,5fEQLwq1BWWQNR8GzhOIvi,5cU1O9P0EDA0rPkPDykhIm,https://i.scdn.co/image/ab67616d00001e02540dd1971439c343972a92b7
2026-05-31,sg,Singapore,175,1,luther (with sza),Kendrick Lamar; SZA,2YZyLoL8N0Wb9xBt1NhZWg; 7tYKF4w9nC0nq9CsPZTHyP,2CGNAOSuO1MEFCbBRgUzjd,https://i.scdn.co/image/ab67616d00001e027e5e269471fe4a43a42e2f15
2026-05-31,sg,Singapore,176,12,Mr. Brightside,The Killers,0C0XlULifJtAgn6ZNCW2eu,003vvx7Niy0yvhvHt4a68B,https://i.scdn.co/image/ab67616d00001e02ccdddd46119a4ff53eaf1f5d
2026-05-31,sg,Singapore,177,9,嚣张,en王翊恩,7z7tLLiBfmH0kZ2lNVs8LW,1vfUASvUGt3gxQ1x3T3u1C,https://i.scdn.co/image/ab67616d00001e029ca65a2abe7108fd00ffe9fb
2026-05-31,sg,Singapore,178,4,Shape of You,Ed Sheeran,6eUKZXaKkcviH0Ku9w2n3V,7qiZfU4dY1lWllzX7mPBI3,https://i.scdn.co/image/ab67616d00001e02ba5db46f4b838ef6027e6f96
2026-05-31,sg,Singapore,179,19,Cinderella (feat. Ty Dolla $ign),Mac Miller; Ty Dolla $ign,4LLpKhyESsyAXpc4laK94U; 7c0XG5cIJTrrAgEC3ULPiq,2lpygKqzPFtItQ4ss3cgfb,https://i.scdn.co/image/ab67616d00001e022e92f776279eaf45d14a33fd
2026-05-31,sg,Singapore,180,18,Nothin' on You (feat. Bruno Mars),B.o.B; Bruno Mars,5ndkK3dpZLKtBklKjxNQwT; 0du5cEVh5yTK9QJze8zA0C,59dLtGBS26x7kc0rHbaPrq,https://i.scdn.co/image/ab67616d00001e02caa23612279c2d059a0d3a82
2026-05-31,sg,Singapore,181,13,Multo,Cup of Joe,61nn6nOoLWjVC1ER2qFAvN,5tlb0AxuzsMWL2GtEppXGX,https://i.scdn.co/image/ab67616d00001e0285a7fd707d00e5d255807add
2026-05-31,sg,Singapore,182,4,Superpowers,Daniel Caesar,20wkVLutqVOYrc0kxFs7rA,736PP5LTtREkDgktNmX3Gu,https://i.scdn.co/image/ab67616d00001e027c68face1dc58127f3a7b1cc
2026-05-31,sg,Singapore,183,14,Snooze,SZA,7tYKF4w9nC0nq9CsPZTHyP,4iZ4pt7kvcaH6Yo8UoZ4s2,https://i.scdn.co/image/ab67616d00001e02bc18bdade69ec5ef0bb25b17
2026-05-31,sg,Singapore,184,Re-Entry,飞鸟和蝉,Ren Ran,6f4srX54JFrLNK4aTJe2Sc,4cDVX9pSt4UQEVbbXKodW6,https://i.scdn.co/image/ab67616d00001e022d643cf8abd73155ea906bf9
2026-05-31,sg,Singapore,185,10,Catch Catch,YENA,49muoiIu4uea4PO8vueUNN,2O9bMJticxbQ8FH3NiQ7Xh,https://i.scdn.co/image/ab67616d00001e029687ef1de31954cfdeac2f5a
2026-05-31,sg,Singapore,186,1,I Like Me Better,LAUV,5JZ7CnR6gTvEMKX4g70Amv,4MagTPnkPiDuIa4P8GtW1b,https://i.scdn.co/image/ab67616d00001e029ed5fcf212f05d55b1e61eae
2026-05-31,sg,Singapore,187,–,"如果可以 - 電影""月老""主題曲",WeiBird,7y3HnWCFEvWj4KM9GFSkiX,72OVnXDzugvrCU25lMi9au,https://i.scdn.co/image/ab67616d00001e02e7e0b58b56d99f8f704c6760
2026-05-31,sg,Singapore,188,9,iloveitiloveitiloveit,Bella Kay,4Z8MrrKMBHMPa8d04Ivur8,5IMpnpD0tQVcqWlVIgtAtV,https://i.scdn.co/image/ab67616d00001e02e74e15fe75e80ea69f38a680
2026-05-31,sg,Singapore,189,10,告白氣球,Jay Chou,2elBjNSdBE2Y3f0j1mjrql,2tqF9MPNdYdJU70U0ULO23,https://i.scdn.co/image/ab67616d00001e02db1172ca038c6818b6ae8bf2
2026-05-31,sg,Singapore,190,6,Save Your Tears (Remix) (with Ariana Grande) - Bonus Track,The Weeknd; Ariana Grande,1Xyo4u8uXC1ZmMpatF05PJ; 66CXWjxzNUsdJxJ2JdwvnR,1oFAF1hdPOickyHgbuRjyX,https://i.scdn.co/image/ab67616d00001e02b5097b81179824803664aaaf
2026-05-31,sg,Singapore,191,Re-Entry,Last Friday Night (T.G.I.F.),Katy Perry,6jJ0s89eD6GaHleKKya26X,3avYqdwHKEq8beXbeWCKqJ,https://i.scdn.co/image/ab67616d00001e021d955011a3ed477dc77865ad
2026-05-31,sg,Singapore,192,Re-Entry,Sienna,The Marías,2sSGPbdZJkaSE2AbcGOACx,0InIeZW4P6VO7dUGRM4AKH,https://i.scdn.co/image/ab67616d00001e028aa339341a0b0c813909c831
2026-05-31,sg,Singapore,193,4,Soft Spot,keshi,3pc0bOVB5whxmD50W79wwO,2aL4lMGhWdPpyPL6COPou7,https://i.scdn.co/image/ab67616d00001e02617997bc09bb7fa23624eff5
2026-05-31,sg,Singapore,194,5,Riptide,Vance Joy,10exVja0key0uqUkk6LJRT,2uXlHCUbq9OMUwx3hrk06o,https://i.scdn.co/image/ab67616d00001e0205d081cbdc2f67d37a364d63
2026-05-31,sg,Singapore,195,15,Moth To A Flame (with The Weeknd),Swedish House Mafia; The Weeknd,1h6Cn3P4NGzXbaXidqURXs; 1Xyo4u8uXC1ZmMpatF05PJ,0VO8gYVDSwM1Qdd2GsMoYK,https://i.scdn.co/image/ab67616d00001e02bd6f8ac82dc5fe1028c14f7d
2026-05-31,sg,Singapore,196,Re-Entry,The Scientist,Coldplay,4gzpq5DPGxSnKTe4SA8HAU,75JFxkI2RXiU7L9VXzMkle,https://i.scdn.co/image/ab67616d00001e02de09e02aa7febf30b7c02d82
2026-05-31,sg,Singapore,197,6,Lover Girl,Laufey,7gW0r5CkdEUMm42w9XpyZO,3E619cvUK3bgsm4xH9A34H,https://i.scdn.co/image/ab67616d00001e028f68f6e65c1cfd36bb21561c
2026-05-31,sg,Singapore,198,14,Sunflower - Spider-Man: Into the Spider-Verse,Post Malone; Swae Lee,246dkjvS1zLTtiykXe5h60; 1zNqQNIdeOUZHb8zbZRFMX,0RiRZpuVRbi7oqRdSMwhQY,https://i.scdn.co/image/ab67616d00001e029478c87599550dd73bfa7e02
2026-05-31,sg,Singapore,199,7,One Dance,Drake; Wizkid; Kyla,3TVXtAsR1Inumwj472S9r4; 3tVQdUvClmAT7URs9V3rsp; 6TK7fjRPdy2GW2pJzNF23L,1zi7xx7UVEFkmKfv06H8x0,https://i.scdn.co/image/ab67616d00001e029416ed64daf84936d89e671c
2026-05-31,sg,Singapore,200,Re-Entry,Touch,KATSEYE,3c0gDdb9lhnHGFtP4prQpn,6aJn7Cst74cj4lNIiPRgav,https://i.scdn.co/image/ab67616d00001e027e76c17cfbc723800452a24f
2026-05-31,id,Indonesia,1,–,Sesi Potret,eńau; Ari Lesmana,0agUNq8PH1QSgm88EuhM1u; 3MMDw11m6HJrXlGOE3honc,4xoY4lZNoTjEuHsSmhgF1G,https://i.scdn.co/image/ab67616d00001e02172768978c7f929803ad7e8b
2026-05-31,id,Indonesia,2,–,Jangan Paksa Rindu - Beda,Ifan Seventeen,2vbWy0ntJGJ2H1erLJFMZZ,79tbBuciPV221EozY3RKQv,https://i.scdn.co/image/ab67616d00001e02b1f0e17d6a48da664cbdcbe5
2026-05-31,id,Indonesia,3,–,everything u are,Hindia,51kyrUsAVqUBcoDEMFkX12,5WOSNVChcadlsCRiqXE45K,https://i.scdn.co/image/ab67616d00001e0205898628baab6ef07a0a4d03
2026-05-31,id,Indonesia,4,–,Ada titik-titik di ujung doa,Sal Priadi,1NjxFrpEGZTV2Ny0OJxeWu,1E7zLPDdqo0OvzVmGj5aoV,https://i.scdn.co/image/ab67616d00001e02686acaaa87bfc6ebb42b3bd2
2026-05-31,id,Indonesia,5,2,kota ini tak sama tanpamu,Nadhif Basalamah,6UgERnTHmjk3qXM9x5vzyO,13CwOTXUgBugeBByE9oIWb,https://i.scdn.co/image/ab67616d00001e02f3e3f888fbfcc916ecce50a9
2026-05-31,id,Indonesia,6,1,Bersenja Gurau,Raim Laode,5LcNPa8f8bRmZqELgoRFkN,4DrJqdZgPBHoMNVG5iOLlG,https://i.scdn.co/image/ab67616d00001e02a9d1f9b5d3275b0625e13e79
2026-05-31,id,Indonesia,7,1,iqro',Raim Laode,5LcNPa8f8bRmZqELgoRFkN,2ImWVGyYTRMi64861WCCcq,https://i.scdn.co/image/ab67616d00001e02a9d1f9b5d3275b0625e13e79
2026-05-31,id,Indonesia,8,–,Bahagia Lagi,Piche Kota,5zAYPlhV1TirCul0R4NKGM,5tZaKZPJtiHh6teQfVEHB5,https://i.scdn.co/image/ab67616d00001e025bd00b369e89c5cbc74d827b
2026-05-31,id,Indonesia,9,–,bergema sampai selamanya,Nadhif Basalamah,6UgERnTHmjk3qXM9x5vzyO,0ql6fgz8qk0pAEKrGeSppJ,https://i.scdn.co/image/ab67616d00001e02f3e3f888fbfcc916ecce50a9
2026-05-31,id,Indonesia,10,–,Monolog,Pamungkas,7d86ERlvO5UG44j7Va0Y0C,1zu5ZpnrSArdoaT6Qq3yo9,https://i.scdn.co/image/ab67616d00001e023e2cf96ce4558b8f2376b79a
2026-05-31,id,Indonesia,11,1,The One That Got Away,Katy Perry,6jJ0s89eD6GaHleKKya26X,6hkOqJ5mE093AQf2lbZnsG,https://i.scdn.co/image/ab67616d00001e021d955011a3ed477dc77865ad
2026-05-31,id,Indonesia,12,1,Ini Abadi,Perunggu,0NbKRRBuiIUwS9irPvi7wD,6v5RJuJ9yhvaXkMXMeMZBw,https://i.scdn.co/image/ab67616d00001e022f6309d853e9a87b7ccb08a1
2026-05-31,id,Indonesia,13,–,Tarot,.Feast,7Gy1PxqrgsiqWF6JNYPHeB,4XHijJfABTtUCW3Bp6KFvr,https://i.scdn.co/image/ab67616d00001e02c800b90e2092a5328f699117
2026-05-31,id,Indonesia,14,4,Sedia Aku Sebelum Hujan,Idgitaf,7pFWMC2E7h8eL3SZyHRsRq,64bauCjHAIiDNkcHiOJW1r,https://i.scdn.co/image/ab67616d00001e02ac44521bc2da938d92b422f9
2026-05-31,id,Indonesia,15,4,Penyangkalan,For Revenge,0f6TyESD8E1mD2oLJ4TGv1,5BEaISZ1DicXxN6DJ5kdtg,https://i.scdn.co/image/ab67616d00001e02bf09e5d5661fe469bdf8e622
2026-05-31,id,Indonesia,16,2,Beauty And A Beat,Justin Bieber; Nicki Minaj,1uNFoZAHBGtllmzznpCI3s; 0hCNtLu0JehylgoiP8L4Gh,6QFCMUUq1T2Vf5sFUXcuQ7,https://i.scdn.co/image/ab67616d00001e02f1d02a6cec967f8b6b78f76e
2026-05-31,id,Indonesia,17,4,Nina,.Feast,7Gy1PxqrgsiqWF6JNYPHeB,0daEJMXc3b4ZMTnvtHpuTt,https://i.scdn.co/image/ab67616d00001e02c800b90e2092a5328f699117
2026-05-31,id,Indonesia,18,2,Shape of My Heart,Backstreet Boys,5rSXSAkZ67PYJSvpUpkOr7,35o9a4iAfLl5jRmqMX9c1D,https://i.scdn.co/image/ab67616d00001e02cf871e6326e334bfa92cff20
2026-05-31,id,Indonesia,19,4,Terpukau,Astrid,6GxmlugWFw4hmhUQ5uP93l,0irPA8LmsoQYkqE5I7v3aj,https://i.scdn.co/image/ab67616d00001e0205d8a1a7ebb27bdd2fbdc685
2026-05-31,id,Indonesia,20,5,That Should Be Me,Justin Bieber,1uNFoZAHBGtllmzznpCI3s,0aPZbnkMoWJaJ5CNVLCj8S,https://i.scdn.co/image/ab67616d00001e02629dc9e2e3bc20bbd7d92e4a
2026-05-31,id,Indonesia,21,1,Serana,For Revenge,0f6TyESD8E1mD2oLJ4TGv1,0PtJbtW50jcvvswNPn3QGd,https://i.scdn.co/image/ab67616d00001e02322ce4ba8eb959ebee609fd8
2026-05-31,id,Indonesia,22,5,33x,Perunggu,0NbKRRBuiIUwS9irPvi7wD,2pOLzpYmuDlcbTJUXYkPSr,https://i.scdn.co/image/ab67616d00001e022f6309d853e9a87b7ccb08a1
2026-05-31,id,Indonesia,23,1,Lesung Pipi,Raim Laode,5LcNPa8f8bRmZqELgoRFkN,4GSwtvjwdbUmb4blyUyCnD,https://i.scdn.co/image/ab67616d00001e02a9d1f9b5d3275b0625e13e79
2026-05-31,id,Indonesia,24,–,Cincin,Hindia,51kyrUsAVqUBcoDEMFkX12,7J0isBrUxhIYZVdrBOOlIh,https://i.scdn.co/image/ab67616d00001e02d58121433ea3e6c4822ac494
2026-05-31,id,Indonesia,25,2,Rumah Ke Rumah,Hindia,51kyrUsAVqUBcoDEMFkX12,2wAiFWjRupWmnDkQcu91MF,https://i.scdn.co/image/ab67616d00001e02d623688488865906052ef96b
2026-05-31,id,Indonesia,26,1,Risk It All,Bruno Mars,0du5cEVh5yTK9QJze8zA0C,5y2ijHECwFYWqcAHKTZgzD,https://i.scdn.co/image/ab67616d00001e023eb8dc748f7efb1470f74395
2026-05-31,id,Indonesia,27,1,Monokrom,Tulus,2iDVt6mFbtbDEZG5ax0dTi,4GfK1qOF3uBWidbPlTCQRL,https://i.scdn.co/image/ab67616d00001e0271c65edbeed32af70b900637
2026-05-31,id,Indonesia,28,–,Mangu,Fourtwnty; Charita Utami,46cVq2dwPgzPE3X1VR9TMj; 48yQuRfvklyupKmridU1du,4e6TmHCC4PRUj75knNplNP,https://i.scdn.co/image/ab67616d00001e0232ab17f5515e51490841f648
2026-05-31,id,Indonesia,29,6,penjaga hati,Nadhif Basalamah,6UgERnTHmjk3qXM9x5vzyO,6i9Ci0IN1q1GcnhdbKU7kZ,https://i.scdn.co/image/ab67616d00001e0225001f594384ffb7fb952347
2026-05-31,id,Indonesia,30,–,Selamat (Selamat Tinggal),Virgoun; Audy,4bAgr9zaF0bpzVGHdHuf0f; 611ajYp7fMbkU5CYF08tje,5iN2kyMTTkIEogE0DvEbZO,https://i.scdn.co/image/ab67616d00001e02dbd21bc0b35f4220357a1c66
2026-05-31,id,Indonesia,31,2,Dirimu Yang Dulu,Anggis Devaki,7lXTU6VtJQWfiN2vuZyzqf,3GIiXoibZNOxoB4QJ0b8UR,https://i.scdn.co/image/ab67616d00001e02d7105ffabf2ff9ddd265eab1
2026-05-31,id,Indonesia,32,–,"Masa ini, Nanti, dan Masa Indah Lainnya",Nuca,5x3nSujruZLuB6xBicI6Ai,3TTZfjYqhTowNALncAmY5v,https://i.scdn.co/image/ab67616d00001e0272efdd27a433732ba1ab6269
2026-05-31,id,Indonesia,33,4,Bertaut,Nadin Amizah,20zafXaLhm5IcXnSU93rNn,630DpnzdfjdVqv2yLfPbAX,https://i.scdn.co/image/ab67616d00001e026d57a5c60decaa8fb39d5afb
2026-05-31,id,Indonesia,34,–,Lihat Kebunku (Taman Bunga),Aku Jeje,4FZ6V3q8zMyFvSMeT2ld2f,5dvIK269hL3eZXQMG4Vc2C,https://i.scdn.co/image/ab67616d00001e0223a15d3a2c0fc3d9bb6c5911
2026-05-31,id,Indonesia,35,2,Nanti Kita Seperti Ini,Batas Senja,4AhHkaGz7W2bKKJK90IaV2,3y8RcMPYG22fRnrOi4oFJ1,https://i.scdn.co/image/ab67616d00001e02c6092bd9b2579479e5fa9891
2026-05-31,id,Indonesia,36,5,Kita usahakan rumah itu,Sal Priadi,1NjxFrpEGZTV2Ny0OJxeWu,5Egm9N7FnzsThl1CFXB2mm,https://i.scdn.co/image/ab67616d00001e02686acaaa87bfc6ebb42b3bd2
2026-05-31,id,Indonesia,37,1,Dan...,Sheila On 7,6q87vizIEdEN4NvlR6mjfT,1MdjZzEInrmDBXf8zs0nKS,https://i.scdn.co/image/ab67616d00001e0254270208627aa8061a8abe21
2026-05-31,id,Indonesia,38,1,Menerima Luka,Natasya Sabella,2w2xKlumnOzCf5eVTkmNXn,5ohhUOosF2Ap8wsk1adLI8,https://i.scdn.co/image/ab67616d00001e02666b93e07f4a5ef345e83fe1
2026-05-31,id,Indonesia,39,1,Jakarta Hari Ini,For Revenge; Stereo Wall,0f6TyESD8E1mD2oLJ4TGv1; 0kw7tMniMnrp9Pcr7vgDAm,6AyBbSvcR2ZwTeR30I4jb9,https://i.scdn.co/image/ab67616d00001e02322ce4ba8eb959ebee609fd8
2026-05-31,id,Indonesia,40,–,About You,The 1975,3mIj9lX2MWuHmhNCA7LSCW,3hEfpBHxgieRLz4t3kLNEg,https://i.scdn.co/image/ab67616d00001e0200702474f8e0e2b6155d48e3
2026-05-31,id,Indonesia,41,10,Hati-Hati di Jalan,Tulus,2iDVt6mFbtbDEZG5ax0dTi,2hHeGD57S0BcopfVcmehdl,https://i.scdn.co/image/ab67616d00001e02d34a0632f6861e8875d6899b
2026-05-31,id,Indonesia,42,4,1000X,Ghea Indrawari,3qL7BzwJOXq3EzAio36aLX,6xrP29JvvYP5ftteZ7nubf,https://i.scdn.co/image/ab67616d00001e02854a92715a00a09e86e33c1a
2026-05-31,id,Indonesia,43,2,Terbuang Dalam Waktu,Barasuara,5RbI1PF4n02wWKmgjk7hAE,5fmyW3X3kncOOVlmcWhORH,https://i.scdn.co/image/ab67616d00001e0295688e1f59ae3fc4951d41ff
2026-05-31,id,Indonesia,44,1,Pesan Terakhir,Lyodra,6Sv2jkzH9sWQjwghW5ArMG,3FwQ3RYYEekzjEeL3jdpUZ,https://i.scdn.co/image/ab67616d00001e02d00e5994b61f1d93dafe9221
2026-05-31,id,Indonesia,45,2,Tak Kan Hilang,Budi Doremi,6Ifk2cbxyVzT41jLexYCas,6LRO4Nf1DdNRChmnTFi4ic,https://i.scdn.co/image/ab67616d00001e02f7e5af48832abc7234153e0f
2026-05-31,id,Indonesia,46,4,Komang,Raim Laode,5LcNPa8f8bRmZqELgoRFkN,3blvSatB9XD5i705K4j2yP,https://i.scdn.co/image/ab67616d00001e02a9d1f9b5d3275b0625e13e79
2026-05-31,id,Indonesia,47,5,Titik Nadir (feat. Monita Tahalea),Kahitna; Monita Tahalea,2WhoMc7XqIzVXWbQqSoqe7; 1xQXTnhREkLm14Wvrogo1g,52m690jqpxP1tHHkRNdl5p,https://i.scdn.co/image/ab67616d00001e025cfcb24701901b0e53ce4fae
2026-05-31,id,Indonesia,48,3,Aku Milikmu,Dewa 19,48bKH1ugFBhERC1rdojP9d,5JESuE80fvausWHjcT9QVh,https://i.scdn.co/image/ab67616d00001e02bfc7fa507f4bc822cabe7bde
2026-05-31,id,Indonesia,49,5,The Man Who Can't Be Moved,The Script,3AQRLZ9PuTAozP28Skbq8V,3nqqDo8CcCLke3ZoTgiOKf,https://i.scdn.co/image/ab67616d00001e02f33a9f529c12f79b116eb218
2026-05-31,id,Indonesia,50,3,Rahasia Hati,Nidji,4sEWznAKWWNcicTuLxzb6d,6zrnrcry6OHVFo3EDt6PYa,https://i.scdn.co/image/ab67616d00001e02801ab61ae6086d0381265658
2026-05-31,id,Indonesia,51,1,Sadrah,For Revenge,0f6TyESD8E1mD2oLJ4TGv1,0G274Cn7Z8olJVHBqG4wpL,https://i.scdn.co/image/ab67616d00001e02bf09e5d5661fe469bdf8e622
2026-05-31,id,Indonesia,52,4,Duka,Last Child,1v1khTmozNfxB2ET1Ep288,3rXS2AEXNADrIFyuY3F6RJ,https://i.scdn.co/image/ab67616d00001e02057818e4bb59fcede0e7e7d5
2026-05-31,id,Indonesia,53,4,Runtuh,Feby Putri; Fiersa Besari,66NmU5epI0ONGmdCRbLpmW; 06QVnTCdjs4jPKO0487EGV,6Hii26x3qDErVitnGW8QtO,https://i.scdn.co/image/ab67616d00001e024788f7886c01b9b2ee95cbdd
2026-05-31,id,Indonesia,54,6,Kembali Pulang,Suara Kayu; Feby Putri,327ipGIr9bD3MkLb2eucqC; 66NmU5epI0ONGmdCRbLpmW,6xeqCawPZngDVqw2W2aGaR,https://i.scdn.co/image/ab67616d00001e020fa7d0f0589cf5cf7c9300fd
2026-05-31,id,Indonesia,55,2,Anugerah Terindah,Andmesh,6IDsZZ4IHgs9VblBgQQSmt,6gjkHuMOR0CrN7Vb2NoEdg,https://i.scdn.co/image/ab67616d00001e023b83fd19945daf89d7cbfc00
2026-05-31,id,Indonesia,56,1,drop dead,Olivia Rodrigo,1McMsnEElThX1knmY4oliG,7Hc6qcJG4NtyZgbNvQyd8U,https://i.scdn.co/image/ab67616d00001e021a1495ff41046065b9475366
2026-05-31,id,Indonesia,57,3,Disarankan di Bandung,Dongker; Jason Ranti,6sf1OnuDZM48bgFQvPkbYm; 06x5hKHmGzMggWmRK833nv,5VyWqCgmRSa1o364B4UGI8,https://i.scdn.co/image/ab67616d00001e0235e8c95e427167c4d26899e1
2026-05-31,id,Indonesia,58,9,Bawa Dia Kembali,Mahalini,3wOsYKZM0zcKNasi3I7fP4,25M9piWxSsq0xLcjQW5yz6,https://i.scdn.co/image/ab67616d00001e026f713eb92ebf7ca05a562542
2026-05-31,id,Indonesia,59,3,Locked out of Heaven,Bruno Mars,0du5cEVh5yTK9QJze8zA0C,5g7sDjBhZ4I3gcFIpkrLuI,https://i.scdn.co/image/ab67616d00001e02926f43e7cce571e62720fd46
2026-05-31,id,Indonesia,60,1,Jatuh Suka,Tulus,2iDVt6mFbtbDEZG5ax0dTi,6PqWdGIYq5xdLaa4zCZfRp,https://i.scdn.co/image/ab67616d00001e02d34a0632f6861e8875d6899b
2026-05-31,id,Indonesia,61,13,Semua Aku Dirayakan,Nadin Amizah,20zafXaLhm5IcXnSU93rNn,4rcuS31IcZynp91dqvmhmA,https://i.scdn.co/image/ab67616d00001e0294847679fe7b10e27d9803f5
2026-05-31,id,Indonesia,62,4,Kita Ke Sana,Hindia,51kyrUsAVqUBcoDEMFkX12,5DqSZFvWvSWg5eyCDi0CuW,https://i.scdn.co/image/ab67616d00001e0249bdf0e981cbba25d48b44e0
2026-05-31,id,Indonesia,63,–,back to friends,sombr,4G9NDjRyZFDlJKMRL8hx3S,7qjZnBKE73H4Oxkopwulqe,https://i.scdn.co/image/ab67616d00001e024229702de91cb3d3a4383302
2026-05-31,id,Indonesia,64,1,Seandainya,Vierra,1WX2v0BiEW19Vw7xmznLdZ,5NmjnghJGJRFg34KGGx8O0,https://i.scdn.co/image/ab67616d00001e02bdc17798be456d9e4ad28dc0
2026-05-31,id,Indonesia,65,1,Sorai,Nadin Amizah,20zafXaLhm5IcXnSU93rNn,3ymuBMTviroWLuf1jMsMVf,https://i.scdn.co/image/ab67616d00001e027d6b0a5ae92793f5d21be67a
2026-05-31,id,Indonesia,66,4,Sempurna,Andra & The Backbone,4ucwey7FxkHXkLK7jSfevU,2UgCs0i0rNHUH2jKE5NZHE,https://i.scdn.co/image/ab67616d00001e020df7dec70511dd4f2e69dc34
2026-05-31,id,Indonesia,67,5,Lantas,Juicy Luicy,3tMTXQyRrPmMyHv5SoC0TV,1ZPVEo8RfmrEz8YAD5n6rW,https://i.scdn.co/image/ab67616d00001e02b1d3ef29ee15a18842973471
2026-05-31,id,Indonesia,68,7,Soulmate,Kahitna,2WhoMc7XqIzVXWbQqSoqe7,1rwGbGLDE0AkaH1UgUbufL,https://i.scdn.co/image/ab67616d00001e027f1ff8e8be3727f0c362ba06
2026-05-31,id,Indonesia,69,21,Gala bunga matahari,Sal Priadi,1NjxFrpEGZTV2Ny0OJxeWu,5eBk8ZXcd0pb0AO4a5PpOg,https://i.scdn.co/image/ab67616d00001e02686acaaa87bfc6ebb42b3bd2
2026-05-31,id,Indonesia,70,9,Berapa Kali Kita Akan Saling Memaafkan,Pamungkas,7d86ERlvO5UG44j7Va0Y0C,7c03QS94XIfcetKSNDhUdd,https://i.scdn.co/image/ab67616d00001e027fd11848d664ff0e9a3694b2
2026-05-31,id,Indonesia,71,2,Kasih Putih,Yovie Widianto; Glenn Fredly,7Ln5yumFjHCkeZ8bAzHUcp; 4rUYk0fV0Z4pOtwVbEAyK9,2sjA4DTYveWwXo9aC62vWd,https://i.scdn.co/image/ab67616d00001e021ce2ae44de421c5852ef7eeb
2026-05-31,id,Indonesia,72,1,Mesra-mesraannya kecil-kecilan dulu,Sal Priadi,1NjxFrpEGZTV2Ny0OJxeWu,1NzyVlr2fOWOfigbwDabme,https://i.scdn.co/image/ab67616d00001e02686acaaa87bfc6ebb42b3bd2
2026-05-31,id,Indonesia,73,5,Surat Cinta Untuk Starla,Virgoun,4bAgr9zaF0bpzVGHdHuf0f,19gpjGEqIwwTzhc9wbRitw,https://i.scdn.co/image/ab67616d00001e026c9259b10efeeb8521db5750
2026-05-31,id,Indonesia,74,2,"o,Tuan",.Feast,7Gy1PxqrgsiqWF6JNYPHeB,2WXXgjU6foIi4FBIPDMf9t,https://i.scdn.co/image/ab67616d00001e02c800b90e2092a5328f699117
2026-05-31,id,Indonesia,75,10,Bila Kau Tak Disampingku,Sheila On 7,6q87vizIEdEN4NvlR6mjfT,1ylY6UrF7cmOZ9GDOxrfk8,https://i.scdn.co/image/ab67616d00001e02e8d4f0596d66ccbe5241918d
2026-05-31,id,Indonesia,76,8,Untuk Perempuan Yang Sedang Di Pelukan,Payung Teduh,2Ooa3TrmlskyBftzenv6xQ,0urpBLpcm6DOGzs86rcKd8,https://i.scdn.co/image/ab67616d00001e028ee03809d40edb632fadd3c0
2026-05-31,id,Indonesia,77,5,Dunia Yang Nanti,Raim Laode,5LcNPa8f8bRmZqELgoRFkN,1sVQuuvFDKu6vklPVeiUXT,https://i.scdn.co/image/ab67616d00001e02a9d1f9b5d3275b0625e13e79
2026-05-31,id,Indonesia,78,14,Di Akhir Perang,Nadin Amizah,20zafXaLhm5IcXnSU93rNn,1tqPw8Hf88h24Bpt2SzuYE,https://i.scdn.co/image/ab67616d00001e0294847679fe7b10e27d9803f5
2026-05-31,id,Indonesia,79,3,Evaluasi,Hindia,51kyrUsAVqUBcoDEMFkX12,2dIBMHByUGcNPzmYBJ6OAj,https://i.scdn.co/image/ab67616d00001e02d623688488865906052ef96b
2026-05-31,id,Indonesia,80,1,Cinta Terakhir,Ari Lasso,1sqYIwXAmhrcSTsYmsTFAr,7gB98EWp4p9VKxOToaqrhM,https://i.scdn.co/image/8dfcae75cf6322f4996dafc5a47f51a65238bda3
2026-05-31,id,Indonesia,81,1,Tanpa Cinta,Yovie & Nuno,3DHOtJqv0Bw65ENlK4FiSF,0qjuyXWrksQxIRntqz9ZJV,https://i.scdn.co/image/ab67616d00001e020b43cd27d3f8ab7e3b9069a8
2026-05-31,id,Indonesia,82,5,L,Halstage,5vTG3EyFrsARtIGDWZNRzu,3aClK9EBpl7QeYEuOq1eMI,https://i.scdn.co/image/ab67616d00001e024e540197973e1e46eedc06c7
2026-05-31,id,Indonesia,83,–,Bunga Maaf,The Lantis,1REvGGP2H7cFLGZgK2sStO,26KhLgFuPymkm1uiZkc6Rv,https://i.scdn.co/image/ab67616d00001e027536908067a37708c3f5ff35
2026-05-31,id,Indonesia,84,6,Baby,Justin Bieber; Ludacris,1uNFoZAHBGtllmzznpCI3s; 3ipn9JLAPI5GUEo4y4jcoi,6epn3r7S14KUqlReYr77hA,https://i.scdn.co/image/ab67616d00001e02629dc9e2e3bc20bbd7d92e4a
2026-05-31,id,Indonesia,85,6,Abadi - Indo Version,Dendi Nata,509YLwDnYeTaVfX0Kl6Jdn,2d49CYzYWkjPawTzcR7Z5z,https://i.scdn.co/image/ab67616d00001e0254afdd66acda854318e75df2
2026-05-31,id,Indonesia,86,16,Rayuan Perempuan Gila,Nadin Amizah,20zafXaLhm5IcXnSU93rNn,0zAtj0BEvpulETGrk95NPQ,https://i.scdn.co/image/ab67616d00001e0294847679fe7b10e27d9803f5
2026-05-31,id,Indonesia,87,1,Payphone,Maroon 5; Wiz Khalifa,04gDigrS5kc9YWfZHwBETP; 137W8MRPWKqSmrBGDBFSop,1XGmzt0PVuFgQYYnV2It7A,https://i.scdn.co/image/ab67616d00001e02fc8633e22a7dba6aab817bff
2026-05-31,id,Indonesia,88,9,Jikalau Kau Cinta,Judika,5fS7aONqrIhiw6YzgKVOsd,29gdEEyeHC9ypmvQkohY4N,https://i.scdn.co/image/ab67616d00001e025b62afbc418eea4fa94727cc
2026-05-31,id,Indonesia,89,2,Sailor Song,Gigi Perez,1iCnM8foFssWlPRLfAbIwo,21IYMdzTrzSe191Cy5eMap,https://i.scdn.co/image/ab67616d00001e0249c26270052e1671add569c1
2026-05-31,id,Indonesia,90,1,Membasuh,Hindia; Rara Sekar,51kyrUsAVqUBcoDEMFkX12; 6mJII5SJlWEYnf7DY4Uywl,3CBxVM0zGj41BQtE6m7gwb,https://i.scdn.co/image/ab67616d00001e02d623688488865906052ef96b
2026-05-31,id,Indonesia,91,1,Resah Jadi Luka,Daun Jatuh,3EaScgA3zh2rORlbrAL8RI,2sULdMKWdBdK2ZtntuFvSb,https://i.scdn.co/image/ab67616d00001e0226458812554408283d9e2bd1
2026-05-31,id,Indonesia,92,4,Jiwa Yang Bersedih,Ghea Indrawari,3qL7BzwJOXq3EzAio36aLX,0sV01d2keik5bwCuW9EQpk,https://i.scdn.co/image/ab67616d00001e029798fbe1bd1cdf2915bd0394
2026-05-31,id,Indonesia,93,4,Pura Pura Lupa,Mahen,5Ag6luL11YrL1Znq0xsVuh,48x5fpsRMinILFWmbidU10,https://i.scdn.co/image/ab67616d00001e02a1d20ea063bdfe3f4989bdee
2026-05-31,id,Indonesia,94,–,WILDFLOWER,Billie Eilish,6qqNVTkY8uBg9cP3Jd7DAH,3QaPy1KgI7nu9FJEQUgn6h,https://i.scdn.co/image/ab67616d00001e0271d62ea7ea8a5be92d3c1f62
2026-05-31,id,Indonesia,95,–,Night Changes,One Direction,4AK6F7OLvEQ5QYCBNiQWHq,5O2P9iiztwhomNh8xkR9lJ,https://i.scdn.co/image/ab67616d00001e0234a29f220057810cce98e1b4
2026-05-31,id,Indonesia,96,8,Teganya Kau,Lyodra,6Sv2jkzH9sWQjwghW5ArMG,7BVtNEGHh8O2kLyciokFyl,https://i.scdn.co/image/ab67616d00001e02ab5d3c815265b9b11b51ed86
2026-05-31,id,Indonesia,97,28,Di Ujung Jalan,SAMSONS,6HHje5tfmzWK8PsSaoJ9Xp,70GUGyk1sJYFTqZpSJj2KM,https://i.scdn.co/image/ab67616d00001e0217f5145bfb22a8ca721c6812
2026-05-31,id,Indonesia,98,41,Satu Bulan,Bernadya,47z98pKd71yIbgXwe9LPVC,7zOVh5fGpEwSbZd0g9z80B,https://i.scdn.co/image/ab67616d00001e02cb1e5f7d0942bf9196c1e711
2026-05-31,id,Indonesia,99,–,Kata Mereka Ini Berlebihan,Bernadya,47z98pKd71yIbgXwe9LPVC,6wj06az0WX7fClA2w319dO,https://i.scdn.co/image/ab67616d00001e0227693aaf059002bba3a7655a
2026-05-31,id,Indonesia,100,17,Hujan,Utopia,4oAZA3aniPjL9XINSvj7VP,30nitOpjzC3rV54QbLHTV8,https://i.scdn.co/image/a76ce2e55a7068f16a78cbbbb38b509088f36800
2026-05-31,id,Indonesia,101,3,Secukupnya,Hindia,51kyrUsAVqUBcoDEMFkX12,5drW6PGRxkE6MxttzVLNk5,https://i.scdn.co/image/ab67616d00001e02d623688488865906052ef96b
2026-05-31,id,Indonesia,102,4,Kangen,Dewa 19,48bKH1ugFBhERC1rdojP9d,3ZyMRe0jlSqffPBMeHUZFX,https://i.scdn.co/image/ab67616d00001e0269222d0908ecf5d22cc9d960
2026-05-31,id,Indonesia,103,2,Gemilang,Perunggu,0NbKRRBuiIUwS9irPvi7wD,7EPJbZ3UygY2fqhOdqOSaT,https://i.scdn.co/image/ab67616d00001e0287221ad6b867ad30afdf048c
2026-05-31,id,Indonesia,104,4,Die On This Hill,SIENNA SPIRO,02gSuSAWEdWa5UOvqzjX6v,2gYTC8DsplN3RNdpdBcCOQ,https://i.scdn.co/image/ab67616d00001e020901e50bfaff4351a29f462b
2026-05-31,id,Indonesia,105,3,It Will Rain,Bruno Mars,0du5cEVh5yTK9QJze8zA0C,4rMNgxEwGWoPHIUcvB5BrB,https://i.scdn.co/image/ab67616d00001e02dec2e6bae5062b94fc4eeb84
2026-05-31,id,Indonesia,106,1,BIRDS OF A FEATHER,Billie Eilish,6qqNVTkY8uBg9cP3Jd7DAH,6dOtVTDdiauQNBQEDOtlAB,https://i.scdn.co/image/ab67616d00001e0271d62ea7ea8a5be92d3c1f62
2026-05-31,id,Indonesia,107,2,When I Was Your Man,Bruno Mars,0du5cEVh5yTK9QJze8zA0C,0B7wvvmu9EISAwZnOpjhNI,https://i.scdn.co/image/ab67616d00001e02926f43e7cce571e62720fd46
2026-05-31,id,Indonesia,108,7,Who Knows,Daniel Caesar,20wkVLutqVOYrc0kxFs7rA,6DH13QYXK7lKkYHSU88N48,https://i.scdn.co/image/ab67616d00001e022bad6e56e77d5bef0aa3f2dc
2026-05-31,id,Indonesia,109,6,Tak Sanggup Lagi,Rossa,0ygQsC5td2maGmglpzd7tp,1XYFuCKBnWOBapFnOhuD1N,https://i.scdn.co/image/ab67616d00001e02ccf9933772e83da6a0eeb439
2026-05-31,id,Indonesia,110,9,You'll Be in My Heart,NIKI,2kxP07DLgs4xlWz8YHlvfh,1UPB5rYJ0bzn6mNSoAHrZC,https://i.scdn.co/image/ab67616d00001e027cd329ea4a204a8a47caf3d5
2026-05-31,id,Indonesia,111,11,Die With A Smile,Lady Gaga; Bruno Mars,1HY2Jd0NmPuamShAr6KMms; 0du5cEVh5yTK9QJze8zA0C,7so0lgd0zP2Sbgs2d7a1SZ,https://i.scdn.co/image/ab67616d00001e02b0860cf0a98e09663c82290c
2026-05-31,id,Indonesia,112,1,Love Me Not,Ravyn Lenae,5RTLRtXjbXI2lSXc6jxlAz,4WFgvKVfEhb3IUAFGrutTR,https://i.scdn.co/image/ab67616d00001e020e62daaea2c7b94053e1c142
2026-05-31,id,Indonesia,113,9,Sesuatu Di Jogja,Mitty Zasia,7w5TB54pRaR6R4Fdx7OqRz,0oHKzdjG6EWE9ENqfwslOf,https://i.scdn.co/image/ab67616d00001e02120a3af51bce37a9f10d484a
2026-05-31,id,Indonesia,114,2,Tak Segampang Itu,Anggi Marito,1JvbNeV9zG9Sew1JyaWsyx,0Y0xIGcTjb5EFHHYrJIGIk,https://i.scdn.co/image/ab67616d00001e02a1d74b65a15714b66bcc6cb5
2026-05-31,id,Indonesia,115,11,Negoro Angin,Denny Caknan,3Gr3opnAGpJiTowsTyJFWG,3kfVlzPUsy7x1MiPHRuFr0,https://i.scdn.co/image/ab67616d00001e02c5377f09143561fcc489b5ef
2026-05-31,id,Indonesia,116,5,Talking to the Moon,Bruno Mars,0du5cEVh5yTK9QJze8zA0C,161DnLWsx1i3u1JT05lzqU,https://i.scdn.co/image/ab67616d00001e027039c1c841fc3dfa2ad8a0d8
2026-05-31,id,Indonesia,117,3,Merindumu lagi,Khifnu,7eKNo6fozgNsKThGC40ol7,69Qo7v0lcQucfMIzu1nCVd,https://i.scdn.co/image/ab67616d00001e02bae1263824544273f7a30e10
2026-05-31,id,Indonesia,118,2,Favorite Girl,Justin Bieber,1uNFoZAHBGtllmzznpCI3s,4nTjkWK590oBDcnIxTr1mI,https://i.scdn.co/image/ab67616d00001e027c3bb9f74a98f60bdda6c9a7
2026-05-31,id,Indonesia,119,10,"Berdansalah, Karir Ini Tak Ada Artinya",Hindia,51kyrUsAVqUBcoDEMFkX12,2SmKwCCSiUTjtR8I8rv6MS,https://i.scdn.co/image/ab67616d00001e0249bdf0e981cbba25d48b44e0
2026-05-31,id,Indonesia,120,43,Tampar,Juicy Luicy,3tMTXQyRrPmMyHv5SoC0TV,1csKczcJqOSdK8JriLMpDW,https://i.scdn.co/image/ab67616d00001e02fadca79809c06f6afe7de0d9
2026-05-31,id,Indonesia,121,2,Just the Way You Are,Bruno Mars,0du5cEVh5yTK9QJze8zA0C,7BqBn9nzAq8spo5e7cZ0dJ,https://i.scdn.co/image/ab67616d00001e027039c1c841fc3dfa2ad8a0d8
2026-05-31,id,Indonesia,122,29,Tenang,Judika; Andi Rianto,5fS7aONqrIhiw6YzgKVOsd; 4yRVdMqPrguKBFwZYpmke0,1TMvBhqekWmWJSxpmUMgFz,https://i.scdn.co/image/ab67616d00001e0226160f394d075ef36b4c443b
2026-05-31,id,Indonesia,123,7,Terlalu Lama,Vierra,1WX2v0BiEW19Vw7xmznLdZ,64004K6OpNt3gI3LtXYC7n,https://i.scdn.co/image/ab67616d00001e0218c5ae00eb3bee52e169d232
2026-05-31,id,Indonesia,124,27,Kita Usahakan Lagi,Batas Senja,4AhHkaGz7W2bKKJK90IaV2,1wfbqUSPWbnPjkiBA9UmoF,https://i.scdn.co/image/ab67616d00001e02246e30c4bef2c5336465aca7
2026-05-31,id,Indonesia,125,4,TABOLA BALE,Silet Open Up; Jacson Seran; Juan Reza; Diva Aurel,5naPJsWUJ6y22yKXA6dX36; 7sGSFhUe26nmXPxw3KuXrj; 0eYCIajsbVsMjVUIkcomIY; 5aOpLMYo7aOOxoXBFkiJ4u,7mqG8I1JG0iQAejC53qpbU,https://i.scdn.co/image/ab67616d00001e02f6f7d0c06b8b2bd22ba3eae4
2026-05-31,id,Indonesia,126,2,kota ini tak sama tanpamu (with Aziz Harun & Aisha Retno),Nadhif Basalamah; Aziz Harun; Aisha Retno,6UgERnTHmjk3qXM9x5vzyO; 1dmuM6bG5J8sDFyp26x9Nf; 1eizIry8svwmH0cSjLUEYy,75DnXTAoFiorMrqkPVbjSH,https://i.scdn.co/image/ab67616d00001e0287e7224938aa91019b17b791
2026-05-31,id,Indonesia,127,7,Backburner,NIKI,2kxP07DLgs4xlWz8YHlvfh,4x2PkqSLtuwv53hLqq4GiY,https://i.scdn.co/image/ab67616d00001e0289aa3d00d339b8948374782b
2026-05-31,id,Indonesia,128,9,Ours To Keep,Kendis; adis,5HLrlI5LdULY9s740CsAFZ; 0VuHd7oPpsTBa4Bd4LYyOs,7dYCEAlx57P9Cv4inX7ckM,https://i.scdn.co/image/ab67616d00001e0255ef6f780167954cf1259c8e
2026-05-31,id,Indonesia,129,19,Interaksi,Tulus,2iDVt6mFbtbDEZG5ax0dTi,32Pdf9eyXDEMoClEJW6yYP,https://i.scdn.co/image/ab67616d00001e02d34a0632f6861e8875d6899b
2026-05-31,id,Indonesia,130,2,Bunga Abadi,Rio Clappy,16B3ICSQCPu4C6L5TEHXQe,4HtnRLeRu7N7sTGtwOvdjY,https://i.scdn.co/image/ab67616d00001e0276d805fb6b4fdb20b348b0e1
2026-05-31,id,Indonesia,131,4,End of Beginning,Djo,5p9HO3XC5P3BLxJs5Mtrhm,3qhlB30KknSejmIvZZLjOD,https://i.scdn.co/image/ab67616d00001e02fddfffec51b4580acae727c1
2026-05-31,id,Indonesia,132,4,Send My Love (To Your New Lover),Adele,4dpARuHxo51G3z768sgnrY,563SfWAHJs4FBZMkRN0IFN,https://i.scdn.co/image/ab67616d00001e027b9888dc365b8f957c63df14
2026-05-31,id,Indonesia,133,9,SO ASU,Naykilla,79omf4LgzaVAnXIRWPkJUq,56TRhAB4SqpRn5NdqHSAFy,https://i.scdn.co/image/ab67616d00001e02bc3ac83da4a6bda98247e694
2026-05-31,id,Indonesia,134,3,One Less Lonely Girl,Justin Bieber,1uNFoZAHBGtllmzznpCI3s,69ghzc538EQSVon2Gm3wrr,https://i.scdn.co/image/ab67616d00001e027c3bb9f74a98f60bdda6c9a7
2026-05-31,id,Indonesia,135,17,Aku Yang Jatuh Cinta,Dudy Oris,6YPfs6tdZXvnlzgZNU3SYT,1NFUHFlL8UbyIiwxDfbokL,https://i.scdn.co/image/ab67616d00001e02b37f9f71cadcc9c8aa2af290
2026-05-31,id,Indonesia,136,9,Mencintaimu,Sal Priadi,1NjxFrpEGZTV2Ny0OJxeWu,26aNjbOgTVrFZEx7was69A,https://i.scdn.co/image/ab67616d00001e02489cd3228dbaa5552e5ed8c9
2026-05-31,id,Indonesia,137,3,Iris,The Goo Goo Dolls,2sil8z5kiy4r76CRTXxBCA,6Qyc6fS4DsZjB2mRW9DsQs,https://i.scdn.co/image/ab67616d00001e02eda9478c39a21e1cdc6609ca
2026-05-31,id,Indonesia,138,2,Eenie Meenie,Sean Kingston; Justin Bieber,6S0dmVVn4udvppDhZIWxCr; 1uNFoZAHBGtllmzznpCI3s,4vVTI94F9uJ8lHNDWKv0i2,https://i.scdn.co/image/ab67616d00001e024dea4c1cdf30c359dbaec318
2026-05-31,id,Indonesia,139,21,MALU MALU,dia; INDAHKUS,6WgjNWwGACXaBy7NZripBu; 1O4yyjVsY0VUpGMZiK7zNB,4nx5dujfgjriMeQg1OWMsp,https://i.scdn.co/image/ab67616d00001e025c157ac76f31ba099cdd6993
2026-05-31,id,Indonesia,140,15,terima kasih,Halstage,5vTG3EyFrsARtIGDWZNRzu,2m1ozXAKFam3YQXRPDnEfE,https://i.scdn.co/image/ab67616d00001e027c535da8b21c3a5c055b4202
2026-05-31,id,Indonesia,141,18,Sampai Akhir Waktu,Yovie & Nuno,3DHOtJqv0Bw65ENlK4FiSF,6LF44wAs3h0K67RitTAfr5,https://i.scdn.co/image/ab67616d00001e020fe7814ce91a1b4e7b0d5881
2026-05-31,id,Indonesia,142,3,Tapi Bukan Aku,Kerispatih,73OtDyghUEJ9QfGtu1pkaJ,0BrH4b7su9uLELM1h5Xlzw,https://i.scdn.co/image/ab67616d00001e024986516d6ce56f0d19cdc41d
2026-05-31,id,Indonesia,143,23,Tak Ada Ujungnya,Rony Parulian,13y29W8mEcA2gKqUr1SPLJ,12clal6pCQGwrFWQ5TccDN,https://i.scdn.co/image/ab67616d00001e0257124131195ac118b99d2042
2026-05-31,id,Indonesia,144,5,Multo,Cup of Joe,61nn6nOoLWjVC1ER2qFAvN,5tlb0AxuzsMWL2GtEppXGX,https://i.scdn.co/image/ab67616d00001e0285a7fd707d00e5d255807add
2026-05-31,id,Indonesia,145,12,Body Pata Pata - Thailand Edit,COPACABANA,7C7XI2lMHGvTDNLv8vFfpY,0bKzjP0DzD02Zmcm9qNoJQ,https://i.scdn.co/image/ab67616d00001e02237417df6350f060adace45f
2026-05-31,id,Indonesia,146,15,Januari,Glenn Fredly,4rUYk0fV0Z4pOtwVbEAyK9,3h3BXv7Iq5CTTiN9CHgkNe,https://i.scdn.co/image/ab67616d00001e02a408bda7831f7e7ec050ba32
2026-05-31,id,Indonesia,147,1,Taruh,Nadin Amizah,20zafXaLhm5IcXnSU93rNn,6Dh1zHQjEaOp29VW9pp3xG,https://i.scdn.co/image/ab67616d00001e026d57a5c60decaa8fb39d5afb
2026-05-31,id,Indonesia,148,1,Kicau Mania,Ndarboy Genk; Banditoz Yaow 86; BoyCord,7FHGSpmUoIkL2hG6T0qvrJ; 0O2raE5sj6yswIJsbPCEnd; 013S8tR42ftbcvE4iyIckP,39M8SHyEuWiJSXODMY3YJ3,https://i.scdn.co/image/ab67616d00001e027eb20299563b5b6664b5230b
2026-05-31,id,Indonesia,149,6,Kenangan Terindah,SAMSONS,6HHje5tfmzWK8PsSaoJ9Xp,5TtmfZaNSYEcTR49cureT0,https://i.scdn.co/image/ab67616d00001e02607aaef4f806cb926096f1ae
2026-05-31,id,Indonesia,150,39,Body Pata Pata,Maman Fvndy,6hy5Ie6WVvz6TL3RQkU7zl,2x5Uwp2A4ADsuQ7GYiMD9C,https://i.scdn.co/image/ab67616d00001e0292235b691166a4f8247b4482
2026-05-31,id,Indonesia,151,1,Ruang Baru,Barsena Bestandhi,5vZpfzIdyiutGngkSKEb8i,3XHiujhh7sB8tTCwtI6YEI,https://i.scdn.co/image/ab67616d00001e021492171cba5bd7087eb9fa94
2026-05-31,id,Indonesia,152,19,Kau Masih Kekasihku,NaFF,1ryXwlpQNzkSCfU685Ftx5,3rpwAgSsnId9fCoogNeJCt,https://i.scdn.co/image/ab67616d00001e023fdee3a1eae6c6ecffdeadc3
2026-05-31,id,Indonesia,153,7,Firasat,Marcell,0JvUFDnuWPbuyRa6ptVkLk,3cHjFfvxo7ZIz9Px32V9aA,https://i.scdn.co/image/ab67616d00001e02df28df674016bb665fec81ef
2026-05-31,id,Indonesia,154,1,Let Down,Radiohead,4Z8W4fKeB5YxbusRsdQVPb,2fuYa3Lx06QQJAm0MjztKr,https://i.scdn.co/image/ab67616d00001e02c8b444df094279e70d0ed856
2026-05-31,id,Indonesia,155,17,Separuh Aku,Noah,31aMmlq8isIAgojvmIwiS4,4sJmv194lQKWjytpaxH1Vj,https://i.scdn.co/image/ab67616d00001e02ef9c61634ef59e7ee439dacc
2026-05-31,id,Indonesia,156,15,Kelingan Mantan,NDX A.K.A.,1IDBhlpDyKr53UKKxXRHXD,3w09eeWmgkLz5BISaqcpgm,https://i.scdn.co/image/ab67616d00001e02d5d3451105870cb1e065160f
2026-05-31,id,Indonesia,157,5,Risalah Hati,Pamungkas,7d86ERlvO5UG44j7Va0Y0C,0pDVCQpK0jAjhWYrzrz91x,https://i.scdn.co/image/ab67616d00001e02e15ac0d90ad533c2dc21008a
2026-05-31,id,Indonesia,158,3,Rock My Body,melo; mikeeysmind; Arya; AZKA SLIDE,3frrV2obACqifLekcekrg7; 0g0ZYLiNYI4kMg8MX76bkN; 3hxB562H6e8SIKpyhMwKbl; 0IaSf2VeRVlexFtNBrDhLF,5g2FmlhULldheaOV6ULRZy,https://i.scdn.co/image/ab67616d00001e02a3f6de2b30090b2814eb4de3
2026-05-31,id,Indonesia,159,3,One Call Away,Charlie Puth,6VuMaDnrHyPL1p4EHjYLi7,5MwIGPDKeDb7SpblcaQP6O,https://i.scdn.co/image/ab67616d00001e0215145482a542a9adb282250b
2026-05-31,id,Indonesia,160,15,Love Yourself,Justin Bieber,1uNFoZAHBGtllmzznpCI3s,50kpGaPAhYJ3sGmk6vplg0,https://i.scdn.co/image/ab67616d00001e02f46b9d202509a8f7384b90de
2026-05-31,id,Indonesia,161,17,Photograph,Ed Sheeran,6eUKZXaKkcviH0Ku9w2n3V,6fxVffaTuwjgEk5h9QyRjy,https://i.scdn.co/image/ab67616d00001e0213b3e37318a0c247b550bccd
2026-05-31,id,Indonesia,162,18,Kebutuhan Hati,Kaleb J,3sMsWkApnc6yPyMUsNHQlb,5IpsVW4bsFjOTX1I96KiIJ,https://i.scdn.co/image/ab67616d00001e02a283d3ac66cf68f434ffcaa7
2026-05-31,id,Indonesia,163,6,Seamin Tak Seiman,Mahen,5Ag6luL11YrL1Znq0xsVuh,0X4Gu4i1wgf6UBaZW4SU9t,https://i.scdn.co/image/ab67616d00001e02a1d20ea063bdfe3f4989bdee
2026-05-31,id,Indonesia,164,4,The Fate of Ophelia,Taylor Swift,06HL4z0CvFAxyc27GXpf02,53iuhJlwXhSER5J2IYYv1W,https://i.scdn.co/image/ab67616d00001e02d7812467811a7da6e6a44902
2026-05-31,id,Indonesia,165,1,Tak Ingin Usai,Keisya Levronka,4EiSzlOeMnJcp2U8ayCQ3a,0OHr74BS1CEwyZsyY9kml2,https://i.scdn.co/image/ab67616d00001e02d640e180e7cb9909fc3d4092
2026-05-31,id,Indonesia,166,11,Usik,Feby Putri,66NmU5epI0ONGmdCRbLpmW,5GgRntbjr23OK9MMST02di,https://i.scdn.co/image/ab67616d00001e02b43accd449468d819918efea
2026-05-31,id,Indonesia,167,2,Beranjak Dewasa,Nadin Amizah,20zafXaLhm5IcXnSU93rNn,3FPlY1uqTe1oFfIgI0BnoA,https://i.scdn.co/image/ab67616d00001e026d57a5c60decaa8fb39d5afb
2026-05-31,id,Indonesia,168,5,Mesin Waktu,Budi Doremi,6Ifk2cbxyVzT41jLexYCas,7LLrmkgbmuYxuX1PFMuSiU,https://i.scdn.co/image/ab67616d00001e02894bd06bf161cefdbbb2c6c8
2026-05-31,id,Indonesia,169,Re-Entry,Akad,Payung Teduh,2Ooa3TrmlskyBftzenv6xQ,3AAAGS7iM1ekDywqdYMJG2,https://i.scdn.co/image/ab67616d00001e0253037b98177c143a06466ec5
2026-05-31,id,Indonesia,170,12,Andai Aku Bisa,Chrisye,2NteKKMj3takKR3ABTd279,6mmVZerWyj5gO83hSpeZJG,https://i.scdn.co/image/ab67616d00001e02604a25ca6825471b4a74b69d
2026-05-31,id,Indonesia,171,13,Alamak,Rizky Febian; Adrian Khalif,28DdkLhrzQNizZ0ExQpyku; 6X28gNASnalAWseUA8uI4X,1vkwlZncsYqFukl2Q7M6Fe,https://i.scdn.co/image/ab67616d00001e0201b9750a33d771645d7f043a
2026-05-31,id,Indonesia,172,5,Amin Paling Serius,Sal Priadi; Nadin Amizah,1NjxFrpEGZTV2Ny0OJxeWu; 20zafXaLhm5IcXnSU93rNn,1q1dsfckKMgjfr8DfdeKfs,https://i.scdn.co/image/ab67616d00001e0283b0105f3ea493fcf0da7443
2026-05-31,id,Indonesia,173,1,I Wanna Be Yours,Arctic Monkeys,7Ln80lUS6He07XvHI8qqHH,5XeFesFbtLpXzIVDNQP22n,https://i.scdn.co/image/ab67616d00001e024ae1c4c5c45aabe565499163
2026-05-31,id,Indonesia,174,10,We Don't Talk Anymore (feat. Selena Gomez),Charlie Puth; Selena Gomez,6VuMaDnrHyPL1p4EHjYLi7; 0C8ZW7ezQVs4URX5aX7Kqx,54PbBpquVfhfrwRwvjSXbI,https://i.scdn.co/image/ab67616d00001e0215145482a542a9adb282250b
2026-05-31,id,Indonesia,175,5,The Night We Met,Lord Huron,6ltzsmQQbmdoHHbLZ4ZN25,5yJaXWIErrrsjQ3J0eR5aK,https://i.scdn.co/image/ab67616d00001e02b4916183f769aca218acb85f
2026-05-31,id,Indonesia,176,Re-Entry,Takkan Terganti,Marcell,0JvUFDnuWPbuyRa6ptVkLk,0T4t1PywlNmJGcveGH5spB,https://i.scdn.co/image/ab67616d00001e025f95864c2e8b42d4253b90db
2026-05-31,id,Indonesia,177,Re-Entry,Sephia,Sheila On 7,6q87vizIEdEN4NvlR6mjfT,5gkTGkjFB5wAd3mSBEcQPY,https://i.scdn.co/image/ab67616d00001e02e8d4f0596d66ccbe5241918d
2026-05-31,id,Indonesia,178,Re-Entry,Akhir Tak Bahagia,Misellia,5IjwAAk3njAeiFY1InInsn,304FEq5eVvrxur9KdHhC5I,https://i.scdn.co/image/ab67616d00001e02fa7b32cf632244ae003d6330
2026-05-31,id,Indonesia,179,5,Sekuat Hatimu,Last Child,1v1khTmozNfxB2ET1Ep288,0HbrQXrdeMF5zHGHUw0zuH,https://i.scdn.co/image/ab67616d00001e029e065bf4ef264eb09a12fa58
2026-05-31,id,Indonesia,180,12,Rasa ini,Vierra,1WX2v0BiEW19Vw7xmznLdZ,5NVPptNO7R25ERR1pM7GOz,https://i.scdn.co/image/ab67616d00001e02bdc17798be456d9e4ad28dc0
2026-05-31,id,Indonesia,181,35,Rabun Jauh,Bernadya,47z98pKd71yIbgXwe9LPVC,670sqeIKIxTu0DweRjnjKt,https://i.scdn.co/image/ab67616d00001e02d06c6c5a80cadc718d09fdcb
2026-05-31,id,Indonesia,182,4,Mengenangmu,Kerispatih,73OtDyghUEJ9QfGtu1pkaJ,6l9L0ssWzD5XI1aJgVFpaS,https://i.scdn.co/image/ab67616d00001e024986516d6ce56f0d19cdc41d
2026-05-31,id,Indonesia,183,1,mejikuhibiniu,Tenxi; Suisei; Jemsii,6vP4azTCk053nGL0xAYnVH; 2Iw3yPRqjz5Xh4veKj7oqi; 5PTw7KmM8c9QfBjU5caHWs,13KXgSl4vs7h8y2G7V6GrB,https://i.scdn.co/image/ab67616d00001e02ebdd8446bacd87dc7796cede
2026-05-31,id,Indonesia,184,Re-Entry,Janji Setia,Tiara Andini,0kPb52ySN2k9P6wEZPTUzm,1AoBdDIOp6RFjAbzcPbWi8,https://i.scdn.co/image/ab67616d00001e02937d621f0025409ee44285d1
2026-05-31,id,Indonesia,185,20,Perfect,Ed Sheeran,6eUKZXaKkcviH0Ku9w2n3V,0tgVpDi06FyKpA1z0VMD4v,https://i.scdn.co/image/ab67616d00001e02ba5db46f4b838ef6027e6f96
2026-05-31,id,Indonesia,186,Re-Entry,Hitam Putih,Fourtwnty,46cVq2dwPgzPE3X1VR9TMj,0O6g2QFUhuLqRzGqhyzrIu,https://i.scdn.co/image/ab67616d00001e024fe255e0ba819e903f5fc4e5
2026-05-31,id,Indonesia,187,2,Kesepian,Vierra,1WX2v0BiEW19Vw7xmznLdZ,5oy5qoCYSSsf3nOEe9aIYZ,https://i.scdn.co/image/ab67616d00001e0218c5ae00eb3bee52e169d232
2026-05-31,id,Indonesia,188,5,Ngapain Repot,Toton Caribo; Wizz Baker; Fresly Nikijuluw,0v1axjG0KwIz3aciZffFMu; 4PUHVTv6waMpd1JUP7G6n2; 27CTGmSgvs2cUMSErJ1Thc,0wCxlKwweymeu2AOIeUjeM,https://i.scdn.co/image/ab67616d00001e02b4232431c889170a062edb21
2026-05-31,id,Indonesia,189,11,we can't be friends (wait for your love),Ariana Grande,66CXWjxzNUsdJxJ2JdwvnR,51ZQ1vr10ffzbwIjDCwqm4,https://i.scdn.co/image/ab67616d00001e028b58d20f1b77295730db15b4
2026-05-31,id,Indonesia,190,12,Seluruh Nafas Ini,Last Child; Gisel,1v1khTmozNfxB2ET1Ep288; 4L0t6db3fWWG07bh14TxUw,32dV7qXoU7maiMqikTHlkf,https://i.scdn.co/image/ab67616d00001e029e065bf4ef264eb09a12fa58
2026-05-31,id,Indonesia,191,2,Dandelions,Ruth B.,2WzaAvm2bBCf4pEhyuDgCY,2eAvDnpXP5W0cVtiI0PUxV,https://i.scdn.co/image/ab67616d00001e02b09403f05bc0c306cf96990f
2026-05-31,id,Indonesia,192,2,"Yang Patah Tumbuh, Yang Hilang Berganti",Banda Neira,3f49JTIdjQTVVx2Y6ifVLc,0hzIdk9dIvDablVS6UW7Vi,https://i.scdn.co/image/ab67616d00001e027a173b7767ca05f9bb17464e
2026-05-31,id,Indonesia,193,4,I Thought I Saw Your Face Today,She & Him,3CIRif6ZAedT7kZSPvj2A4,0myRViRgmQ3J8izICXEAVO,https://i.scdn.co/image/ab67616d00001e02a47c6d8a934b4833c0916cc9
2026-05-31,id,Indonesia,194,3,Untuk Mencintaimu,Seventeen,5uUb3J6HqLhBWwzuh84LUZ,04tvOIuyk8y0QVA8Ta0UOd,https://i.scdn.co/image/ab67616d00001e02b9f510504efb5b8109708b71
2026-05-31,id,Indonesia,195,16,Kita,Sheila On 7,6q87vizIEdEN4NvlR6mjfT,0HiNUFD2ovdPC2p5tbnzCG,https://i.scdn.co/image/ab67616d00001e0254270208627aa8061a8abe21
2026-05-31,id,Indonesia,196,15,Rewrite The Stars (with James Arthur & Anne-Marie),James Arthur; Anne-Marie,4IWBUUAFIplrNtaOHcJPRM; 1zNqDE7qDGCsyzJwohVaoX,6mQLN3zRtAp6ovjusyYKrV,https://i.scdn.co/image/ab67616d00001e02fdcd66dc526a25e1555ae81d
2026-05-31,id,Indonesia,197,1,Cinta Dan Rahasia,Yura Yunita; Glenn Fredly,02Tq76MwpeoRu3BHIAiaio; 4rUYk0fV0Z4pOtwVbEAyK9,4HXUMRdT6s6Am6YHcWmuib,https://i.scdn.co/image/ab67616d00001e021e4e95c4e26e1f04580e374d
2026-05-31,id,Indonesia,198,Re-Entry,The Winner Takes It All,ABBA,0LcJLqbBmaGUft1e9Mm8HV,3oEkrIfXfSh9zGnE7eBzSV,https://i.scdn.co/image/ab67616d00001e024d08fc99eff4ed52dfce91fa
2026-05-31,id,Indonesia,199,4,I'd like to watch you sleeping,Sal Priadi,1NjxFrpEGZTV2Ny0OJxeWu,0Y7dCFSIdB9vJ8nnVIAfuv,https://i.scdn.co/image/ab67616d00001e02686acaaa87bfc6ebb42b3bd2
2026-05-31,id,Indonesia,200,Re-Entry,Hingga Tua Bersama,Rizky Febian,28DdkLhrzQNizZ0ExQpyku,5b0NpyYAwW2dUGL08ir7Bg,https://i.scdn.co/image/ab67616d00001e02f509f90237f643397e920dc3
2026-05-31,th,Thailand,1,–,LEMONADE,aespa,6YVMFz59CuY7ngCxTxjpxE,7a3iH9vM5Z58GqOMqXBU1M,https://i.scdn.co/image/ab67616d00001e025f0171c63cceb32ccff8b9a9
2026-05-31,th,Thailand,2,–,SWIM,BTS,3Nrfpe0tUJi4K4DXYWgMUX,68lbSrXDORS51pmyjZv712,https://i.scdn.co/image/ab67616d00001e02dfa17fad7f190c901603270e
2026-05-31,th,Thailand,3,–,กลัวว่าฉันจะไม่เสียใจ (Fear),PURPEECH,3xlC7Dw0uiwprXDHCU9SAu,4ntIPuXf6DpvrZExXrn5QA,https://i.scdn.co/image/ab67616d00001e02d40ab8c072495fa960817cdd
2026-05-31,th,Thailand,4,–,ดาวตก (Wish) [feat. Z9],WANYAi; Z9,3yLZtAIGm6Eq4WSfnimZad; 4CuVt3p02OaWu4klQuJoDP,4YkPsxVBXkM4jBgMTAxtFz,https://i.scdn.co/image/ab67616d00001e02b82d5332a7a169def634827f
2026-05-31,th,Thailand,5,–,ได้แค่เดินมาส่ง (The Last Walk),GAVIN:D; BLVCKHEART,6gYafDbRgLFc6zFKxKCP22; 3Ld1g6LjfR2ILDB6SD8aJV,1FhxX1Su9kwKFEqM4qqEJ6,https://i.scdn.co/image/ab67616d00001e02dff3f8fad5c3c0a439f14547
2026-05-31,th,Thailand,6,3,กลัวความเสียใจ,Saran; Pearpilincys,3moR9d0X97NAtZRhHWOta5; 3Htj1ew5zqwv3nJNNFfXxP,52ijTzD9HujnkPswlVPGrF,https://i.scdn.co/image/ab67616d00001e028cef18173b59380b5129b23c
2026-05-31,th,Thailand,7,–,Living Death,PUN,6HEMZkIMQAPnd36iLsUlTx,0ze2gwpSfT2leQALslUXId,https://i.scdn.co/image/ab67616d00001e02fa0eba8392217e6b1d061791
2026-05-31,th,Thailand,8,–,Rain Zone,Maiyarap; Z9,4QLlbZcntdcWpm40NooC2M; 4CuVt3p02OaWu4klQuJoDP,7nSkSqb1WDtZ7hY2dVEvWY,https://i.scdn.co/image/ab67616d00001e0290518e881786f10df122a475
2026-05-31,th,Thailand,9,1,WDA (Whole Different Animal) (feat. G-DRAGON),aespa; G-DRAGON,6YVMFz59CuY7ngCxTxjpxE; 30b9WulBM8sFuBo17nNq9c,7Ccp7Oid3YFAWuY9Ar1eb3,https://i.scdn.co/image/ab67616d00001e029a022a3fd08f159b189df50a
2026-05-31,th,Thailand,10,1,รักมือสอง,Bedroom Audio,5NTMa7YJCseQqw70zgF7b5,6FngEZyo8Gg5P4fzckJeX4,https://i.scdn.co/image/ab67616d00001e02c4437eb590c34989f940374d
2026-05-31,th,Thailand,11,5,Seven (feat. Latto) (Explicit Ver.),Jung Kook; Latto,6HaGTQPmzraVmaVxvz6EUc; 3MdXrJWsbVzdn6fe5JYkSQ,2HRgqmZQC0MC7GeNuDIXHN,https://i.scdn.co/image/ab67616d00001e02741fd4807f442af3f7359316
2026-05-31,th,Thailand,12,2,จากกันโดยสมบูรณ์,guncharlie,1qveov8f3HXFhDIWtFO5tG,7LSUaVDiEO3W6Fp67yKumm,https://i.scdn.co/image/ab67616d00001e02afbae55931618ecd661b6db0
2026-05-31,th,Thailand,13,4,Winter Ahead (with PARK HYO SHIN),V; Park Hyo Shin,3JsHnjpbhX4SnySpvpa9DK; 57htMBtzpppc1yoXgjbslj,7G7mSV4BebkoHWwKTDvXu9,https://i.scdn.co/image/ab67616d00001e0216ba2a3622bd0d0d985e3234
2026-05-31,th,Thailand,14,2,รักให้เธอได้รู้ (Proof.),PUN,6HEMZkIMQAPnd36iLsUlTx,0jmSojJLnjiQpGGM3HHlYS,https://i.scdn.co/image/ab67616d00001e02aa8d481dd7dc1824b900dd67
2026-05-31,th,Thailand,15,3,คำยินดี,KLEAR,2PfxoKmrvMLvTAkn5azNZ6,1ur8R3ThdEg3BdD844G6Mw,https://i.scdn.co/image/ab67616d00001e02e44a6c1b09844f232da0872b
2026-05-31,th,Thailand,16,4,อยากจะกอดเธอนาน ๆ (HAVE A GOOD TIME),BLVCKHEART,3Ld1g6LjfR2ILDB6SD8aJV,63oA4hG0SqvsUFfaEhgqVX,https://i.scdn.co/image/ab67616d00001e02dc679b969c81ebc604b1e7da
2026-05-31,th,Thailand,17,3,FRI(END)S,V,3JsHnjpbhX4SnySpvpa9DK,0PBTlQ84CBJF0tBnKGmQa6,https://i.scdn.co/image/ab67616d00001e02377ee031d0a3da40db19ccf4
2026-05-31,th,Thailand,18,3,Sunset In Pattaya,YOUNGOHM,0AvGycOEDZTaBFLCaiGd9S,3xAsJQO4g5ZBUL6U6k5CzW,https://i.scdn.co/image/ab67616d00001e0289010986807175896f24855e
2026-05-31,th,Thailand,19,–,บทสรุปสุดท้าย,Z9,4CuVt3p02OaWu4klQuJoDP,0gpFtSxhDc1gC7kYJ927fJ,https://i.scdn.co/image/ab67616d00001e0205c3fb79c77c600a45e9c992
2026-05-31,th,Thailand,20,3,Switchblade (feat. Ty Dolla $ign),aespa; Ty Dolla $ign,6YVMFz59CuY7ngCxTxjpxE; 7c0XG5cIJTrrAgEC3ULPiq,6SZrM6wrWgWoUKA3ZkTR5r,https://i.scdn.co/image/ab67616d00001e024a20668d8d8d2c5996e25f83
2026-05-31,th,Thailand,21,6,มือเปล่า (PUT THE GUN DOWN),ALIE BLACKCOBRA,2kGEcklZxkQPpESUB3QZ0q,0bHItXcLtqCnlVx6dlflQi,https://i.scdn.co/image/ab67616d00001e0279a12d3970999cff5d6dfbe7
2026-05-31,th,Thailand,22,7,ดีใจที่ไม่มีเธอ (happy),BUS,5kU6FKYW7YBB2ikPQnk8cS,3sO6ivshLjXWIT6lkzR1hk,https://i.scdn.co/image/ab67616d00001e02767fce709ebf9c01eea18ddc
2026-05-31,th,Thailand,23,10,ฝากให้เขารัก,Yes'sir Days,5fWMZzHHJQmCVt3W2ejVbV,198pPjDG0juHRjechZrWer,https://i.scdn.co/image/ab67616d00001e02b324274fba21a713c650259f
2026-05-31,th,Thailand,24,1,9 นาฬิกา,SPF,3ZUdKB3VGo26BxRSmnv5n2,1RIcNj56JKuH0WB9AyNARB,https://i.scdn.co/image/ab67616d00001e025fed9088f057bcec9ef9f25a
2026-05-31,th,Thailand,25,3,One Of My Life,BLVCKHEART; K6Y,3Ld1g6LjfR2ILDB6SD8aJV; 0QxCgzdTynqgvj1OWRllYt,6Mm77XGJld1QxvKyMrYbFj,https://i.scdn.co/image/ab67616d00001e024574863ddb40a0a5c9941ed1
2026-05-31,th,Thailand,26,1,ที่คั่นหนังสือ (Sometimes),BOWKYLION; NONT TANONT,2SWWw5uB9cO5m7zJQZqwmr; 6chmC6o0wvACYVGTITw3Pz,6vn8nzgxByxZDKLmIKYAkn,https://i.scdn.co/image/ab67616d00001e0293078ffbe895d3504ccd9881
2026-05-31,th,Thailand,27,5,รู้ตัวอีกที,Sexski; 2T FLOW,6QeYcD1n2YcWygCScfLhRE; 1ymRpNPlxJRVT00kmJk8AZ,7kiPXq1mQ8yakcIYmqrw6t,https://i.scdn.co/image/ab67616d00001e02ee931143f33a710ca40c3236
2026-05-31,th,Thailand,28,5,เมื่อถูกค้นพบ (Finally She Found.),FREEHAND,5zBAiLz5CVwrgeA7UGQZli,7q9cMJ0oDZFZSnqatZNabo,https://i.scdn.co/image/ab67616d00001e02c57a351eb9777e70862c2b9a
2026-05-31,th,Thailand,29,2,"Blow Your Mind (feat. Sik-K, Bryan Chase)",Yorch; Sik-K; Bryan Chase,5okdmXsuAKNIXebXJ5MyIl; 5DIi2JWfQPTKffaVBlIYRn; 0qOcjTObT75YJLbDBfSgXw,4XdW9YaG8lXOYXswzxmuEB,https://i.scdn.co/image/ab67616d00001e02fa9486ce2a8d1d75f3355947
2026-05-31,th,Thailand,30,4,ซาโยนาระ,Mild,2fLbT474RKQfdWHLw8Bf0G,1MkgN3lRBf5mXbxY6CWU9s,https://i.scdn.co/image/ab67616d00001e028e104724f24489a06887b626
2026-05-31,th,Thailand,31,7,Who,Jimin,1oSPZhvZMIrWW5I41kPkkY,7tI8dRuH2Yc6RuoTjxo4dU,https://i.scdn.co/image/ab67616d00001e02f02c451189a709b9a952aaec
2026-05-31,th,Thailand,32,6,รักใครไม่ไหว,Three Man Down,1qAOsY7jv9GFTv4HoVof5P,3ZxGBncHdyXG7Mxa7d429r,https://i.scdn.co/image/ab67616d00001e02b665b01883c990a870e2a99c
2026-05-31,th,Thailand,33,1,นครดารา,YOUNGOHM,0AvGycOEDZTaBFLCaiGd9S,1x0rPOZKfNKkfWETw4nB6K,https://i.scdn.co/image/ab67616d00001e0289010986807175896f24855e
2026-05-31,th,Thailand,34,11,ไม่บอกเธอ,Bedroom Audio,5NTMa7YJCseQqw70zgF7b5,7F9ptErLnyt0r4Q0azfqDG,https://i.scdn.co/image/ab67616d00001e02420440a036c4a1a64e7eb421
2026-05-31,th,Thailand,35,11,ความทรงจำ,Musketeers,0OjRa6r1EIPF5RZPy1SGz9,24VfUtHxbkCrscWC00toom,https://i.scdn.co/image/ab67616d00001e02b0f744fa9ec23266c747a606
2026-05-31,th,Thailand,36,–,ที่เดิม,PUN,6HEMZkIMQAPnd36iLsUlTx,4KZRjuldIGTS7AQUPbUvbs,https://i.scdn.co/image/ab67616d00001e02cc05ec584ca006c1a29e54f0
2026-05-31,th,Thailand,37,11,คืนที่ดาวเต็มฟ้า,Pramote Vilepana,5ymrPYlQszvpBHwIVHGPcQ,5JoSLllHkOdE56kpHU4fi6,https://i.scdn.co/image/ab67616d00001e02d51e8ee26a1710b58d8502fa
2026-05-31,th,Thailand,38,8,ใจบาง,LUMMUN,6Qk2g62cWGo8Ji8hSBoriS,1znP3iOktHkMy0P8ZFPFe9,https://i.scdn.co/image/ab67616d00001e0270048701303d388430a9977f
2026-05-31,th,Thailand,39,4,Benz ดำ,YOUNGOHM,0AvGycOEDZTaBFLCaiGd9S,3RPiQqgZbe4jFNMIZtGoaU,https://i.scdn.co/image/ab67616d00001e0289010986807175896f24855e
2026-05-31,th,Thailand,40,5,ใจเหลือเหลือ,Dr.Fuu,5ksYtzE6rgRhlJPw0GTvy6,5mcCatVvcUeNQpli4Mpaxl,https://i.scdn.co/image/ab67616d00001e02bc6833fe0c8989d7a901e36e
2026-05-31,th,Thailand,41,3,ไฟเย็น,YOUNGOHM,0AvGycOEDZTaBFLCaiGd9S,4ZU069vAYkr7soRzdzNdjF,https://i.scdn.co/image/ab67616d00001e028c8ef01ec2df170143555605
2026-05-31,th,Thailand,42,2,ใจฉันตามเธอไป,YOUNGOHM,0AvGycOEDZTaBFLCaiGd9S,75mFrseCKSI6Nz8WANXq90,https://i.scdn.co/image/ab67616d00001e0289010986807175896f24855e
2026-05-31,th,Thailand,43,6,กอดไม่ได้,Bedroom Audio,5NTMa7YJCseQqw70zgF7b5,6OtTqu9t1RitlU1RjUfEXe,https://i.scdn.co/image/ab67616d00001e02420440a036c4a1a64e7eb421
2026-05-31,th,Thailand,44,9,BU,SURIYA MQT; P6ICK,47VCMoQZJ0SycPle77t12P; 52IxFzldfmZmsLcF078dnY,3X5Kco6l9HuvtO9CLCtzzq,https://i.scdn.co/image/ab67616d00001e02b397057eefe809f360993648
2026-05-31,th,Thailand,45,7,สองรัก,Zeal,6f1tNwK04d6t8jFSOXGvrY,7sWVkwBJ8J1JPS1hmLwIYL,https://i.scdn.co/image/ab67616d00001e0262fdddd5a407f276664fad2b
2026-05-31,th,Thailand,46,5,Hurry up!,JayQ; 7Vibes,5SLXYrzObBv7IrLzo4I4S6; 1WJ1KSMt6Yuf1cQ0MVtqTC,6i03vhoaUZxi3MfICeF3s9,https://i.scdn.co/image/ab67616d00001e024c9e28bf31822294a9684ade
2026-05-31,th,Thailand,47,5,Goals,LISA; Anitta; Rema; FIFA Sound,5L1lO4eRHmJ7a0Q6csE5cT; 7FNnA9vBm6EKceENgCGRMb; 46pWGuE3dSwY3bMMXGBvVS; 5C01hDqpEmrmDfUhX9YWsH,3hdGyxmW0eNskNwTwmXOIQ,https://i.scdn.co/image/ab67616d00001e0260b3e4ddf88b2b8b750eac54
2026-05-31,th,Thailand,48,3,Rockstar,LISA,5L1lO4eRHmJ7a0Q6csE5cT,65ZihkVQO3KqPj7ZKxmcev,https://i.scdn.co/image/ab67616d00001e0295ce3d848f4e452489d4a12c
2026-05-31,th,Thailand,49,8,เดินมาส่ง (BYE),First Anuwat; Saran,4KjqrvqKO5fbI5yDR5yzny; 3moR9d0X97NAtZRhHWOta5,7jq0O5rfrzEIqNOsc7v9JT,https://i.scdn.co/image/ab67616d00001e025e8d3a23e61b6f62fcb67cd8
2026-05-31,th,Thailand,50,5,ผมมีหัวใจจริงๆ (For The Girl...),T!NE,325C5PNmvA8luRIOYy1dmQ,0yKr4gsqBjdZqrWhQp5Kny,https://i.scdn.co/image/ab67616d00001e0260f235eab5f77c9176c0715d
2026-05-31,th,Thailand,51,1,1 OF 1,P6ICK; SURIYA MQT,52IxFzldfmZmsLcF078dnY; 47VCMoQZJ0SycPle77t12P,7wEWayecQuw6YBcWZLukM0,https://i.scdn.co/image/ab67616d00001e029dbce78cb31f5ef5ebfd4250
2026-05-31,th,Thailand,52,5,เจิดจรัส,YOUNGOHM,0AvGycOEDZTaBFLCaiGd9S,756CfCm14O6NqBUld3CWv3,https://i.scdn.co/image/ab67616d00001e0289010986807175896f24855e
2026-05-31,th,Thailand,53,14,รออยู่อย่างนั้น,Saran; Z9; SIMON,3moR9d0X97NAtZRhHWOta5; 4CuVt3p02OaWu4klQuJoDP; 6gL6AwaRQKqK9VGBqi5zDo,24wXz2WuaF02y0mrKNPMsN,https://i.scdn.co/image/ab67616d00001e02f36dd862442eeb4f2eb53223
2026-05-31,th,Thailand,54,–,ขอ (WARM EYES),Lomosonic,3RnRECOTd7fAWTPgmwRYMc,5MZe9NqyaSvtoaZKCeyGee,https://i.scdn.co/image/ab67616d00001e02e526774be56912b327398dbe
2026-05-31,th,Thailand,55,6,ไม่ได้ลืมแค่ไม่ได้เจอ - Flashback,guncharlie,1qveov8f3HXFhDIWtFO5tG,2m7as7aD1JAEUSOJCNoeHT,https://i.scdn.co/image/ab67616d00001e029dedb6067d94a4ae1aadffa4
2026-05-31,th,Thailand,56,17,อ๊ะป่าว?,The 38 Years Ago,2SA48aCaiOpXDVgoLQNWX8,38fifVNFjaZJqoI4ZSHSHN,https://i.scdn.co/image/ab67616d00001e0208c44ff0658a39aac6fdce73
2026-05-31,th,Thailand,57,2,ถามเพื่ออะไร,KLEAR,2PfxoKmrvMLvTAkn5azNZ6,5U6PMPTcwsRtYc2CdXsCb7,https://i.scdn.co/image/ab67616d00001e0222dd7e75a10777057b9bd6ea
2026-05-31,th,Thailand,58,2,ไกล,Musketeers,0OjRa6r1EIPF5RZPy1SGz9,07ZIrtR00m3t9AcmeRZ7vQ,https://i.scdn.co/image/ab67616d00001e02b0f744fa9ec23266c747a606
2026-05-31,th,Thailand,59,7,สลักจิต (feat. ดา เอ็นโดรฟิน),Pop Pongkool; ดา เอ็นโดรฟิน,1C6qssOWal7Sii2guMg0mx; 2hmi6s1Fv2lxH8OurBfLVZ,151RFTqNBV4hcJLOAux0FR,https://i.scdn.co/image/ab67616d00001e02b27b12278e96d3a750492569
2026-05-31,th,Thailand,60,2,อาจเป็นเพราะฉันเอง (me.),PURPEECH,3xlC7Dw0uiwprXDHCU9SAu,1QbP49w60Db4mrhYbsQ8bg,https://i.scdn.co/image/ab67616d00001e02bbff1471b24e1f5a7c50b658
2026-05-31,th,Thailand,61,4,ก่อนตาย,Big Ass,0GsileCtd1UjaVh4OpW7Qv,5pqAbpHRuFhcACwvVBi69V,https://i.scdn.co/image/ab67616d00001e0252e0c225cf0eb353812294c7
2026-05-31,th,Thailand,62,2,DMMA,JustmineNika,3qsG1NIop7eqpcnbYdZpL0,69EqSYcNF1j2B0QNmVaf2Q,https://i.scdn.co/image/ab67616d00001e02bece0e3b135e788e92a4b752
2026-05-31,th,Thailand,63,3,สมดุลรัก (Balance),SEA.; Sexski,0uu4cmaCJaaVOiUHQUG2ZC; 6QeYcD1n2YcWygCScfLhRE,2luYdyxKSSxuC3cSW8N6A0,https://i.scdn.co/image/ab67616d00001e020da22efb6e8336eefd57e979
2026-05-31,th,Thailand,64,3,Faded - Special Version,2Ectasy; Z9,4WXkCBHyUCfIPPZrZFcP5m; 4CuVt3p02OaWu4klQuJoDP,5b2OC2aaioNReqHlQs1TbR,https://i.scdn.co/image/ab67616d00001e024a3961fa1cd17f29f671fbfa
2026-05-31,th,Thailand,65,1,สารภาพลดโทษกึ่งหนึ่ง,MaxMillor; PORZAX,4Yk2QTFYbKN55vfo8ghH63; 4ykAAPcxGHz8z6N0muxbIP,5TO9QdzAiAw9fBTiDpiNcg,https://i.scdn.co/image/ab67616d00001e0236cd6d6518528219e4e7f148
2026-05-31,th,Thailand,66,3,I Just Wanna Know,PUN,6HEMZkIMQAPnd36iLsUlTx,2a78JDp7YVCyEydtRiHOn7,https://i.scdn.co/image/ab67616d00001e02cc05ec584ca006c1a29e54f0
2026-05-31,th,Thailand,67,6,DAY ONE,PUN,6HEMZkIMQAPnd36iLsUlTx,5QxNmQBXpLPemzpDvsuiLM,https://i.scdn.co/image/ab67616d00001e02cc05ec584ca006c1a29e54f0
2026-05-31,th,Thailand,68,–,ลบไม่ได้ช่วยให้ลืม - LIVE SESSION,BILLKIN; Ink Waruntorn,2a727ekkPaUHk0bMifk7fj; 1Twi7NfmUzbXF7lEMaGCqF,1LHSjq4rMOXJ2ldQ1uUDYw,https://i.scdn.co/image/ab67616d00001e02ba88f47523d8dfe21480e45e
2026-05-31,th,Thailand,69,5,ทิ้งไป,Only Monday,2zByTMDKM5g76Kbz4huf0A,4MEn5CNtwf4VVEfmZVcpTC,https://i.scdn.co/image/ab67616d00001e0215ef96619aef22d39355760c
2026-05-31,th,Thailand,70,9,STORY,P6ICK; SURIYA MQT; YUNGTARR,52IxFzldfmZmsLcF078dnY; 47VCMoQZJ0SycPle77t12P; 1KXxfYnhxzq9xBkhFZaYxX,5I34mmT2bCukrXK2EwkfC1,https://i.scdn.co/image/ab67616d00001e02dc859b7884ebd8ff68bfd707
2026-05-31,th,Thailand,71,10,คืนจันทร์,Loso,68ASbzKA9iG2gd7JRfPD71,5G9QIsPENzaSjyipcQQAqL,https://i.scdn.co/image/ab67616d00001e02467b0182ff2e5256ff656797
2026-05-31,th,Thailand,72,–,สิ้นสุดความพยายาม,PORZAX,4ykAAPcxGHz8z6N0muxbIP,0eHTM1Udi2NLiOJ3ja63nh,https://i.scdn.co/image/ab67616d00001e02a83f0a0fa2ba5f4962b62917
2026-05-31,th,Thailand,73,11,ไม่ใช่ไม่รัก,PORZAX,4ykAAPcxGHz8z6N0muxbIP,44lw3KVZGVZF4RvCTtLYTN,https://i.scdn.co/image/ab67616d00001e02d210682600f9dbdfaba06abb
2026-05-31,th,Thailand,74,2,เล่นของสูง,Big Ass,0GsileCtd1UjaVh4OpW7Qv,5ILPWem0xm3v85WeXqrTKP,https://i.scdn.co/image/ab67616d00001e025e3a93110fb655db8060bea8
2026-05-31,th,Thailand,75,31,ฝนตกไหม,Three Man Down,1qAOsY7jv9GFTv4HoVof5P,28LO3kx9x3fPRbXfAHprp2,https://i.scdn.co/image/ab67616d00001e022bff7ebac2ac29d107d284e7
2026-05-31,th,Thailand,76,27,กรุงเทพมหานคร,YOUNGOHM,0AvGycOEDZTaBFLCaiGd9S,4sQjVDas1lw04lj3NGsoDC,https://i.scdn.co/image/ab67616d00001e0289010986807175896f24855e
2026-05-31,th,Thailand,77,3,Beauty And A Beat,Justin Bieber; Nicki Minaj,1uNFoZAHBGtllmzznpCI3s; 0hCNtLu0JehylgoiP8L4Gh,6QFCMUUq1T2Vf5sFUXcuQ7,https://i.scdn.co/image/ab67616d00001e02f1d02a6cec967f8b6b78f76e
2026-05-31,th,Thailand,78,19,คิดถึงฉันไหมเวลาที่เธอ...,Taxi,7GYGQbPxBVlemT6gxPs8Yk,0NrdH75exgYJWrF5M7fblm,https://i.scdn.co/image/ab67616d00001e0247a43b58b528193f7320da9c
2026-05-31,th,Thailand,79,8,เพลงของเรา,Tattoo Colour,5pxvW2nJ0a77b9oX24Unwi,6j0ptBWgkaFwOtK4rhUVsW,https://i.scdn.co/image/ab67616d00001e02e8578c2848a32c674776291f
2026-05-31,th,Thailand,80,18,PLEASE,atom chanakan,2iLCiSxdwUMDEfqyfkuLEw,3Ohb6hLc9rdw63nq8NMC17,https://i.scdn.co/image/ab67616d00001e024eec4ae9817e05bcce951f58
2026-05-31,th,Thailand,81,3,เสียดายของ,Basher,5R4RoARrqvWRT5GEjYHcWp,2yDEfRpX5tRUcAo4VM0wFA,https://i.scdn.co/image/ab67616d00001e02d6f1a81512f909d4dfe42c9c
2026-05-31,th,Thailand,82,4,ฉันจะรีบบอกรักเธอ,T!NE,325C5PNmvA8luRIOYy1dmQ,0VOIQcLeVfauNE0uwmIWD6,https://i.scdn.co/image/ab67616d00001e02f59cff9c7f5a9e8e7aeb3aff
2026-05-31,th,Thailand,83,6,The One That Got Away,Katy Perry,6jJ0s89eD6GaHleKKya26X,6hkOqJ5mE093AQf2lbZnsG,https://i.scdn.co/image/ab67616d00001e021d955011a3ed477dc77865ad
2026-05-31,th,Thailand,84,7,รสชาติชีวิต,LITTLE JOHN,6IyHyMlpel4mF7hTldZu3m,3s39fvob0ZRScnAZVT8qkQ,https://i.scdn.co/image/ab67616d00001e021f654fa957adea289b807520
2026-05-31,th,Thailand,85,–,Love Me Harder,Ariana Grande; The Weeknd,66CXWjxzNUsdJxJ2JdwvnR; 1Xyo4u8uXC1ZmMpatF05PJ,5J4ZkQpzMUFojo1CtAZYpn,https://i.scdn.co/image/ab67616d00001e02deec12a28d1e336c5052e9aa
2026-05-31,th,Thailand,86,16,ฤดูร้อน,Paradox,32bq0Oy4ygWPR5ItUM5J5M,5ak9IDTCRglXNw34wASfXs,https://i.scdn.co/image/ab67616d00001e0290ba65f12b0c0c09d6e91578
2026-05-31,th,Thailand,87,16,เวลาเธอยิ้ม (You Had Me At Hello),Polycat,1ssEwBiz4ZKrbgR6o8vOeg,06DPpk0hUJEgpzl5cuWNI6,https://i.scdn.co/image/ab67616d00001e02d35e746a33990773fa9a7fb9
2026-05-31,th,Thailand,88,8,hate that i made you love me,Ariana Grande,66CXWjxzNUsdJxJ2JdwvnR,20jbSiX29FDX4oQxBXyUEi,https://i.scdn.co/image/ab67616d00001e02b622d42c30697e1e1414343c
2026-05-31,th,Thailand,89,5,Earrings,Malcolm Todd,7eKkW1zo5uzW8kUntiiBvz,0eAuGrXyGFYwur9ARUe7LJ,https://i.scdn.co/image/ab67616d00001e022c1f34ecc1929fb59908aad1
2026-05-31,th,Thailand,90,7,Bad Angel (with LISA),Anyma; LISA,4iBwchw0U0GZv5RfVYSMxN; 5L1lO4eRHmJ7a0Q6csE5cT,4QR40LqFAbMdabh4AoZJGZ,https://i.scdn.co/image/ab67616d00001e020ab7d7830f4e643b6c21296c
2026-05-31,th,Thailand,91,14,เรื่องราวความรักในตำนาน,YOUNGOHM; GAVIN:D,0AvGycOEDZTaBFLCaiGd9S; 6gYafDbRgLFc6zFKxKCP22,4JVHa8eTUOEN0zS1zrA2j5,https://i.scdn.co/image/ab67616d00001e028c8ef01ec2df170143555605
2026-05-31,th,Thailand,92,2,เมื่อไหร่จะมี (มีใจให้กัน),BLVCKHEART,3Ld1g6LjfR2ILDB6SD8aJV,7L3sb4eqF8zfQU8nAekHPm,https://i.scdn.co/image/ab67616d00001e02867017bcc32c6a32fa7d94b3
2026-05-31,th,Thailand,93,18,REDRED,CORTIS,1ebt9HnXdyYA6KgLXr1n4P,2fCwv2ppU5nTRTckomIGsd,https://i.scdn.co/image/ab67616d00001e0224ace1518851b27e9983f739
2026-05-31,th,Thailand,94,38,พูดแล้วอยากจะร้องไห้,Dr.Fuu,5ksYtzE6rgRhlJPw0GTvy6,1ScnC2q4xnTeUfB2awBFX1,https://i.scdn.co/image/ab67616d00001e02ac534903a3f46c4abc8ea09a
2026-05-31,th,Thailand,95,6,ต่อยให้,Txrbo,45pQix6T07syL9LwzOoRNg,2cn4X3qXv6KcQYHr67st6T,https://i.scdn.co/image/ab67616d00001e02be8f24ca7ca95cc21e2412a1
2026-05-31,th,Thailand,96,14,ขี้หึง,Silly Fools,2xjp1njSsecnNhjgKZ35Ok,1nmdJTwB575vxvNm6PdXHq,https://i.scdn.co/image/ab67616d00001e02a3d8548ad8b8cc3da3194b0c
2026-05-31,th,Thailand,97,28,อยู่ได้แล้ว,Lipta; Mirrr,2DaMrZndfGgM3yd9ivadRC; 5zSQoNQ9o2dnT1LPTzDxg7,7b6fnnFEurhwq7E38VJBJP,https://i.scdn.co/image/ab67616d00001e02dc73047ca46754847db8a76d
2026-05-31,th,Thailand,98,9,บอกตัวเอง,Room 39; โป่ง หินเหล็กไฟ,3lHykUJhLCSYsiUaOQhIy4; 4EVFhcIKSAr2dtcOv6EzZa,7mx20wpMx3Flwh3GglnZPs,https://i.scdn.co/image/ab67616d00001e02149892a5816e3909902ec2be
2026-05-31,th,Thailand,99,4,back to friends,sombr,4G9NDjRyZFDlJKMRL8hx3S,7qjZnBKE73H4Oxkopwulqe,https://i.scdn.co/image/ab67616d00001e024229702de91cb3d3a4383302
2026-05-31,th,Thailand,100,1,นอนนี่ (Zzz.) - Bonus Track,PUN; MUON,6HEMZkIMQAPnd36iLsUlTx; 0d1vrnqp46IM9Tz6E88PtU,1gyGLofOECzdg9t8X3s78C,https://i.scdn.co/image/ab67616d00001e02fbd2f5180963c72a0359188d
2026-05-31,th,Thailand,101,10,วิงวอน (ex-change),BOWKYLION,2SWWw5uB9cO5m7zJQZqwmr,4XaJuCQuIPM4Xz8O6csrdZ,https://i.scdn.co/image/ab67616d00001e028ace3e29045e35179313e68a
2026-05-31,th,Thailand,102,2,หนึ่งคนตรงนี้ (I'm here),PURPEECH,3xlC7Dw0uiwprXDHCU9SAu,5GwXBrY91rDCB18cwpjsBz,https://i.scdn.co/image/ab67616d00001e026557b9b4ce41d95bac522542
2026-05-31,th,Thailand,103,33,เลือกเองกับมือ (Bad Choices),Season Five,2DWxd6CkiJVMnTqSbtd56H,4gHm2mJ5WC9nPomTXuwg3c,https://i.scdn.co/image/ab67616d00001e0237cfacd2bf590411cfe36c3c
2026-05-31,th,Thailand,104,30,จากตรงนี้ที่(เคย)สวยงาม [La La Bye],AYLA's,2XiaPu2j4nBMhF8pIlt6Bk,0D9lpJts3mXxe0fvovYUFv,https://i.scdn.co/image/ab67616d00001e021356d4a5234ea1fbbce47ff2
2026-05-31,th,Thailand,105,15,ไร้รัก,Highhot,7clhNqbmk9enpeaBH9ACiZ,0ZapAgVfHzTxqDPweLPUyu,https://i.scdn.co/image/ab67616d00001e02abaaf313326b36ef2cf0e5ba
2026-05-31,th,Thailand,106,10,ความคิดถึงที่เต็มไปด้วยน้ำตา,โชเล่ย์ ชคัทพล,1anYjqWlOJQsVlJOr9VlVg,4IzwklthzAkGVI7llK0qKU,https://i.scdn.co/image/ab67616d00001e028767fd69795074b9e09f401d
2026-05-31,th,Thailand,107,19,เพลงรัก,Three Man Down,1qAOsY7jv9GFTv4HoVof5P,35wMKn5IxX8DYnCuyIEdQq,https://i.scdn.co/image/ab67616d00001e02b665b01883c990a870e2a99c
2026-05-31,th,Thailand,108,13,CURSE (รักใครไม่เป็น),Z9; 2K; Saran,4CuVt3p02OaWu4klQuJoDP; 7w08uJNZmg9HTsS6XeHX9E; 3moR9d0X97NAtZRhHWOta5,77rZWogLvZ2NOf248oMd6N,https://i.scdn.co/image/ab67616d00001e02963e6fa67ad2f23d93eca930
2026-05-31,th,Thailand,109,5,Very Very Small,YOUNGOHM,0AvGycOEDZTaBFLCaiGd9S,2aOKroYzVYSkKetUpWvrkt,https://i.scdn.co/image/ab67616d00001e0293ad90b97deda6e1c3b83bc7
2026-05-31,th,Thailand,110,2,จางหาย,Goy Arachaporn,08i92Xw2ejoxy4D1agyMPC,6pTSm2Sw6fEEO4iKfOJqTL,https://i.scdn.co/image/ab67616d00001e02ba31a6129ecef21073431a15
2026-05-31,th,Thailand,111,22,BOTH SIDES,NCT JNJM,1LljMyYd0jLd4Q7z1iDR5H,3b8RmBMHKwhVzsn3EMGqpK,https://i.scdn.co/image/ab67616d00001e029b659dbf40eb1fe9be4594dc
2026-05-31,th,Thailand,112,12,ฟีโรโมน,BLVCKHEART; 2TFLOW,3Ld1g6LjfR2ILDB6SD8aJV; 5gPpLgNHI1brQiqNmgN5bd,03Pc18Z9L1n2LcyBb6SKZ1,https://i.scdn.co/image/ab67616d00001e020228cb9fdef88e2ae56748b1
2026-05-31,th,Thailand,113,16,ดอกไม้กับหัวใจ,I-Zax,2qPwQcHdnoKhMYehUOt7EM,1JHQ4rCY6gFdHE5AGmv7uP,https://i.scdn.co/image/ab67616d00001e02cfdc8d1fbd48d2d14d3dae55
2026-05-31,th,Thailand,114,24,รักรักรักรักรักรักรัก (Talk Less),D Gerrard,1k7MP2tMC43vM0b0wg8HHg,1LV7y6Foa5JFMOUc0qyj4b,https://i.scdn.co/image/ab67616d00001e02621b40910493a0abfcd46dda
2026-05-31,th,Thailand,115,22,แค่คุณ,Musketeers,0OjRa6r1EIPF5RZPy1SGz9,5u8iqPNTa3ryOqeiNdgi6o,https://i.scdn.co/image/ab67616d00001e02e4bd381e15ab140ef2076c93
2026-05-31,th,Thailand,116,19,เคยรัก,9tokyo; 2K,3FxGLtMGpuO4myzWo0gktr; 7w08uJNZmg9HTsS6XeHX9E,5kphwAzHksSZrkrQbQdfXy,https://i.scdn.co/image/ab67616d00001e02d2ecaeebd58adf1196b62d83
2026-05-31,th,Thailand,117,19,ที่ผ่านมาขอบใจจริงๆ,LITTLE JOHN,6IyHyMlpel4mF7hTldZu3m,146Abk8n9M7jsjcsUN3dJc,https://i.scdn.co/image/ab67616d00001e021f654fa957adea289b807520
2026-05-31,th,Thailand,118,7,รองเท้าเก่า,Tattoo Colour,5pxvW2nJ0a77b9oX24Unwi,3Eu82PdSTJ8whj8KFJj4au,https://i.scdn.co/image/ab67616d00001e02e5c9e80322bca73f702809fd
2026-05-31,th,Thailand,119,6,โทรมาที่เบอร์นี้ (Phone Number),BLVCKHEART,3Ld1g6LjfR2ILDB6SD8aJV,4XcbpTFSnuADlw3ZgE3sYM,https://i.scdn.co/image/ab67616d00001e025a0a4f369973c1e611002d5c
2026-05-31,th,Thailand,120,11,wanna be yours (อยากให้เธอรัก),Violette Wautier,0XkEUMM4lJHAzfTK9vR0cu,2PP99Q3WvAlEongTB8PlLS,https://i.scdn.co/image/ab67616d00001e023ac0a9c94fa535f754372a47
2026-05-31,th,Thailand,121,2,Love Me Not,Ravyn Lenae,5RTLRtXjbXI2lSXc6jxlAz,4WFgvKVfEhb3IUAFGrutTR,https://i.scdn.co/image/ab67616d00001e020e62daaea2c7b94053e1c142
2026-05-31,th,Thailand,122,12,นิโคติน,Mirrr,5zSQoNQ9o2dnT1LPTzDxg7,6R9YzJHkfYoN6PianPhTdB,https://i.scdn.co/image/ab67616d00001e0208eafe276970bb6d24654ed9
2026-05-31,th,Thailand,123,7,อยากอินเพลงรัก,Season Five; No One Else,2DWxd6CkiJVMnTqSbtd56H; 0UAiHanBWs5vRM1tSPf2RJ,0ZK7WAqADNAc2zY7WVRDTl,https://i.scdn.co/image/ab67616d00001e02643dcdeacbcb305c21678ade
2026-05-31,th,Thailand,124,9,เผื่อวันไหนเธอจะกลับมา,guncharlie,1qveov8f3HXFhDIWtFO5tG,0UlTAkFyXcBBs1HjtICAsD,https://i.scdn.co/image/ab67616d00001e02afbae55931618ecd661b6db0
2026-05-31,th,Thailand,125,14,ทุกความทรงจำ,Only Monday,2zByTMDKM5g76Kbz4huf0A,1fBIWQh21BNWLhuhXDMog1,https://i.scdn.co/image/ab67616d00001e0215ef96619aef22d39355760c
2026-05-31,th,Thailand,126,14,Airplane Mode (5 นาที),Saran; Z9,3moR9d0X97NAtZRhHWOta5; 4CuVt3p02OaWu4klQuJoDP,4eABL6biW8QZOSvGMaX18M,https://i.scdn.co/image/ab67616d00001e0240fd963f9117658db5f64aee
2026-05-31,th,Thailand,127,35,Yours Ever (feat. Q Flure),Cocktail; Q Flure,6JrR3zrG0NQiXb9N9XSyGb; 2F8QVTDDHb8n0cwR9ftxFs,5W2IYA5Su42XiI90GDdscj,https://i.scdn.co/image/ab67616d00001e02a85ceab01b0f0a26275d2893
2026-05-31,th,Thailand,128,13,คิด(แต่ไม่)ถึง (Same Page?),Tilly Birds,4esoPgrgPKbWa6gwU8EGmH,6zZsio19rHayse0WDDLboq,https://i.scdn.co/image/ab67616d00001e028bdbd90bed616e60e47bfc07
2026-05-31,th,Thailand,129,3,"จะรักหรือจะร้าย - เพลงประกอบละคร ""กุหลาบเหนือเมฆ""",KLEAR,2PfxoKmrvMLvTAkn5azNZ6,2BnBKN87iznBjdLo0ap9n2,https://i.scdn.co/image/ab67616d00001e02e5c7286e13af2f5f0d6536d5
2026-05-31,th,Thailand,130,33,เดิมเดิม (Once),LANDOKMAI,4k22J4XE3nfRlv4IH7D5Vt,4TqFl2pIoapHiNe6L7f998,https://i.scdn.co/image/ab67616d00001e0222154bc0abe7735d6273ad65
2026-05-31,th,Thailand,131,11,Babydoll,Dominic Fike,6USv9qhCn6zfxlBQIYJ9qs,7yNf9YjeO5JXUE3JEBgnYc,https://i.scdn.co/image/ab67616d00001e027b1b6f41c1645af9757d5616
2026-05-31,th,Thailand,132,23,คนสวย,BETAYOURBITCH; N0RMA1; BARON,2xoedC37KSMtbCYLd1PVLc; 4JSLcITtMXeF5drdVO3f1b; 1Tf1lWGHooWhKhn6bwbMZv,4I0F3ItogIEpgH9qbjCiQz,https://i.scdn.co/image/ab67616d00001e0221f7bf1f9bbb6f5135342183
2026-05-31,th,Thailand,133,19,LEMONADE (feat. Becky G),aespa; Becky G,6YVMFz59CuY7ngCxTxjpxE; 4obzFoKoKRHIphyHzJ35G3,4X0AxVnhlkSd4ggu78Tir1,https://i.scdn.co/image/ab67616d00001e024a20668d8d8d2c5996e25f83
2026-05-31,th,Thailand,134,Re-Entry,Haegeum,Agust D,5RmQ8k4l3HZ8JoPb4mNsML,4bjN59DRXFRxBE1g5ne6B1,https://i.scdn.co/image/ab67616d00001e02fa9247b68471b82d2125651e
2026-05-31,th,Thailand,135,17,คำตอบสุดท้าย,AirBorne,2uPPduOPqzYiWESkxR1SpB,6d9rWFahtOYiNblK9dvqK2,https://i.scdn.co/image/ab67616d00001e02ea73b55de73a09c21c2a6464
2026-05-31,th,Thailand,136,25,ดาวหางฮัลเลย์,fellow fellow,1aEKvjRnbf1laB7DVXFqsG,0cHtr7i0P0TpEODZr2WZDE,https://i.scdn.co/image/ab67616d00001e02b5eddea0d396d32199abfabf
2026-05-31,th,Thailand,137,20,สักวันฉันจะหายดี,Ink Waruntorn,1Twi7NfmUzbXF7lEMaGCqF,1us1N0XEToufNnmzyhJPm5,https://i.scdn.co/image/ab67616d00001e02f98d5234dd9f3ca68abca0d0
2026-05-31,th,Thailand,138,11,Unfriend,Helmetheads,5aiaFB4rhv39gS3KvwHgaF,1jMt6e5lYXEONJKoIG92H6,https://i.scdn.co/image/ab67616d00001e02cdeff23b9aaaee77246fb128
2026-05-31,th,Thailand,139,31,"สนิทใจ - เพลงจากละคร ""รักร้าย""",Palmy,3yfUy4dhvq5DwrSMsEE6od,1XdaaI0bz0ILJzl1oBq2In,https://i.scdn.co/image/ab67616d00001e021050a005ed305489e4c7018f
2026-05-31,th,Thailand,140,41,ดาวนำทาง (Quiet Night),loserpop,4BI5Vr4SPJSKI0ofzhlsLV,4ZuflCpdf22z8J94WPIGrp,https://i.scdn.co/image/ab67616d00001e02bb03b72b7916b00c09f7c337
2026-05-31,th,Thailand,141,4,Kryptonite,PUN,6HEMZkIMQAPnd36iLsUlTx,1Gsxe1ulIVg3q9GASfmoD6,https://i.scdn.co/image/ab67616d00001e02ce8155d7fabcb7a3b3492141
2026-05-31,th,Thailand,142,4,CHOOM,BABYMONSTER,1SIocsqdEefUTE6XKGUiVS,6gunPOwkADFspLkQtmVuZT,https://i.scdn.co/image/ab67616d00001e020fbcc1d9dc6a647af4ebdfee
2026-05-31,th,Thailand,143,15,เธอทิ้งฉันไว้,KRK; N/A; HK,69jmffWjz5TWglZkReTYJC; 4oPYazJJ1o4rWBrTw9lm40; 3ox1cmzcE21qMaFHqHKowu,6aQNOo0RlmFUx2yfDXBkiT,https://i.scdn.co/image/ab67616d00001e0274fa0664a9ece4b813b0a679
2026-05-31,th,Thailand,144,8,ครั้งหนึ่ง,SEA.; Z9,0uu4cmaCJaaVOiUHQUG2ZC; 4CuVt3p02OaWu4klQuJoDP,3ImxRQnfrCXFrBFxJIvJuR,https://i.scdn.co/image/ab67616d00001e026899aafc5e12a8ed39139bc2
2026-05-31,th,Thailand,145,2,ทางของฝุ่น (Dust),atom chanakan,2iLCiSxdwUMDEfqyfkuLEw,0jxzVn8rr59knZFALDokLy,https://i.scdn.co/image/ab67616d00001e024eec4ae9817e05bcce951f58
2026-05-31,th,Thailand,146,24,ไม่ให้ไป,Three Man Down,1qAOsY7jv9GFTv4HoVof5P,70sb4kxm9A4fDw8ZltDpW2,https://i.scdn.co/image/ab67616d00001e02b665b01883c990a870e2a99c
2026-05-31,th,Thailand,147,20,Standing Next to You,Jung Kook,6HaGTQPmzraVmaVxvz6EUc,2KslE17cAJNHTsI2MI0jb2,https://i.scdn.co/image/ab67616d00001e02741fd4807f442af3f7359316
2026-05-31,th,Thailand,148,6,BIRDS OF A FEATHER,Billie Eilish,6qqNVTkY8uBg9cP3Jd7DAH,6dOtVTDdiauQNBQEDOtlAB,https://i.scdn.co/image/ab67616d00001e0271d62ea7ea8a5be92d3c1f62
2026-05-31,th,Thailand,149,28,ใจสั่งมา,Loso,68ASbzKA9iG2gd7JRfPD71,1RqIHW6YAOdDKzrRs9Cgll,https://i.scdn.co/image/ab67616d00001e02467b0182ff2e5256ff656797
2026-05-31,th,Thailand,150,27,ครั้งสุดท้าย,OG-ANIC; GAVIN:D; NINO,1OXHqAK6r5mF0FV94nc0pD; 6gYafDbRgLFc6zFKxKCP22; 34pSpkZ0UQ8X0woG8FyOqj,1DPrXncHEnR0141ct0DF06,https://i.scdn.co/image/ab67616d00001e02e93c6730764464cfce9d4522
2026-05-31,th,Thailand,151,2,"One Of The Girls (with JENNIE, Lily Rose Depp)",The Weeknd; JENNIE; Lily-Rose Depp,1Xyo4u8uXC1ZmMpatF05PJ; 250b0Wlc5Vk0CoUsaCY84M; 1pBLC0qVRTB5zVMuteQ9jJ,7CyPwkp0oE8Ro9Dd5CUDjW,https://i.scdn.co/image/ab67616d00001e02b0dd6a5cd1dec96c4119c262
2026-05-31,th,Thailand,152,18,จำไว้,Ink Waruntorn,1Twi7NfmUzbXF7lEMaGCqF,4UbYIYA0YmoSfkD7o9fbXJ,https://i.scdn.co/image/ab67616d00001e024edd620211c0c76c7611c031
2026-05-31,th,Thailand,153,5,เรื่องที่ขอ,Lula,6Gymwy9eHYItH2v7MYPRjB,7Iu9RvbMi1jShosg1b5mxt,https://i.scdn.co/image/ab67616d00001e0275ac22273cd64d9fd96e4f2b
2026-05-31,th,Thailand,154,2,ขอให้เราทั้งคู่โชคดี (Good Luck to The Both of Us),Tattoo Colour,5pxvW2nJ0a77b9oX24Unwi,4GMsgN54SdPxMamKu9qQam,https://i.scdn.co/image/ab67616d00001e024fe2bb8dfe87421e10cef8bb
2026-05-31,th,Thailand,155,5,ดอกกระเจียวบาน,Kong Huayrai,0QStHUbJoIoaNtvHVaBMGK,2GwkhYxTMUNoA82crG078s,https://i.scdn.co/image/ab67616d00001e02f0fc33a46575da3a6a9d3547
2026-05-31,th,Thailand,156,24,พยายามกี่ครั้งก็ตามแต่...,HANGMAN,4kTSU70JFddHShDyYIBxZN,3georCIpP8OEGQkggOhuZw,https://i.scdn.co/image/ab67616d00001e02662102715c4137a678519412
2026-05-31,th,Thailand,157,42,จดจำ,Only Monday,2zByTMDKM5g76Kbz4huf0A,4kvBebTWC2UmFevtoG0BXy,https://i.scdn.co/image/ab67616d00001e0263af37734c6cd746e73dd099
2026-05-31,th,Thailand,158,8,มอง 2568,YOUNGOHM,0AvGycOEDZTaBFLCaiGd9S,4oOSJiNmrvZzhvr1OQPln2,https://i.scdn.co/image/ab67616d00001e0289010986807175896f24855e
2026-05-31,th,Thailand,159,29,สำมะเรเทเมา,YOUNGOHM,0AvGycOEDZTaBFLCaiGd9S,6CQkLg1Yqn0YBtsLG4BKeZ,https://i.scdn.co/image/ab67616d00001e0293ad90b97deda6e1c3b83bc7
2026-05-31,th,Thailand,160,9,ศิโรราป,BLVCKHEART,3Ld1g6LjfR2ILDB6SD8aJV,4b6a08DBaPoMB0aFEvZ391,https://i.scdn.co/image/ab67616d00001e0277a46d9df1f5d63ed013bbbe
2026-05-31,th,Thailand,161,36,ความจริง,Room 39,3lHykUJhLCSYsiUaOQhIy4,5wpiZoOgO0L8xAxHhJaUn7,https://i.scdn.co/image/ab67616d00001e020bf540ec21e618f88d0aaa7e
2026-05-31,th,Thailand,162,Re-Entry,สักวันฉันจะดีพอ,Bodyslam,76VTagPgPgPlFE7hfjT0Zt,4ehoivTPrgYmgKl7lFw6Ta,https://i.scdn.co/image/ab67616d00001e02b8ff243ecbfa301a569c8b26
2026-05-31,th,Thailand,163,15,จำเก่ง (Slipped Your Mind),F.HERO; Tilly Birds,2MnMuRYL9qsGvWPsZGeDGQ; 4esoPgrgPKbWa6gwU8EGmH,5orIQnWm5K5RJ08CTYXgPb,https://i.scdn.co/image/ab67616d00001e0231235d39f5b8ff147d999430
2026-05-31,th,Thailand,164,Re-Entry,รักแรกพบ,Tattoo Colour,5pxvW2nJ0a77b9oX24Unwi,19VIBTwlLTX2SKK6e3erAf,https://i.scdn.co/image/ab67616d00001e02e182676ea0e420d45e7d941d
2026-05-31,th,Thailand,165,6,ครองโลก,YUNGTARR,1KXxfYnhxzq9xBkhFZaYxX,76j0uitplft5gODYnoQ62V,https://i.scdn.co/image/ab67616d00001e029cbf10ca43831dbd536a7073
2026-05-31,th,Thailand,166,3,ฉันมาบอกว่า,Season Five,2DWxd6CkiJVMnTqSbtd56H,0xEVcrV1Yili3rr8Kv85kl,https://i.scdn.co/image/ab67616d00001e0269116c732e1173ba0ac107ae
2026-05-31,th,Thailand,167,17,พบกันใหม่ (So Long),Polycat,1ssEwBiz4ZKrbgR6o8vOeg,4IKn1t0eZZzF5mji1vraVI,https://i.scdn.co/image/ab67616d00001e02d35e746a33990773fa9a7fb9
2026-05-31,th,Thailand,168,1,I Thought I Saw Your Face Today,She & Him,3CIRif6ZAedT7kZSPvj2A4,0myRViRgmQ3J8izICXEAVO,https://i.scdn.co/image/ab67616d00001e02a47c6d8a934b4833c0916cc9
2026-05-31,th,Thailand,169,Re-Entry,SHE IS TOTALLY OUT OF MY LEAGUE (feat. Z9),P6ICK; Z9,52IxFzldfmZmsLcF078dnY; 4CuVt3p02OaWu4klQuJoDP,2UzdM3S5SrnjLCwQsleGrM,https://i.scdn.co/image/ab67616d00001e02a29e14550f6bcb942614b5f0
2026-05-31,th,Thailand,170,Re-Entry,"ไม่เคยได้ลา - Original Soundtrack From ""เทอม 4""",Three Man Down,1qAOsY7jv9GFTv4HoVof5P,2pPYt3e7IIbKhxFJth89ys,https://i.scdn.co/image/ab67616d00001e02e0e1221774bfc0236707f6d3
2026-05-31,th,Thailand,171,19,ใจพัง,Saran; GTK,3moR9d0X97NAtZRhHWOta5; 2xe3fpDD81re4J0NN3S8LV,30ho6wAl9w53sCtcqzHVMA,https://i.scdn.co/image/ab67616d00001e02780f6db09cc2ef1e3d27f702
2026-05-31,th,Thailand,172,8,ถ้าฉันเป็นเขา,Indigo,5505l53fTUi5P0uWQbRT0w,5kWEorPV6WHYf5htPXONcL,https://i.scdn.co/image/ab67616d00001e02764bbc099b3bf1fc8b15212e
2026-05-31,th,Thailand,173,2,แอบหวัง,Anatomy Rabbit,73M9RjjrrKjXnf6Is6hNdg,3qMYr2bVu2HpSKrSJ2zj8K,https://i.scdn.co/image/ab67616d00001e023a80d74bea52b742239e721a
2026-05-31,th,Thailand,174,29,กอดกัน,K6Y; Lazyloxy; Jayrun,0QxCgzdTynqgvj1OWRllYt; 58Kuf8Ek5vheq5IRLiWjXO; 7dlpPQzVIOAtowgO59cxL7,1X3VD4oXVFe314hJ9AcvVy,https://i.scdn.co/image/ab67616d00001e02cd3db014ab1e239c9cc1c807
2026-05-31,th,Thailand,175,Re-Entry,เมื่อไหร่จะบอก,ETC.; The Parkinson,1qz5HLBHOge1yHlMVAZ9hO; 25vaRIUlu5PahDqAWeYdxR,2ezfWejKhD3CJS0qLNJKkQ,https://i.scdn.co/image/ab67616d00001e028e08906c58be58d029b3ee47
2026-05-31,th,Thailand,176,13,เพลงนี้ผมเขียนให้เธอ,Pondering,5vzCTzMec4uL6JCNkOFcZ2,09beOtPEjTgYLXNzYFjfLU,https://i.scdn.co/image/ab67616d00001e02ff0c324ade9b1c5ebc86acf6
2026-05-31,th,Thailand,177,3,โปรดส่งเรามาคู่กันอีกได้ไหม,โชเล่ย์ ชคัทพล,1anYjqWlOJQsVlJOr9VlVg,1mVrH1ZgOfI6cMW0c9q9kC,https://i.scdn.co/image/ab67616d00001e02c9900d5d4a675f6ae147a97c
2026-05-31,th,Thailand,178,Re-Entry,คำเดียวง่าย ๆ,Z9; 1ST; 2K; 2T FLOW,4CuVt3p02OaWu4klQuJoDP; 5p5YOMEbKadO6P7e4YxwKC; 7w08uJNZmg9HTsS6XeHX9E; 1ymRpNPlxJRVT00kmJk8AZ,2ORyDq8ksO5Aj1A90tqQ4I,https://i.scdn.co/image/ab67616d00001e02f64de0b318460f1399078258
2026-05-31,th,Thailand,179,Re-Entry,ที่สุดเลย,Rifle; Saran,3Kyev97NB5IuMYwMP1Ea2D; 3moR9d0X97NAtZRhHWOta5,36czGZFR3xI0F38AiZ0Xdq,https://i.scdn.co/image/ab67616d00001e02785698300d7ba4f654484f03
2026-05-31,th,Thailand,180,15,มีสิทธิ์อะไร,SPF,3ZUdKB3VGo26BxRSmnv5n2,4CgHXNpWpgM9tYxehdA4po,https://i.scdn.co/image/ab67616d00001e022f2f2cc7e58acf063fdd79ff
2026-05-31,th,Thailand,181,26,Move On แบบใด,JOEY PHUWASIT,5RQZVhw9dwZYc10QQfNMf1,53XeQvCYruEEHVDgWmraKq,https://i.scdn.co/image/ab67616d00001e02a7b794ede758fbce751891a1
2026-05-31,th,Thailand,182,20,สาธุ (Sathu) [feat. ปลาย กนกพร],ASIA7; ปลาย กนกพร,5ghOUzxpnQmnPQDwC1thIz; 5UtsnPxhjHtOM6cyv8iqVN,0pa70WIyVyI3DY4bcL2vZo,https://i.scdn.co/image/ab67616d00001e02b563a468b0dde8b8fbecdc2a
2026-05-31,th,Thailand,183,10,ฆาตกรความจำเสื่อม,ZENTYARB; K.AGLET,4Wv4SEO2ZQAOBl4yJcjdxi; 3MjUtSzU4lplyjnX01fTSw,1vjmFkoe2akEdwfIQGKtLX,https://i.scdn.co/image/ab67616d00001e0250985802447b210798f07ca2
2026-05-31,th,Thailand,184,13,Loop (ฉันจึงวนกลับมา),ASIA7,5ghOUzxpnQmnPQDwC1thIz,2wyMhqD3UtR8Ucg59UZhZd,https://i.scdn.co/image/ab67616d00001e02b563a468b0dde8b8fbecdc2a
2026-05-31,th,Thailand,185,9,"เจ็บแค่ไหนก็ยังรักอยู่ (feat. ฟิล์ม บงกช) - เพลงประกอบละคร ""อย่าลืมฉัน""",Yes'sir Days; Fymme Bongkot,5fWMZzHHJQmCVt3W2ejVbV; 5DU5PyU8u0JZSRyJdMWgsl,1ewNGqNQEfkZj9Wm4VqLuY,https://i.scdn.co/image/ab67616d00001e0284121406ae8995503a3df708
2026-05-31,th,Thailand,186,39,อะไรฉันก็ยอม,Saran; Pondering; WHALJAY; SLOWVXNZ,3moR9d0X97NAtZRhHWOta5; 5vzCTzMec4uL6JCNkOFcZ2; 00DQn2x4PUykmPHF8EVpYy; 4MkjSVbVHB4IsCH37XhBH6,1Uirva9dJEp3Ctq3p6ejFQ,https://i.scdn.co/image/ab67616d00001e023e9253a9a65c7c50a0438da0
2026-05-31,th,Thailand,187,New,ไหนว่าจะไม่หลอกกัน,Silly Fools,2xjp1njSsecnNhjgKZ35Ok,3V7Lg8NfRBWZNVzX9LGYyX,https://i.scdn.co/image/ab67616d00001e027a54c9ccb5fd75fec8095b84
2026-05-31,th,Thailand,188,New,เพียงชายคนนี้ (ไม่ใช่ผู้วิเศษ),Paradox,32bq0Oy4ygWPR5ItUM5J5M,25R5c02ZxGRkOvgvNy0cQa,https://i.scdn.co/image/ab67616d00001e026934b90d43924313e85f4687
2026-05-31,th,Thailand,189,Re-Entry,อะไรก็ยอม,Loso,68ASbzKA9iG2gd7JRfPD71,6mGIzdCMlkuvBpZ8LhXmJS,https://i.scdn.co/image/ab67616d00001e02a352ad1ec54914c5c824e79f
2026-05-31,th,Thailand,190,Re-Entry,ร่มสีเทา,Whatcharawalee,0cGfitvwmFr2sSywioWYNM,6z56u8jPSSroDFrJVD5cMf,https://i.scdn.co/image/ab67616d00001e0275122452d0805c69415f26b9
2026-05-31,th,Thailand,191,Re-Entry,ต่อให้,Season Five,2DWxd6CkiJVMnTqSbtd56H,4C0hz8GW70XtFgVBuFhlvJ,https://i.scdn.co/image/ab67616d00001e020bc6d451bd26aba4b0b027ab
2026-05-31,th,Thailand,192,Re-Entry,สิ้นสุดแรงรั้ง,PORZAX,4ykAAPcxGHz8z6N0muxbIP,7Ce2kaeKcbcj0IoIwghUYl,https://i.scdn.co/image/ab67616d00001e021cf3a012a836deb3cb2eca72
2026-05-31,th,Thailand,193,Re-Entry,TOO YOUNG 2 LOVE,YOUNGOHM,0AvGycOEDZTaBFLCaiGd9S,2MDwiy5E60hUKXUSN9ScLH,https://i.scdn.co/image/ab67616d00001e0293ad90b97deda6e1c3b83bc7
2026-05-31,th,Thailand,194,18,ช่างมัน,Cocktail,6JrR3zrG0NQiXb9N9XSyGb,3sKlbOuJnyz5g019B8jTk8,https://i.scdn.co/image/ab67616d00001e02edb7b68c0c956b02b71e5823
2026-05-31,th,Thailand,195,10,ร W8,Gene Kasidit,7jZzFwB8FGHZVcQXrtliop,3zc9UfgETcTMGiazW58Klg,https://i.scdn.co/image/ab67616d00001e02e95a1090217993a6c58e8271
2026-05-31,th,Thailand,196,31,สุดแต่ใจจะไขว่คว้า,LITTLE JOHN,6IyHyMlpel4mF7hTldZu3m,2v6By6eLbmlQ04Dia8BZ5o,https://i.scdn.co/image/ab67616d00001e021f654fa957adea289b807520
2026-05-31,th,Thailand,197,Re-Entry,เด็กอินเตอร์,YOUNGOHM,0AvGycOEDZTaBFLCaiGd9S,6koztzfSaFalbFxpiaFpjk,https://i.scdn.co/image/ab67616d00001e0293ad90b97deda6e1c3b83bc7
2026-05-31,th,Thailand,198,Re-Entry,Her,YENTED; ARARYOZI; Chocolate - t,4tM1FV7wm8Tp4bXhtWjBmX; 5TQMsfMGVLOhRMLh5ww4q9; 6ONAn9Kn982nGegr5mF3ML,24KtV9epEPcolK3Cctm2ni,https://i.scdn.co/image/ab67616d00001e0212cb10bb886cc91eae3bd046
2026-05-31,th,Thailand,199,27,เจ็บไปรักไป,Yes'sir Days,5fWMZzHHJQmCVt3W2ejVbV,5vXnRpMVm83Gl14gIMpech,https://i.scdn.co/image/ab67616d00001e02512c484f91ed9b8010739fca
2026-05-31,th,Thailand,200,Re-Entry,MUIC,Fieldddd; YUNGTARR,6bOWLBP3k4rhoX6ue2X8iW; 1KXxfYnhxzq9xBkhFZaYxX,3QURHGAGOBrH8ZinOU4Wr3,https://i.scdn.co/image/ab67616d00001e029fbc3a9c675f15bade2cb540
2026-05-31,in,India,1,–,Bairan,Banjaare,7IbxsPdlYelceWNyHAor55,0RsH8g8DxdYZgdGcod5I36,https://i.scdn.co/image/ab67616d00001e02cdce9a38222807fa703b4396
2026-05-31,in,India,2,–,Gehra Hua,Shashwat Sachdev; Arijit Singh; Irshad Kamil; Armaan Khan,465OXuCU8YZNmVG1leLwQ9; 4YRxDV8wJFPHPTeXepOstw; 3GdSQUH1BRtl9UrrtuwJlP; 68CFADZWUwvJMqkCeqmxMJ,5MCbGWnNLLjoHpbDO3BOgi,https://i.scdn.co/image/ab67616d00001e027838ccbef3fb712228e23fc5
2026-05-31,in,India,3,–,Khat,Navjot Ahuja,7pVf872VEuJQBwiuRFSg4w,3gixnmepHSsyAuho34rprN,https://i.scdn.co/image/ab67616d00001e02d421c37d9cf4bbee71844c24
2026-05-31,in,India,4,–,Arz Kiya Hai | Coke Studio Bharat,Anuv Jain,4gdMJYnopf2nEUcanAwstx,1bMkimTb47umgNP6xCi4A1,https://i.scdn.co/image/ab67616d00001e0225fa2d19b2363a9520a34409
2026-05-31,in,India,5,–,Sheesha - Aakhya Mai Aakh Ghali Jo Bairan,Mitta Ror; Swara Verma,3qWCWW0lyHpnj6E1cYwtKV; 1p8AG9V0Y60vhvdYdRbxqn,412poAqbwD8OC0dYD1nBkV,https://i.scdn.co/image/ab67616d00001e02190b5b394a6fc5574ceea4da
2026-05-31,in,India,6,–,"Pavazha Malli - From ""Think Indie""",Sai Abhyankkar; Shruti Haasan; Vivek,5jJrJU7VVmxQQLcLAmmxXc; 06vOoTzj6cIac9FMbNXz9h; 25Pa1Vz1ZuTHmXPiYeMcgx,4yur1GSBfuS1VADyUYocqd,https://i.scdn.co/image/ab67616d00001e02f5f2a6705dfe3c2fe11028c8
2026-05-31,in,India,7,1,Jaiye Sajana,Shashwat Sachdev; Jasmine Sandlas; Satinder Sartaaj,465OXuCU8YZNmVG1leLwQ9; 0mJDQBWytBhOh5JB1DOQ1c; 4rgw8A5vcYinpZLDKHrEdV,6xwKNAUHeo2DbWNAPi8aEy,https://i.scdn.co/image/ab67616d00001e024c3eeb98521e02693a46d6db
2026-05-31,in,India,8,1,"Tum Ho Toh (From ""Saiyaara"")",Vishal Mishra; Hansika Pareek; Raj Shekhar,5wJ1H6ud777odtZl5gG507; 0RVfcqug2nB820dxIGycIW; 2DFCHTDIA0t638a4mm37dK,6G8vN5EUtcDxOXOXadF6kp,https://i.scdn.co/image/ab67616d00001e02d998c880f085f08c7ddeeafc
2026-05-31,in,India,9,–,Finding Her,Kushagra; Bharath; Saaheal,2IKfr1JgPRXmXKAWwrABc6; 1zD9gVg8wPOmVfYxTjMHaT; 29S4JzoFUP1MCyMgKd83zM,5ThyDv6aRVU8AH4vXQNldF,https://i.scdn.co/image/ab67616d00001e02292341cd3e621d7f9171331f
2026-05-31,in,India,10,–,Sahiba,Aditya Rikhari,3ozYqVCLohfpXIhalkhM8D,0eLtIxPRNJfsmehITZ1qaJ,https://i.scdn.co/image/ab67616d00001e020a47bbe7141fdfe0eb2cdba7
2026-05-31,in,India,11,–,Darkhaast,Mithoon; Arijit Singh; Sunidhi Chauhan; Sayeed Quadri,09UmIX92EUH9hAK4bxvHx6; 4YRxDV8wJFPHPTeXepOstw; 3eDT9fwXKuHWFvgZaaYC5v; 2pGRniGOJSOvYoK3dGaBb8,1awtp7rf6ajhGY9BgzCHeZ,https://i.scdn.co/image/ab67616d00001e02e7fe7d656750737e8d369f95
2026-05-31,in,India,12,–,Mann Mera,Gajendra Verma,1yzgJmZf5CxtFfGfRFm4Si,0mwAlZqPUWpZJIut93y40W,https://i.scdn.co/image/ab67616d00001e02f2d0db770d8cd316f760a2f2
2026-05-31,in,India,13,–,Samjhawan,Jawad Ahmad; Shaarib Toshi; Arijit Singh; Shreya Ghoshal,2gXOOKY8mmJG6iwHrTq9gp; 0FJz7XR37hH69traaHLijA; 4YRxDV8wJFPHPTeXepOstw; 0oOet2f43PA68X5RxKobEy,0rk2X5TAhraBC5aCIXK2Rq,https://i.scdn.co/image/ab67616d00001e028a7ae7092464f6685355dc3c
2026-05-31,in,India,14,–,"Sitaare (From ""Ikkis"")",Arijit Singh; Sachin-Jigar; Amitabh Bhattacharya,4YRxDV8wJFPHPTeXepOstw; 1mBydYMVBECdDmMfE2sEUO; 2fMqTqiTxUDlmcOEPaQSsx,6WlARP6h4CDVOcY386wW0W,https://i.scdn.co/image/ab67616d00001e02dccd4f11c8ac8e1f2c8dfc51
2026-05-31,in,India,15,–,Majboor,Sheheryar Rehan; Zoha Waseem,4uulqSsU6e7BdsYYos6kfS; 20DlRoUeIcVHGEEgYuvvZ8,0lp3WWhjxFVUht81AQmWX8,https://i.scdn.co/image/ab67616d00001e02ba7861fdb5826a0038078c23
2026-05-31,in,India,16,–,Dooron Dooron,Paresh Pahuja; Shiv Tandan; Meghdeep Bose,0DHOOKfXu4aU7LsWjTdrIN; 74wYoI5DV3XZGJri7l9cOP; 1e3Yx1PLC5EP8lz0OFOHda,0q5e5KtUOhYQujmhLP0pKd,https://i.scdn.co/image/ab67616d00001e029fd839ed5ae2fd87ee8ac923
2026-05-31,in,India,17,2,Ishq,Faheem Abdullah; Rauhan Malik; Amir Ameer,05etL4pzWd6TSv1x5WrlG3; 22UtphG4LcwxlhhV0aP4js; 6MPuzz9hPrs4TwxeHh4cEj,1hlbywc8Jhl1FFqJxAMabE,https://i.scdn.co/image/ab67616d00001e020de04fd2c7c3bdc0a1d765f5
2026-05-31,in,India,18,3,Shararat,Shashwat Sachdev; Madhubanti Bagchi; Jasmine Sandlas,465OXuCU8YZNmVG1leLwQ9; 4ojkMVHjuDZgDXSJy5qs2h; 0mJDQBWytBhOh5JB1DOQ1c,0R7grQWU1dRxiOQGIqZm0Z,https://i.scdn.co/image/ab67616d00001e027838ccbef3fb712228e23fc5
2026-05-31,in,India,19,1,Apna Bana Le,Sachin-Jigar; Arijit Singh; Amitabh Bhattacharya,1mBydYMVBECdDmMfE2sEUO; 4YRxDV8wJFPHPTeXepOstw; 2fMqTqiTxUDlmcOEPaQSsx,1hA697u7e1jX2XM8sWA6Uy,https://i.scdn.co/image/ab67616d00001e02b85b4e8fb6ba961aedfde386
2026-05-31,in,India,20,2,Tere Liye,Atif Aslam; Shreya Ghoshal; Sachin Gupta; Sameer Anjaan,2oSONSC9zQ4UonDKnLqksx; 0oOet2f43PA68X5RxKobEy; 34R6DQd8ErBy1xyOyMHFrq; 5sifufajls8Q6k04Y4F8mH,0xlWd9o8yjKpJ02WJy79kZ,https://i.scdn.co/image/ab67616d00001e02af932ac943c7afa6b74659f7
2026-05-31,in,India,21,3,"Barbaad (From ""Saiyaara"")",The Rish; Jubin Nautiyal,0Eb38FY9vOjiRA10iXPGHI; 1tqysapcCh1lWEAc9dIFpa,7Csa4PStpuYIfUqNMKQ4V8,https://i.scdn.co/image/ab67616d00001e02148a06ae24e68c088d8d2954
2026-05-31,in,India,22,–,Saiyaara,Tanishk Bagchi; Faheem Abdullah; Arslan Nizami; Irshad Kamil,4f7KfxeHq9BiylGmyXepGt; 05etL4pzWd6TSv1x5WrlG3; 5yzqUq3vXrMkmfcOwMY203; 3GdSQUH1BRtl9UrrtuwJlP,5SSZtFWdrmFV4MxtlRA13N,https://i.scdn.co/image/ab67616d00001e022fc1f0e56f80b5e7cc388b3c
2026-05-31,in,India,23,–,Deewaana Deewaana,A.R. Rahman; Irshad Kamil,1mYsTxnqsietFxj1OgoGbG; 3GdSQUH1BRtl9UrrtuwJlP,47RTQoh3pzjhWLUMllNRRJ,https://i.scdn.co/image/ab67616d00001e02ba52c35bca6b280c7a9233ce
2026-05-31,in,India,24,7,"Raga of Revenge (From ""DC"")",Anirudh Ravichander,4zCH9qm4R2DADamUHMCa6O,4cVgfaHzVDu3srYfJEP0AN,https://i.scdn.co/image/ab67616d00001e0233bc5d16517fed8db985360c
2026-05-31,in,India,25,2,For A Reason,Karan Aujla; Ikky,6DARBhWbfcS9E4yJzcliqQ; 3nqS8jzqmsPKFJTp0BOIel,0cYohCh24y1aMjJmcS9RBl,https://i.scdn.co/image/ab67616d00001e0289e8f71cb6f3b6cc60944858
2026-05-31,in,India,26,1,Boyfriend,Karan Aujla; Ikky,6DARBhWbfcS9E4yJzcliqQ; 3nqS8jzqmsPKFJTp0BOIel,3ExgWVPWOQts9RVBkqpdic,https://i.scdn.co/image/ab67616d00001e0289e8f71cb6f3b6cc60944858
2026-05-31,in,India,27,1,Ehsaas,Faheem Abdullah; Duha Shah; Vaibhav Pani; Hyder Dar,05etL4pzWd6TSv1x5WrlG3; 3l1qBa4ZTuNfYOap9WGbDQ; 6FedIS4fevWR5JdQQvviFB; 7Khu2sHjq6VFAfiRLql5tt,5PetOhEX9N0oyBB0Keqobv,https://i.scdn.co/image/ab67616d00001e02e80fd38e3f7025158e40a3ae
2026-05-31,in,India,28,7,Tere Bina,A.R. Rahman; Chinmayi; Murtuza Khan; Qadir Khan,1mYsTxnqsietFxj1OgoGbG; 5UJ2sHO2ELrgW6aXeRLTQQ; 3v8isPrc8btWVMF3bnOIcj; 2gTPBFjo3M9rvMSZWTk9nT,4FeczSomVWVyU4FW7xDeAI,https://i.scdn.co/image/ab67616d00001e020504fdf58bae8cd52dd13047
2026-05-31,in,India,29,–,"Agar Tum Saath Ho (From ""Tamasha"")",Alka Yagnik; Arijit Singh,3gBKY0y3dFFVRqicLnVZYz; 4YRxDV8wJFPHPTeXepOstw,6kYoY0PhBelP64UMnhsEZx,https://i.scdn.co/image/ab67616d00001e0225f7621c3c70dd1f868b61bc
2026-05-31,in,India,30,2,Jo Tum Mere Ho,Anuv Jain,4gdMJYnopf2nEUcanAwstx,0eCajpR75pDW0r64U6hP2x,https://i.scdn.co/image/ab67616d00001e0272a77d038887cdc425f5ee55
2026-05-31,in,India,31,–,"Mast Magan (From ""2 States)",Arijit Singh; Chinmayi,4YRxDV8wJFPHPTeXepOstw; 5UJ2sHO2ELrgW6aXeRLTQQ,5bVmOD7UKfP2iLFUGMtdnS,https://i.scdn.co/image/ab67616d00001e022d2263486e48ab1b41ae2466
2026-05-31,in,India,32,2,"Raanjhan (From ""Do Patti"")",Sachet-Parampara; Parampara Tandon; Kausar Munir,1SyKki7JI1AZNKwgNMkn25; 1E6arsXf5Fgsnv9YpSzjpE; 3GBSge8pq7mpezUQl0GAOA,4vHRQnzGcKEtqsLH70tAms,https://i.scdn.co/image/ab67616d00001e02773c5f60bcb309ef8802e4ef
2026-05-31,in,India,33,–,Ye Tune Kya Kiya,Pritam; Javed Bashir; Rajat Arora,1wRPtKGflJrBx9BmLsSwlU; 5diMmmNkRVfgUnXJrzXzjZ; 6Ahs12ksf1lju6bHwuX4X2,2cPUB8EOT6AfJ8oxhyoNXL,https://i.scdn.co/image/ab67616d00001e02fe77bd21eb38ff74b5f21524
2026-05-31,in,India,34,2,Jo Tere Sang,Jeet Gannguli; Mustafa Zahid; Sayeed Quadri,2kkQthS9OLpK4UqNWYqoVl; 71oGOxg5ez52Hh1Ye41A98; 2pGRniGOJSOvYoK3dGaBb8,0kYBzFJ5a2Jozi6cI4y9Bp,https://i.scdn.co/image/ab67616d00001e020ccca2f49bcdac5491e47b1a
2026-05-31,in,India,35,7,Udi Udi,Aneesh; Sarkar; Hruday,2K1yi9M4TJ3cEEO6hFG1z2; 2R4yA8DlTWiUCpYlC0NMZh; 5LAR3fyRELNNXHIfnptaXF,4ROldgaRDDAI2VP8rWkjat,https://i.scdn.co/image/ab67616d00001e0221d6e1053df28c5a33208c1a
2026-05-31,in,India,36,9,Zaalima,Arijit Singh; Harshdeep Kaur,4YRxDV8wJFPHPTeXepOstw; 3xU8YsNNkmWSPewlB18NUz,4MU4Kfkd9EnkArK2ocQyqK,https://i.scdn.co/image/ab67616d00001e02627b5b17cb48f6e6956b842e
2026-05-31,in,India,37,2,Jackpot,Cheema Y; Gur Sidhu,0uOUeC51AxGnP6hB8gurwt; 0QntOArZgiNHoemAzwJPu5,0JOAMHwHFGKbPOwfM26fL7,https://i.scdn.co/image/ab67616d00001e02db055ba83d3809eec4c86527
2026-05-31,in,India,38,5,Amsham - അംശം,Aksomaniac; M.H.R; Bhumi; Circle Tone,12tOFlQDhU4Jx6wNb9XO87; 5A5bbXuMkVh28lxVO4y25g; 6ze415xN4HqPmAhj1P4pRl; 5FLdl3TGJp0xXgUSimW2yQ,0Dt5EqEckM8jcfMYEdlx2Z,https://i.scdn.co/image/ab67616d00001e02530e627d6b4aced65e1ccf4a
2026-05-31,in,India,39,1,Dhurandhar - Title Track,Shashwat Sachdev; Hanumankind; Jasmine Sandlas; Sudhir Yaduvanshi; Charanjit Ahuja; Muhammad Sadiq; Ranjit Kaur; Babu Singh Maan,465OXuCU8YZNmVG1leLwQ9; 4nVa6XlBFlIkF6msW57PHp; 0mJDQBWytBhOh5JB1DOQ1c; 586UieDtNlK2F8hEMayYbb; 5jI1jiicLnii7yjSbAj9xj; 0Wrp7P9HV2JVEKAzU3tLSD; 2RB4eCNO29DoHWqjLtPAFY; 0CrZKzYlBaQEXqXGNduM4d,5xKr4HfdnYLMDmAJZkOuBc,https://i.scdn.co/image/ab67616d00001e027838ccbef3fb712228e23fc5
2026-05-31,in,India,40,6,Teri Deewani,Kailash Kher; Paresh Kamath; Naresh Kamath,4oVMLzAqW6qhRpZWt8fNw4; 3PgeUFj9oHU4K4RGaITz2f; 79sho4jpEGoCCC51KHnNSJ,2iNqdCchlUZEgjJbQyZf8T,https://i.scdn.co/image/ab67616d00001e02a853b902decce7830d171841
2026-05-31,in,India,41,3,"Dhun (From ""Saiyaara"")",Mithoon; Arijit Singh,09UmIX92EUH9hAK4bxvHx6; 4YRxDV8wJFPHPTeXepOstw,1GFQthxDi4Tqe3wJ5j0G5S,https://i.scdn.co/image/ab67616d00001e02781faf59a3cb980fe3b493f8
2026-05-31,in,India,42,6,Jaan Se Guzarte Hain,Shashwat Sachdev; Khan Saab; Nusrat Fateh Ali Khan,465OXuCU8YZNmVG1leLwQ9; 5Uo28tAylVBPPW2Cs8LFwN; 5HcunTidTUrOaf8V0iJcvl,4aWTPC6cuebk9zSpW1PY1Y,https://i.scdn.co/image/ab67616d00001e024c3eeb98521e02693a46d6db
2026-05-31,in,India,43,6,"Humsafar (From ""Saiyaara"")",Sachet-Parampara; Sachet Tandon; Parampara Tandon; Irshad Kamil; Prashant Pandey,1SyKki7JI1AZNKwgNMkn25; 6WOdPJmexxFINcKMkP2jMG; 1E6arsXf5Fgsnv9YpSzjpE; 3GdSQUH1BRtl9UrrtuwJlP; 7vCsTTACb2iT4fvBMnwp5w,0OLTYqD8FpjkLsxJmdWmgi,https://i.scdn.co/image/ab67616d00001e02dfc5ea836092ec71ca7a5dcb
2026-05-31,in,India,44,3,Dhurandhar The Revenge - Aari Aari,Shashwat Sachdev; Bombay Rockers; Irshad Kamil; Khan Saab; Reble; Token; Jasmine Sandlas; Sudhir Yaduvanshi,465OXuCU8YZNmVG1leLwQ9; 1bLQBuSop3ekE5Qustj5nP; 3GdSQUH1BRtl9UrrtuwJlP; 5Uo28tAylVBPPW2Cs8LFwN; 3MsxNLVtDVGxjEaxgKAoi0; 4cUfFbVZGSsJWdbfmkdxYq; 0mJDQBWytBhOh5JB1DOQ1c; 586UieDtNlK2F8hEMayYbb,157BtwkY54FQ3Xl8DsTso1,https://i.scdn.co/image/ab67616d00001e024c3eeb98521e02693a46d6db
2026-05-31,in,India,45,5,"Humsafar (From ""Badrinath Ki Dulhania"")",Akhil Sachdeva; Mansheel Gujral,3TOhzLRYnkkul71yRBxIoM; 7zfceKY7I04Tc0J2o7043h,7aE1lfskJLMHQnzCCP1zsV,https://i.scdn.co/image/ab67616d00001e02dc9563139ebc2a5597254664
2026-05-31,in,India,46,5,CEO,Cheema Y; Gur Sidhu,0uOUeC51AxGnP6hB8gurwt; 0QntOArZgiNHoemAzwJPu5,1EffuiWpbTNLvEhr6dSQCM,https://i.scdn.co/image/ab67616d00001e02db055ba83d3809eec4c86527
2026-05-31,in,India,47,–,"Chahun Main Ya Naa (From ""Aashiqui 2"")",Palak Muchhal; Arijit Singh,3yMmYEklQ7gLOZXEFNd3xr; 4YRxDV8wJFPHPTeXepOstw,7Imk0IG6S5GA5iYWkjmMW5,https://i.scdn.co/image/ab67616d00001e02808542d48ec7021a0577f4f5
2026-05-31,in,India,48,4,Mann Mera - Original Version,Gajendra Verma,1yzgJmZf5CxtFfGfRFm4Si,1As2Jo89VTF9V3D6GuOPr9,https://i.scdn.co/image/ab67616d00001e020be94602b5b22cbe139a366b
2026-05-31,in,India,49,5,On The Floor,Jennifer Lopez; Pitbull,2DlGxzQSjYe5N6G9nkYghR; 0TnOYISbd1XYRBk9myaseg,3C0nOe05EIt1390bVABLyN,https://i.scdn.co/image/ab67616d00001e02d7b2aa3834b82b1cbe899a48
2026-05-31,in,India,50,2,Naal Nachna,Shashwat Sachdev; Afsana Khan; Irshad Kamil; Reble,465OXuCU8YZNmVG1leLwQ9; 4z0z82pXirH1TrygipQlOo; 3GdSQUH1BRtl9UrrtuwJlP; 3MsxNLVtDVGxjEaxgKAoi0,2nnDPEbNxnBKq5RG6sObTg,https://i.scdn.co/image/ab67616d00001e027838ccbef3fb712228e23fc5
2026-05-31,in,India,51,5,Hale Dil,Harshit Saxena; Sayeed Quadri,4auibajZua9Ld8sPMOmPYc; 2pGRniGOJSOvYoK3dGaBb8,6GQK4G5o60E8YA18DGpAzv,https://i.scdn.co/image/ab67616d00001e022432edc97b465e6db54d356b
2026-05-31,in,India,52,3,God Mode,Sai Abhyankkar; Gana Muthu; Vishnu Edavan,5jJrJU7VVmxQQLcLAmmxXc; 2oyLpdrvnRrkgwc48UZFSx; 0EESJaBQY5fiBeQOGvDi3T,5IA1BVN8OKwpCxkgeOR8YM,https://i.scdn.co/image/ab67616d00001e0296692a4abb1d828ca444db71
2026-05-31,in,India,53,4,Ishqa Ve,Zeeshan Ali; Yuvraj Tung; Sandeep Aulakh; Honey Dhillon,1Bz46nDCMO1UOKp9GJjL92; 7yqoq4MWdw2ZNyAKDqH0fE; 3allL5EVHCpBzNZHN2JCc5; 0d4qS5KvrIwi0l5OMiftsH,0febwTwLDSZzrt46i1RBF5,https://i.scdn.co/image/ab67616d00001e020cfff15d92e2acb5a4b45ef5
2026-05-31,in,India,54,1,"Tum Hi Ho (From ""Aashiqui 2)",Arijit Singh,4YRxDV8wJFPHPTeXepOstw,7LfIX3DCzl3AtGJWlCKOKK,https://i.scdn.co/image/ab67616d00001e022d2263486e48ab1b41ae2466
2026-05-31,in,India,55,2,Tum Se Hi,Pritam; Mohit Chauhan; Irshad Kamil,1wRPtKGflJrBx9BmLsSwlU; 5GnnSrwNCGyfAU4zuIytiS; 3GdSQUH1BRtl9UrrtuwJlP,7eQl3Yqv35ioqUfveKHitE,https://i.scdn.co/image/ab67616d00001e0252fe6875028c892308ffc2f7
2026-05-31,in,India,56,4,Bairi,Virat; Pradeep Solanki; Heena; Miss Parul,3uHCE9eimH5dJx7TLslsmE; 5kD46P0iLqWZtITQB9nmAn; 1mgNO6u7VjkWz3wWD7ZnkF; 4dv0ujc6bKpBEEBj7XPUtl,1GfcRba0wGXDTtT4r8C65Z,https://i.scdn.co/image/ab67616d00001e02d5e938b81196c3f19b78dce9
2026-05-31,in,India,57,2,"Raanjhanaa (From ""Raanjhanaa"")",A.R. Rahman; Jaswinder Singh; Shiraz Uppal,1mYsTxnqsietFxj1OgoGbG; 2IP4wcE4hRbDi1zdV8Si6g; 7DcUua74PM7MmBljTTjIyy,5OMUXgfXsSukZ0zxelpC3b,https://i.scdn.co/image/ab67616d00001e020c556f210b927ca230f32241
2026-05-31,in,India,58,2,Karuppa Kooda Va,Sai Abhyankkar; V.M. Mahalingam; Pa. Vijay,5jJrJU7VVmxQQLcLAmmxXc; 6mHtkNCvRoFV9XMzvjSF1u; 1dg4azP3LshEhi3moXgJQv,0otC5nlgJZ27Q38AA8z6zj,https://i.scdn.co/image/ab67616d00001e0296692a4abb1d828ca444db71
2026-05-31,in,India,59,5,Jhol - Acoustic (feat. Asfand),Maanu; Annural Khalid; Abdullah Siddiqui; Asfand,3scNK8e4mqnP6Rb8a3lwZY; 1nCZUpBIcyOxufOx0lPeIW; 3PbkSdpJnYRF18jau74b7R; 5Dmma2b9AAtPyCfZ2tlTcX,44LaY2y6wRRlSRjsqbKnuU,https://i.scdn.co/image/ab67616d00001e027635812d4fc7d8d094e1d51c
2026-05-31,in,India,60,2,Oorum Blood,Sai Abhyankkar; Paal Dabba; Bhumi; Deepthi Suresh,5jJrJU7VVmxQQLcLAmmxXc; 0cQJg3qKYiogK9Qj1H0Qpx; 6ze415xN4HqPmAhj1P4pRl; 4PY2xnTu90K0hvkgcljRJl,4pCXTYAPgdzMTCsDdDwjy3,https://i.scdn.co/image/ab67616d00001e02712a8e87fa2daf05e7d1ce8c
2026-05-31,in,India,61,5,Lutt Le Gaya,Shashwat Sachdev; Simran Chaudhary,465OXuCU8YZNmVG1leLwQ9; 6ZAKAA1WQazgmXkq7qks6m,2dQMisG0lyz6Z8J4zYdAsG,https://i.scdn.co/image/ab67616d00001e027838ccbef3fb712228e23fc5
2026-05-31,in,India,62,4,Raabta,Pritam; Arijit Singh,1wRPtKGflJrBx9BmLsSwlU; 4YRxDV8wJFPHPTeXepOstw,6FjbAnaPRPwiP3sciEYctO,https://i.scdn.co/image/ab67616d00001e02e810a88d506b30bdc0935247
2026-05-31,in,India,63,–,Chand Mera Dil - Title Track,Sachin-Jigar; Faheem Abdullah; Amitabh Bhattacharya,1mBydYMVBECdDmMfE2sEUO; 05etL4pzWd6TSv1x5WrlG3; 2fMqTqiTxUDlmcOEPaQSsx,7inoeZv3zCm7A2eMa7MPUI,https://i.scdn.co/image/ab67616d00001e025edae0df9c3886921add587f
2026-05-31,in,India,64,8,California Love,Cheema Y; Gur Sidhu,0uOUeC51AxGnP6hB8gurwt; 0QntOArZgiNHoemAzwJPu5,610keNiNVTIkYD0CqeSerg,https://i.scdn.co/image/ab67616d00001e027a7cc8411fe9e9e3ac5487f5
2026-05-31,in,India,65,4,"Aaya Sher (From ""The Paradise"") (Telugu)",Anirudh Ravichander; Jangi Reddy; Arjun Chandy; Kasarla Shyam,4zCH9qm4R2DADamUHMCa6O; 576GMrbKBURxmaLAJXMqCp; 4UCG3GFuPR4k19M40Mzxip; 4wxBWsFkyA2K1BMBFj91qt,4kV0ugCwyF7OAb3huIdThG,https://i.scdn.co/image/ab67616d00001e0248be563b0c9f1d7985a7c608
2026-05-31,in,India,66,1,"Kaise Hua (From ""Kabir Singh"")",Vishal Mishra; Manoj Muntashir,5wJ1H6ud777odtZl5gG507; 4cAERazLlAzVGA10ORWaUP,1y1rQTkWmrZdJmjwuK07GC,https://i.scdn.co/image/ab67616d00001e02ce1f4349305971b5beb75fcd
2026-05-31,in,India,67,2,Ishq Bulaava,Vishal-Shekhar; Sanam Puri; Shipra Goyal,6Mv8GjQa7LKUGCAqa9qqdb; 5kiKQJrz4BT7vFWVECAmHH; 7gOZcXPfLtLbFgUyHGV7cZ,1fkjRQA8wXPPyxqYLbxuqy,https://i.scdn.co/image/ab67616d00001e022025db071cd9dd7e8023e01e
2026-05-31,in,India,68,16,Zara Sa,Pritam; KK; Sayeed Quadri,1wRPtKGflJrBx9BmLsSwlU; 4fEkbug6kZzzJ8eYX6Kbbp; 2pGRniGOJSOvYoK3dGaBb8,18YHbIhrleUkKKj2DvEp79,https://i.scdn.co/image/ab67616d00001e02727d531901c07a499498c544
2026-05-31,in,India,69,2,Jeena Jeena,Sachin-Jigar; Atif Aslam,1mBydYMVBECdDmMfE2sEUO; 2oSONSC9zQ4UonDKnLqksx,5lKE040hUfDAKOR8HLG92p,https://i.scdn.co/image/ab67616d00001e02972a8fa058a13f91a1a46850
2026-05-31,in,India,70,5,Thodi Si Daaru,AP Dhillon; Shreya Ghoshal,6LEG9Ld1aLImEFEVHdWNSB; 0oOet2f43PA68X5RxKobEy,3JiLQJmVW7d4O8AQDFB3oj,https://i.scdn.co/image/ab67616d00001e02eb0516ec1c97c3cc97f4cb61
2026-05-31,in,India,71,3,Haseen,Talwiinder; NDS; Rippy Grewal,6QoCrBHsojKnOrsGNfRcTN; 5xh6szshoZ0UfZD1x6QzZG; 1RaZAbVB4yopz69N1XlZvj,08GYLNhKthS3arMdXsveRI,https://i.scdn.co/image/ab67616d00001e0205be603d0ab07ff5b195554e
2026-05-31,in,India,72,2,"Humdard (From ""Ek Villain"")",Arijit Singh,4YRxDV8wJFPHPTeXepOstw,5ZGtdGwdocDZDniXHkmnVA,https://i.scdn.co/image/ab67616d00001e027569cbe3695608074d9fd389
2026-05-31,in,India,73,7,Ishq de Fanniyar - Female Version,Jyotica Tangri; Shaarib Toshi; Kumaar,5wQDQFm7Ku8WWGi5xqJ9lp; 0FJz7XR37hH69traaHLijA; 0m3D4grap8VFSzbJMqgNVk,5jCuQyeS4WP4ZYskYhfRlH,https://i.scdn.co/image/ab67616d00001e023948b555e3d73d1cad364231
2026-05-31,in,India,74,–,Komagata Maru,Cheema Y; Gur Sidhu,0uOUeC51AxGnP6hB8gurwt; 0QntOArZgiNHoemAzwJPu5,6YCuLdRZCAneCCrc0XqKrY,https://i.scdn.co/image/ab67616d00001e02db055ba83d3809eec4c86527
2026-05-31,in,India,75,6,High On You,Jind Universe,5KmFbbptaZhEtmMibvibUE,2eqUVYJVnlDs8PgOtuOlJm,https://i.scdn.co/image/ab67616d00001e02d968dc9090c04aef184ab00f
2026-05-31,in,India,76,2,Aashiq Tera,Sohail Sen; Altamash Faridi,1bTROl5p3rGTpvKeWnGgrw; 38IHJBGBuaYXHEkIQd4DtF,7FwYs4qSJCJi2Hd6ZV8Q3M,https://i.scdn.co/image/ab67616d00001e0211b260e5bfa1590dc2f3449a
2026-05-31,in,India,77,4,Saibo,Sachin-Jigar; Shreya Ghoshal; Tochi Raina,1mBydYMVBECdDmMfE2sEUO; 0oOet2f43PA68X5RxKobEy; 6k6dimE4a6OFnD0HWmkIUW,2dDHtDrDaxTB7QR6EoCSne,https://i.scdn.co/image/ab67616d00001e02b85d870860408d980b9d3e32
2026-05-31,in,India,78,4,KALYANI,ARJN; KDS; FIFTY4; RONN,5j2JTk8JqepIgv1zxYOuIi; 41opZo9bHh8CZoIdR3IgP7; 1NApv6DzDP19uLuxJ0CuuP; 6jw1jO7iGLcrQyXL1Ia0IW,2Uyj6K6mSaFTZsPvov415i,https://i.scdn.co/image/ab67616d00001e028c681e9dd49d13f7d223f8bf
2026-05-31,in,India,79,3,Aarzu,Noor; Khan; Madhurxo,7F5LO6TFFBGkRhsQdCcLVm; 6Pw5uJLhqmspnTuHchPnmS; 0o5KaItv2mU6ACmRP19Qc2,0wHYuCTWPntEgWiUVED4wB,https://i.scdn.co/image/ab67616d00001e020c28f02f30c669201ac4471d
2026-05-31,in,India,80,8,The Beast,Cheema Y; Gur Sidhu,0uOUeC51AxGnP6hB8gurwt; 0QntOArZgiNHoemAzwJPu5,1gSbvgbyq0dyjbF2sq3njt,https://i.scdn.co/image/ab67616d00001e02e5ae649f238fb4f4fcbdfb60
2026-05-31,in,India,81,4,Maahi,Shaarib Toshi; Toshi Sabri; Sayeed Quadri,0FJz7XR37hH69traaHLijA; 0Dr1dEmiBkgZWPsc1j5oHV; 2pGRniGOJSOvYoK3dGaBb8,4bIQXffbALkCC0Xo6aTicP,https://i.scdn.co/image/ab67616d00001e02bf8dad28cba0f3680ee29364
2026-05-31,in,India,82,1,Ishq Jalakar - Karvaan,Shashwat Sachdev; Shahzad Ali; Subhadeep Das Chowdhury; Armaan Khan; Irshad Kamil; Roshan; Sahir Ludhianvi,465OXuCU8YZNmVG1leLwQ9; 4asaIarkMcpkYhSiMn1Ed5; 3biZl77VIJSHTnwBnEZkkd; 68CFADZWUwvJMqkCeqmxMJ; 3GdSQUH1BRtl9UrrtuwJlP; 6Wg3akugFVCH4iYhEKk0GM; 1nLvkKjnfpnouM0Mpyd4cc,7DonHcAdu5FHzLNESEEOuj,https://i.scdn.co/image/ab67616d00001e027838ccbef3fb712228e23fc5
2026-05-31,in,India,83,3,Love Salary,Cheema Y; Gur Sidhu,0uOUeC51AxGnP6hB8gurwt; 0QntOArZgiNHoemAzwJPu5,7Ftug8fkHANhdU0FVOr89B,https://i.scdn.co/image/ab67616d00001e02db055ba83d3809eec4c86527
2026-05-31,in,India,84,5,Thodi Der,Farhan Saeed; Shreya Ghoshal; Kumaar,1W67L8OH9z7C3b9YJJbVYq; 0oOet2f43PA68X5RxKobEy; 0m3D4grap8VFSzbJMqgNVk,676lDymRWh8zv7jFA8Hgan,https://i.scdn.co/image/ab67616d00001e02047a46b43f281e0d12ea8993
2026-05-31,in,India,85,2,"Mutta Kalakki (From ""Youth"")",G. V. Prakash; Ken Karunaas,5VVN3xZw1i2qihfITZlvCZ; 6f9pTlTRRreLGq9gIonZOA,7DswdgrPTR2xDB1vCBToi4,https://i.scdn.co/image/ab67616d00001e02fb1b54f7e77148701250118f
2026-05-31,in,India,86,6,"Tujhe Kitna Chahne Lage (From ""Kabir Singh"")",Arijit Singh; Mithoon,4YRxDV8wJFPHPTeXepOstw; 09UmIX92EUH9hAK4bxvHx6,2Fv2injs4qAm8mJBGaxVKU,https://i.scdn.co/image/ab67616d00001e02ba03ff79dad25f7c3542382f
2026-05-31,in,India,87,4,Tu Hi Mera,Pritam; Shafqat Amanat Ali; Sayeed Quadri,1wRPtKGflJrBx9BmLsSwlU; 5SuRAj1A9FEHj5NxS86YAm; 2pGRniGOJSOvYoK3dGaBb8,1CVqr5LImdmJ1Upt4z08Pm,https://i.scdn.co/image/ab67616d00001e0271da5e89467bd75d2ed9f1fa
2026-05-31,in,India,88,2,Phir Mohabbat,Mohammed Irfan; Arijit Singh; Saim Bhat; Mithoon; Sayeed Quadri,6QtJ6BVdj43aDpgjnVp2tY; 4YRxDV8wJFPHPTeXepOstw; 0HIpVOzrDwqiI5wP56soMK; 09UmIX92EUH9hAK4bxvHx6; 2pGRniGOJSOvYoK3dGaBb8,2b2HutIDmoeBnnKRWDLAtV,https://i.scdn.co/image/ab67616d00001e022432edc97b465e6db54d356b
2026-05-31,in,India,89,5,"Sajni (From ""Laapataa Ladies"")",Ram Sampath; Arijit Singh; Prashant Pandey,3PpjqSKBer3obW6lDflOBx; 4YRxDV8wJFPHPTeXepOstw; 7vCsTTACb2iT4fvBMnwp5w,5zCnGtCl5Ac5zlFHXaZmhy,https://i.scdn.co/image/ab67616d00001e02d5f4378b1ffc9119fdc7306d
2026-05-31,in,India,90,5,Othaiyadi Pathayila,Dhibu Ninan Thomas; Anirudh Ravichander; Arunraja Kamaraj,1QHr8p3h0ayWLaaYK0X6bi; 4zCH9qm4R2DADamUHMCa6O; 3jw6WnDlhrKkNjgcp8JGQe,09Z6o1yu596HJAwWZxTz4m,https://i.scdn.co/image/ab67616d00001e02694a5c48a84156db02c9cbfb
2026-05-31,in,India,91,6,Pani Da Rang - Male,Ayushmann Khurrana; Rochak Kohli,7qHsapL39aTQsPhixtzVvy; 3dN9MQpjIyNxyeRfz4EDZe,0bLCiBR9AOtfp98dk7iCL5,https://i.scdn.co/image/ab67616d00001e020fb8b00733fc3b7ae3105773
2026-05-31,in,India,92,17,Pehli Dafa,Atif Aslam; Shiraz Uppal; Shakeel Sohail,2oSONSC9zQ4UonDKnLqksx; 7DcUua74PM7MmBljTTjIyy; 50tVmZsA8fsA1Bo5VUcOcA,4Tkb7zsDmsawB7S5TpKQV1,https://i.scdn.co/image/ab67616d00001e02afd2bc3f876235be94c0d36d
2026-05-31,in,India,93,5,Aawaara Angaara,A.R. Rahman; Faheem Abdullah; Irshad Kamil,1mYsTxnqsietFxj1OgoGbG; 05etL4pzWd6TSv1x5WrlG3; 3GdSQUH1BRtl9UrrtuwJlP,6flQ5XJKj5qIhpxSHOd3jC,https://i.scdn.co/image/ab67616d00001e02ba52c35bca6b280c7a9233ce
2026-05-31,in,India,94,40,Shree Hanuman Chalisa,Hariharan; Lalit Sen; Chander,2NoJ7NuNs9nyj8Thoh1kbu; 5fDnhohLUsWhN7MUXse3QS; 2RY2JQU7jz6KEp04i7TGld,6H7fLdt0AeWpuxUKXuXWrx,https://i.scdn.co/image/ab67616d00001e025182ea98b2ea623977917597
2026-05-31,in,India,95,10,Lae Dooba,Sunidhi Chauhan; Manoj Muntashir,3eDT9fwXKuHWFvgZaaYC5v; 4cAERazLlAzVGA10ORWaUP,4x4yd51V2SFlaZJXCuT05R,https://i.scdn.co/image/ab67616d00001e02b07f05b2c677061a6bd4ea00
2026-05-31,in,India,96,3,Tujhko - From “Cocktail 2”,Pritam; Arijit Singh; Sunidhi Chauhan; Amitabh Bhattacharya,1wRPtKGflJrBx9BmLsSwlU; 4YRxDV8wJFPHPTeXepOstw; 3eDT9fwXKuHWFvgZaaYC5v; 2fMqTqiTxUDlmcOEPaQSsx,34bZqssAITx04EAzcffySn,https://i.scdn.co/image/ab67616d00001e020b70e6ef0759aac7d134de3f
2026-05-31,in,India,97,9,Khuda Jaane,Vishal-Shekhar; KK; Shilpa Rao; Anvita Dutt Guptan,6Mv8GjQa7LKUGCAqa9qqdb; 4fEkbug6kZzzJ8eYX6Kbbp; 19LIHDDSHBD5NyYHI3gpzB; 4GEyPR3J4DYvuTRuPJQ0CW,0gPgdRfB4jdGrlyXS0Vx78,https://i.scdn.co/image/ab67616d00001e02a08c7022ea424b2f048b46e9
2026-05-31,in,India,98,2,"Raavana Mavandaa (From ""Jana Nayagan"")",Anirudh Ravichander; Vivek,4zCH9qm4R2DADamUHMCa6O; 25Pa1Vz1ZuTHmXPiYeMcgx,7MP6jngkoEGUXKdpVeTXAT,https://i.scdn.co/image/ab67616d00001e02e0807b4138d187c74233853b
2026-05-31,in,India,99,8,Boom Shaka,KR$NA; Dhanda Nyoliwala,5C1S9XwxMuuCciutwMhp5t; 2rN8LHqK4TBI7y3d9POvJb,1g6nQTE5x7eLJX7tXCTiSz,https://i.scdn.co/image/ab67616d00001e0213dcb5da9470852eb67f1783
2026-05-31,in,India,100,18,"Ajab Si (From ""Om Shanti Om"")",KK,4fEkbug6kZzzJ8eYX6Kbbp,6pP4YH81WuWHvAwyRvAu8Y,https://i.scdn.co/image/ab67616d00001e02f99cb6f65e480ac900fe3100
2026-05-31,in,India,101,4,Run Down The City - Monica,Shashwat Sachdev; Reble; Asha Bhosle; R. D. Burman; Majrooh Sultanpuri,465OXuCU8YZNmVG1leLwQ9; 3MsxNLVtDVGxjEaxgKAoi0; 5as8A4G47Ohu9NSWs3Je8U; 2JSYASbWU5Y0fVpts3Eq7g; 7ikcALJgPCvpL25820JNYR,5NK3IhIeIXQmOKK5EiSRra,https://i.scdn.co/image/ab67616d00001e027838ccbef3fb712228e23fc5
2026-05-31,in,India,102,13,Sang Rahiyo,Jasleen Royal; Ujjwal Kashyap; Neeraj Rajawat,74OaRjmyh0XyRZsQQQ5l7c; 6RzPQpJ5z2JkOJlmsCVxJq; 3yjKvP7LiyIw2dzB5CCGxM,45PA9lW7U5LYnlpGrdTyHY,https://i.scdn.co/image/ab67616d00001e02926450b06294e944ab7af6e8
2026-05-31,in,India,103,21,Yeh Fitoor Mera,Amit Trivedi; Arijit Singh,7HCqGPJcQTyGJ2yqntbuyr; 4YRxDV8wJFPHPTeXepOstw,7kvLAPEnEPlSbhZDlHFv0p,https://i.scdn.co/image/ab67616d00001e02b99c0e6b9bf5ba4da74e816d
2026-05-31,in,India,104,13,Samjho Na,Aditya Rikhari,3ozYqVCLohfpXIhalkhM8D,1d5lpW3gUyq537iuyrb9Lf,https://i.scdn.co/image/ab67616d00001e0261589325f2ee1797c6527512
2026-05-31,in,India,105,2,Dil Diyan Gallan,Atif Aslam,2oSONSC9zQ4UonDKnLqksx,0FBQ4NrrHUbR9kus7rzrOj,https://i.scdn.co/image/ab67616d00001e02f7991610fad937fd9f29f55d
2026-05-31,in,India,106,4,Andaaz e Karam,Madhur Sharma; Moin; ER,2kfi47LWmlXzQ3p3kWonfQ; 7xgtUknw8tyUhWkSnMjhti; 7uhWXYh7CNH1M9Dwko8qll,0qheD9ZwdmVKu5ktHXFbb0,https://i.scdn.co/image/ab67616d00001e029e012a63ed996813dff3435e
2026-05-31,in,India,107,5,"Itni Si Baat Hain (From ""Azhar"")",Arijit Singh; Antara Mitra,4YRxDV8wJFPHPTeXepOstw; 2UwDJeoMqYers5Jmm75zm2,55TlMMnPJTk9Qq6CrqB6dx,https://i.scdn.co/image/ab67616d00001e027569cbe3695608074d9fd389
2026-05-31,in,India,108,7,Pal,Javed-Mohsin; Arijit Singh; Shreya Ghoshal; Kunaal Vermaa; Prashant Ingole,2zvJLk0gTH7r7A5Q6X5Bq8; 4YRxDV8wJFPHPTeXepOstw; 0oOet2f43PA68X5RxKobEy; 52XgeWw24o4klNdfwvB0Vx; 5DNHuR9u8DFVasxQZgREO5,79hQvdTHNBkq2fp2ZrM8b2,https://i.scdn.co/image/ab67616d00001e0291a372450506a59732e145b9
2026-05-31,in,India,109,2,Jeene Laga Hoon,Sachin-Jigar; Atif Aslam; Shreya Ghoshal,1mBydYMVBECdDmMfE2sEUO; 2oSONSC9zQ4UonDKnLqksx; 0oOet2f43PA68X5RxKobEy,3t3wsY5IdLVzB9WidegJSU,https://i.scdn.co/image/ab67616d00001e02cab73e6ac9bf4bf3c6931570
2026-05-31,in,India,110,11,Verappa - Extended,Sai Abhyankkar; Arivu; Arun Srinivasan,5jJrJU7VVmxQQLcLAmmxXc; 7rVV9d6vc4FLT752uRuk71; 6zk7r7UylV6GHjWmhCDw9K,3FDZKPorPuhOZYw9WileCl,https://i.scdn.co/image/ab67616d00001e0296692a4abb1d828ca444db71
2026-05-31,in,India,111,3,Vaaroon,Anand Bhaskar; Romy; Ginny Diwan,4aykldlxvwj6cRQfhbfNMO; 0bRPtPZQkWHeG7MGk9eWlh; 4EZ6GDVebknxx5Funcp0X2,4sgYmcu4FKb1ZC6qBlxMiw,https://i.scdn.co/image/ab67616d00001e02c33c23574fba0d4f630ca8c5
2026-05-31,in,India,112,29,One Call Away,Mxrci; Jazzy B; Arjan Dhillon,5Us2dsq4VHlfLbKOrskg7K; 25bvyjHJAszeSV3q0TmEhY; 64DvMieEUCdrYKmEIhDt8G,2Wtl8Lr6ZF2XSnGcakH4zG,https://i.scdn.co/image/ab67616d00001e02f934814d7ab37a1e0eda617e
2026-05-31,in,India,113,1,"Aura 10/10 (From ""Meesaya Murukku 2"")",Hiphop Tamizha; Thamizh Aadhavan,7zFBW2JxM4bgTTKxCRcS8Q; 2naoxh21roEyvOd7NWwDUb,0xYYUicaDPp0VPyL0z7xzB,https://i.scdn.co/image/ab67616d00001e022624871b49552ce08b1b3070
2026-05-31,in,India,114,2,Tu Hi Haqeeqat,Pritam; Javed Ali; Irshan Ashraf; Shadab; Sayeed Quadri,1wRPtKGflJrBx9BmLsSwlU; 4W91bbPB2CTSsHwt7eqNl7; 5OG0IXzIqYPB67VMlEJOo0; 0NeoPmJb4LMYLHhX8OVaNA; 2pGRniGOJSOvYoK3dGaBb8,3OLFqbd9ZeVjaUKTiaLsD6,https://i.scdn.co/image/ab67616d00001e02bcb8ec035de7b2dda0f74660
2026-05-31,in,India,115,4,Kashish,Ashish Bhatia; Omkar Singh; Kashish Ratnani,2msR4dHmBiBa99uLmuqFFk; 6dk4snfeN31dQDbb03Wmmr; 5maYabmLqXL3Y5fhFaD3zk,3anHs4ijBd3Iw0E0fBPwtH,https://i.scdn.co/image/ab67616d00001e0278a554c1a4571acbeb8d4cf0
2026-05-31,in,India,116,6,Sahiba,Jasleen Royal; Stebin Ben; Vijay Deverakonda; Radhikka Madan; Priya Saraiya; Aditya Sharma,74OaRjmyh0XyRZsQQQ5l7c; 1UAzmnFgjizIDvtHvnCdEq; 3k1eCPRO0dE0Q9YsRfh4vn; 2zkXEdYr7MxUFhS9xF48UB; 6q29t5RuXxlBuqIZsOMQss; 70RAfkLNWG5J2bsnJqBpLQ,4ulroyDK6rN73nVkCkWhur,https://i.scdn.co/image/ab67616d00001e02eb2d8a0e6f6f4626af5f66f7
2026-05-31,in,India,117,13,Vaari Jaavan,Shashwat Sachdev; Jyoti Nooran; Jasmine Sandlas; Reble,465OXuCU8YZNmVG1leLwQ9; 7ezZ4ix4QBrKkvxanGClFB; 0mJDQBWytBhOh5JB1DOQ1c; 3MsxNLVtDVGxjEaxgKAoi0,1I7yw0J5KpUaWhdBviGlON,https://i.scdn.co/image/ab67616d00001e024c3eeb98521e02693a46d6db
2026-05-31,in,India,118,1,Paro,Aditya Rikhari; UNPLG'd,3ozYqVCLohfpXIhalkhM8D; 3gKTtA1BK4pq1IIHXAyvgO,6nRGPf5tpeJtKpXZO5cgIT,https://i.scdn.co/image/ab67616d00001e025fe9856a449aab589c06b6c8
2026-05-31,in,India,119,20,Tera Chehra,Himesh Reshammiya; Arijit Singh,0sSxphmGskGCKlwB9xa6WU; 4YRxDV8wJFPHPTeXepOstw,0fU73va0bnroitbOzudBU4,https://i.scdn.co/image/ab67616d00001e02113ce0ecfc878bbbe4268916
2026-05-31,in,India,120,6,Mashooqa - From “Cocktail 2”,Pritam; Mahmood; Raghav Chaitanya; Amitabh Bhattacharya; Ruaa Kayy,1wRPtKGflJrBx9BmLsSwlU; 06nvjg4wBANK6DCHjqtPNd; 3qpyErDI4i90q5EGgSRmNK; 2fMqTqiTxUDlmcOEPaQSsx; 453JLa1zShRo3qMqna91v7,64KxZ9K8PYSQ9CVimLlqxK,https://i.scdn.co/image/ab67616d00001e02bd164e3bbec608aedda85a22
2026-05-31,in,India,121,21,Enna Sona,A.R. Rahman; Arijit Singh,1mYsTxnqsietFxj1OgoGbG; 4YRxDV8wJFPHPTeXepOstw,6bdpj89aYEBjhpsenXAsmO,https://i.scdn.co/image/ab67616d00001e027871ae506e494a7722b38962
2026-05-31,in,India,122,8,Dil Ibaadat,Pritam; KK; Sayeed Quadri,1wRPtKGflJrBx9BmLsSwlU; 4fEkbug6kZzzJ8eYX6Kbbp; 2pGRniGOJSOvYoK3dGaBb8,3Kl8p2PxVf8eAayLwTxOIm,https://i.scdn.co/image/ab67616d00001e02bcb8ec035de7b2dda0f74660
2026-05-31,in,India,123,29,Heat Waves,Glass Animals,4yvcSjfu4PC0CYQyLy4wSq,3USxtqRwSYz57Ewm6wWRMp,https://i.scdn.co/image/ab67616d00001e02712701c5e263efc8726b1464
2026-05-31,in,India,124,9,Starboy,The Weeknd; Daft Punk,1Xyo4u8uXC1ZmMpatF05PJ; 4tZwfgrHOc3mvqYlEYSvVi,7MXVkk9YMctZqd1Srtv4MB,https://i.scdn.co/image/ab67616d00001e024718e2b124f79258be7bc452
2026-05-31,in,India,125,8,Raat Ke Shikari,Masoom Sharma; Sweta Chauhan; Yash Thukral,36iDrP3UnCxsSH9LuSdkDj; 4TsNgxbxmdUsKIFtqvzRPa; 0Cj3wCMwyxvbP4nQobAj6R,7oFrQLTu7Bi1xmTYLbBxHf,https://i.scdn.co/image/ab67616d00001e0273db28dd510b75b2b676b9b5
2026-05-31,in,India,126,16,Tutor,Cheema Y; Gur Sidhu,0uOUeC51AxGnP6hB8gurwt; 0QntOArZgiNHoemAzwJPu5,2KQBM1PYjg2ZpeA5xbTjrJ,https://i.scdn.co/image/ab67616d00001e02a7fdc721f4ac2c0415593273
2026-05-31,in,India,127,–,Sunn Raha Hai,Ankit Tiwari; Sandeep Nath,0E02VcvA5p1ndkLdqWD5JB; 6TSxLBGJLhWIuoKv2vAnVx,5PvwPy5eRO8BPwpRzCHK3D,https://i.scdn.co/image/ab67616d00001e026404721c1943d5069f0805f3
2026-05-31,in,India,128,5,Piche Tere,Kunwarr,6AnFaupnhQD1Ps8DX7Z7mV,4ZWoJ4tRi74mHHnItB3k9h,https://i.scdn.co/image/ab67616d00001e02a04031934c9580bd317e373c
2026-05-31,in,India,129,28,Sanam Re,Mithoon; Arijit Singh,09UmIX92EUH9hAK4bxvHx6; 4YRxDV8wJFPHPTeXepOstw,0CVfovmUv7BnemOyTtOcbL,https://i.scdn.co/image/ab67616d00001e02be42c9c9b63ed5ace22af441
2026-05-31,in,India,130,33,Naam Chale,Vikram Sarkar,4naSOUBsPQeISuibs56w6Y,6M6Jgms4Z3x5xYLbnMk5TU,https://i.scdn.co/image/ab67616d00001e02d9bd2370b63b8aa6e7f9ff77
2026-05-31,in,India,131,6,Hopeless,Amanraj Gill; Prem Lata; Aj Fakira,07hzX8SH6CEg7B2yl4hoKs; 3ufBSdoViRPzJXqGPVy8rH; 7shNr1qeqEEoCcWTIj9flc,29f6IOg01XRLHKDhFjua1I,https://i.scdn.co/image/ab67616d00001e0264dcca0cf48bfacd7a0eb258
2026-05-31,in,India,132,8,Humnava Mere,Jubin Nautiyal; Rocky - Shiv; Manoj Muntashir; Rocky Khanna,1tqysapcCh1lWEAc9dIFpa; 5Obu9ifz8EKdm0uL5CvgUY; 4cAERazLlAzVGA10ORWaUP; 706HpBx83UlG2Shf6zTnSC,0loZn1c5heXie7OAtvK6nH,https://i.scdn.co/image/ab67616d00001e02c1cd18ce264a99c525dd88f5
2026-05-31,in,India,133,4,Phir Se,Shashwat Sachdev; Arijit Singh; Irshad Kamil,465OXuCU8YZNmVG1leLwQ9; 4YRxDV8wJFPHPTeXepOstw; 3GdSQUH1BRtl9UrrtuwJlP,2NhPxmtxBFZQ8Nr583Iqqt,https://i.scdn.co/image/ab67616d00001e024c3eeb98521e02693a46d6db
2026-05-31,in,India,134,3,"Tainu Khabar Nahi - From ""Munjya""",Sachin-Jigar; Arijit Singh,1mBydYMVBECdDmMfE2sEUO; 4YRxDV8wJFPHPTeXepOstw,5npFBWhVs3VVlc0nY5xQMA,https://i.scdn.co/image/ab67616d00001e0267a876fee5cd00ed0f395a9e
2026-05-31,in,India,135,–,"Deewaniyat (From ""Ek Deewane Ki Deewaniyat"") - Original Motion Picture Soundtrack",Vishal Mishra; Kaushik-Guddu; Kunaal Vermaa,5wJ1H6ud777odtZl5gG507; 7EiUTtmmkwGtbgR6gZaZzW; 52XgeWw24o4klNdfwvB0Vx,3EKHZNd0qflQK8UImpUu3k,https://i.scdn.co/image/ab67616d00001e029411c63637b6d976a7d0e279
2026-05-31,in,India,136,8,Jogi,thiarajxtt; Bir,54BjV0qctcWp8xOip7uaJD; 3R1penrqtuKNTeWABjKT5N,1XfBEzVsFJC0X8222Y6unk,https://i.scdn.co/image/ab67616d00001e0218a04f7af1533e15d4c9b1d8
2026-05-31,in,India,137,3,"Mere Sohneya (From ""Kabir Singh"")",Sachet Tandon; Parampara Tandon; Sachet-Parampara,6WOdPJmexxFINcKMkP2jMG; 1E6arsXf5Fgsnv9YpSzjpE; 1SyKki7JI1AZNKwgNMkn25,2IoZMG3RqiTmsy7Li3zGFg,https://i.scdn.co/image/ab67616d00001e028ae7ce46d1896e3e0fb86e70
2026-05-31,in,India,138,31,Saiyyan,Kailash Kher; Paresh Kamath; Naresh Kamath,4oVMLzAqW6qhRpZWt8fNw4; 3PgeUFj9oHU4K4RGaITz2f; 79sho4jpEGoCCC51KHnNSJ,37AGZMVr5V8mEMcCmGHroZ,https://i.scdn.co/image/ab67616d00001e02cd3f6c3c2f2aa9b76fe635b1
2026-05-31,in,India,139,3,Not Guilty,Dhanda Nyoliwala,2rN8LHqK4TBI7y3d9POvJb,4YPtkgz40xC5vhLel4uX1D,https://i.scdn.co/image/ab67616d00001e02c7c855476426e5659bceb142
2026-05-31,in,India,140,30,Gaadi 150,Vikram Sarkar; THOUGHT,4naSOUBsPQeISuibs56w6Y; 5GZklBtmZD8WZsLGVbHQqC,0qNMptHdkQuZsWKxZ8rmW2,https://i.scdn.co/image/ab67616d00001e0283784ad212cbe0a5c38bcbeb
2026-05-31,in,India,141,11,"Aitbaar (From ""Chand Mera Dil"")",Sachin-Jigar; Faheem Abdullah; Amitabh Bhattacharya,1mBydYMVBECdDmMfE2sEUO; 05etL4pzWd6TSv1x5WrlG3; 2fMqTqiTxUDlmcOEPaQSsx,3UDmQ4uagWNEbN0c9vSI0j,https://i.scdn.co/image/ab67616d00001e025edae0df9c3886921add587f
2026-05-31,in,India,142,4,Rebel,Cheema Y; Gur Sidhu,0uOUeC51AxGnP6hB8gurwt; 0QntOArZgiNHoemAzwJPu5,6JHCz2iCn7Arxxx0GRBSov,https://i.scdn.co/image/ab67616d00001e02db055ba83d3809eec4c86527
2026-05-31,in,India,143,6,Moves,Shubh,5r3wPya2PpeTTsXsGhQU8O,53kcU6lCvTptLec1UXacaq,https://i.scdn.co/image/ab67616d00001e02391478367725de02c678a358
2026-05-31,in,India,144,12,Cartel,Cheema Y; Gur Sidhu,0uOUeC51AxGnP6hB8gurwt; 0QntOArZgiNHoemAzwJPu5,31NP3kpDutZWYcHAY4Vmze,https://i.scdn.co/image/ab67616d00001e02db055ba83d3809eec4c86527
2026-05-31,in,India,145,46,Raindance (feat. Tems),Dave; Tems,6Ip8FS7vWT1uKkJSweANQK; 687cZJR45JO7jhk1LHIbgq,3oTuTpF1F3A7rEC6RKsMRz,https://i.scdn.co/image/ab67616d00001e02fecaa7826bb0cbe139a8cb83
2026-05-31,in,India,146,19,Sun Saathiya,Divya Kumar; Priya Saraiya,0NErdIJtuKBjtxKmlqaWdj; 6q29t5RuXxlBuqIZsOMQss,5a2Hoi1wuhCA6Ob7pbOlpW,https://i.scdn.co/image/ab67616d00001e024634da1d297644a35619f4fc
2026-05-31,in,India,147,–,Aakh Ye Taalibaani,Manish Sonipat Aala; Bali Sharma; Vampire,5qOMhLYGpLWkX4yvBDfAxw; 3lNCYjWO527Kii9tkqg7Wc; 12QL6cy6qvkF2olxJ6GcL2,5yS0pxhp7gRtTke8YSg8q1,https://i.scdn.co/image/ab67616d00001e023969a8ae4d8a760824de8716
2026-05-31,in,India,148,10,Hamari Adhuri Kahani (Title Track),Jeet Gannguli; Arijit Singh; Rashmi Virag,2kkQthS9OLpK4UqNWYqoVl; 4YRxDV8wJFPHPTeXepOstw; 5r2baeTwcCJnuIsDIlxUJo,3HiobOOpSpMsi95WBKPBYk,https://i.scdn.co/image/ab67616d00001e02051fe40d22813af67a3391d7
2026-05-31,in,India,149,4,Ishq Di Baajiyaan,Shankar-Ehsaan-Loy; Diljit Dosanjh,0L5GV6LN8SWWUWIdBbTLTZ; 2FKWNmZWDBZR4dE5KX4plR,7AAap8D4C4pTyNoMkM9vjG,https://i.scdn.co/image/ab67616d00001e02769fdad411a4492e2f63f76e
2026-05-31,in,India,150,7,Paaro,Aditya Rikhari,3ozYqVCLohfpXIhalkhM8D,0hFkx6EoIRvNmEVXQIIJtk,https://i.scdn.co/image/ab67616d00001e020961aa2e7a0495294eb329e3
2026-05-31,in,India,151,26,Ranjheya Ve,Zain Zohaib,0M4wzwZKh9SSHkOXYNvQlP,5J9L7IbadCt0ivs9xmNrr0,https://i.scdn.co/image/ab67616d00001e029876c0fe1a80ecdd1668f886
2026-05-31,in,India,152,2,Baarishein,Anuv Jain,4gdMJYnopf2nEUcanAwstx,3WLJ7D5kh44K5eJ1NqZQ6W,https://i.scdn.co/image/ab67616d00001e02d8ca783fa570b57e082f4374
2026-05-31,in,India,153,3,Tera Hone Laga Hoon,Pritam; Atif Aslam; Alisha Chinai,1wRPtKGflJrBx9BmLsSwlU; 2oSONSC9zQ4UonDKnLqksx; 4mBxoO0pAcMbAwuTcrcLMc,0dLbrlAVPPjpPqnYfmJsWk,https://i.scdn.co/image/ab67616d00001e02a200135a2008410280695cb3
2026-05-31,in,India,154,36,Malang Sajna,Sachet Tandon; Parampara Tandon; Kumaar; Sachet-Parampara,6WOdPJmexxFINcKMkP2jMG; 1E6arsXf5Fgsnv9YpSzjpE; 0m3D4grap8VFSzbJMqgNVk; 1SyKki7JI1AZNKwgNMkn25,73K33p4Vyz9koXGqmL5eFs,https://i.scdn.co/image/ab67616d00001e02b7db9426744019889da8a856
2026-05-31,in,India,155,18,Yaari,Masoom Sharma; Rohit Lamba,36iDrP3UnCxsSH9LuSdkDj; 6yRD7Sx34bc3IxImNTGeTK,2ZxFXUnvprVMI9IXBcnnAk,https://i.scdn.co/image/ab67616d00001e02ea82c3d0453004e3f7970937
2026-05-31,in,India,156,12,Baarish,Shashaa Tirupati; Ash King,12CpR4SNDzVIlDoPSeNFeW; 1cfG7UM0OD4O1II1nd15Qo,3jnSt2tdPBUduMTRipkIBF,https://i.scdn.co/image/ab67616d00001e0298bc1bc90e3cc5deceeff408
2026-05-31,in,India,157,1,Husn,Anuv Jain,4gdMJYnopf2nEUcanAwstx,0TL0LFcwIBF5eX7arDIKxY,https://i.scdn.co/image/ab67616d00001e020d3449f333a83a25feb423f8
2026-05-31,in,India,158,25,One Love,Shubh,5r3wPya2PpeTTsXsGhQU8O,5ZLkihi6DVsHwDL3B8ym1t,https://i.scdn.co/image/ab67616d00001e02d7eb20034ff1c7b7bb3629de
2026-05-31,in,India,159,5,Labon Ko,Pritam; KK; Sayeed Quadri,1wRPtKGflJrBx9BmLsSwlU; 4fEkbug6kZzzJ8eYX6Kbbp; 2pGRniGOJSOvYoK3dGaBb8,5WncH5iZ5GFlnXm7jKEXVP,https://i.scdn.co/image/ab67616d00001e024cfe2d352da6d7910961377f
2026-05-31,in,India,160,Re-Entry,Financer,Bintu Pabra; Bamboo Beat; Pranjal Dahiya; Shiva Choudhary,74L1hcSZY4R6mo3yWNflRe; 7rgZG7aLO7ZLPZNxy08GRb; 5TF8wtgrYplT0tJFjoV9Me; 3KOSRNy74RLnTAFn0u1tmN,4mQ01BgafWwF5gDeRh9P7x,https://i.scdn.co/image/ab67616d00001e02f17b825b828c65bbbe4634d8
2026-05-31,in,India,161,41,Ishq Sufiyana (Male),Vishal-Shekhar; Kamal Khan,6Mv8GjQa7LKUGCAqa9qqdb; 01DlVvmRpQFutrYzh0HmF8,5zcfnScTSFGCHGY1yeXWke,https://i.scdn.co/image/ab67616d00001e0254ab341c139cfe4dc15d2d39
2026-05-31,in,India,162,11,"Bekhayali (From ""Kabir Singh"")",Sachet Tandon; Sachet-Parampara,6WOdPJmexxFINcKMkP2jMG; 1SyKki7JI1AZNKwgNMkn25,1feANd8EfcDP5UqSvbheM3,https://i.scdn.co/image/ab67616d00001e0290d98409f70719daa0dc0421
2026-05-31,in,India,163,9,Singari,Sai Abhyankkar; Pradeep Ranganathan; Sai Smriti; Semv.iii,5jJrJU7VVmxQQLcLAmmxXc; 5Kx2ruxFSUGdqCG7kJtet1; 139FRgoVcJ82jogPttiWcc; 2O4fDX3s0c3JQsnxabRK8o,0pxE2MKJnBMR9c0giy7v5J,https://i.scdn.co/image/ab67616d00001e02712a8e87fa2daf05e7d1ce8c
2026-05-31,in,India,164,2,Tu Jaane Na,Pritam; Atif Aslam,1wRPtKGflJrBx9BmLsSwlU; 2oSONSC9zQ4UonDKnLqksx,4iFPsNzNV7V9KJgcOX7TEO,https://i.scdn.co/image/ab67616d00001e02a200135a2008410280695cb3
2026-05-31,in,India,165,52,Soch Na Sake,Amaal Mallik; Arijit Singh; Tulsi Kumar,76fuWYgIf3TVIopTs3vaJ6; 4YRxDV8wJFPHPTeXepOstw; 0T1CMVkqffHlqEk4BcAph1,6mTvwBzWTGDOVeCNQEqtOE,https://i.scdn.co/image/ab67616d00001e026b047c1401c8c18a54e4377d
2026-05-31,in,India,166,5,O Rangrez,Shankar-Ehsaan-Loy; Shreya Ghoshal; Javed Bashir; Yusuf Mohammed; Vajid Ali,0L5GV6LN8SWWUWIdBbTLTZ; 0oOet2f43PA68X5RxKobEy; 5diMmmNkRVfgUnXJrzXzjZ; 5XWfOrZhMMjoBTKcAgtFxe; 3cXNzZYIOUpv22w4iJm42t,5JCDVLwteSXuwVqjCa7SwH,https://i.scdn.co/image/ab67616d00001e02b414911b2d52d2601220603a
2026-05-31,in,India,167,8,Aaj Se Teri,Amit Trivedi; Arijit Singh,7HCqGPJcQTyGJ2yqntbuyr; 4YRxDV8wJFPHPTeXepOstw,0EwRpK9wY6lHfcJSt82w4x,https://i.scdn.co/image/ab67616d00001e026b652c887eea91470f495eca
2026-05-31,in,India,168,8,Teri Meri Kahaani,Palak Muchhal; Manoj Yadav; Arijit Singh,3yMmYEklQ7gLOZXEFNd3xr; 0qSfAhYhb7KWEuiLuooBaE; 4YRxDV8wJFPHPTeXepOstw,0zQfcBB4obvYUrUNITmyyf,https://i.scdn.co/image/ab67616d00001e02ddb28b5aa28575745289c85a
2026-05-31,in,India,169,23,"Pal Pal Dil Ke Paas - From ""Blackmail""",Kishore Kumar,0GF4shudTAFv8ak9eWdd4Y,664I8QIKG0n14vGbRSrGYj,https://i.scdn.co/image/ab67616d00001e02a3249c6d32f69eb242c0cc46
2026-05-31,in,India,170,5,Nashe Si Chadh Gayi,Vishal-Shekhar; Arijit Singh; Caralisa Monteiro; Jaideep Sahni,6Mv8GjQa7LKUGCAqa9qqdb; 4YRxDV8wJFPHPTeXepOstw; 2Yf4MRVpt0rcAd5y5h5ph1; 5kPOMQZvgkAEnRZqwn9SYQ,0biCSADTAblvLTLtJz4pXO,https://i.scdn.co/image/ab67616d00001e02f5dc36d5000145375a41c3b8
2026-05-31,in,India,171,7,Kalank - Title Track,Pritam; Arijit Singh,1wRPtKGflJrBx9BmLsSwlU; 4YRxDV8wJFPHPTeXepOstw,7G5wpuR61ABrT7R1snos7C,https://i.scdn.co/image/ab67616d00001e029eb6c1861d8c058e7052df1e
2026-05-31,in,India,172,10,Die With A Smile,Lady Gaga; Bruno Mars,1HY2Jd0NmPuamShAr6KMms; 0du5cEVh5yTK9QJze8zA0C,7so0lgd0zP2Sbgs2d7a1SZ,https://i.scdn.co/image/ab67616d00001e02b0860cf0a98e09663c82290c
2026-05-31,in,India,173,18,Sajde,Faheem Abdullah; Huzaif Nazar,05etL4pzWd6TSv1x5WrlG3; 7bSCXFT0iT4kcgsAZ6h8Qy,4BGfzLrK6lgvKDjKSU7wrN,https://i.scdn.co/image/ab67616d00001e020de04fd2c7c3bdc0a1d765f5
2026-05-31,in,India,174,Re-Entry,Toota Jo Kabhi Tara,Sumedha Karmahe; Atif Aslam,4MEdY6uFLSNWHq4kKrDx4j; 2oSONSC9zQ4UonDKnLqksx,2xLaYf6XYIFz3tuUJjELAs,https://i.scdn.co/image/ab67616d00001e028808ea1ba2cfba519e797a14
2026-05-31,in,India,175,23,Udaarian,Satinder Sartaaj,4rgw8A5vcYinpZLDKHrEdV,3K3mo4LoxPKk18oqIC3hQC,https://i.scdn.co/image/ab67616d00001e0233dfd8d5678bed894b8a30e7
2026-05-31,in,India,176,3,Bin Tere,Vishal-Shekhar; Shafqat Amanat Ali; Sunidhi Chauhan,6Mv8GjQa7LKUGCAqa9qqdb; 5SuRAj1A9FEHj5NxS86YAm; 3eDT9fwXKuHWFvgZaaYC5v,3bZPdEskcnMdepwCaDSJRl,https://i.scdn.co/image/ab67616d00001e021992dd7b33baf5887ea4a1ec
2026-05-31,in,India,177,18,Hasi - Male Version,Ami Mishra; Kunaal Vermaa,5ugsiK49gIkIVh8U93EO0z; 52XgeWw24o4klNdfwvB0Vx,32765xcLM1fd6wQIpkN9A0,https://i.scdn.co/image/ab67616d00001e02051fe40d22813af67a3391d7
2026-05-31,in,India,178,17,"Haareya (From ""Meri Pyaari Bindu "")",Sachin-Jigar; Arijit Singh; Priya Saraiya,1mBydYMVBECdDmMfE2sEUO; 4YRxDV8wJFPHPTeXepOstw; 6q29t5RuXxlBuqIZsOMQss,678JJ0TF3KFkzw6bIFKcew,https://i.scdn.co/image/ab67616d00001e02f2607ce870ebc75e030e0224
2026-05-31,in,India,179,11,"WOW (From ""Hai Jawani Toh Ishq Hona Hai"")",Harrdy Sandhu; Tanishk Bagchi; Kiran Bajwa; Gill Machhrai,4ITkqBlf5eoVCOFwsJCnqo; 4f7KfxeHq9BiylGmyXepGt; 3qmx2CGviBi21h58nDMJcs; 4r4r2gGaA74pul0n6FiRsE,4vtF4PXXIHaw3k1z846wSn,https://i.scdn.co/image/ab67616d00001e026964d76d1a6f4e4a9715b22b
2026-05-31,in,India,180,20,O Meri Laila,Atif Aslam; Jyotica Tangri,2oSONSC9zQ4UonDKnLqksx; 5wQDQFm7Ku8WWGi5xqJ9lp,5sUSbJo0brScvv48ZZ1HrQ,https://i.scdn.co/image/ab67616d00001e02bc5ff3b3f7643c3443bf526f
2026-05-31,in,India,181,14,Raathu Raasan,Sai Abhyankkar; V.M. Mahalingam; Paal Dabba; Vivek,5jJrJU7VVmxQQLcLAmmxXc; 6mHtkNCvRoFV9XMzvjSF1u; 0cQJg3qKYiogK9Qj1H0Qpx; 25Pa1Vz1ZuTHmXPiYeMcgx,3x5kHjT5YrxaiC9wOm6nxU,https://i.scdn.co/image/ab67616d00001e0296692a4abb1d828ca444db71
2026-05-31,in,India,182,2,Banjaara,Mohammed Irfan; Mithoon,6QtJ6BVdj43aDpgjnVp2tY; 09UmIX92EUH9hAK4bxvHx6,4eFnk661RcdOuH9ajiTO3j,https://i.scdn.co/image/ab67616d00001e02a2ef89ae0f8d1848081c1449
2026-05-31,in,India,183,6,Tere Bina Na Guzara E,Josh Brar; Kinza Hashmi,6SWmwFBXIsxhIx5XPkYo0a; 2Up4MLmBYIJV36ymeT44TF,0NXnuTqFQHDsbEIoKIAVCN,https://i.scdn.co/image/ab67616d00001e02baaddc70740b22a370ca977f
2026-05-31,in,India,184,10,Guzarish,A.R. Rahman; Javed Ali; Prasoon Joshi,1mYsTxnqsietFxj1OgoGbG; 4W91bbPB2CTSsHwt7eqNl7; 0e7Xsukwik0zDaqCcSvJTg,2MvCNH9ua0CeOgUQfZf56z,https://i.scdn.co/image/ab67616d00001e025b7ba7da308af447f48b9943
2026-05-31,in,India,185,3,"Channa Ve - From ""Bhoot - Part One: The Haunted Ship""",Akhil Sachdeva; Mansheel Gujral,3TOhzLRYnkkul71yRBxIoM; 7zfceKY7I04Tc0J2o7043h,2Z6HgNji9cNlFLNORw6wDQ,https://i.scdn.co/image/ab67616d00001e02d3c06cabe1f80f26d369c5ba
2026-05-31,in,India,186,30,"Kabhi Jo Baadal Barse (From ""Jackpot)",Arijit Singh,4YRxDV8wJFPHPTeXepOstw,2dOWkdPfiT9SU2Wm734Rh6,https://i.scdn.co/image/ab67616d00001e022d2263486e48ab1b41ae2466
2026-05-31,in,India,187,6,Madam Ji,Masoom Sharma; Rekha Goswami; Amar Karnawal,36iDrP3UnCxsSH9LuSdkDj; 1jVoT8RHZh4P4vTvuxJntR; 6DAbqsPFnfdjW7qUtVW7wS,3Iv9OUb4Oif9Cl0ZFMCky0,https://i.scdn.co/image/ab67616d00001e02e24f57fcb4effa1e787abd4f
2026-05-31,in,India,188,11,Inaam (Ft. Badshah),Jasleen Royal; Badshah; Ansh Chahal,74OaRjmyh0XyRZsQQQ5l7c; 0y59o4v8uw5crbN9M3JiL1; 2vaV6Tzkkt5r8OUpyAYzpz,5haZbtveqI9v1svcc5IDx6,https://i.scdn.co/image/ab67616d00001e02974c87c4d1b73970e0f45f70
2026-05-31,in,India,189,2,Dil Kaa Jo Haal Hai,Abhijeet; Shreya Ghoshal,2ZRrPOjBIWoKK5rHedLijj; 0oOet2f43PA68X5RxKobEy,3IZhkhpuGU7iNWDcQ30nZm,https://i.scdn.co/image/ab67616d00001e022cc631c765d83b108791012e
2026-05-31,in,India,190,5,Sailor Song,Gigi Perez,1iCnM8foFssWlPRLfAbIwo,21IYMdzTrzSe191Cy5eMap,https://i.scdn.co/image/ab67616d00001e0249c26270052e1671add569c1
2026-05-31,in,India,191,Re-Entry,Chaleya,Anirudh Ravichander; Arijit Singh; Shilpa Rao; Kumaar,4zCH9qm4R2DADamUHMCa6O; 4YRxDV8wJFPHPTeXepOstw; 19LIHDDSHBD5NyYHI3gpzB; 0m3D4grap8VFSzbJMqgNVk,3xMHXmedL5Rvfxmiar9Ryv,https://i.scdn.co/image/ab67616d00001e02e452a6e11147f3e56aee6f5b
2026-05-31,in,India,192,6,"Tum Tak (From ""Raanjhanaa"")",A.R. Rahman; Javed Ali; KIRTI SAGATHIA; Pooja AV,1mYsTxnqsietFxj1OgoGbG; 4W91bbPB2CTSsHwt7eqNl7; 42lH1BZdeeLF5LW02tpKgB; 1Ju3SIITQWtyT3SOnONE40,1wnozUBSe7OMpmZiTPJC5j,https://i.scdn.co/image/ab67616d00001e020c556f210b927ca230f32241
2026-05-31,in,India,193,5,Afghan Jalebi (Film Version),Pritam; Akhtar Chinnal,1wRPtKGflJrBx9BmLsSwlU; 0rCstvhcy1BZyDomzN0YPE,1rEVydQSe04NJUqyyEyeEq,https://i.scdn.co/image/ab67616d00001e027037561f1e7a2c5ff3cd0a38
2026-05-31,in,India,194,3,"Tu Hain Toh (From ""Mr. And Mrs. Mahi"")",Bunny; Hunny; Sagar,0Or6EukLg1g2fTl08fPz2o; 3VkiCR2nuvfucpvFXdSVtx; 1uY9B9QroF5K8wPyeEO1QN,6egfWbtFFhMToV2DvmEzmo,https://i.scdn.co/image/ab67616d00001e029c5e3a8b63998aa730bb0fbf
2026-05-31,in,India,195,Re-Entry,Bulleya,Vishal-Shekhar; Papon; Irshad Kamil,6Mv8GjQa7LKUGCAqa9qqdb; 2FPwX3Gh0w4Qr1v3zSTtcT; 3GdSQUH1BRtl9UrrtuwJlP,3tgdOveYac7YMEAQD9sGLf,https://i.scdn.co/image/ab67616d00001e02b2abfd2439b6c23c3664df87
2026-05-31,in,India,196,Re-Entry,Deewane,Navaan Sandhu; Bir; Daaku,6PdJJhJWHFRtoERTQ8JGq1; 3R1penrqtuKNTeWABjKT5N; 0Gk0DXsojuXvKXROsCbO0e,0S4PcH3EYQYIeLs6nLOpF1,https://i.scdn.co/image/ab67616d00001e02dc037345b1f3908273425840
2026-05-31,in,India,197,2,Phir Bhi Tumko Chaahunga,Mithoon; Manoj Muntashir; Arijit Singh; Shashaa Tirupati,09UmIX92EUH9hAK4bxvHx6; 4cAERazLlAzVGA10ORWaUP; 4YRxDV8wJFPHPTeXepOstw; 12CpR4SNDzVIlDoPSeNFeW,1fcCPXmH4vUzG6UQTTjZp5,https://i.scdn.co/image/ab67616d00001e02627b5b17cb48f6e6956b842e
2026-05-31,in,India,198,50,Galliyan,Ankit Tiwari; Manoj Muntashir,0E02VcvA5p1ndkLdqWD5JB; 4cAERazLlAzVGA10ORWaUP,3ySVdXje5nm31d7vL3jNV3,https://i.scdn.co/image/ab67616d00001e02a2ef89ae0f8d1848081c1449
2026-05-31,in,India,199,Re-Entry,LAAVAN,Jasmine Sandlas; Mofusion,0mJDQBWytBhOh5JB1DOQ1c; 3JXcjiMGfbPsp7deM1JYIv,0RWLe6Dx5cWyPuB1sw6eWf,https://i.scdn.co/image/ab67616d00001e0285b1cf1e8e5879a440eecf1f
2026-05-31,in,India,200,Re-Entry,"Tere Bin (From ""Simmba"")",Rahat Fateh Ali Khan; Asees Kaur; Tanishk Bagchi,3OLGltG8UPIea8sA4w0yg0; 1sVmXkzX2ukc6QvasrDBES; 4f7KfxeHq9BiylGmyXepGt,4f5kLqyOJ5ZPnalEVMQrB2,https://i.scdn.co/image/ab67616d00001e02a44243531404997d687bb415
2026-05-31,vn,Vietnam,1,–,Come My Way,Sơn Tùng M-TP; Tyga,5dfZ5uSmzR7VQK0udbAVpf; 5LHRHt1k9lMyONurDHEdrp,7326q9PcJDcKuAFcrSkN0t,https://i.scdn.co/image/ab67616d00001e0233611054891dd00dd8c86fa4
2026-05-31,vn,Vietnam,2,–,Seven (feat. Latto) (Explicit Ver.),Jung Kook; Latto,6HaGTQPmzraVmaVxvz6EUc; 3MdXrJWsbVzdn6fe5JYkSQ,2HRgqmZQC0MC7GeNuDIXHN,https://i.scdn.co/image/ab67616d00001e02741fd4807f442af3f7359316
2026-05-31,vn,Vietnam,3,–,SWIM,BTS,3Nrfpe0tUJi4K4DXYWgMUX,68lbSrXDORS51pmyjZv712,https://i.scdn.co/image/ab67616d00001e02dfa17fad7f190c901603270e
2026-05-31,vn,Vietnam,4,–,Em (feat. SOOBIN),Binz; SOOBIN,2nSO7JYDbJrYbJmP39qUzj; 6CGGvCBHWqQ4HXtn5aLhbh,0a32EBPjqAe47cYDPE5Ia5,https://i.scdn.co/image/ab67616d00001e02113b4bb24fa0898ce579d19c
2026-05-31,vn,Vietnam,5,–,Không Buông,Hngle; Ari,7kBsX15IDun9YxuVmKCMYJ; 6cV92JqHZPWNfa7T4oAvR9,1ApIGNgp1azc0qB61x4GzG,https://i.scdn.co/image/ab67616d00001e028e2436033be92c06e4afee32
2026-05-31,vn,Vietnam,6,2,In Love,Low G; JustaTee,6TITnFVRcl0AcZ4syE7Toe; 3rjcQ5VIWCN4q7UFetzdeO,7uUuftbcr94tzGOCJSM25u,https://i.scdn.co/image/ab67616d00001e0223cf61113b6f831989e68725
2026-05-31,vn,Vietnam,7,–,Standing Next to You,Jung Kook,6HaGTQPmzraVmaVxvz6EUc,2KslE17cAJNHTsI2MI0jb2,https://i.scdn.co/image/ab67616d00001e02741fd4807f442af3f7359316
2026-05-31,vn,Vietnam,8,2,Người Im Lặng Gặp Người Hay Nói,HIEUTHUHAI,5HZtdKfC4xU0wvhEyYDWiY,5xVCfx47vCXuLdpfbepqEo,https://i.scdn.co/image/ab67616d00001e029786a600b159da21312fb356
2026-05-31,vn,Vietnam,9,–,dự báo thời tiết hôm nay mưa,GREY D,6d0dLenjy5CnR5ZMn2agiV,7bFFUPBiF15n8m8RziqS4o,https://i.scdn.co/image/ab67616d00001e0212a6bd687aec4105bc06fcdf
2026-05-31,vn,Vietnam,10,–,She Neva Knows,JustaTee,3rjcQ5VIWCN4q7UFetzdeO,0NyrI1tMvqcK3vU5z9DMdI,https://i.scdn.co/image/ab67616d00001e023ecc6ca902daf3617c75d336
2026-05-31,vn,Vietnam,11,3,Âm Thầm Bên Em,Sơn Tùng M-TP,5dfZ5uSmzR7VQK0udbAVpf,2wZAvkgiOE5tyrnqhB69KA,https://i.scdn.co/image/ab67616d00001e02794744c57c9f35db88249842
2026-05-31,vn,Vietnam,12,1,Ngày Rời Chuyến Bay,Minh Huy; Pinny,5zT1Ku9mzzl6RW5y4z0hUK; 3qkLndunlLATOqHJeefh7J,73RcFjiDtStfP3GCW44vJu,https://i.scdn.co/image/ab67616d00001e026710f4e7e1be806c3e31a67d
2026-05-31,vn,Vietnam,13,Re-Entry,Who,Jimin,1oSPZhvZMIrWW5I41kPkkY,7tI8dRuH2Yc6RuoTjxo4dU,https://i.scdn.co/image/ab67616d00001e02f02c451189a709b9a952aaec
2026-05-31,vn,Vietnam,14,2,Exit Sign,HIEUTHUHAI; marzuz,5HZtdKfC4xU0wvhEyYDWiY; 3y6Lfjkrdn5TgkbgDxbpvM,4nXrVH5xwN1w6TpmP7uu8n,https://i.scdn.co/image/ab67616d00001e02c006b0181a3846c1c63e178f
2026-05-31,vn,Vietnam,15,–,Nơi Này Có Anh,Sơn Tùng M-TP,5dfZ5uSmzR7VQK0udbAVpf,5rSAUmbOg4giDrM29vUyHe,https://i.scdn.co/image/ab67616d00001e02794744c57c9f35db88249842
2026-05-31,vn,Vietnam,16,3,Và Thế Giới Đã Mất Đi Một Người Cô Đơn,marzuz; Changg,3y6Lfjkrdn5TgkbgDxbpvM; 1nX1HVIUo1Zfs3e2v3lFb9,6Qwl74olNi1rl65FNxG5We,https://i.scdn.co/image/ab67616d00001e02634fee188263a0d6bd8d822d
2026-05-31,vn,Vietnam,17,22,Đừng Làm Trái Tim Anh Đau,Sơn Tùng M-TP,5dfZ5uSmzR7VQK0udbAVpf,31VNCmwspR7nVJ6kruUuJt,https://i.scdn.co/image/ab67616d00001e02a1bc26cdd8eecd89da3adc39
2026-05-31,vn,Vietnam,18,2,vết thương,Fishy,7kSmS2G15QIw8rllwGex9r,6mKMGpkgP2cH5gmqILWe7b,https://i.scdn.co/image/ab67616d00001e02cb2a3066584a339e09508520
2026-05-31,vn,Vietnam,19,6,Em,Binz,2nSO7JYDbJrYbJmP39qUzj,1UhQ0VwKq2PGnLiAZOJYV1,https://i.scdn.co/image/ab67616d00001e029b837a5dd78092c5940f51ff
2026-05-31,vn,Vietnam,20,3,Nếu Ngày Ấy,SOOBIN,6CGGvCBHWqQ4HXtn5aLhbh,4BdB08vuS9r4HOoY7GkAxT,https://i.scdn.co/image/ab67616d00001e0294bae292aed83118570ea86a
2026-05-31,vn,Vietnam,21,2,Chuyện Đôi Ta (feat. Muộii),Emcee L (Da LAB); Da LAB; Muộii (Starry Night),4bPYvyUn1mWwUwIW57oST2; 6zUWZmyi5MLOEynQ5wCI5f; 1Tdy7LZnrufTyuEbgDi1D8,4CUvVaAYuXtvYURLFz7EIL,https://i.scdn.co/image/ab67616d00001e02a400211178f6d590d875f2da
2026-05-31,vn,Vietnam,22,2,Vùng An Toàn,B Ray; V#,1WvNgEoB66jmHodcj15Zi9; 3XevJv2rTKu5WYtD0LW6om,6Zoi4ue74UdUeYmHXItXnf,https://i.scdn.co/image/ab67616d00001e024e1566cecfa3c836f48f80f6
2026-05-31,vn,Vietnam,23,5,Đã Lỡ Yêu Em Nhiều,JustaTee,3rjcQ5VIWCN4q7UFetzdeO,3J3nv18iIrOhca1ZWNeuyW,https://i.scdn.co/image/ab67616d00001e02636bd3e9f31e1ea1e7bb389e
2026-05-31,vn,Vietnam,24,–,Mơ,Vũ Cát Tường,7yquVKfxBuNFJbG9cy2R8A,2a5hng9yXtbjtTVVm9UviC,https://i.scdn.co/image/ab67616d00001e028b40ad72aa86e76099297d7b
2026-05-31,vn,Vietnam,25,1,Yêu Một Người Có Lẽ,Lou Hoàng; Miu Lê,75Ki5hBCOpDtKGoFyTvLxP; 4e5LAUvM35jleGg8gElTsP,2o4dDfLK6NVI7TjBm5VoMv,https://i.scdn.co/image/ab67616d00001e02d28b4546b16fc8e0000f277e
2026-05-31,vn,Vietnam,26,7,REDRED,CORTIS,1ebt9HnXdyYA6KgLXr1n4P,2fCwv2ppU5nTRTckomIGsd,https://i.scdn.co/image/ab67616d00001e0224ace1518851b27e9983f739
2026-05-31,vn,Vietnam,27,6,2AM,JustaTee; BigDaddy,2ZN2K5xz3BDmfWYaA5dgce; 3Tehj7YghQc7zH0I1faGc6,3DLtPObflLQBodZN8qGODT,https://i.scdn.co/image/ab67616d00001e020b97a73cab024885e9819a9e
2026-05-31,vn,Vietnam,28,3,Thằng Điên,JustaTee; Phương Ly,3rjcQ5VIWCN4q7UFetzdeO; 5Kh0ta0UY4uJ4g2CIdq9V9,27Z9T0mSWHYWSj9SNOGvyt,https://i.scdn.co/image/ab67616d00001e0202dc41ad81138aa3c53d2b98
2026-05-31,vn,Vietnam,29,5,Vì Anh Đâu Có Biết,Madihu; Vũ.,1OIYKbmhG0RxPXvVPNj3NN; 57g2v7gJZepcwsuwssIfZs,6VXVYATpQXEIoZ97NnWCmn,https://i.scdn.co/image/ab67616d00001e022461003df8139247949c8a9d
2026-05-31,vn,Vietnam,30,2,Thức Giấc,Da LAB,6zUWZmyi5MLOEynQ5wCI5f,1MiJk3dXC5jzhvLFP0dUM7,https://i.scdn.co/image/ab67616d00001e02fea8333dc89ceb644766ab5b
2026-05-31,vn,Vietnam,31,7,Từng Ngày Yêu Em,buitruonglinh,7Cp2hGcriAaDUAWpXnSEwm,3Ids3RXurYBgySph53qWnB,https://i.scdn.co/image/ab67616d00001e02fe0cbef064f18008462d29ef
2026-05-31,vn,Vietnam,32,24,Buông Đôi Tay Nhau Ra,Sơn Tùng M-TP,5dfZ5uSmzR7VQK0udbAVpf,3P3rcI48wwVEgxF5vPM6pG,https://i.scdn.co/image/ab67616d00001e02794744c57c9f35db88249842
2026-05-31,vn,Vietnam,33,4,Từng Là Của Nhau,Bảo Anh; Táo,4fCHhderLwLacsIOIKgu3J; 23xCr75lKvnFvKi8ImHE7S,5KYv3kORBKUmVEoqbRRWxt,https://i.scdn.co/image/ab67616d00001e0267e926bba0c1032a8414fc8c
2026-05-31,vn,Vietnam,34,2,Vết Mưa,Vũ Cát Tường,7yquVKfxBuNFJbG9cy2R8A,5cn5oHiXJTLiuthgbgfkMh,https://i.scdn.co/image/ab67616d00001e024992bf290fe8c9f82a0e66e4
2026-05-31,vn,Vietnam,35,14,bình yên,Vũ.; Binz,57g2v7gJZepcwsuwssIfZs; 2nSO7JYDbJrYbJmP39qUzj,41DlPJXKTCypXdf2eSqa03,https://i.scdn.co/image/ab67616d00001e026f76636916ae7d5d930b1656
2026-05-31,vn,Vietnam,36,8,Không Thể Say,HIEUTHUHAI,5HZtdKfC4xU0wvhEyYDWiY,1K0HQ30Wc11okzlcnFA7Ub,https://i.scdn.co/image/ab67616d00001e02c006b0181a3846c1c63e178f
2026-05-31,vn,Vietnam,37,22,Chúng Ta Của Hiện Tại,Sơn Tùng M-TP,5dfZ5uSmzR7VQK0udbAVpf,1J3SmWwlYAG68LGKr86MVH,https://i.scdn.co/image/ab67616d00001e022cd9649ea111a552283f0165
2026-05-31,vn,Vietnam,38,32,Muộn Rồi Mà Sao Còn,Sơn Tùng M-TP,5dfZ5uSmzR7VQK0udbAVpf,4vfhartd7HDWGJbdVIycEu,https://i.scdn.co/image/ab67616d00001e020121ea113166222d5c743e2e
2026-05-31,vn,Vietnam,39,17,Ai Ngoài Anh,VSTRA; Tyronee,2aMo0CYbTieTisS0BlWc59; 04xz9bIBYTIqEpmRvQkfvu,6GM4ZOBDcDroldUxI8GZ2B,https://i.scdn.co/image/ab67616d00001e021e3ae4d328b0937f13e52c9f
2026-05-31,vn,Vietnam,40,13,Nếu (feat. Obito),Binz; Obito,2nSO7JYDbJrYbJmP39qUzj; 0ZbgKh0FgPYeFP38nVaEGp,102XJmW0OH1WATZMW9avu2,https://i.scdn.co/image/ab67616d00001e02113b4bb24fa0898ce579d19c
2026-05-31,vn,Vietnam,41,2,DANCING IN THE DARK,SOOBIN,6CGGvCBHWqQ4HXtn5aLhbh,3x7Hh3zsE1wcXCU2G8l5tP,https://i.scdn.co/image/ab67616d00001e026633cc43560566dbdaa38d99
2026-05-31,vn,Vietnam,42,7,chẳng phải tình đầu sao đau đến thế,MIN; Dangrangto; antransax,0IdAjS2LRieBR3gzoazdAw; 5xY6E5PMZNtz9jDvxTRiGI; 3E3VtUZsU5Ci439SjOdCd0,3T7XHOdRcyhKU3QCB6kZG3,https://i.scdn.co/image/ab67616d00001e02e1b3669f2b8eba5bb7b10b3b
2026-05-31,vn,Vietnam,43,3,hoá ra…,GREY D,6d0dLenjy5CnR5ZMn2agiV,42AOwjuMmIN1ioyyWB60Lw,https://i.scdn.co/image/ab67616d00001e02232febcafd911a1addb774ae
2026-05-31,vn,Vietnam,44,4,Cho Con (Lullaby pt.2),B Ray,1WvNgEoB66jmHodcj15Zi9,71luUs5K7N1fdf7ecMKg04,https://i.scdn.co/image/ab67616d00001e024a288466c3a2dcc310eb0fa3
2026-05-31,vn,Vietnam,45,9,Bạn Đời,Karik; GDucky,2Bwp23pD4UVsSkchHDZw4F; 3T3DOlgOEkr243zdzFCrXW,0fGJiHH6xSUJU1MAVjxq5m,https://i.scdn.co/image/ab67616d00001e02b37fa6ada1fe1a79194db5a0
2026-05-31,vn,Vietnam,46,3,Wrong Times,Puppy; Dangrangto,2dC1IBU9NOD9xsQJ5RE7j7; 5xY6E5PMZNtz9jDvxTRiGI,6n2xOcqQrNOY0IfgATSwWs,https://i.scdn.co/image/ab67616d00001e02566178ff844ca2b57f959374
2026-05-31,vn,Vietnam,47,6,hate that i made you love me,Ariana Grande,66CXWjxzNUsdJxJ2JdwvnR,20jbSiX29FDX4oQxBXyUEi,https://i.scdn.co/image/ab67616d00001e02b622d42c30697e1e1414343c
2026-05-31,vn,Vietnam,48,1,Phép Màu - Đàn Cá Gỗ Original Soundtrack,MAYDAYs; Minh Tốc & Lam,2iYUs3FoNodbZXKf4mkjGM; 27RoKwun6jKycKbH2iYUFU,1DVYafsLmcQySKkJnY4RCs,https://i.scdn.co/image/ab67616d00001e02c51258e41841d5b0365054e7
2026-05-31,vn,Vietnam,49,19,"ex's hate me, Pt.2",AMEE,2aQnC3DbZB9GbauvhAw7ve,5tdz7T4hTxA1ipJMBe24uX,https://i.scdn.co/image/ab67616d00001e02819219f4ea0ad1e11cb78411
2026-05-31,vn,Vietnam,50,11,một đời,14 Casper; Bon Nghiêm; buitruonglinh,0zo8kCJVktn7oPnzpkbC2p; 6hnfLIkvDl6pjlAe1YRGXY; 7Cp2hGcriAaDUAWpXnSEwm,4gaxEUZE4z9pJAVTSFwgQI,https://i.scdn.co/image/ab67616d00001e0270cb943c9a67b7eda3414366
2026-05-31,vn,Vietnam,51,–,Sinh Ra Đã Là Thứ Đối Lập Nhau (feat. Badbies),Emcee L (Da LAB); Da LAB; Badbies,4bPYvyUn1mWwUwIW57oST2; 6zUWZmyi5MLOEynQ5wCI5f; 2ZjO6APYelcHcLd2pWMx8x,5BTzf3doGTigDIYUFtbkI9,https://i.scdn.co/image/ab67616d00001e02d6ebd978c7c460eaf3f75f85
2026-05-31,vn,Vietnam,52,7,Dạo Bước Hông Kông 1999（漫步香港1999）,NHONHO,041DA9FPVMgbwaE8XuAM8m,11T61UpoNbbcewOMl1kcWN,https://i.scdn.co/image/ab67616d00001e0256968d495e4ab78a59183fe2
2026-05-31,vn,Vietnam,53,1,Nếu Những Tiếc Nuối,Vũ.,57g2v7gJZepcwsuwssIfZs,2dPJtlvoa3GDowCh035M8P,https://i.scdn.co/image/ab67616d00001e026f76636916ae7d5d930b1656
2026-05-31,vn,Vietnam,54,17,Cảm Ơn Người Đã Thức Cùng Tôi,Phùng Khánh Linh; 30 Pictures,23Gbd21nBxC1kCtcG2Cd0C; 4fuBxSAuP6X7YxDZYVaLsz,0t8g66pWghsU8MphjUQIdg,https://i.scdn.co/image/ab67616d00001e02e292ad3d0b2c9439981132e5
2026-05-31,vn,Vietnam,55,13,Có Em,Madihu; Low G,1OIYKbmhG0RxPXvVPNj3NN; 6TITnFVRcl0AcZ4syE7Toe,6Hs2xIgB8nzyGFDvVA8lFa,https://i.scdn.co/image/ab67616d00001e02556e7b75fb148c696f99a709
2026-05-31,vn,Vietnam,56,8,Nắng có mang em về,Shartnuss; Phankeo; Tr.D,2BoU3GzyaG397l5ci1twa9; 2rv0GwxSEWKhz54nLluNhK; 6jiITlNS4hrm3dq90ZDftJ,6nInHlewtrNKguNKlXt0Ur,https://i.scdn.co/image/ab67616d00001e029e8842387d1017cf5581c4cc
2026-05-31,vn,Vietnam,57,1,giá như,SOOBIN,6CGGvCBHWqQ4HXtn5aLhbh,58ZlEBxBrzISXtmcOPo476,https://i.scdn.co/image/ab67616d00001e026633cc43560566dbdaa38d99
2026-05-31,vn,Vietnam,58,4,Hững Hờ,Binz,2nSO7JYDbJrYbJmP39qUzj,6CygbhaDoDGTlRq8LiEwpt,https://i.scdn.co/image/ab67616d00001e02113b4bb24fa0898ce579d19c
2026-05-31,vn,Vietnam,59,6,vaicaunoicokhiennguoithaydoi,GREY D; tlinh,6d0dLenjy5CnR5ZMn2agiV; 3diftVOq7aEIebXKkC34oR,25h0TqC9H3BcMA7KjK5nHK,https://i.scdn.co/image/ab67616d00001e0294df376aa7f0890380ea4688
2026-05-31,vn,Vietnam,60,12,NGƯỜI NHƯ ANH XỨNG ĐÁNG CÔ ĐƠN - KHÔNG ĐAU NỮA RỒI,Vũ Cát Tường; Negav; Jey B; Ngô Kiến Huy,7yquVKfxBuNFJbG9cy2R8A; 4fg8aMZ23d2bxKz7r2vt9v; 4nxHXVJhEDW8IBb2oUwWxA; 7at0gkjCnhOBrxwQlJPJ4s,6ag0c7tBr3PIqPb00C2rK4,https://i.scdn.co/image/ab67616d00001e02d3d0d8c5e50cbb05b2d2e6b2
2026-05-31,vn,Vietnam,61,11,Dạo Này,Obito,0ZbgKh0FgPYeFP38nVaEGp,4MCP9l0QB9YN2LCkIy8mz4,https://i.scdn.co/image/ab67616d00001e025ec4c60ff0fc01236d2653b0
2026-05-31,vn,Vietnam,62,5,có hẹn với thanh xuân,MONSTAR; GREY D; VƯƠNG BÌNH,2CLdtsyD2NsTOBBOVr7fi8; 6d0dLenjy5CnR5ZMn2agiV; 351mBX7BjjI2plbfozIzqb,54UNNgtE3zzERwTuWSQLqd,https://i.scdn.co/image/ab67616d00001e029f62ee847bc8904b5c2d2343
2026-05-31,vn,Vietnam,63,9,Beauty And A Beat,Justin Bieber; Nicki Minaj,1uNFoZAHBGtllmzznpCI3s; 0hCNtLu0JehylgoiP8L4Gh,6QFCMUUq1T2Vf5sFUXcuQ7,https://i.scdn.co/image/ab67616d00001e02f1d02a6cec967f8b6b78f76e
2026-05-31,vn,Vietnam,64,2,Earrings,Malcolm Todd,7eKkW1zo5uzW8kUntiiBvz,0eAuGrXyGFYwur9ARUe7LJ,https://i.scdn.co/image/ab67616d00001e022c1f34ecc1929fb59908aad1
2026-05-31,vn,Vietnam,65,14,Anh Đã Quen Với Cô Đơn,SOOBIN,6CGGvCBHWqQ4HXtn5aLhbh,39KWnPNEvbXt423CzjvBfA,https://i.scdn.co/image/ab67616d00001e022922307c16bb852a0849bea0
2026-05-31,vn,Vietnam,66,10,10 Ngàn Năm,PC,3HD3V1nGFPwepBO7064Ij0,2pm7K14nHj2fLrpU8j9bit,https://i.scdn.co/image/ab67616d00001e0273af43a330332f0ad89d160b
2026-05-31,vn,Vietnam,67,6,Em Đừng Khóc,Chillies,2xvW7dgL1640K8exTcRMS4,0JKEP4dB1riE6l7Kq5kJm1,https://i.scdn.co/image/ab67616d00001e02e8a6054b92e9c63bbf5ff205
2026-05-31,vn,Vietnam,68,7,Em Còn Nhớ Anh Không - Remastered,Hoàng Tôn; Koo,6xRZoWlE9twEkMC5NW4Z9f; 19JOXyTbKnSp1QxnKEeXtq,7q1qYSyRkGT4ZaCc2ZQihP,https://i.scdn.co/image/ab67616d00001e020f51ab4082005cad23ea985f
2026-05-31,vn,Vietnam,69,6,24H,Lyly; Magazine,4POahBr8YCPNKGErIiofyx; 6sMgWEav2BrXWMRmP56oRS,4UC3NBjtqbYcqPqRq1s57D,https://i.scdn.co/image/ab67616d00001e02fa10ce68802568a9f53ecb8a
2026-05-31,vn,Vietnam,70,12,Chúng Ta Không Thuộc Về Nhau,Sơn Tùng M-TP,5dfZ5uSmzR7VQK0udbAVpf,7bn8ckDTI4EQIKZ6jRL4K0,https://i.scdn.co/image/ab67616d00001e02794744c57c9f35db88249842
2026-05-31,vn,Vietnam,71,4,Có Đôi Điều,Shiki,3hRnvEdu1iPyB6EzMBbuZq,2Pwou3Q2Cf59RxdX2V6MgV,https://i.scdn.co/image/ab67616d00001e023d8f5ef4ca6a5d6a22af538a
2026-05-31,vn,Vietnam,72,17,nếu lúc đó,tlinh; 2Pillz,3diftVOq7aEIebXKkC34oR; 0XtC2d9ZVigYA7iMy5YkW0,5ouxRyInSdRBQubu3KTd97,https://i.scdn.co/image/ab67616d00001e02484c56addba0e4dad8be48c9
2026-05-31,vn,Vietnam,73,40,Chắc Ai Đó Sẽ Về,Sơn Tùng M-TP,5dfZ5uSmzR7VQK0udbAVpf,527UV7H9SbnmTVkxBVg56X,https://i.scdn.co/image/ab67616d00001e02794744c57c9f35db88249842
2026-05-31,vn,Vietnam,74,6,Không Yêu Em Thì Yêu Ai?,Vũ.; Low G,57g2v7gJZepcwsuwssIfZs; 6TITnFVRcl0AcZ4syE7Toe,0e6fZkLArSmDIHnZcIua7t,https://i.scdn.co/image/ab67616d00001e026f76636916ae7d5d930b1656
2026-05-31,vn,Vietnam,75,25,NGƯỜI NHƯ ANH XỨNG ĐÁNG CÔ ĐƠN,"ANH TRAI ""SAY HI""; Vũ Cát Tường; Karik; Negav; Ngô Kiến Huy; Jey B",4wZ6awunqaaVLl5j0WpDFu; 7yquVKfxBuNFJbG9cy2R8A; 2Bwp23pD4UVsSkchHDZw4F; 4fg8aMZ23d2bxKz7r2vt9v; 7at0gkjCnhOBrxwQlJPJ4s; 4nxHXVJhEDW8IBb2oUwWxA,5u5AsK8JLgkr154QHZjJqh,https://i.scdn.co/image/ab67616d00001e02d33346ad3d2ae52cb3427f4b
2026-05-31,vn,Vietnam,76,1,tình yêu chậm trễ,MONSTAR; GREY D; NICKY; VƯƠNG BÌNH,2CLdtsyD2NsTOBBOVr7fi8; 6d0dLenjy5CnR5ZMn2agiV; 006RBJU7ScwRg9eouP4kJw; 351mBX7BjjI2plbfozIzqb,6jcLKVmEKAQIXIVHJZ8vzS,https://i.scdn.co/image/ab67616d00001e029f62ee847bc8904b5c2d2343
2026-05-31,vn,Vietnam,77,3,Ngàn Năm Ánh Sáng,Đặng Vĩnh Thịnh; BMZ; Nguyễn Trung Đức,5HoKHEC3OTaMgMDnCqc00B; 3euFcFd5Dc7JAz6t7oKg7m; 0AOAMHZgHaxM71om8IDGsv,4nyoalDFgUaZOzIKqj3aS5,https://i.scdn.co/image/ab67616d00001e023208189a3af9c86777447120
2026-05-31,vn,Vietnam,78,34,Nắng Ấm Xa Dần,Sơn Tùng M-TP,5dfZ5uSmzR7VQK0udbAVpf,4SqE2XLtd1AfppGm2xlkf4,https://i.scdn.co/image/ab67616d00001e02794744c57c9f35db88249842
2026-05-31,vn,Vietnam,79,14,An Thần,Low G; Thắng,6TITnFVRcl0AcZ4syE7Toe; 1oD9fKbb7qQ2nhn9JJC24F,5C3fx9rdM4Bxf1MSOQC4Ym,https://i.scdn.co/image/ab67616d00001e02c8d355355c2c62b74b0809e4
2026-05-31,vn,Vietnam,80,20,LEMONADE,aespa,6YVMFz59CuY7ngCxTxjpxE,7a3iH9vM5Z58GqOMqXBU1M,https://i.scdn.co/image/ab67616d00001e025f0171c63cceb32ccff8b9a9
2026-05-31,vn,Vietnam,81,3,Không Thời Gian,Dương Domic,4KPyQxL1zqEiBcTwW6c9HE,4QalnBNnw9uK1dj543nf76,https://i.scdn.co/image/ab67616d00001e02d7c28617d440ee3430c5bf48
2026-05-31,vn,Vietnam,82,13,A Little Dream Of Me,Công Dương; Nguyễn Lâm Thảo Tâm; 30 Pictures,7rpD9lGecstoaVj2vGXUex; 5YG0ioEAI3lSqkJqAP2bDO; 4fuBxSAuP6X7YxDZYVaLsz,66v7AvDs5gZfmkJgFMMtHL,https://i.scdn.co/image/ab67616d00001e02fdf13f949241aff6ff3e714f
2026-05-31,vn,Vietnam,83,30,Hẹn Lần Sau,MAYDAYs,2iYUs3FoNodbZXKf4mkjGM,1r9gNSD1WUFscqTSA2Rcet,https://i.scdn.co/image/ab67616d00001e02304b7adea4c0e548121784e6
2026-05-31,vn,Vietnam,84,38,Người Đầu Tiên,Juky San; buitruonglinh,51wGpVg4Z3lv1IjuZAQjXn; 7Cp2hGcriAaDUAWpXnSEwm,3dbfL7nHOZlM4adzLHNnB3,https://i.scdn.co/image/ab67616d00001e029b8f9d96ac892ebf1ad3cc56
2026-05-31,vn,Vietnam,85,14,Giờ Thì,buitruonglinh,7Cp2hGcriAaDUAWpXnSEwm,7mblTCdc14ylJ1JW71MODb,https://i.scdn.co/image/ab67616d00001e02fe0cbef064f18008462d29ef
2026-05-31,vn,Vietnam,86,10,3D (feat. Jack Harlow),Jung Kook; Jack Harlow,6HaGTQPmzraVmaVxvz6EUc; 2LIk90788K0zvyj2JJVwkJ,01qFKNWq73UfEslI0GvumE,https://i.scdn.co/image/ab67616d00001e0299583bb32b47e87d55c6064b
2026-05-31,vn,Vietnam,87,5,Hẹn Gặp Em Dưới Ánh Trăng,MANBO; HIEUTHUHAI; HURRYKNG,2rKtPYcwYmevNcaqzJOwvf; 5HZtdKfC4xU0wvhEyYDWiY; 5ulyphh5uJrH4Gb1JpSMkV,0s7RyyUlQfd8mnnboHe18n,https://i.scdn.co/image/ab67616d00001e0203828121665d8419f71f6499
2026-05-31,vn,Vietnam,88,1,Một Nửa Sự Thật,24k.Right; Ngắn; Hipz,0hUr8xEtATxbq2OTiJFAP0; 4Xz2dDcMF1DDfwFcr8Xa5P; 3g8l4a4JtYNpYKqSMZMnK0,0pavLg3wbL6PVXAgXoWv4S,https://i.scdn.co/image/ab67616d00001e022b15141481fc025cd0ede7a8
2026-05-31,vn,Vietnam,89,1,Thích Quá Rùi Nà,tlinh; Trung Trần,3diftVOq7aEIebXKkC34oR; 2v14NO80QYditUms7sbEIZ,4qJSUFwZFouto5VZUlln75,https://i.scdn.co/image/ab67616d00001e023b8fccabde0a2d2eb00c16b0
2026-05-31,vn,Vietnam,90,4,Thanh Xuân,Da LAB,6zUWZmyi5MLOEynQ5wCI5f,3b34161QoxLwsqhWSPy9i5,https://i.scdn.co/image/ab67616d00001e02e6e2f687354cad6c6bfbfae8
2026-05-31,vn,Vietnam,91,17,Cơn Mưa Cuối,JustaTee; Binz,3rjcQ5VIWCN4q7UFetzdeO; 2nSO7JYDbJrYbJmP39qUzj,6E3P4uOfKHYXJLK6Q3s0Tj,https://i.scdn.co/image/ab67616d00001e0222612841829252b1f3018c2e
2026-05-31,vn,Vietnam,92,3,đôi mắt kẻ tình si,GREY D; MIN,6d0dLenjy5CnR5ZMn2agiV; 0IdAjS2LRieBR3gzoazdAw,3vSmjbKFByNM6l31NmFlmB,https://i.scdn.co/image/ab67616d00001e02232febcafd911a1addb774ae
2026-05-31,vn,Vietnam,93,10,Sài Gòn Hôm Nay Mưa,JSOL; Hoàng Duyên,6EybZ5zwPNEtEngfrEMevN; 3LbBKYlyMaATS8IIe7HJ0d,1xoadYaxtOp9gHDwgmPDuz,https://i.scdn.co/image/ab67616d00001e025436229d006af6580dfee6bc
2026-05-31,vn,Vietnam,94,5,id 072019,W/N,6NF9Oa4ThQWCj6mogFSrVD,1o6cYDMHvKOfizi4d9Lqxr,https://i.scdn.co/image/ab67616d00001e02dc031e2429585e32b4ccb69b
2026-05-31,vn,Vietnam,95,10,Tháng Năm,SOOBIN,6CGGvCBHWqQ4HXtn5aLhbh,0SmQ0UWeiHKQtxUej4Rem6,https://i.scdn.co/image/ab67616d00001e0287804726f6db818095a40a86
2026-05-31,vn,Vietnam,96,12,ACAI,CORTIS,1ebt9HnXdyYA6KgLXr1n4P,7Ldcvhcl4Xj4eOTSWpZus5,https://i.scdn.co/image/ab67616d00001e027a702a4c3a18c1439fdc29ff
2026-05-31,vn,Vietnam,97,21,Nói Dối,Ronboogz,0dBcEvEklr1jx4uZuhFX5e,19U8QkwGDiQnYtnNIlspuo,https://i.scdn.co/image/ab67616d00001e026839560afdf58d075d3229bb
2026-05-31,vn,Vietnam,98,32,Cho Mình Em,Binz; Đen,2nSO7JYDbJrYbJmP39qUzj; 1HMF5R4KSzEMxB54ihlOdj,51bYFYWODfYOZU0rwvjiCc,https://i.scdn.co/image/ab67616d00001e02b68fa08bdfd02ca2b6a044a3
2026-05-31,vn,Vietnam,99,27,Đường Tôi Chở Em Về,buitruonglinh,7Cp2hGcriAaDUAWpXnSEwm,27F22WcGDyl4Z2KylVJkXL,https://i.scdn.co/image/ab67616d00001e0222029966c28f9d19ab54143c
2026-05-31,vn,Vietnam,100,11,vạn vật như muốn ta bên nhau,RIO,4dH6uW4FU977FDuTcCHGUf,0Gi23nmOQ0eaPASq2VoMOW,https://i.scdn.co/image/ab67616d00001e02ef562e96cb05a6238204e15f
2026-05-31,vn,Vietnam,101,10,Nếu Biết Đó Là Lần Cuối,Đức Trường; BMZ,4R2engiAed6QeIV63PDAz0; 3euFcFd5Dc7JAz6t7oKg7m,2w7jOvl0kpplNxisgfnCdT,https://i.scdn.co/image/ab67616d00001e02b667917dd1a458f91d15b146
2026-05-31,vn,Vietnam,102,1,Hôm Nay Tôi Buồn,Phùng Khánh Linh,23Gbd21nBxC1kCtcG2Cd0C,5SzJs9cwYXdSm9G3xcXuA2,https://i.scdn.co/image/ab67616d00001e029cbfe886d191c4c06a132cab
2026-05-31,vn,Vietnam,103,16,Thêm Bao Nhiêu Lâu,Đạt G,4R3mugkUqCALXgkwSptTbg,43zzuEWDotRcKlSFzrlJqs,https://i.scdn.co/image/ab67616d00001e02646bbe6d09903e5ecbc86d1c
2026-05-31,vn,Vietnam,104,10,Yêu 5,Rhymastic,0gGd4WhPXBSgDX6fdOHcOw,5U30iZBlmxkpHqzb1OSnBS,https://i.scdn.co/image/ab67616d00001e02d085c32d050bc832a8075ce6
2026-05-31,vn,Vietnam,105,19,Bông Hoa Đẹp Nhất,Quân A.P,2NRcG7E1j2sSi8vnUzCcpi,4TyQKEifYDWTfTSRwpxlYI,https://i.scdn.co/image/ab67616d00001e025a0419100f999929e19c6ca7
2026-05-31,vn,Vietnam,106,5,1000 Ánh Mắt,Shiki; Obito,3hRnvEdu1iPyB6EzMBbuZq; 0ZbgKh0FgPYeFP38nVaEGp,5XfGQZA0ioQAWUjlyJRcHc,https://i.scdn.co/image/ab67616d00001e023d8f5ef4ca6a5d6a22af538a
2026-05-31,vn,Vietnam,107,26,Tình Mình Lạ Kì,Lil Zpoet,0T8DkuhhFhdWAMN0bdeLL7,3VkV6L37ub0rtuYQoawAqz,https://i.scdn.co/image/ab67616d00001e02921051f4f50a3d20946afb16
2026-05-31,vn,Vietnam,108,23,MAKING MY WAY,Sơn Tùng M-TP,5dfZ5uSmzR7VQK0udbAVpf,7pDx0GAKEUZu2KsrVgCV8W,https://i.scdn.co/image/ab67616d00001e0221c6726d1757dae660deaf01
2026-05-31,vn,Vietnam,109,12,Anh Đã Không Biết Cách Yêu Em,Quang Đăng Trần,2LX2SKJhvZjyH4Z7XMptjd,1hPbWyZnUPaeAWbOSKwkXJ,https://i.scdn.co/image/ab67616d00001e02b6dfaf73fca0fe1ca7461d80
2026-05-31,vn,Vietnam,110,12,Em Mới Là Người Yêu Anh,MIN,0IdAjS2LRieBR3gzoazdAw,1zvL2X6HPrLfvtSY4DpopE,https://i.scdn.co/image/ab67616d00001e029deb738a3eaf2dd108ade7e0
2026-05-31,vn,Vietnam,111,23,Body to Body,BTS,3Nrfpe0tUJi4K4DXYWgMUX,2rKkfc4VZ74FQDc1FF1Zo6,https://i.scdn.co/image/ab67616d00001e02dfa17fad7f190c901603270e
2026-05-31,vn,Vietnam,112,7,một bài hát không vui mấy - Extended Version,T.R.I; Dangrangto; DONAL,2rVYwIYNEsMxtt8j5yemHb; 5xY6E5PMZNtz9jDvxTRiGI; 3rSAej8VUifF02zpsGjsRZ,36fgG6NiEuQXznNgf5y2Ck,https://i.scdn.co/image/ab67616d00001e02be28c7163d45474004d49b9d
2026-05-31,vn,Vietnam,113,25,"KIM PHÚT, KIM GIỜ (feat. HURRYKNG, HIEUTHUHAI, Negav, Pháp Kiều & Isaac)","ANH TRAI ""SAY HI""; HURRYKNG; HIEUTHUHAI; Negav; Pháp Kiều; Isaac",4wZ6awunqaaVLl5j0WpDFu; 5ulyphh5uJrH4Gb1JpSMkV; 5HZtdKfC4xU0wvhEyYDWiY; 4fg8aMZ23d2bxKz7r2vt9v; 13c4ijEkXNvEFoxGxwp5Su; 40JnMfFlpwqBnWitkL96g4,2GE2p2dFpxp7OIz2QOFBzW,https://i.scdn.co/image/ab67616d00001e0229827a801b2fb4e77a7bc08c
2026-05-31,vn,Vietnam,114,7,Chịu Cách Mình Nói Thua,RHYDER; CoolKid; BAN,1W2pigH6UYwuTuFbwoSfVZ; 1Qia4CTwh6x0CZbD0079zi; 0CO1IZAPmgTbkfXvcRCLsL,3ZbZtdEw9U0uZW4tZItIwq,https://i.scdn.co/image/ab67616d00001e023687e8b4ade89380cb3d27c6
2026-05-31,vn,Vietnam,115,–,nhắn nhủ,Ronboogz,0dBcEvEklr1jx4uZuhFX5e,2Wjghh0RpiBquLsJ932X6R,https://i.scdn.co/image/ab67616d00001e0284942e474336017c5bd1f90e
2026-05-31,vn,Vietnam,116,18,Dù Cho Mai Về Sau,buitruonglinh,7Cp2hGcriAaDUAWpXnSEwm,4Iz5EWPCAT8jYNk4IpLoll,https://i.scdn.co/image/ab67616d00001e02ff2d5a6f74d5141af7a371ea
2026-05-31,vn,Vietnam,117,11,Ghé Qua,PC; Dick; tofutns,3HD3V1nGFPwepBO7064Ij0; 1tikl40deDgJWS57GTKiVh; 0Ux2qIQbEeqvv7uYLgHhDH,6Q2oEdOhRjZ1DTv2a7j0lN,https://i.scdn.co/image/ab67616d00001e02acf81fac104612777326b0cf
2026-05-31,vn,Vietnam,118,23,Xin Đừng Lặng Im,SOOBIN,6CGGvCBHWqQ4HXtn5aLhbh,4CVxKSRLUxqUuj2z9vn4fS,https://i.scdn.co/image/ab67616d00001e02a8b7898d6d2d9e85c9c51cb0
2026-05-31,vn,Vietnam,119,5,Forget About Her,JustaTee,3rjcQ5VIWCN4q7UFetzdeO,5kJMW3pK49PvQDtpVryHf5,https://i.scdn.co/image/ab67616d00001e02c3e00da7dc9099c24abc44cd
2026-05-31,vn,Vietnam,120,16,We Don't Talk Anymore (feat. Selena Gomez),Charlie Puth; Selena Gomez,6VuMaDnrHyPL1p4EHjYLi7; 0C8ZW7ezQVs4URX5aX7Kqx,54PbBpquVfhfrwRwvjSXbI,https://i.scdn.co/image/ab67616d00001e0215145482a542a9adb282250b
2026-05-31,vn,Vietnam,121,19,Đánh Đổi,Obito; Shiki; RPT MCK,0ZbgKh0FgPYeFP38nVaEGp; 3hRnvEdu1iPyB6EzMBbuZq; 1zSv9qZANOWB4HRE8sxeTL,1UQNU5O9VttUgO16pxUnjw,https://i.scdn.co/image/ab67616d00001e0292824dc99ef88e1bd6d79904
2026-05-31,vn,Vietnam,122,2,Trở Về,Wxrdie; JustaTee,1Jmkhzve9TuXHUUWGmpANw; 3rjcQ5VIWCN4q7UFetzdeO,0oL2jCTf9P9a7flY5mCpYu,https://i.scdn.co/image/ab67616d00001e02f3b9c8061be9fc0bdebad64e
2026-05-31,vn,Vietnam,123,55,Chúng Ta Của Tương Lai,Sơn Tùng M-TP,5dfZ5uSmzR7VQK0udbAVpf,3OVMe3H6iAxbLF8iD2UYrw,https://i.scdn.co/image/ab67616d00001e02b5a7da0c97f51481d6f7a3c6
2026-05-31,vn,Vietnam,124,14,Ngày Này Năm Ấy,Việt Anh,0cf0oidLIQoNhGTp0SHzhU,2pBZoglJzsRk4UeVey8n0k,https://i.scdn.co/image/ab67616d00001e02aeae15f8ddb16be02e781e51
2026-05-31,vn,Vietnam,125,42,Những Lời Hứa Bỏ Quên,Vũ.; Dear Jane,57g2v7gJZepcwsuwssIfZs; 6V1SwiosQqf5XvmoTMCGa9,1LJyhnPdYGRLerwJd8CmL1,https://i.scdn.co/image/ab67616d00001e026f76636916ae7d5d930b1656
2026-05-31,vn,Vietnam,126,15,海屿你,马也_Crabbit,1V6Bl7Ny5loHozQUalAd6M,6UO9nrihAk6sFGvVHDVTz8,https://i.scdn.co/image/ab67616d00001e027d721d0483ccd72e6581e858
2026-05-31,vn,Vietnam,127,–,Hư không,Kha,6tWaQSIL7reD85PKStNk28,0sR5ThoE0uoskXWrm6KDxP,https://i.scdn.co/image/ab67616d00001e02854f9dc6ca88195136270b7c
2026-05-31,vn,Vietnam,128,11,TNT,CORTIS,1ebt9HnXdyYA6KgLXr1n4P,7diH1qnFziArYzynk3vkr6,https://i.scdn.co/image/ab67616d00001e027a702a4c3a18c1439fdc29ff
2026-05-31,vn,Vietnam,129,7,Mất Kết Nối,Dương Domic,4KPyQxL1zqEiBcTwW6c9HE,0rR27Ayle8G7sKoCt8OWUr,https://i.scdn.co/image/ab67616d00001e02f2e33afbb2d8b486c1c98aa3
2026-05-31,vn,Vietnam,130,13,Có Em Chờ,MIN,0IdAjS2LRieBR3gzoazdAw,6KIhgRkprgyJNERRMu7Quh,https://i.scdn.co/image/ab67616d00001e021afa18b0fb9197e45352813a
2026-05-31,vn,Vietnam,131,10,EM ĐAU,Phùng Khánh Linh; Thành Luke,23Gbd21nBxC1kCtcG2Cd0C; 4s1DRFQAYnDvXmKYFBUcYa,317Lh6QCAz9JpWbV3oxrCf,https://i.scdn.co/image/ab67616d00001e02a849807eefddbac39873a784
2026-05-31,vn,Vietnam,132,24,NOWME,WEAN,30eFAXoU2kTjJPf2cq80B8,2NIsWvMUHXqCplwCygJMjP,https://i.scdn.co/image/ab67616d00001e02d5d7b076c2c9b9954beb3cc0
2026-05-31,vn,Vietnam,133,27,Buông,Hngle,7kBsX15IDun9YxuVmKCMYJ,2ZBi1KpCR0grEWRNgySqwg,https://i.scdn.co/image/ab67616d00001e02a0f799b6e0d1e4edadc98a3a
2026-05-31,vn,Vietnam,134,20,Em Không Khóc (feat. Vũ Phụng Tiên),buitruonglinh; Vũ Phụng Tiên,7Cp2hGcriAaDUAWpXnSEwm; 70ULEgr5A3zBL12foM4bnj,4N99EuIjwSSFFFMDfTeOLU,https://i.scdn.co/image/ab67616d00001e021dddee08b987379428e54168
2026-05-31,vn,Vietnam,135,19,2.0,BTS,3Nrfpe0tUJi4K4DXYWgMUX,3bmpXHVie1GTy37OkXJ7Vc,https://i.scdn.co/image/ab67616d00001e02dfa17fad7f190c901603270e
2026-05-31,vn,Vietnam,136,22,Simp Gái 808,Low G,6TITnFVRcl0AcZ4syE7Toe,2ppLwHSMgDGEQ5c8o6nAX2,https://i.scdn.co/image/ab67616d00001e021d66c4676b09e84c90333a14
2026-05-31,vn,Vietnam,137,7,Em Của Anh Đừng Của Ai!,Long Cao,7uOyzPXtHba1TMMQA6HJhk,6qgATU8r0ZPcPFPtZ5qA7B,https://i.scdn.co/image/ab67616d00001e02bd3e5e7f428a3c519627806d
2026-05-31,vn,Vietnam,138,16,Lạ Lùng,Vũ.,57g2v7gJZepcwsuwssIfZs,5Bti0azlFhMattVY76qFr9,https://i.scdn.co/image/ab67616d00001e024d2f9d43a77e3e72070bb27a
2026-05-31,vn,Vietnam,139,1,Chiều Hôm Ấy,JayKii,4ZSYaCMxF2k6maN3KTP17F,5tmA5oQDF0ULqRI12LKCDw,https://i.scdn.co/image/ab67616d00001e02dd99a8ac0e175d34167d96f4
2026-05-31,vn,Vietnam,140,3,Bầu Trời Mới,Da LAB; Minh Tốc & Lam,6zUWZmyi5MLOEynQ5wCI5f; 27RoKwun6jKycKbH2iYUFU,7fCeYpR02Q8JVuD88hJZVT,https://i.scdn.co/image/ab67616d00001e0264eefeaaf062b7fdf9f7e6a0
2026-05-31,vn,Vietnam,141,18,Hooligan,BTS,3Nrfpe0tUJi4K4DXYWgMUX,20dAJsyno9ZoBLJtqgQnUI,https://i.scdn.co/image/ab67616d00001e02dfa17fad7f190c901603270e
2026-05-31,vn,Vietnam,142,9,Dạo Gần Đây Anh Thấy Anh Không Bằng Ai Hết,HIEUTHUHAI,5HZtdKfC4xU0wvhEyYDWiY,0hB27T4dy9qBUcZabsrLOj,https://i.scdn.co/image/ab67616d00001e029786a600b159da21312fb356
2026-05-31,vn,Vietnam,143,34,Chờ Tới Khi Anh Về,HIEUTHUHAI; Hoàng Tôn,5HZtdKfC4xU0wvhEyYDWiY; 6xRZoWlE9twEkMC5NW4Z9f,6lRlM6bClcoOBLQi0zfA34,https://i.scdn.co/image/ab67616d00001e029786a600b159da21312fb356
2026-05-31,vn,Vietnam,144,19,' CHẲNG CẦN BÌNH YÊN |,Hà An Huy,6cz81gA7fLpRK4qKeLsGIn,2KadxdRVKWJy3ahMnlClhq,https://i.scdn.co/image/ab67616d00001e02f685c1305ca0cd33f29ac7fc
2026-05-31,vn,Vietnam,145,11,Đầu Đường Xó Chợ,Obito; Shiki; Lăng LD,0ZbgKh0FgPYeFP38nVaEGp; 3hRnvEdu1iPyB6EzMBbuZq; 0EOMdQwzUG6CKh9oWvcANr,2G5ujw3rrWcAXQqT8PVnrz,https://i.scdn.co/image/ab67616d00001e0292824dc99ef88e1bd6d79904
2026-05-31,vn,Vietnam,146,11,Anh Muốn Nhìn Thấy Em,The Wind; Dangrangto,5mPRDRL2rclNaPJXOg56Jy; 5xY6E5PMZNtz9jDvxTRiGI,5VGOYjxkEaf19LoRPIolD2,https://i.scdn.co/image/ab67616d00001e0291db5c2d5e551d1bb085b20c
2026-05-31,vn,Vietnam,147,13,Nghe Như Tình Yêu,HIEUTHUHAI,5HZtdKfC4xU0wvhEyYDWiY,1J12HjUuXfJnaUdubTEzSR,https://i.scdn.co/image/ab67616d00001e02ff825e8af61dad96490e8192
2026-05-31,vn,Vietnam,148,32,Blue Lips,CORTIS,1ebt9HnXdyYA6KgLXr1n4P,1VyXprVXZYNGWWZf1u4JfN,https://i.scdn.co/image/ab67616d00001e027a702a4c3a18c1439fdc29ff
2026-05-31,vn,Vietnam,149,7,Gác Lại Âu Lo (feat. Miu Lê),Da LAB; Miu Lê,6zUWZmyi5MLOEynQ5wCI5f; 4e5LAUvM35jleGg8gElTsP,1mKDbug8bbfDmLe7I4CJpe,https://i.scdn.co/image/ab67616d00001e0292609e21602d3fc7191446a5
2026-05-31,vn,Vietnam,150,4,Anh Là Ai,Phương Ly,5Kh0ta0UY4uJ4g2CIdq9V9,3gLRyMbg5nWLcuKD46Uz72,https://i.scdn.co/image/ab67616d00001e02ed4d44c4f824776af51829d1
2026-05-31,vn,Vietnam,151,19,Sớm Như Vậy,buitruonglinh,7Cp2hGcriAaDUAWpXnSEwm,0GXZXSDFSbJjqdGifjSaig,https://i.scdn.co/image/ab67616d00001e020aaeec66f78164fe25f097b7
2026-05-31,vn,Vietnam,152,14,Trạng Thái Mộng Mơ,Đỗ Hoàng Long,7rkudDmJqV6OIv9EvCOWoG,0KA8tBqZ81mBe2po59GK5j,https://i.scdn.co/image/ab67616d00001e02c974be1c42a0e44df48f299c
2026-05-31,vn,Vietnam,153,4,Hà Nội,Obito; Shiki; VSTRA,0ZbgKh0FgPYeFP38nVaEGp; 3hRnvEdu1iPyB6EzMBbuZq; 2aMo0CYbTieTisS0BlWc59,5PGh9MyKry8slG5AfvD1eD,https://i.scdn.co/image/ab67616d00001e0292824dc99ef88e1bd6d79904
2026-05-31,vn,Vietnam,154,9,CHỜ ANH VỀ,"ANH TRAI ""SAY HI""; B Ray; AMEE",4wZ6awunqaaVLl5j0WpDFu; 1WvNgEoB66jmHodcj15Zi9; 2aQnC3DbZB9GbauvhAw7ve,7dlgEjrK3lHbP786dshKDV,https://i.scdn.co/image/ab67616d00001e02d007ad7672148e02d222d1b3
2026-05-31,vn,Vietnam,155,40,"Hẹn Một Mai - From"" 4 Năm 2 Chàng 1 Tình Yêu""",Bùi Anh Tuấn,2Gvp79Cmni6PX13CAlSGex,5BJqg07SKgmFnVLOBmLFvq,https://i.scdn.co/image/ab67616d00001e021be0834566aefd6c0ea9e9c4
2026-05-31,vn,Vietnam,156,14,Ex's Hate Me,B Ray; AMEE,1WvNgEoB66jmHodcj15Zi9; 2aQnC3DbZB9GbauvhAw7ve,170CNv2CAZn8wg6GxvHXYC,https://i.scdn.co/image/ab67616d00001e0225b293d1ca066c650a0f9c69
2026-05-31,vn,Vietnam,157,18,GO!,CORTIS,1ebt9HnXdyYA6KgLXr1n4P,6OWWZtNQORY1McaZmOrwhc,https://i.scdn.co/image/ab67616d00001e024b56a34b0c2b3798fd46f855
2026-05-31,vn,Vietnam,158,7,PHÓNG ZÌN ZÌN,tlinh; Low G,3diftVOq7aEIebXKkC34oR; 6TITnFVRcl0AcZ4syE7Toe,3COYA2vgfcUhDyRlVpZy5p,https://i.scdn.co/image/ab67616d00001e02d7d3c1abbc451131fa7523e8
2026-05-31,vn,Vietnam,159,15,Sau Cơn Mưa,CoolKid; RHYDER,1Qia4CTwh6x0CZbD0079zi; 1W2pigH6UYwuTuFbwoSfVZ,48MtqfQw716EZaNzOKNnuR,https://i.scdn.co/image/ab67616d00001e02a873f1cbca66eb2a77052483
2026-05-31,vn,Vietnam,160,11,Hãy Trao Cho Anh,Sơn Tùng M-TP; Snoop Dogg,5dfZ5uSmzR7VQK0udbAVpf; 7hJcb9fa4alzcOq3EaNPoG,5x5Vx0Musv3LSUKzjY73mA,https://i.scdn.co/image/ab67616d00001e023403b37254ffacb7732e92da
2026-05-31,vn,Vietnam,161,4,King,Binz,2nSO7JYDbJrYbJmP39qUzj,0sbM5V9QzGRdDF3P6WXKTi,https://i.scdn.co/image/ab67616d00001e02113b4bb24fa0898ce579d19c
2026-05-31,vn,Vietnam,162,11,Tháng Tư Là Lời Nói Dối Của Em,Hà Anh Tuấn,3FwYnbtGNt8hJfjNuOfpeG,53zusvCJkyGYjEZ6bnLIjh,https://i.scdn.co/image/ab67616d00001e02bf7d3058bc206639f626da8b
2026-05-31,vn,Vietnam,163,Re-Entry,Bước Qua Mùa Cô Đơn,Vũ.,57g2v7gJZepcwsuwssIfZs,6uxuJ8Fr1AAfSPJUF9N1yr,https://i.scdn.co/image/ab67616d00001e027c2c7660ba4e8060a10fc9c5
2026-05-31,vn,Vietnam,164,11,Gặp Lại (feat. Phan Mạnh Quỳnh),Binz; Phan Mạnh Quỳnh,2nSO7JYDbJrYbJmP39qUzj; 0aNyWetkjBvIdZvJY00yEa,72hqOaj7KXAgd1X8nEdJBy,https://i.scdn.co/image/ab67616d00001e02113b4bb24fa0898ce579d19c
2026-05-31,vn,Vietnam,165,15,thế giới của anh,Dangrangto; DONAL,5xY6E5PMZNtz9jDvxTRiGI; 3rSAej8VUifF02zpsGjsRZ,6TGwaBlfUGVoeZMBLzvXGP,https://i.scdn.co/image/ab67616d00001e021ebf29af848d1d40146bdb98
2026-05-31,vn,Vietnam,166,3,Perfect,Shiki; Tyronee,3hRnvEdu1iPyB6EzMBbuZq; 04xz9bIBYTIqEpmRvQkfvu,2FnXZhpEKgIab8vI6t2C7e,https://i.scdn.co/image/ab67616d00001e023d8f5ef4ca6a5d6a22af538a
2026-05-31,vn,Vietnam,167,17,bao tiền một mớ bình yên?,14 Casper; Bon Nghiêm,0zo8kCJVktn7oPnzpkbC2p; 6hnfLIkvDl6pjlAe1YRGXY,7kgzRBNkBRArtTPkYjWLYT,https://i.scdn.co/image/ab67616d00001e0270cb943c9a67b7eda3414366
2026-05-31,vn,Vietnam,168,5,Love is,Dangrangto,5xY6E5PMZNtz9jDvxTRiGI,3UJ2gSPFPSkPKZghRI8y1e,https://i.scdn.co/image/ab67616d00001e026ffd808cd4a0e3347ba6131e
2026-05-31,vn,Vietnam,169,40,Nước Mắt Em Lau Bằng Tình Yêu Mới,Da LAB; Tóc Tiên,6zUWZmyi5MLOEynQ5wCI5f; 4YkqEuVf1Jf2x2XDqJ2CvC,7J9l9ebYB3IEs5ea5J1M7a,https://i.scdn.co/image/ab67616d00001e02a8841feab76e269590320623
2026-05-31,vn,Vietnam,170,23,One More Night,BTS,3Nrfpe0tUJi4K4DXYWgMUX,6s3w7SUVtmm68Bw5KrKMh0,https://i.scdn.co/image/ab67616d00001e02dfa17fad7f190c901603270e
2026-05-31,vn,Vietnam,171,20,Có Ai Thương Em Như Anh,Tóc Tiên; Touliver,4YkqEuVf1Jf2x2XDqJ2CvC; 5UNWQJdUbO8Gbg9Qn3r52M,7AD5F85waSb3yZxZxEXhJM,https://i.scdn.co/image/ab67616d00001e02f7f36f33a9f857d12b00df42
2026-05-31,vn,Vietnam,172,4,Phonecert,Hoàng Dũng,6OzE2OdvV2tGAxSBsBuZ74,498g7npirihKT5MPdVSfb0,https://i.scdn.co/image/ab67616d00001e02d366487daa325f4bd2d803cc
2026-05-31,vn,Vietnam,173,8,MỘNG YU,AMEE; RPT MCK,2aQnC3DbZB9GbauvhAw7ve; 1zSv9qZANOWB4HRE8sxeTL,5oFEvbM7lGnx8jfAkuhVyo,https://i.scdn.co/image/ab67616d00001e02e4522860e86653f2595a64a4
2026-05-31,vn,Vietnam,174,Re-Entry,Simple Love,Obito; Seachains,0ZbgKh0FgPYeFP38nVaEGp; 6UiKZD9yB7Gxjol62s431k,1hFZdk0jIkrMEribQHxGhP,https://i.scdn.co/image/ab67616d00001e028e5af89ee95707360cf70894
2026-05-31,vn,Vietnam,175,13,Attention,Charlie Puth,6VuMaDnrHyPL1p4EHjYLi7,5cF0dROlMOK5uNZtivgu50,https://i.scdn.co/image/ab67616d00001e02897f73256b9128a9d70eaf66
2026-05-31,vn,Vietnam,176,17,Khi Em Lớn,Orange; Hoàng Dũng,5lAfakPZgxFKgiJD6xAF1G; 6OzE2OdvV2tGAxSBsBuZ74,3J06iY9IRWKr1H0zIxrUby,https://i.scdn.co/image/ab67616d00001e02376b1dd4653e78ea81f42dd2
2026-05-31,vn,Vietnam,177,5,"One Of The Girls (with JENNIE, Lily Rose Depp)",The Weeknd; JENNIE; Lily-Rose Depp,1Xyo4u8uXC1ZmMpatF05PJ; 250b0Wlc5Vk0CoUsaCY84M; 1pBLC0qVRTB5zVMuteQ9jJ,7CyPwkp0oE8Ro9Dd5CUDjW,https://i.scdn.co/image/ab67616d00001e02b0dd6a5cd1dec96c4119c262
2026-05-31,vn,Vietnam,178,11,Anh Là Ngoại Lệ Của Em,Phương Ly,5Kh0ta0UY4uJ4g2CIdq9V9,6KgZf5gZgF1KLNxq1qZgHP,https://i.scdn.co/image/ab67616d00001e0257d93ceb82779271a84f7500
2026-05-31,vn,Vietnam,179,40,Chờ Anh Nhé,Hoàng Dũng; Hoàng Rob,6OzE2OdvV2tGAxSBsBuZ74; 43qZrcVKZleWlmoBVRBPO8,2uxjHthUJd2A8PmWaUGGsI,https://i.scdn.co/image/ab67616d00001e02a09fb80b07fb17f8ab7b844a
2026-05-31,vn,Vietnam,180,28,Lễ Đường,Kai Đinh,3E6LGptA8lBEXPHAQCE3vr,3y66li7DIrH7HLKIZzxR5H,https://i.scdn.co/image/ab67616d00001e02312aebc924ae317397fdcff5
2026-05-31,vn,Vietnam,181,5,Giữ Anh Cho Ngày Hôm Qua,Hoàng Dũng; Rhymastic; Lelarec,6OzE2OdvV2tGAxSBsBuZ74; 0gGd4WhPXBSgDX6fdOHcOw; 66KVPHSpvejcXEkiPQ7djq,5wYQC7AuxV8ROALWcbVNxc,https://i.scdn.co/image/ab67616d00001e029a3dca7b5e3e784f5bf46164
2026-05-31,vn,Vietnam,182,3,mới hôm qua,GREY D,6d0dLenjy5CnR5ZMn2agiV,5prZw3OHd2UhAq0VBKpqUM,https://i.scdn.co/image/ab67616d00001e02232febcafd911a1addb774ae
2026-05-31,vn,Vietnam,183,35,Người Đáng Thương Là Anh,Only C,5GBXwBVQufRCmwI1bNRIUo,55K3e7BGewGDUJ4ZQwkh7M,https://i.scdn.co/image/ab67616d00001e02d6186b7d1cd7e073469bd866
2026-05-31,vn,Vietnam,184,Re-Entry,NOLOVENOLIFE,HIEUTHUHAI,5HZtdKfC4xU0wvhEyYDWiY,6D94p9ASguBcYlDC0o56vx,https://i.scdn.co/image/ab67616d00001e02c006b0181a3846c1c63e178f
2026-05-31,vn,Vietnam,185,6,Baby,Justin Bieber; Ludacris,1uNFoZAHBGtllmzznpCI3s; 3ipn9JLAPI5GUEo4y4jcoi,6epn3r7S14KUqlReYr77hA,https://i.scdn.co/image/ab67616d00001e02629dc9e2e3bc20bbd7d92e4a
2026-05-31,vn,Vietnam,186,Re-Entry,Em Không Hiểu,Changg; Minh Huy,1nX1HVIUo1Zfs3e2v3lFb9; 5zT1Ku9mzzl6RW5y4z0hUK,1izPmgSW7FV6XFdEOiTvOY,https://i.scdn.co/image/ab67616d00001e022882dbcd6195d4f0ef4b2cd4
2026-05-31,vn,Vietnam,187,6,Chìm Sâu,RPT MCK; Trung Trần,1zSv9qZANOWB4HRE8sxeTL; 2v14NO80QYditUms7sbEIZ,4YMM05vannAm37Mp1dHK1V,https://i.scdn.co/image/ab67616d00001e02d80191bebd0e8506c3533cd5
2026-05-31,vn,Vietnam,188,–,FaSHioN,CORTIS,1ebt9HnXdyYA6KgLXr1n4P,4ecdsGz3Hg6TKPwQ0ZOdJz,https://i.scdn.co/image/ab67616d00001e024b56a34b0c2b3798fd46f855
2026-05-31,vn,Vietnam,189,Re-Entry,giữ lấy làm gì,MONSTAR,2CLdtsyD2NsTOBBOVr7fi8,3XRvVlOBvClOq1KpI50uKC,https://i.scdn.co/image/ab67616d00001e029f62ee847bc8904b5c2d2343
2026-05-31,vn,Vietnam,190,8,Mascara,Chillies,2xvW7dgL1640K8exTcRMS4,50cmxP6KlnQA9IG3q5ckKD,https://i.scdn.co/image/ab67616d00001e02e8a6054b92e9c63bbf5ff205
2026-05-31,vn,Vietnam,191,Re-Entry,3 1 0 7 (feat. Duongg & Nâu),W/N; Duongg; Nâu,6NF9Oa4ThQWCj6mogFSrVD; 3JkGKNawown8MgcJsDw1WT; 5zifyPCJIZxUBhVq7AydsT,5xuaCJaNAqRLwV7OO5zPiF,https://i.scdn.co/image/ab67616d00001e02adc789d731eff56c9b448737
2026-05-31,vn,Vietnam,192,5,trời giấu trời mang đi,AMEE,2aQnC3DbZB9GbauvhAw7ve,2SykQzXuFSeprST1uDjj1m,https://i.scdn.co/image/ab67616d00001e02819219f4ea0ad1e11cb78411
2026-05-31,vn,Vietnam,193,Re-Entry,THERE'S NO ONE AT ALL,Sơn Tùng M-TP,5dfZ5uSmzR7VQK0udbAVpf,5GjAqS2bonPX1ymfvMTlIk,https://i.scdn.co/image/ab67616d00001e0265744b51476fa08710060446
2026-05-31,vn,Vietnam,194,2,Vùng Ký Ức,Chillies,2xvW7dgL1640K8exTcRMS4,3H6nzsPNMttEvUl3ai3xN8,https://i.scdn.co/image/ab67616d00001e02e8a6054b92e9c63bbf5ff205
2026-05-31,vn,Vietnam,195,3,Đến Đây Bên Anh,Cloud 5; Dangrangto,4jpoAFITrFeFHeZ7Fgv3KZ; 5xY6E5PMZNtz9jDvxTRiGI,55Eo6NDkVhSRBonrT16kXM,https://i.scdn.co/image/ab67616d00001e02bed265ca42ecbd6daf08a7a1
2026-05-31,vn,Vietnam,196,19,Không Ai (feat. SUGI),Binz; SUGI,2nSO7JYDbJrYbJmP39qUzj; 1PmYh4zNLITHVFAPHEPdXQ,33lmTQ4XboC8k9wOPoelGD,https://i.scdn.co/image/ab67616d00001e02113b4bb24fa0898ce579d19c
2026-05-31,vn,Vietnam,197,Re-Entry,Ánh Sao Và Bầu Trời,T.R.I,2rVYwIYNEsMxtt8j5yemHb,5iZHnufFUgATzrpGgH1K0W,https://i.scdn.co/image/ab67616d00001e02212f0300aefcb79b00d2a6cf
2026-05-31,vn,Vietnam,198,Re-Entry,Già Cùng Nhau Là Được,Tùng TeA; PC; TaynguyenSound,2SWNzbf1maA3oR4x56Uv9W; 3HD3V1nGFPwepBO7064Ij0; 5ayWRfrcpObgDDlzheJ2Gr,0jHpGB1Xt2kIX0VaPFvStp,https://i.scdn.co/image/ab67616d00001e0276c10c0497647b0cee2dba35
2026-05-31,vn,Vietnam,199,Re-Entry,hello em có khỏe không,Dfoxie37; myhoa; Tuann,4zg9WrDAFl1dGh2eSWLnOG; 2zosA3SHMUhpmKTmsfTANv; 0gyjtTN7dfUe59UT0a0fKR,25NLn8W1JxuVrXQTVrDA4c,https://i.scdn.co/image/ab67616d00001e029c066fabb8afc9943e042b77
2026-05-31,vn,Vietnam,200,Re-Entry,Chạy Khỏi Thế Giới Này,Da LAB; Phương Ly,6zUWZmyi5MLOEynQ5wCI5f; 5Kh0ta0UY4uJ4g2CIdq9V9,2e6uyFP80Vuaz7V7bDWD0e,https://i.scdn.co/image/ab67616d00001e023042aa33dcf69287f7af34e0
2026-05-31,my,Malaysia,1,–,Risk It All,Bruno Mars,0du5cEVh5yTK9QJze8zA0C,5y2ijHECwFYWqcAHKTZgzD,https://i.scdn.co/image/ab67616d00001e023eb8dc748f7efb1470f74395
2026-05-31,my,Malaysia,2,–,iqro',Raim Laode,5LcNPa8f8bRmZqELgoRFkN,2ImWVGyYTRMi64861WCCcq,https://i.scdn.co/image/ab67616d00001e02a9d1f9b5d3275b0625e13e79
2026-05-31,my,Malaysia,3,–,Beauty And A Beat,Justin Bieber; Nicki Minaj,1uNFoZAHBGtllmzznpCI3s; 0hCNtLu0JehylgoiP8L4Gh,6QFCMUUq1T2Vf5sFUXcuQ7,https://i.scdn.co/image/ab67616d00001e02f1d02a6cec967f8b6b78f76e
2026-05-31,my,Malaysia,4,–,The One That Got Away,Katy Perry,6jJ0s89eD6GaHleKKya26X,6hkOqJ5mE093AQf2lbZnsG,https://i.scdn.co/image/ab67616d00001e021d955011a3ed477dc77865ad
2026-05-31,my,Malaysia,5,–,Bahagia Lagi,Piche Kota,5zAYPlhV1TirCul0R4NKGM,5tZaKZPJtiHh6teQfVEHB5,https://i.scdn.co/image/ab67616d00001e025bd00b369e89c5cbc74d827b
2026-05-31,my,Malaysia,6,–,Ada titik-titik di ujung doa,Sal Priadi,1NjxFrpEGZTV2Ny0OJxeWu,1E7zLPDdqo0OvzVmGj5aoV,https://i.scdn.co/image/ab67616d00001e02686acaaa87bfc6ebb42b3bd2
2026-05-31,my,Malaysia,7,1,kota ini tak sama tanpamu,Nadhif Basalamah,6UgERnTHmjk3qXM9x5vzyO,13CwOTXUgBugeBByE9oIWb,https://i.scdn.co/image/ab67616d00001e02f3e3f888fbfcc916ecce50a9
2026-05-31,my,Malaysia,8,1,Jangan Paksa Rindu - Beda,Ifan Seventeen,2vbWy0ntJGJ2H1erLJFMZZ,79tbBuciPV221EozY3RKQv,https://i.scdn.co/image/ab67616d00001e02b1f0e17d6a48da664cbdcbe5
2026-05-31,my,Malaysia,9,1,bergema sampai selamanya,Nadhif Basalamah,6UgERnTHmjk3qXM9x5vzyO,0ql6fgz8qk0pAEKrGeSppJ,https://i.scdn.co/image/ab67616d00001e02f3e3f888fbfcc916ecce50a9
2026-05-31,my,Malaysia,10,1,That Should Be Me,Justin Bieber,1uNFoZAHBGtllmzznpCI3s,0aPZbnkMoWJaJ5CNVLCj8S,https://i.scdn.co/image/ab67616d00001e02629dc9e2e3bc20bbd7d92e4a
2026-05-31,my,Malaysia,11,–,hate that i made you love me,Ariana Grande,66CXWjxzNUsdJxJ2JdwvnR,20jbSiX29FDX4oQxBXyUEi,https://i.scdn.co/image/ab67616d00001e02b622d42c30697e1e1414343c
2026-05-31,my,Malaysia,12,2,Romancinta,Mojo,1nxfzZDDm0a0msuLz0W4lx,5XCNHa4uhsI3zYdbVHZaGE,https://i.scdn.co/image/ab67616d00001e023f65b7a1a57401ae8f966c19
2026-05-31,my,Malaysia,13,1,Sayang Orang Sama,Adira Suhaimi,3BwdkvUUHLP8pZj9hN4FiF,1pkemoTIuhFJrX3GLKGf9y,https://i.scdn.co/image/ab67616d00001e02555e83aabbd7bff9b3bb9681
2026-05-31,my,Malaysia,14,1,"Masa ini, Nanti, dan Masa Indah Lainnya",Nuca,5x3nSujruZLuB6xBicI6Ai,3TTZfjYqhTowNALncAmY5v,https://i.scdn.co/image/ab67616d00001e0272efdd27a433732ba1ab6269
2026-05-31,my,Malaysia,15,–,REDRED,CORTIS,1ebt9HnXdyYA6KgLXr1n4P,2fCwv2ppU5nTRTckomIGsd,https://i.scdn.co/image/ab67616d00001e0224ace1518851b27e9983f739
2026-05-31,my,Malaysia,16,–,back to friends,sombr,4G9NDjRyZFDlJKMRL8hx3S,7qjZnBKE73H4Oxkopwulqe,https://i.scdn.co/image/ab67616d00001e024229702de91cb3d3a4383302
2026-05-31,my,Malaysia,17,–,Earrings,Malcolm Todd,7eKkW1zo5uzW8kUntiiBvz,0eAuGrXyGFYwur9ARUe7LJ,https://i.scdn.co/image/ab67616d00001e022c1f34ecc1929fb59908aad1
2026-05-31,my,Malaysia,18,7,penjaga hati,Nadhif Basalamah,6UgERnTHmjk3qXM9x5vzyO,6i9Ci0IN1q1GcnhdbKU7kZ,https://i.scdn.co/image/ab67616d00001e0225001f594384ffb7fb952347
2026-05-31,my,Malaysia,19,–,drop dead,Olivia Rodrigo,1McMsnEElThX1knmY4oliG,7Hc6qcJG4NtyZgbNvQyd8U,https://i.scdn.co/image/ab67616d00001e021a1495ff41046065b9475366
2026-05-31,my,Malaysia,20,–,Die With A Smile,Lady Gaga; Bruno Mars,1HY2Jd0NmPuamShAr6KMms; 0du5cEVh5yTK9QJze8zA0C,7so0lgd0zP2Sbgs2d7a1SZ,https://i.scdn.co/image/ab67616d00001e02b0860cf0a98e09663c82290c
2026-05-31,my,Malaysia,21,2,SWIM,BTS,3Nrfpe0tUJi4K4DXYWgMUX,68lbSrXDORS51pmyjZv712,https://i.scdn.co/image/ab67616d00001e02dfa17fad7f190c901603270e
2026-05-31,my,Malaysia,22,–,Love Me Not,Ravyn Lenae,5RTLRtXjbXI2lSXc6jxlAz,4WFgvKVfEhb3IUAFGrutTR,https://i.scdn.co/image/ab67616d00001e020e62daaea2c7b94053e1c142
2026-05-31,my,Malaysia,23,3,Billie Jean,Michael Jackson,3fMbdgg4jU18AjLCKBhRSm,7J1uxwnxfQLu4APicE5Rnj,https://i.scdn.co/image/ab67616d00001e0232a7d87248d1b75463483df5
2026-05-31,my,Malaysia,24,3,Mangu,Fourtwnty; Charita Utami,46cVq2dwPgzPE3X1VR9TMj; 48yQuRfvklyupKmridU1du,4e6TmHCC4PRUj75knNplNP,https://i.scdn.co/image/ab67616d00001e0232ab17f5515e51490841f648
2026-05-31,my,Malaysia,25,2,Monolog,Pamungkas,7d86ERlvO5UG44j7Va0Y0C,1zu5ZpnrSArdoaT6Qq3yo9,https://i.scdn.co/image/ab67616d00001e023e2cf96ce4558b8f2376b79a
2026-05-31,my,Malaysia,26,2,Who Knows,Daniel Caesar,20wkVLutqVOYrc0kxFs7rA,6DH13QYXK7lKkYHSU88N48,https://i.scdn.co/image/ab67616d00001e022bad6e56e77d5bef0aa3f2dc
2026-05-31,my,Malaysia,27,9,玻璃,Gareth.T,6R57JlNKlnNrYaji0vw8xx,4lZVYNSHy3bKN1pqTxw9Zl,https://i.scdn.co/image/ab67616d00001e02d6e4227850346a74a114c0f7
2026-05-31,my,Malaysia,28,–,the cure,Olivia Rodrigo,1McMsnEElThX1knmY4oliG,4EoJ151oQ5jY48z4RhSE96,https://i.scdn.co/image/ab67616d00001e0279e480cbab8c7b86d277841a
2026-05-31,my,Malaysia,29,–,Sedia Aku Sebelum Hujan,Idgitaf,7pFWMC2E7h8eL3SZyHRsRq,64bauCjHAIiDNkcHiOJW1r,https://i.scdn.co/image/ab67616d00001e02ac44521bc2da938d92b422f9
2026-05-31,my,Malaysia,30,6,Hanya Aku,Hyper Act,0zo8fkOQyrawuBfIhy99jb,0hlZ8daapg8QHpHsDyaqbg,https://i.scdn.co/image/ab67616d00001e02fa7c08cb17a4e1288465ad19
2026-05-31,my,Malaysia,31,–,Locked out of Heaven,Bruno Mars,0du5cEVh5yTK9QJze8zA0C,5g7sDjBhZ4I3gcFIpkrLuI,https://i.scdn.co/image/ab67616d00001e02926f43e7cce571e62720fd46
2026-05-31,my,Malaysia,32,1,The Fate of Ophelia,Taylor Swift,06HL4z0CvFAxyc27GXpf02,53iuhJlwXhSER5J2IYYv1W,https://i.scdn.co/image/ab67616d00001e02d7812467811a7da6e6a44902
2026-05-31,my,Malaysia,33,1,Dracula (with JENNIE),Tame Impala; JENNIE,5INjqkS1o8h1imAzPqGZBb; 250b0Wlc5Vk0CoUsaCY84M,5yvVYFDUpbnjcnRBgjwTzM,https://i.scdn.co/image/ab67616d00001e02c7c031ce9d06b131f8563676
2026-05-31,my,Malaysia,34,3,WILDFLOWER,Billie Eilish,6qqNVTkY8uBg9cP3Jd7DAH,3QaPy1KgI7nu9FJEQUgn6h,https://i.scdn.co/image/ab67616d00001e0271d62ea7ea8a5be92d3c1f62
2026-05-31,my,Malaysia,35,5,We Don't Talk Anymore (feat. Selena Gomez),Charlie Puth; Selena Gomez,6VuMaDnrHyPL1p4EHjYLi7; 0C8ZW7ezQVs4URX5aX7Kqx,54PbBpquVfhfrwRwvjSXbI,https://i.scdn.co/image/ab67616d00001e0215145482a542a9adb282250b
2026-05-31,my,Malaysia,36,1,Die On This Hill,SIENNA SPIRO,02gSuSAWEdWa5UOvqzjX6v,2gYTC8DsplN3RNdpdBcCOQ,https://i.scdn.co/image/ab67616d00001e020901e50bfaff4351a29f462b
2026-05-31,my,Malaysia,37,2,BIRDS OF A FEATHER,Billie Eilish,6qqNVTkY8uBg9cP3Jd7DAH,6dOtVTDdiauQNBQEDOtlAB,https://i.scdn.co/image/ab67616d00001e0271d62ea7ea8a5be92d3c1f62
2026-05-31,my,Malaysia,38,–,P Ramlee Saloma,Alpha,0s2MtYt7PZx0kP8CqLt38t,197svyKIkkTUxmDxdcYezk,https://i.scdn.co/image/ab67616d00001e0284842d6f2269653dc6247f47
2026-05-31,my,Malaysia,39,2,Baby,Justin Bieber; Ludacris,1uNFoZAHBGtllmzznpCI3s; 3ipn9JLAPI5GUEo4y4jcoi,6epn3r7S14KUqlReYr77hA,https://i.scdn.co/image/ab67616d00001e02629dc9e2e3bc20bbd7d92e4a
2026-05-31,my,Malaysia,40,2,Babydoll,Dominic Fike,6USv9qhCn6zfxlBQIYJ9qs,7yNf9YjeO5JXUE3JEBgnYc,https://i.scdn.co/image/ab67616d00001e027b1b6f41c1645af9757d5616
2026-05-31,my,Malaysia,41,7,MALU MALU,dia; INDAHKUS,6WgjNWwGACXaBy7NZripBu; 1O4yyjVsY0VUpGMZiK7zNB,4nx5dujfgjriMeQg1OWMsp,https://i.scdn.co/image/ab67616d00001e025c157ac76f31ba099cdd6993
2026-05-31,my,Malaysia,42,2,Eenie Meenie,Sean Kingston; Justin Bieber,6S0dmVVn4udvppDhZIWxCr; 1uNFoZAHBGtllmzznpCI3s,4vVTI94F9uJ8lHNDWKv0i2,https://i.scdn.co/image/ab67616d00001e024dea4c1cdf30c359dbaec318
2026-05-31,my,Malaysia,43,3,Pulang,Insomniacks,3uSnvyMAFJTm7XkZJFo0xP,1DVHCvTwuwtZrpYDV4irH5,https://i.scdn.co/image/ab67616d00001e020a1f83fe0ff9c9ff1a366d5d
2026-05-31,my,Malaysia,44,–,The Man Who Can't Be Moved,The Script,3AQRLZ9PuTAozP28Skbq8V,3nqqDo8CcCLke3ZoTgiOKf,https://i.scdn.co/image/ab67616d00001e02f33a9f529c12f79b116eb218
2026-05-31,my,Malaysia,45,3,Bersenja Gurau,Raim Laode,5LcNPa8f8bRmZqELgoRFkN,4DrJqdZgPBHoMNVG5iOLlG,https://i.scdn.co/image/ab67616d00001e02a9d1f9b5d3275b0625e13e79
2026-05-31,my,Malaysia,46,1,Night Changes,One Direction,4AK6F7OLvEQ5QYCBNiQWHq,5O2P9iiztwhomNh8xkR9lJ,https://i.scdn.co/image/ab67616d00001e0234a29f220057810cce98e1b4
2026-05-31,my,Malaysia,47,2,"One Of The Girls (with JENNIE, Lily Rose Depp)",The Weeknd; JENNIE; Lily-Rose Depp,1Xyo4u8uXC1ZmMpatF05PJ; 250b0Wlc5Vk0CoUsaCY84M; 1pBLC0qVRTB5zVMuteQ9jJ,7CyPwkp0oE8Ro9Dd5CUDjW,https://i.scdn.co/image/ab67616d00001e02b0dd6a5cd1dec96c4119c262
2026-05-31,my,Malaysia,48,1,Raindance (feat. Tems),Dave; Tems,6Ip8FS7vWT1uKkJSweANQK; 687cZJR45JO7jhk1LHIbgq,3oTuTpF1F3A7rEC6RKsMRz,https://i.scdn.co/image/ab67616d00001e02fecaa7826bb0cbe139a8cb83
2026-05-31,my,Malaysia,49,3,Siapa Di Hatimu,Rahmat,1yhQJRu5vlBqwwTrvYSg1L,2NOWGQefu42AyhxIavqCZJ,https://i.scdn.co/image/ab67616d00001e026683b0d5c8b780225bde15c2
2026-05-31,my,Malaysia,50,3,End of Beginning,Djo,5p9HO3XC5P3BLxJs5Mtrhm,3qhlB30KknSejmIvZZLjOD,https://i.scdn.co/image/ab67616d00001e02fddfffec51b4580acae727c1
2026-05-31,my,Malaysia,51,1,CHOOM,BABYMONSTER,1SIocsqdEefUTE6XKGUiVS,6gunPOwkADFspLkQtmVuZT,https://i.scdn.co/image/ab67616d00001e020fbcc1d9dc6a647af4ebdfee
2026-05-31,my,Malaysia,52,1,Shape of My Heart,Backstreet Boys,5rSXSAkZ67PYJSvpUpkOr7,35o9a4iAfLl5jRmqMX9c1D,https://i.scdn.co/image/ab67616d00001e02cf871e6326e334bfa92cff20
2026-05-31,my,Malaysia,53,2,SO ASU,Naykilla,79omf4LgzaVAnXIRWPkJUq,56TRhAB4SqpRn5NdqHSAFy,https://i.scdn.co/image/ab67616d00001e02bc3ac83da4a6bda98247e694
2026-05-31,my,Malaysia,54,–,Lesung Pipi,Raim Laode,5LcNPa8f8bRmZqELgoRFkN,4GSwtvjwdbUmb4blyUyCnD,https://i.scdn.co/image/ab67616d00001e02a9d1f9b5d3275b0625e13e79
2026-05-31,my,Malaysia,55,7,Reminisensi,Insomniacks,3uSnvyMAFJTm7XkZJFo0xP,0TRKtVvsVmOkXCvnq5AgNE,https://i.scdn.co/image/ab67616d00001e02fa18e23520c6e919b7fc6a24
2026-05-31,my,Malaysia,56,7,Sesal Separuh Nyawa,Alyah,2bUKiCTlseN47NCfkpDTEZ,6Kqc2T2YiYLkzW6zD0GO8y,https://i.scdn.co/image/ab67616d00001e0275ce82fa538fadf1f9deb913
2026-05-31,my,Malaysia,57,4,Treat You Better,Shawn Mendes,7n2wHs1TKAczGzO7Dd2rGr,3QGsuHI8jO1Rx4JWLUh9jd,https://i.scdn.co/image/ab67616d00001e021376b4b16f4bfcba02dc571b
2026-05-31,my,Malaysia,58,2,Just the Way You Are,Bruno Mars,0du5cEVh5yTK9QJze8zA0C,7BqBn9nzAq8spo5e7cZ0dJ,https://i.scdn.co/image/ab67616d00001e027039c1c841fc3dfa2ad8a0d8
2026-05-31,my,Malaysia,59,16,Bahagiamu Deritaku,Hafiz Suip,08nApps9ThD6cZD2jXC4vW,5vNhfRa1WTzUDZcU8DAO1a,https://i.scdn.co/image/ab67616d00001e028fea0786d4aa86948156e799
2026-05-31,my,Malaysia,60,–,Talking to the Moon,Bruno Mars,0du5cEVh5yTK9QJze8zA0C,161DnLWsx1i3u1JT05lzqU,https://i.scdn.co/image/ab67616d00001e027039c1c841fc3dfa2ad8a0d8
2026-05-31,my,Malaysia,61,2,Stateside + Zara Larsson,PinkPantheress; Zara Larsson,78rUTD7y6Cy67W1RVzYs7t; 1Xylc3o4UrD53lo9CvFvVg,1DwscornXpj8fmOmYVlqZt,https://i.scdn.co/image/ab67616d00001e02684ecc5bc1b724d0106ad694
2026-05-31,my,Malaysia,62,15,Terasing,Iman Troye; Naim Daniel,1Jvj122gN1QiaYUrNhn3Fq; 5PCDJjJ5dx6Py83CvfvRIO,5VfiKRZouCEGFv5EaHQ206,https://i.scdn.co/image/ab67616d00001e02d6ef4e707cb1f90b3cbe1c7a
2026-05-31,my,Malaysia,63,15,Love Yourself,Justin Bieber,1uNFoZAHBGtllmzznpCI3s,50kpGaPAhYJ3sGmk6vplg0,https://i.scdn.co/image/ab67616d00001e02f46b9d202509a8f7384b90de
2026-05-31,my,Malaysia,64,9,Payphone,Maroon 5; Wiz Khalifa,04gDigrS5kc9YWfZHwBETP; 137W8MRPWKqSmrBGDBFSop,1XGmzt0PVuFgQYYnV2It7A,https://i.scdn.co/image/ab67616d00001e02fc8633e22a7dba6aab817bff
2026-05-31,my,Malaysia,65,–,Confident,Justin Bieber; Chance the Rapper,1uNFoZAHBGtllmzznpCI3s; 1anyVhU62p31KFi8MEzkbf,6czM6UMQD9qE5GAUp68oud,https://i.scdn.co/image/ab67616d00001e0258ae8fddecbd2630005409c9
2026-05-31,my,Malaysia,66,9,BOOMPALA,LE SSERAFIM,4SpbR6yFEvexJuaBpgAU5p,41d2WjuL0ikRKVjxmL7ZFz,https://i.scdn.co/image/ab67616d00001e023fba33983638fcf9704c965d
2026-05-31,my,Malaysia,67,3,Starboy,The Weeknd; Daft Punk,1Xyo4u8uXC1ZmMpatF05PJ; 4tZwfgrHOc3mvqYlEYSvVi,7MXVkk9YMctZqd1Srtv4MB,https://i.scdn.co/image/ab67616d00001e024718e2b124f79258be7bc452
2026-05-31,my,Malaysia,68,1,Anugerah Terindah,Andmesh,6IDsZZ4IHgs9VblBgQQSmt,6gjkHuMOR0CrN7Vb2NoEdg,https://i.scdn.co/image/ab67616d00001e023b83fd19945daf89d7cbfc00
2026-05-31,my,Malaysia,69,–,Beat It,Michael Jackson,3fMbdgg4jU18AjLCKBhRSm,3BovdzfaX4jb5KFQwoPfAw,https://i.scdn.co/image/ab67616d00001e0232a7d87248d1b75463483df5
2026-05-31,my,Malaysia,70,4,LEMONADE,aespa,6YVMFz59CuY7ngCxTxjpxE,7a3iH9vM5Z58GqOMqXBU1M,https://i.scdn.co/image/ab67616d00001e025f0171c63cceb32ccff8b9a9
2026-05-31,my,Malaysia,71,1,When I Was Your Man,Bruno Mars,0du5cEVh5yTK9QJze8zA0C,0B7wvvmu9EISAwZnOpjhNI,https://i.scdn.co/image/ab67616d00001e02926f43e7cce571e62720fd46
2026-05-31,my,Malaysia,72,4,Bunga Maaf,The Lantis,1REvGGP2H7cFLGZgK2sStO,26KhLgFuPymkm1uiZkc6Rv,https://i.scdn.co/image/ab67616d00001e027536908067a37708c3f5ff35
2026-05-31,my,Malaysia,73,2,It Will Rain,Bruno Mars,0du5cEVh5yTK9QJze8zA0C,4rMNgxEwGWoPHIUcvB5BrB,https://i.scdn.co/image/ab67616d00001e02dec2e6bae5062b94fc4eeb84
2026-05-31,my,Malaysia,74,17,Rayuan Perempuan Gila,Nadin Amizah,20zafXaLhm5IcXnSU93rNn,0zAtj0BEvpulETGrk95NPQ,https://i.scdn.co/image/ab67616d00001e0294847679fe7b10e27d9803f5
2026-05-31,my,Malaysia,75,3,TABOLA BALE,Silet Open Up; Jacson Seran; Juan Reza; Diva Aurel,5naPJsWUJ6y22yKXA6dX36; 7sGSFhUe26nmXPxw3KuXrj; 0eYCIajsbVsMjVUIkcomIY; 5aOpLMYo7aOOxoXBFkiJ4u,7mqG8I1JG0iQAejC53qpbU,https://i.scdn.co/image/ab67616d00001e02f6f7d0c06b8b2bd22ba3eae4
2026-05-31,my,Malaysia,76,5,kota ini tak sama tanpamu (with Aziz Harun & Aisha Retno),Nadhif Basalamah; Aziz Harun; Aisha Retno,6UgERnTHmjk3qXM9x5vzyO; 1dmuM6bG5J8sDFyp26x9Nf; 1eizIry8svwmH0cSjLUEYy,75DnXTAoFiorMrqkPVbjSH,https://i.scdn.co/image/ab67616d00001e0287e7224938aa91019b17b791
2026-05-31,my,Malaysia,77,31,Komang,Raim Laode,5LcNPa8f8bRmZqELgoRFkN,3blvSatB9XD5i705K4j2yP,https://i.scdn.co/image/ab67616d00001e02a9d1f9b5d3275b0625e13e79
2026-05-31,my,Malaysia,78,16,Ghost,Justin Bieber,1uNFoZAHBGtllmzznpCI3s,6I3mqTwhRpn34SLVafSH7G,https://i.scdn.co/image/ab67616d00001e02e6f407c7f3a0ec98845e4431
2026-05-31,my,Malaysia,79,3,mejikuhibiniu,Tenxi; Suisei; Jemsii,6vP4azTCk053nGL0xAYnVH; 2Iw3yPRqjz5Xh4veKj7oqi; 5PTw7KmM8c9QfBjU5caHWs,13KXgSl4vs7h8y2G7V6GrB,https://i.scdn.co/image/ab67616d00001e02ebdd8446bacd87dc7796cede
2026-05-31,my,Malaysia,80,6,Nanti Kita Seperti Ini,Batas Senja,4AhHkaGz7W2bKKJK90IaV2,3y8RcMPYG22fRnrOi4oFJ1,https://i.scdn.co/image/ab67616d00001e02c6092bd9b2579479e5fa9891
2026-05-31,my,Malaysia,81,2,I Wanna Be Yours,Arctic Monkeys,7Ln80lUS6He07XvHI8qqHH,5XeFesFbtLpXzIVDNQP22n,https://i.scdn.co/image/ab67616d00001e024ae1c4c5c45aabe565499163
2026-05-31,my,Malaysia,82,2,we can't be friends (wait for your love),Ariana Grande,66CXWjxzNUsdJxJ2JdwvnR,51ZQ1vr10ffzbwIjDCwqm4,https://i.scdn.co/image/ab67616d00001e028b58d20f1b77295730db15b4
2026-05-31,my,Malaysia,83,2,Attention,Charlie Puth,6VuMaDnrHyPL1p4EHjYLi7,5cF0dROlMOK5uNZtivgu50,https://i.scdn.co/image/ab67616d00001e02897f73256b9128a9d70eaf66
2026-05-31,my,Malaysia,84,11,Rumah Ke Rumah,Hindia,51kyrUsAVqUBcoDEMFkX12,2wAiFWjRupWmnDkQcu91MF,https://i.scdn.co/image/ab67616d00001e02d623688488865906052ef96b
2026-05-31,my,Malaysia,85,14,That's What I Like,Bruno Mars,0du5cEVh5yTK9QJze8zA0C,0KKkJNfGyhkQ5aFogxQAPU,https://i.scdn.co/image/ab67616d00001e02232711f7d66a1e19e89e28c5
2026-05-31,my,Malaysia,86,4,DAISIES,Justin Bieber,1uNFoZAHBGtllmzznpCI3s,5BZsQlgw21vDOAjoqkNgKb,https://i.scdn.co/image/ab67616d00001e02d65c4773bc5061fd27facc5b
2026-05-31,my,Malaysia,87,6,So Easy (To Fall In Love),Olivia Dean,00x1fYSGhdqScXBRpSj3DW,6sGIMrtIzQjdzNndVxe397,https://i.scdn.co/image/ab67616d00001e029a336bfb6d40bbd90a507417
2026-05-31,my,Malaysia,88,83,Kasihnya Laila,Jinbara,3PAg5VcAsyH3N4nFEnGgxg,4ENLoJZ1Ut9Zvh28CvkNSH,https://i.scdn.co/image/ab67616d00001e0202a0c12723e9eb761a8917b8
2026-05-31,my,Malaysia,89,5,Sailor Song,Gigi Perez,1iCnM8foFssWlPRLfAbIwo,21IYMdzTrzSe191Cy5eMap,https://i.scdn.co/image/ab67616d00001e0249c26270052e1671add569c1
2026-05-31,my,Malaysia,90,24,Kekasihku,Rahmat,1yhQJRu5vlBqwwTrvYSg1L,1HqsLQmxwk4JesanMr5Gsc,https://i.scdn.co/image/ab67616d00001e02bcb061c7e4d30df09683e1b3
2026-05-31,my,Malaysia,91,39,Memori Sekuntum Rindu,Spoon,2rk0koEOYpAL7pGGWleyxn,5xs9OMUxjOu8bKRd7bnHcl,https://i.scdn.co/image/ab67616d00001e023cd96a3db0e265a5884618f9
2026-05-31,my,Malaysia,92,5,bittersweet,Madison Beer,2kRfqPViCqYdSGhYSM9R0Q,6vDVu9IM9s8L8XMQ1c1Yti,https://i.scdn.co/image/ab67616d00001e02391ad22354ea2e90c54f6b14
2026-05-31,my,Malaysia,93,3,Adek Saye Abe Sore,Eda Ezrin; Den Manjo,1v964dN0qqTk4ljQZv723W; 1ctGQ3bkMQWyiblbdj1qg9,1EC11OC8V8duKLN71sOklm,https://i.scdn.co/image/ab67616d00001e0293f4bcde92fecdb09c38207c
2026-05-31,my,Malaysia,94,12,Bintang,Budak Kacamata,4thhnp2dS6gYcYMUvEGqOw,7n37fKTB2qjMg2Jps2nDPw,https://i.scdn.co/image/ab67616d00001e0239a724905598615d075f34e4
2026-05-31,my,Malaysia,95,7,Dan Bila Esok,Sofaz,4EWTiE61XKSdCi3DwW8fee,1xMeSSPoaUivQJqOdH5r12,https://i.scdn.co/image/ab67616d00001e020f0fa33950e98919923aca79
2026-05-31,my,Malaysia,96,6,Rahsia Tuhan,Noh Salleh,4fVYwG8RsbJsREFFniszhf,0FYnBVsruGEFIBRI3a4Vmz,https://i.scdn.co/image/ab67616d00001e02317159097e33eb6ebedd260f
2026-05-31,my,Malaysia,97,6,Garam & Madu (Sakit Dadaku),Tenxi; Naykilla; Jemsii,6vP4azTCk053nGL0xAYnVH; 79omf4LgzaVAnXIRWPkJUq; 5PTw7KmM8c9QfBjU5caHWs,3jJkB9wdKpwxnkjgUBnE4c,https://i.scdn.co/image/ab67616d00001e02ebdd8446bacd87dc7796cede
2026-05-31,my,Malaysia,98,2,Golden,HUNTR/X; EJAE; AUDREY NUNA; REI AMI; KPop Demon Hunters Cast,2yNNYQBChuox9A5Ka93BIn; 0RMJOzHDhAKY1o2j0W0vxY; 0Wwji82sLA0Hcvtuak3omb; 6U1dV7aL68N7Gb0Naq34V5; 7mW7Tv7NvywKKXqafZo0Lc,1CPZ5BxNNd0n0nF4Orb9JS,https://i.scdn.co/image/ab67616d00001e024dcb6c5df15cf74596ab25a4
2026-05-31,my,Malaysia,99,2,everything u are,Hindia,51kyrUsAVqUBcoDEMFkX12,5WOSNVChcadlsCRiqXE45K,https://i.scdn.co/image/ab67616d00001e0205898628baab6ef07a0a4d03
2026-05-31,my,Malaysia,100,32,Beautiful (feat. Camila Cabello),Bazzi; Camila Cabello,4GvEc3ANtPPjt1ZJllr5Zl; 4nDoRrQiYLoBzwC5BhVJzF,4VUwkH455At9kENOfzTqmF,https://i.scdn.co/image/ab67616d00001e026e3291f3c9b3cef7bc70f75f
2026-05-31,my,Malaysia,101,8,Ingat,ALYPH,3qeuv2ijwaAcbX3KVMJfuj,0QnyIDSjy366dQZjcHS2yF,https://i.scdn.co/image/ab67616d00001e02aeaf0ac1f551769d707e2ea8
2026-05-31,my,Malaysia,102,44,Bourgenvilla,Spring,2DHROEfQ05NhnciQxReWk6,3tw15uN1CSWXjx9X6D8cIp,https://i.scdn.co/image/ab67616d00001e02a8564ef5ab5aa2cfdf70e25c
2026-05-31,my,Malaysia,103,10,Dirimu Yang Dulu,Anggis Devaki,7lXTU6VtJQWfiN2vuZyzqf,3GIiXoibZNOxoB4QJ0b8UR,https://i.scdn.co/image/ab67616d00001e02d7105ffabf2ff9ddd265eab1
2026-05-31,my,Malaysia,104,14,Di Akhir Perang,Nadin Amizah,20zafXaLhm5IcXnSU93rNn,1tqPw8Hf88h24Bpt2SzuYE,https://i.scdn.co/image/ab67616d00001e0294847679fe7b10e27d9803f5
2026-05-31,my,Malaysia,105,7,Serana,For Revenge,0f6TyESD8E1mD2oLJ4TGv1,0PtJbtW50jcvvswNPn3QGd,https://i.scdn.co/image/ab67616d00001e02322ce4ba8eb959ebee609fd8
2026-05-31,my,Malaysia,106,17,Die For You,The Weeknd,1Xyo4u8uXC1ZmMpatF05PJ,2LBqCSwhJGcFQeTHMVGwy3,https://i.scdn.co/image/ab67616d00001e02a048415db06a5b6fa7ec4e1a
2026-05-31,my,Malaysia,107,–,STAY (with Justin Bieber),The Kid LAROI; Justin Bieber,2tIP7SsRs7vjIcLrU85W8J; 1uNFoZAHBGtllmzznpCI3s,567e29TDzLwZwfDuEpGTwo,https://i.scdn.co/image/ab67616d00001e02b4d59e6fa7e5e7cbc57ac33a
2026-05-31,my,Malaysia,108,7,RUDE!,Hearts2Hearts,1ZLU77nRzQIaP23mVSYpCQ,0WA27lZzPKFJKAbiDRmQDc,https://i.scdn.co/image/ab67616d00001e02d505bec2fbfee5857725d333
2026-05-31,my,Malaysia,109,10,Mengusung Rindu,Spin,1eOfgUpfvNT0GJ3ksDiYs9,53y2VWgFGCPNcEgtarL7pQ,https://i.scdn.co/image/ab67616d00001e0251e6dd31bc598edd3c35d789
2026-05-31,my,Malaysia,110,10,Menerima Luka,Natasya Sabella,2w2xKlumnOzCf5eVTkmNXn,5ohhUOosF2Ap8wsk1adLI8,https://i.scdn.co/image/ab67616d00001e02666b93e07f4a5ef345e83fe1
2026-05-31,my,Malaysia,111,2,Takkan Pergi,Hyper Act,0zo8fkOQyrawuBfIhy99jb,4RpBCmAFDHmUGGrYKMySQI,https://i.scdn.co/image/ab67616d00001e024dcff9cef4f883ddb2f1940c
2026-05-31,my,Malaysia,112,6,Cinta Ini Membunuhku,D’MASIV,1hioeMAsVwJ3bvcb9lxBpB,3jqOKTYh4XH9khpOXQp89Y,https://i.scdn.co/image/ab67616d00001e027a53bc0dfa374c632d394e98
2026-05-31,my,Malaysia,113,47,Biarkanlah,Drama Band,5NWfEZx5XGbVCAQTjhSxlR,0TbxuF4pkOZBfdBipPorYQ,https://i.scdn.co/image/ab67616d00001e02956f6207e1817d7a7b9c7365
2026-05-31,my,Malaysia,114,3,Pesan Terakhir,Lyodra,6Sv2jkzH9sWQjwghW5ArMG,3FwQ3RYYEekzjEeL3jdpUZ,https://i.scdn.co/image/ab67616d00001e02d00e5994b61f1d93dafe9221
2026-05-31,my,Malaysia,115,5,Dan...,Sheila On 7,6q87vizIEdEN4NvlR6mjfT,1MdjZzEInrmDBXf8zs0nKS,https://i.scdn.co/image/ab67616d00001e0254270208627aa8061a8abe21
2026-05-31,my,Malaysia,116,18,Perfect,Ed Sheeran,6eUKZXaKkcviH0Ku9w2n3V,0tgVpDi06FyKpA1z0VMD4v,https://i.scdn.co/image/ab67616d00001e02ba5db46f4b838ef6027e6f96
2026-05-31,my,Malaysia,117,3,Disarankan di Bandung,Dongker; Jason Ranti,6sf1OnuDZM48bgFQvPkbYm; 06x5hKHmGzMggWmRK833nv,5VyWqCgmRSa1o364B4UGI8,https://i.scdn.co/image/ab67616d00001e0235e8c95e427167c4d26899e1
2026-05-31,my,Malaysia,118,4,Aku Yang Tersakiti,Judika,5fS7aONqrIhiw6YzgKVOsd,5pzblRSSo6YWd2dQR3sp2m,https://i.scdn.co/image/ab67616d00001e025f14b2386437640366a1e6de
2026-05-31,my,Malaysia,119,36,Alasanmu,Exists,1ibFtPHzpqHJKA0PdAC8TH,6UdHL1HgSBwo1Vxx4ys5uS,https://i.scdn.co/image/ab67616d00001e0259dd3992df6c55c6830a4d17
2026-05-31,my,Malaysia,120,28,Suddenly,I.O.I,6RKnXXyprPjhBdCvL802Ku,7u0yW2XPSJozIGdUSRET19,https://i.scdn.co/image/ab67616d00001e02244aed7ce852aedf2097fed9
2026-05-31,my,Malaysia,121,5,About You,The 1975,3mIj9lX2MWuHmhNCA7LSCW,3hEfpBHxgieRLz4t3kLNEg,https://i.scdn.co/image/ab67616d00001e0200702474f8e0e2b6155d48e3
2026-05-31,my,Malaysia,122,17,Best Part (feat. H.E.R.),Daniel Caesar; H.E.R.,20wkVLutqVOYrc0kxFs7rA; 3Y7RZ31TRPVadSFVy1o8os,1Q7EgiMOuwDcB0PJC6AzON,https://i.scdn.co/image/ab67616d00001e027aa8783ad8def37cc548a9cf
2026-05-31,my,Malaysia,123,18,Menjaga Jodoh Orang Lain,Ara Johari,0xuL8l2qakTAyURbZb1gtc,2CneKWpjKErzqZhHID0avV,https://i.scdn.co/image/ab67616d00001e0201c8234d472a85cc65702dd7
2026-05-31,my,Malaysia,124,12,Hanya Kau Yang Mampu,Aizat Amdan,2sS4H2xFvWaxaixeVZC4Vu,4HFP0A7i6NIOscKVdilus2,https://i.scdn.co/image/ab67616d00001e02d0d49d3462210dcbda997268
2026-05-31,my,Malaysia,125,2,Chicago,Michael Jackson,3fMbdgg4jU18AjLCKBhRSm,5BKKy9fIJL5uM9fz1SnqyP,https://i.scdn.co/image/ab67616d00001e0235f36cb686b0d5a12ab3a9f0
2026-05-31,my,Malaysia,126,9,Sempurna,Insomniacks,3uSnvyMAFJTm7XkZJFo0xP,67C6LHREqmytK923Ak6R0I,https://i.scdn.co/image/ab67616d00001e02ddb1b2c929f06a2484ab9522
2026-05-31,my,Malaysia,127,27,Harapan,Hyper Act,0zo8fkOQyrawuBfIhy99jb,6NexU0n0t8nlczyeoAfIwA,https://i.scdn.co/image/ab67616d00001e02fa7c08cb17a4e1288465ad19
2026-05-31,my,Malaysia,128,7,Runtuh,Feby Putri; Fiersa Besari,66NmU5epI0ONGmdCRbLpmW; 06QVnTCdjs4jPKO0487EGV,6Hii26x3qDErVitnGW8QtO,https://i.scdn.co/image/ab67616d00001e024788f7886c01b9b2ee95cbdd
2026-05-31,my,Malaysia,129,14,Bukan Ku Tak Sudi,Iklim,6JC3uifC84pTUZssGSnBD5,5TQ67TxfxEiAl58Vmtx5ew,https://i.scdn.co/image/ab67616d00001e0289bc3d2926d8903688d805dd
2026-05-31,my,Malaysia,130,3,Closer,The Chainsmokers; Halsey,69GGBxA162lTqCwzJG5jLp; 26VFTg2z8YR0cCuwLzESi2,7BKLCZ1jbUBVqRi2FVlTVw,https://i.scdn.co/image/ab67616d00001e02495ce6da9aeb159e94eaa453
2026-05-31,my,Malaysia,131,4,Untuk Mencintaimu,Seventeen,5uUb3J6HqLhBWwzuh84LUZ,04tvOIuyk8y0QVA8Ta0UOd,https://i.scdn.co/image/ab67616d00001e02b9f510504efb5b8109708b71
2026-05-31,my,Malaysia,132,4,Let Me Love You,DJ Snake; Justin Bieber,540vIaP2JwjQb9dm3aArA4; 1uNFoZAHBGtllmzznpCI3s,0lYBSQXN6rCTvUZvg9S0lU,https://i.scdn.co/image/ab67616d00001e02212d776c31027c511f0ee3bc
2026-05-31,my,Malaysia,133,–,Iris,The Goo Goo Dolls,2sil8z5kiy4r76CRTXxBCA,6Qyc6fS4DsZjB2mRW9DsQs,https://i.scdn.co/image/ab67616d00001e02eda9478c39a21e1cdc6609ca
2026-05-31,my,Malaysia,134,3,Always,Daniel Caesar,20wkVLutqVOYrc0kxFs7rA,2LlOeW5rVcvl3QcPNPcDus,https://i.scdn.co/image/ab67616d00001e027c68face1dc58127f3a7b1cc
2026-05-31,my,Malaysia,135,6,Pasti,Cherpen,0mIwHAnTvHsfd3055G7gaQ,7MtGrAL5mPrTuYuqgkDodI,https://i.scdn.co/image/ab67616d00001e0290ab8c787a038dbed3652a98
2026-05-31,my,Malaysia,136,20,Kembali Pulang,Suara Kayu; Feby Putri,327ipGIr9bD3MkLb2eucqC; 66NmU5epI0ONGmdCRbLpmW,6xeqCawPZngDVqw2W2aGaR,https://i.scdn.co/image/ab67616d00001e020fa7d0f0589cf5cf7c9300fd
2026-05-31,my,Malaysia,137,5,Sorry,Justin Bieber,1uNFoZAHBGtllmzznpCI3s,09CtPGIpYB4BrO8qb1RGsF,https://i.scdn.co/image/ab67616d00001e02f46b9d202509a8f7384b90de
2026-05-31,my,Malaysia,138,34,Dalam Diam,Zynakal; Zamir Harith; Mojack Hafiz; Bel Janni,3Cs5QQYz6pMhbEKaBNCtfi; 053dJUug3KoJGNH4q2B1Vu; 6b7Sx8k12iNt7JGHURdR3E; 5l7c6Bfkb3sHeDOOojVqvB,2eGp0zNLHCMaCltJ7fKdZ8,https://i.scdn.co/image/ab67616d00001e0205c17d7889e1bc8158f200d6
2026-05-31,my,Malaysia,139,14,Favorite Girl,Justin Bieber,1uNFoZAHBGtllmzznpCI3s,4nTjkWK590oBDcnIxTr1mI,https://i.scdn.co/image/ab67616d00001e027c3bb9f74a98f60bdda6c9a7
2026-05-31,my,Malaysia,140,6,Kepuraanmu,Luqman Faiz,2ZhUfT19cZKRi7sayQcEZH,5tNfSGN2zQ6y3E5pl5Wggy,https://i.scdn.co/image/ab67616d00001e02efdcbd8345ac34c3d21e0a14
2026-05-31,my,Malaysia,141,Re-Entry,Sudah Ku Tahu,Projector Band,7iMjAugk2BtmWvhG5cI40L,5aErufES0TkxM2HE9SrzW9,https://i.scdn.co/image/ab67616d00001e0278b5ecdd6fcba4fe4af14e3f
2026-05-31,my,Malaysia,142,20,like JENNIE,JENNIE,250b0Wlc5Vk0CoUsaCY84M,0fK7ie6XwGxQTIkpFoWkd1,https://i.scdn.co/image/ab67616d00001e02dcf27dec5e479b2e39c4c993
2026-05-31,my,Malaysia,143,1,Dandelions,Ruth B.,2WzaAvm2bBCf4pEhyuDgCY,2eAvDnpXP5W0cVtiI0PUxV,https://i.scdn.co/image/ab67616d00001e02b09403f05bc0c306cf96990f
2026-05-31,my,Malaysia,144,20,Love Me Harder,Ariana Grande; The Weeknd,66CXWjxzNUsdJxJ2JdwvnR; 1Xyo4u8uXC1ZmMpatF05PJ,5J4ZkQpzMUFojo1CtAZYpn,https://i.scdn.co/image/ab67616d00001e02deec12a28d1e336c5052e9aa
2026-05-31,my,Malaysia,145,29,Snooze,SZA,7tYKF4w9nC0nq9CsPZTHyP,4iZ4pt7kvcaH6Yo8UoZ4s2,https://i.scdn.co/image/ab67616d00001e02bc18bdade69ec5ef0bb25b17
2026-05-31,my,Malaysia,146,8,It's Me,ILLIT,36cgvBn0aadzOijnjjwqMN,1D5L58KLBbceOynTP4DQnY,https://i.scdn.co/image/ab67616d00001e0261eea484e31bca065904f1c6
2026-05-31,my,Malaysia,147,22,Janjiku,Sofaz,4EWTiE61XKSdCi3DwW8fee,6c08kYMYAzlvKM6iltTwsS,https://i.scdn.co/image/ab67616d00001e0285b083b5e2786bff21d912f9
2026-05-31,my,Malaysia,148,Re-Entry,Sakit,IamNeeta,6g7i9qhTwxhEuxNUhU1mCg,3pkLAqPKJWqr9MluDVIc6U,https://i.scdn.co/image/ab67616d00001e02bf756658c87ef23a4b1579cf
2026-05-31,my,Malaysia,149,–,Let Down,Radiohead,4Z8W4fKeB5YxbusRsdQVPb,2fuYa3Lx06QQJAm0MjztKr,https://i.scdn.co/image/ab67616d00001e02c8b444df094279e70d0ed856
2026-05-31,my,Malaysia,150,2,Nobody Gets Me,SZA,7tYKF4w9nC0nq9CsPZTHyP,5Y35SjAfXjjG0sFQ3KOxmm,https://i.scdn.co/image/ab67616d00001e02bc18bdade69ec5ef0bb25b17
2026-05-31,my,Malaysia,151,3,No One Noticed,The Marías,2sSGPbdZJkaSE2AbcGOACx,3siwsiaEoU4Kuuc9WKMUy5,https://i.scdn.co/image/ab67616d00001e028aa339341a0b0c813909c831
2026-05-31,my,Malaysia,152,Re-Entry,Bawa Dia Kembali,Mahalini,3wOsYKZM0zcKNasi3I7fP4,25M9piWxSsq0xLcjQW5yz6,https://i.scdn.co/image/ab67616d00001e026f713eb92ebf7ca05a562542
2026-05-31,my,Malaysia,153,Re-Entry,Sekuntum Bunga Sakura Di Gurun Sahara,Mega,5KJO8SHDZrO7mvLq0FKu7b,3JzjubJ6UtVY8kkM7YHiNR,https://i.scdn.co/image/ab67616d00001e0262ce367bd2f73fb9e58f70b3
2026-05-31,my,Malaysia,154,14,Kita Usahakan Lagi,Batas Senja,4AhHkaGz7W2bKKJK90IaV2,1wfbqUSPWbnPjkiBA9UmoF,https://i.scdn.co/image/ab67616d00001e02246e30c4bef2c5336465aca7
2026-05-31,my,Malaysia,155,15,Kenangan Terindah,SAMSONS,6HHje5tfmzWK8PsSaoJ9Xp,5TtmfZaNSYEcTR49cureT0,https://i.scdn.co/image/ab67616d00001e02607aaef4f806cb926096f1ae
2026-05-31,my,Malaysia,156,3,Gabriela,KATSEYE,3c0gDdb9lhnHGFtP4prQpn,1xOqGUkyxGQRdCvGpvWKmL,https://i.scdn.co/image/ab67616d00001e02f8d4d00ffe09373efb13ce29
2026-05-31,my,Malaysia,157,14,Yellow,Coldplay,4gzpq5DPGxSnKTe4SA8HAU,3AJwUDP919kvQ9QcozQPxg,https://i.scdn.co/image/ab67616d00001e029164bafe9aaa168d93f4816a
2026-05-31,my,Malaysia,158,41,Sampai Mati,Hazama,5jKjGIfQbctItoit4X95XI,0w2kjlWmp8JUMtylt0kNMh,https://i.scdn.co/image/ab67616d00001e0266b068b6789b7716996ef20c
2026-05-31,my,Malaysia,159,9,海屿你,马也_Crabbit,1V6Bl7Ny5loHozQUalAd6M,6UO9nrihAk6sFGvVHDVTz8,https://i.scdn.co/image/ab67616d00001e027d721d0483ccd72e6581e858
2026-05-31,my,Malaysia,160,4,Jiwa Yang Bersedih,Ghea Indrawari,3qL7BzwJOXq3EzAio36aLX,0sV01d2keik5bwCuW9EQpk,https://i.scdn.co/image/ab67616d00001e029798fbe1bd1cdf2915bd0394
2026-05-31,my,Malaysia,161,2,Rumah Singgah,Fabio Asher,6FTLayBxjkQeanFdUusk1I,0f0GcqppZTmAYaAZA7GkhQ,https://i.scdn.co/image/ab67616d00001e02d53761dea5571fab6a7dd145
2026-05-31,my,Malaysia,162,1,Kasih Aba Aba,Naykilla; Tenxi; Jemsii,79omf4LgzaVAnXIRWPkJUq; 6vP4azTCk053nGL0xAYnVH; 5PTw7KmM8c9QfBjU5caHWs,5rhwXZP0luMucnEPnYJpbI,https://i.scdn.co/image/ab67616d00001e028afa25403ff8a518ee7a9f94
2026-05-31,my,Malaysia,163,26,Tak Kan Hilang,Budi Doremi,6Ifk2cbxyVzT41jLexYCas,6LRO4Nf1DdNRChmnTFi4ic,https://i.scdn.co/image/ab67616d00001e02f7e5af48832abc7234153e0f
2026-05-31,my,Malaysia,164,25,Nothin' on You (feat. Bruno Mars),B.o.B; Bruno Mars,5ndkK3dpZLKtBklKjxNQwT; 0du5cEVh5yTK9QJze8zA0C,59dLtGBS26x7kc0rHbaPrq,https://i.scdn.co/image/ab67616d00001e02caa23612279c2d059a0d3a82
2026-05-31,my,Malaysia,165,17,Sweet Boy,Malcolm Todd,7eKkW1zo5uzW8kUntiiBvz,59c2xv2kMzYM6HR9oY6BIa,https://i.scdn.co/image/ab67616d00001e022c1f34ecc1929fb59908aad1
2026-05-31,my,Malaysia,166,9,I Thought I Saw Your Face Today,She & Him,3CIRif6ZAedT7kZSPvj2A4,0myRViRgmQ3J8izICXEAVO,https://i.scdn.co/image/ab67616d00001e02a47c6d8a934b4833c0916cc9
2026-05-31,my,Malaysia,167,22,APT.,ROSÉ; Bruno Mars,3eVa5w3URK5duf6eyVDbu9; 0du5cEVh5yTK9QJze8zA0C,4wJ5Qq0jBN4ajy7ouZIV1c,https://i.scdn.co/image/ab67616d00001e027be65ce6672ed7e5aac6e966
2026-05-31,my,Malaysia,168,29,Terakhir,Sufian Suhaimi,6KEEEdAqmCL7PYOrjZCnEa,4LeP389CNcbrQX8ZECZlPw,https://i.scdn.co/image/ab67616d00001e023d5d2fb9ce449eb563ace97a
2026-05-31,my,Malaysia,169,11,Body to Body,BTS,3Nrfpe0tUJi4K4DXYWgMUX,2rKkfc4VZ74FQDc1FF1Zo6,https://i.scdn.co/image/ab67616d00001e02dfa17fad7f190c901603270e
2026-05-31,my,Malaysia,170,33,Sedetik Lebih,Anuar Zain,4jseSNWUg2haVIdUZS8R1a,0wU81ztD9Phud7dVlJXvcx,https://i.scdn.co/image/ab67616d00001e024da77847bb09fb285ad3c482
2026-05-31,my,Malaysia,171,Re-Entry,Disana Menanti Di Sini Menunggu,Ukays,7y3tizrdDAAfh7BWCYLXcI,6UWA9siLss5zSdfT0JmtwS,https://i.scdn.co/image/ab67616d00001e02640c578aeffcfe00cb436d7f
2026-05-31,my,Malaysia,172,2,One Last Time,Ariana Grande,66CXWjxzNUsdJxJ2JdwvnR,7xoUc6faLbCqZO6fQEYprd,https://i.scdn.co/image/ab67616d00001e02deec12a28d1e336c5052e9aa
2026-05-31,my,Malaysia,173,22,Bayangan Gurauan,Mega,5KJO8SHDZrO7mvLq0FKu7b,1HhYpYlr9sxxxQr0chKreu,https://i.scdn.co/image/ab67616d00001e0242e498060ba60afebe29f8c2
2026-05-31,my,Malaysia,174,22,Tanpa,6ixth Sense,5AUIOCOwfhbmaASDMPjvhw,4Favaai2aZYHGUGKGzAWgI,https://i.scdn.co/image/ab67616d00001e022788466558c79f70ffa66562
2026-05-31,my,Malaysia,175,14,Self Aware,Temper City,5mHUmlJWkcoOk1NbjfrXWz,4qW3BbQAwZsrnu8a3ZRdyT,https://i.scdn.co/image/ab67616d00001e02d6c26d2ae723f7ab553d64cc
2026-05-31,my,Malaysia,176,1,Creep,Radiohead,4Z8W4fKeB5YxbusRsdQVPb,70LcF31zb1H0PyJoS1Sx1r,https://i.scdn.co/image/ab67616d00001e02ec548c00d3ac2f10be73366d
2026-05-31,my,Malaysia,177,Re-Entry,Perasaanku,Fieya Julia,1jSD4QWACN76zckZySJWVA,0F9MgsXvr3oLfGX8bodXZW,https://i.scdn.co/image/ab67616d00001e0263c03f342da3b16d21fdf881
2026-05-31,my,Malaysia,178,31,Romantis,Spring,2DHROEfQ05NhnciQxReWk6,4mDpw5EaU2ocfXNZuaqNIZ,https://i.scdn.co/image/ab67616d00001e02aa84d355bcb4ea90d63443fb
2026-05-31,my,Malaysia,179,9,Kill Bill,SZA,7tYKF4w9nC0nq9CsPZTHyP,1Qrg8KqiBpW07V7PNxwwwL,https://i.scdn.co/image/ab67616d00001e02c5276ed6cb0287df8d9be07f
2026-05-31,my,Malaysia,180,13,Manchild,Sabrina Carpenter,74KM79TiuVKeVCqs8QtB0B,2BwO5K8Q7EPAJSGze3AAh9,https://i.scdn.co/image/ab67616d00001e02b1863bf95557ea7f357c4947
2026-05-31,my,Malaysia,181,Re-Entry,Those Eyes,New West,69bG9tC62d8oTFC9aTTosn,2psRActEWsTlYYd7EDoyVR,https://i.scdn.co/image/ab67616d00001e02aacd27a096e6e59ff555b46c
2026-05-31,my,Malaysia,182,36,Versace on the Floor,Bruno Mars,0du5cEVh5yTK9QJze8zA0C,0kN8xEmgMW9mh7UmDYHlJP,https://i.scdn.co/image/ab67616d00001e02232711f7d66a1e19e89e28c5
2026-05-31,my,Malaysia,183,2,SLOW DANCING IN THE DARK,Joji,3MZsBdqDrRTJihTHQrO6Dq,6rY5FAWxCdAGllYEOZMbjW,https://i.scdn.co/image/ab67616d00001e024cc52cd7a712842234e4fce2
2026-05-31,my,Malaysia,184,7,TNT,CORTIS,1ebt9HnXdyYA6KgLXr1n4P,7diH1qnFziArYzynk3vkr6,https://i.scdn.co/image/ab67616d00001e027a702a4c3a18c1439fdc29ff
2026-05-31,my,Malaysia,185,30,Bintang 5,Tenxi; Jemsii,6vP4azTCk053nGL0xAYnVH; 5PTw7KmM8c9QfBjU5caHWs,0HoWTALX2BktSIrSmflWSP,https://i.scdn.co/image/ab67616d00001e02ebdd8446bacd87dc7796cede
2026-05-31,my,Malaysia,186,Re-Entry,Bukan Dia Tapi Aku,Judika,5fS7aONqrIhiw6YzgKVOsd,5dhJhL42WWQLYBUTbMtLF7,https://i.scdn.co/image/ab67616d00001e025f14b2386437640366a1e6de
2026-05-31,my,Malaysia,187,Re-Entry,Cinnamon Girl,Lana Del Rey,00FQb4jTyendYWaN8pK0wa,2mdEsXPu8ZmkHRRtAdC09e,https://i.scdn.co/image/ab67616d00001e02879e9318cb9f4e05ee552ac9
2026-05-31,my,Malaysia,188,5,Bertaut,Nadin Amizah,20zafXaLhm5IcXnSU93rNn,630DpnzdfjdVqv2yLfPbAX,https://i.scdn.co/image/ab67616d00001e026d57a5c60decaa8fb39d5afb
2026-05-31,my,Malaysia,189,2,One Less Lonely Girl,Justin Bieber,1uNFoZAHBGtllmzznpCI3s,69ghzc538EQSVon2Gm3wrr,https://i.scdn.co/image/ab67616d00001e027c3bb9f74a98f60bdda6c9a7
2026-05-31,my,Malaysia,190,Re-Entry,Bila Cinta Di Dusta,Screen,1U7SSgDArzeDyximDoph3E,3r0iun2fhJ4otYGyStLbL0,https://i.scdn.co/image/ab67616d00001e026e8171d91d9d6ffc751e5fc7
2026-05-31,my,Malaysia,191,11,Mirrors,Justin Timberlake,31TPClRtHm23RisEBtV3X7,4rHZZAmHpZrA3iH5zx8frV,https://i.scdn.co/image/ab67616d00001e0256d5fb0cc9cec001d8ae0c8c
2026-05-31,my,Malaysia,192,New,Sejiwa,Spring,2DHROEfQ05NhnciQxReWk6,1AW659V4kaVFa4qAqLhEde,https://i.scdn.co/image/ab67616d00001e026c1e7b1df92c8b3c3ca743f7
2026-05-31,my,Malaysia,193,28,Rewrite The Stars (with James Arthur & Anne-Marie),James Arthur; Anne-Marie,4IWBUUAFIplrNtaOHcJPRM; 1zNqDE7qDGCsyzJwohVaoX,6mQLN3zRtAp6ovjusyYKrV,https://i.scdn.co/image/ab67616d00001e02fdcd66dc526a25e1555ae81d
2026-05-31,my,Malaysia,194,4,Tak Segampang Itu,Anggi Marito,1JvbNeV9zG9Sew1JyaWsyx,0Y0xIGcTjb5EFHHYrJIGIk,https://i.scdn.co/image/ab67616d00001e02a1d74b65a15714b66bcc6cb5
2026-05-31,my,Malaysia,195,Re-Entry,blue,yung kai,6zO1dZ40fTZ5hY9NnnRJSk,6W614n8yLUeS3zsZSeBwyq,https://i.scdn.co/image/ab67616d00001e02def6ffd0e4b80cb0d2a0d00f
2026-05-31,my,Malaysia,196,Re-Entry,drunk text,Henry Moodie,7hr9W3IjXcm3UlLY7guLk5,2XhYeR0oaKHvm4p1Z5Uj1L,https://i.scdn.co/image/ab67616d00001e02fbcb59071e40163ffc25b6f9
2026-05-31,my,Malaysia,197,Re-Entry,Tak Bisa Memilihmu,6ixth Sense,5AUIOCOwfhbmaASDMPjvhw,3yAxATtqqFARVX9Sfk8HkF,https://i.scdn.co/image/ab67616d00001e022788466558c79f70ffa66562
2026-05-31,my,Malaysia,198,25,Di Matamu,Sufian Suhaimi,6KEEEdAqmCL7PYOrjZCnEa,5jAqkM00R41cm1Y2T0mGzb,https://i.scdn.co/image/ab67616d00001e02df738f0f699dc72745e937fc
2026-05-31,my,Malaysia,199,6,2.0,BTS,3Nrfpe0tUJi4K4DXYWgMUX,3bmpXHVie1GTy37OkXJ7Vc,https://i.scdn.co/image/ab67616d00001e02dfa17fad7f190c901603270e
2026-05-31,my,Malaysia,200,Re-Entry,Gerhana Cinta Luka,Iklim,6JC3uifC84pTUZssGSnBD5,6e1qjbWgZGCQHCxoCSn0rh,https://i.scdn.co/image/ab67616d00001e023ea44970da168b83fd7dbbb6
2026-05-31,kr,South Korea,1,–,REDRED,CORTIS,1ebt9HnXdyYA6KgLXr1n4P,2fCwv2ppU5nTRTckomIGsd,https://i.scdn.co/image/ab67616d00001e0224ace1518851b27e9983f739
2026-05-31,kr,South Korea,2,–,Seven (feat. Latto) (Explicit Ver.),Jung Kook; Latto,6HaGTQPmzraVmaVxvz6EUc; 3MdXrJWsbVzdn6fe5JYkSQ,2HRgqmZQC0MC7GeNuDIXHN,https://i.scdn.co/image/ab67616d00001e02741fd4807f442af3f7359316
2026-05-31,kr,South Korea,3,–,It's Me,ILLIT,36cgvBn0aadzOijnjjwqMN,1D5L58KLBbceOynTP4DQnY,https://i.scdn.co/image/ab67616d00001e0261eea484e31bca065904f1c6
2026-05-31,kr,South Korea,4,–,Suddenly,I.O.I,6RKnXXyprPjhBdCvL802Ku,7u0yW2XPSJozIGdUSRET19,https://i.scdn.co/image/ab67616d00001e02244aed7ce852aedf2097fed9
2026-05-31,kr,South Korea,5,4,LEMONADE,aespa,6YVMFz59CuY7ngCxTxjpxE,7a3iH9vM5Z58GqOMqXBU1M,https://i.scdn.co/image/ab67616d00001e025f0171c63cceb32ccff8b9a9
2026-05-31,kr,South Korea,6,–,Heavy Serenade,NMIXX,28ot3wh4oNmoFOdVajibBl,1Sjs93mMgi9bX06FFU9Mcv,https://i.scdn.co/image/ab67616d00001e02d179b01c0b9baac10170d1ad
2026-05-31,kr,South Korea,7,2,Landing in Love,HANRORO,5wVJpXzuKV6Xj7Yhsf2uYx,3WvM2dIR9iIxMGNMP7WsNw,https://i.scdn.co/image/ab67616d00001e02041c2df6c6417db26f4133d4
2026-05-31,kr,South Korea,8,–,WDA (Whole Different Animal) (feat. G-DRAGON),aespa; G-DRAGON,6YVMFz59CuY7ngCxTxjpxE; 30b9WulBM8sFuBo17nNq9c,7Ccp7Oid3YFAWuY9Ar1eb3,https://i.scdn.co/image/ab67616d00001e029a022a3fd08f159b189df50a
2026-05-31,kr,South Korea,9,2,0+0,HANRORO,5wVJpXzuKV6Xj7Yhsf2uYx,3sOAwRg5esaxDcWnUigWPv,https://i.scdn.co/image/ab67616d00001e02afda752d5db59e06d3f86e3b
2026-05-31,kr,South Korea,10,–,RUDE!,Hearts2Hearts,1ZLU77nRzQIaP23mVSYpCQ,0WA27lZzPKFJKAbiDRmQDc,https://i.scdn.co/image/ab67616d00001e02d505bec2fbfee5857725d333
2026-05-31,kr,South Korea,11,–,BOOMPALA,LE SSERAFIM,4SpbR6yFEvexJuaBpgAU5p,41d2WjuL0ikRKVjxmL7ZFz,https://i.scdn.co/image/ab67616d00001e023fba33983638fcf9704c965d
2026-05-31,kr,South Korea,12,–,Paradise of Rumors,AKMU,6OwKE9Ez6ALxpTaKcT5ayv,5dxiriLgC9mu2FbSNqudld,https://i.scdn.co/image/ab67616d00001e02bd15713cf9824b7842bcd290
2026-05-31,kr,South Korea,13,4,Who,Jimin,1oSPZhvZMIrWW5I41kPkkY,7tI8dRuH2Yc6RuoTjxo4dU,https://i.scdn.co/image/ab67616d00001e02f02c451189a709b9a952aaec
2026-05-31,kr,South Korea,14,1,Catch Catch,YENA,49muoiIu4uea4PO8vueUNN,2O9bMJticxbQ8FH3NiQ7Xh,https://i.scdn.co/image/ab67616d00001e029687ef1de31954cfdeac2f5a
2026-05-31,kr,South Korea,15,1,Let Me Love My Youth,HANRORO,5wVJpXzuKV6Xj7Yhsf2uYx,4qdBPJta3BVPXCS0wJZ6yO,https://i.scdn.co/image/ab67616d00001e0226a40856fec5db78306ba3c0
2026-05-31,kr,South Korea,16,–,KISS KISS KISS (Feat. SUNWOO (THE BOYZ)) (Prod. by Hukky Shibaseki),NOWIMYOUNG; Royal 44; SUNWOO,66LxteaHD7NvxCnkQoyw2G; 6I5eyZiVUpuPwE8mTXp7hC; 27Uaxd3EmAW0Hl3Atpf74q,1alWuqrk1v7xzECNR8ovRo,https://i.scdn.co/image/ab67616d00001e026ac4312a155a95bb06fc6532
2026-05-31,kr,South Korea,17,2,404 (New Era),KiiiKiii,63sat2XSMKdwKfqspmYQKP,24rDDbSlFY9OHrlJb48CRh,https://i.scdn.co/image/ab67616d00001e020cc65398388cbc486fa4fff7
2026-05-31,kr,South Korea,18,15,"Blow Your Mind (feat. Sik-K, Bryan Chase)",Yorch; Sik-K; Bryan Chase,5okdmXsuAKNIXebXJ5MyIl; 5DIi2JWfQPTKffaVBlIYRn; 0qOcjTObT75YJLbDBfSgXw,4XdW9YaG8lXOYXswzxmuEB,https://i.scdn.co/image/ab67616d00001e02fa9486ce2a8d1d75f3355947
2026-05-31,kr,South Korea,19,1,SWIM,BTS,3Nrfpe0tUJi4K4DXYWgMUX,68lbSrXDORS51pmyjZv712,https://i.scdn.co/image/ab67616d00001e02dfa17fad7f190c901603270e
2026-05-31,kr,South Korea,20,–,LOVE ATTACK,RESCENE,5deOsjuFTKrNMJW3rKuL8S,6uosenLUNFZtOIih5T0qfV,https://i.scdn.co/image/ab67616d00001e02831c0d124fc7c7a3ad0618ab
2026-05-31,kr,South Korea,21,2,"TICK TOCK (Feat. ZICO) (Prod. by ZICO, Crush)",HAON; Nosun; Raf Sandou; Marv; Jung Junhyuk; ZICO,2krUNMgFZYm5s4Nn0g91W9; 0BHYZCuuyLl53LVgeC3pUa; 4FBKTurCVdtC6Fq8mSQgj8; 1V2ep7618bYgCcTVyDKPcW; 3AfvvgMrTONEdoXOfWrBoS; 4XpUIb8uuNlIWVKmgKZXC0,3m08yeqLjXsqblRU3KXPAp,https://i.scdn.co/image/ab67616d00001e023745e2d4fd21e243eca7d36c
2026-05-31,kr,South Korea,22,2,FLYING HIGH WITH U,VINXEN,4T6xiCykTP9rCNaEPU7D4q,4iZIvaus7v4wSjFvdF83NA,https://i.scdn.co/image/ab67616d00001e024c013b35958a8538181b41c4
2026-05-31,kr,South Korea,23,–,Don’t Say You Love Me,Jin,5vV3bFXnN6D6N3Nj4xRvaV,27xkOIER6uDLKALIelHylZ,https://i.scdn.co/image/ab67616d00001e0289228504f700641956e29f5d
2026-05-31,kr,South Korea,24,3,Pretender,OFFICIAL HIGE DANDISM,5Vo1hnCRmCM6M4thZCInCj,15HNdxGKNCIO9pgaY4n7FU,https://i.scdn.co/image/ab67616d00001e02fc273337d7aafc7e907c383d
2026-05-31,kr,South Korea,25,3,아크라포빅 (Akrapovic),hamo,7bQHemX2QBqGaERdrfraNW,3YVcnTV3v6DEFJeAnxGTBj,https://i.scdn.co/image/ab67616d00001e02627a75fc4d9bfa9bc45a8b58
2026-05-31,kr,South Korea,26,–,Drowning,WOODZ,6y9nlaoynxSvoTGY09Vdcy,4xeugB5MqWh0jwvXZPxahq,https://i.scdn.co/image/ab67616d00001e02e87a41550ee1b24be3e6e1fb
2026-05-31,kr,South Korea,27,2,Endangered Love,LEE CHANHYUK,4RkTSLr5Qf79FfUkeaDKbl,06o2o3TpyR8eGU2ANK21Lp,https://i.scdn.co/image/ab67616d00001e02c675edee6479e3f798d90716
2026-05-31,kr,South Korea,28,–,Love Love Love,Epik High,5snNHNlYT2UrtZo5HCJkiw,7hlEhmg5h9XuFtaGfgvqjF,https://i.scdn.co/image/ab67616d00001e024c71e80a8f580184ba910222
2026-05-31,kr,South Korea,29,–,We Are,Woo; Loco; GRAY,5a8EJtOEbUJDF4RX3mKK02; 2e4G04F77jxVuDYo44TCSm; 3kPEBSt7qgVoRZSbIXMr7W,2SMq0lOqCTHayWa9juoI0d,https://i.scdn.co/image/ab67616d00001e0280af1bc4fa047ba0e2f17c04
2026-05-31,kr,South Korea,30,7,yours,데이먼스 이어 Damons year,2T5KKZuEEudb7alCJ1pCus,7JQH2lBMZ10ztDnpoeq6Ki,https://i.scdn.co/image/ab67616d00001e02cccd0bf2843a65a3d45ea190
2026-05-31,kr,South Korea,31,1,"Joy, Sorrow, A Beautiful Heart",AKMU,6OwKE9Ez6ALxpTaKcT5ayv,3yKUJbZjAWlteUSjnNv3UK,https://i.scdn.co/image/ab67616d00001e02bd15713cf9824b7842bcd290
2026-05-31,kr,South Korea,32,–,Forever Has Always Been,Redoor,5xhi1KB7WkPiTYb5Fm3YvS,3tbHqU6PKS2bIGWx9cn082,https://i.scdn.co/image/ab67616d00001e02149023dcdf178cffc8b994c3
2026-05-31,kr,South Korea,33,8,Standing Next to You,Jung Kook,6HaGTQPmzraVmaVxvz6EUc,2KslE17cAJNHTsI2MI0jb2,https://i.scdn.co/image/ab67616d00001e02741fd4807f442af3f7359316
2026-05-31,kr,South Korea,34,3,If I have you only (My love X Nerd Connection),Nerd Connection,5WKUZJPvN1SScyggtPFShK,3TQHPUEVdvdq8ejwEcHUlL,https://i.scdn.co/image/ab67616d00001e0220daf4f9c25cbe0bc384e606
2026-05-31,kr,South Korea,35,–,STYLE,Hearts2Hearts,1ZLU77nRzQIaP23mVSYpCQ,5EoV2HmAlkqN1XvsIjOBZZ,https://i.scdn.co/image/ab67616d00001e02610f16f9c84e85158baa0384
2026-05-31,kr,South Korea,36,–,Beauty And A Beat,Justin Bieber; Nicki Minaj,1uNFoZAHBGtllmzznpCI3s; 0hCNtLu0JehylgoiP8L4Gh,6QFCMUUq1T2Vf5sFUXcuQ7,https://i.scdn.co/image/ab67616d00001e02f1d02a6cec967f8b6b78f76e
2026-05-31,kr,South Korea,37,2,GO!,CORTIS,1ebt9HnXdyYA6KgLXr1n4P,6OWWZtNQORY1McaZmOrwhc,https://i.scdn.co/image/ab67616d00001e024b56a34b0c2b3798fd46f855
2026-05-31,kr,South Korea,38,–,YOUNGCREATORCREW,CORTIS,1ebt9HnXdyYA6KgLXr1n4P,2vKNzC9T3kdU2JECcvob3V,https://i.scdn.co/image/ab67616d00001e027a702a4c3a18c1439fdc29ff
2026-05-31,kr,South Korea,39,5,Blue Valentine,NMIXX,28ot3wh4oNmoFOdVajibBl,4OmhROPSFf2CGU1iFza4rC,https://i.scdn.co/image/ab67616d00001e02ee26bd5ae483fc54e6ef9e74
2026-05-31,kr,South Korea,40,8,3D (feat. Jack Harlow),Jung Kook; Jack Harlow,6HaGTQPmzraVmaVxvz6EUc; 2LIk90788K0zvyj2JJVwkJ,01qFKNWq73UfEslI0GvumE,https://i.scdn.co/image/ab67616d00001e0299583bb32b47e87d55c6064b
2026-05-31,kr,South Korea,41,1,FOCUS,Hearts2Hearts,1ZLU77nRzQIaP23mVSYpCQ,6jYiHr12NVKLzn0X7K8aSK,https://i.scdn.co/image/ab67616d00001e027c887828b1a67202f0219857
2026-05-31,kr,South Korea,42,–,Body to Body,BTS,3Nrfpe0tUJi4K4DXYWgMUX,2rKkfc4VZ74FQDc1FF1Zo6,https://i.scdn.co/image/ab67616d00001e02dfa17fad7f190c901603270e
2026-05-31,kr,South Korea,43,3,Billie Jean,Michael Jackson,3fMbdgg4jU18AjLCKBhRSm,7J1uxwnxfQLu4APicE5Rnj,https://i.scdn.co/image/ab67616d00001e0232a7d87248d1b75463483df5
2026-05-31,kr,South Korea,44,1,2.0,BTS,3Nrfpe0tUJi4K4DXYWgMUX,3bmpXHVie1GTy37OkXJ7Vc,https://i.scdn.co/image/ab67616d00001e02dfa17fad7f190c901603270e
2026-05-31,kr,South Korea,45,2,LIVE FAST DIE SLOW,TAEYANG,6udveWUgX4vu75FF0DTrXV,0QLTEaLCsqQrgf54EtPMkt,https://i.scdn.co/image/ab67616d00001e02e66690643b95af315ac929ec
2026-05-31,kr,South Korea,46,1,CHOOM,BABYMONSTER,1SIocsqdEefUTE6XKGUiVS,6gunPOwkADFspLkQtmVuZT,https://i.scdn.co/image/ab67616d00001e020fbcc1d9dc6a647af4ebdfee
2026-05-31,kr,South Korea,47,2,Eternal Moment,Lim Young Woong,75MOYjGEyyH5U4ZFHOPvxR,2aSfmbpproCPOe2j01WT2a,https://i.scdn.co/image/ab67616d00001e02f207933160e8018901f665b2
2026-05-31,kr,South Korea,48,4,BANG BANG,IVE,6RHTUrRF63xao58xh9FXYJ,7pBE8YpFoZ9ankC2Ci5z9X,https://i.scdn.co/image/ab67616d00001e02ad80a9aabc17535c5eeb5317
2026-05-31,kr,South Korea,49,2,Whiplash,aespa,6YVMFz59CuY7ngCxTxjpxE,7Cnpb1vBbC46RgVyyKLH7p,https://i.scdn.co/image/ab67616d00001e02e467a8e8d7b0aa92d354aa75
2026-05-31,kr,South Korea,50,–,TNT,CORTIS,1ebt9HnXdyYA6KgLXr1n4P,7diH1qnFziArYzynk3vkr6,https://i.scdn.co/image/ab67616d00001e027a702a4c3a18c1439fdc29ff
2026-05-31,kr,South Korea,51,1,for lovers who hesitate,JANNABI,2SY6OktZyMLdOnscX3DCyS,5BqwC9kOBbqYkzdOKeXFFk,https://i.scdn.co/image/ab67616d00001e02f694adfa02990eaca79fec1b
2026-05-31,kr,South Korea,52,9,‎Good Night Good Dream,Nerd Connection,5WKUZJPvN1SScyggtPFShK,3s761CQaziQ0GEN1yUkIsG,https://i.scdn.co/image/ab67616d00001e024d082eca2a31873a3622408e
2026-05-31,kr,South Korea,53,5,ACAI,CORTIS,1ebt9HnXdyYA6KgLXr1n4P,7Ldcvhcl4Xj4eOTSWpZus5,https://i.scdn.co/image/ab67616d00001e027a702a4c3a18c1439fdc29ff
2026-05-31,kr,South Korea,54,3,Magnetic,ILLIT,36cgvBn0aadzOijnjjwqMN,1aKvZDoLGkNMxoRYgkckZG,https://i.scdn.co/image/ab67616d00001e02f037c5fb9de6c78726cb8e2c
2026-05-31,kr,South Korea,55,–,SHAKIN',aespa,6YVMFz59CuY7ngCxTxjpxE,3cLyIheSrKRgeVMOgNrEvA,https://i.scdn.co/image/ab67616d00001e024a20668d8d8d2c5996e25f83
2026-05-31,kr,South Korea,56,–,"How can I love the heartbreak, you're the one I love",AKMU,6OwKE9Ez6ALxpTaKcT5ayv,0hqj5JBnFt1BHEz2UCFwrl,https://i.scdn.co/image/ab67616d00001e02d41cdd1f3e033a0ea1642112
2026-05-31,kr,South Korea,57,5,hate that i made you love me,Ariana Grande,66CXWjxzNUsdJxJ2JdwvnR,20jbSiX29FDX4oQxBXyUEi,https://i.scdn.co/image/ab67616d00001e02b622d42c30697e1e1414343c
2026-05-31,kr,South Korea,58,9,BUMPA,BIBI,6UbmqUEgjLA6jAcXwbM1Z9,6GSdBUjAnJmIjxMAYz5WCa,https://i.scdn.co/image/ab67616d00001e022d1df2c8f8bf05cd3dea060b
2026-05-31,kr,South Korea,59,15,L[ ]VE,CHOIJUNSEONG (Jun S),2RPo7pzzve2r1LufIxrPeR,4c9CHyzibRaogeupFGzsFW,https://i.scdn.co/image/ab67616d00001e02b377c03efdcea46e526086ca
2026-05-31,kr,South Korea,60,1,Born Savage,PLAVE,0k2zyzGq6HX383VlMBOvRG,715UWzMdUnVbU30ZppNDYx,https://i.scdn.co/image/ab67616d00001e021485d9178821f0e0b8224122
2026-05-31,kr,South Korea,61,3,My whole world,"Car, the garden",7c1HgFDe8ogy5NOZ1ANCJQ,55pCe0UgAeaeWKKSQqdiWh,https://i.scdn.co/image/ab67616d00001e02572c3481841c6f020cfa80cc
2026-05-31,kr,South Korea,62,4,And July,Heize; DEAN; dj friz,5dCvSnVduaFleCnyy98JMo; 3eCd0TZrBPm2n9cDG6yWfF; 0js3wKXyi7RL11sfOykRt1,0Yz3F0UGDibDe8uU69zmjn,https://i.scdn.co/image/ab67616d00001e027f22ff3c2da84dfc06101e23
2026-05-31,kr,South Korea,63,–,IRIS OUT,Kenshi Yonezu,1snhtMLeb2DYoMOcVbb8iB,59hVbgr8rfYkDbHfr8RcGI,https://i.scdn.co/image/ab67616d00001e026d1d4e875e2424cdd07f3232
2026-05-31,kr,South Korea,64,11,Antifreeze,Yerin Baek,6dhfy4ByARPJdPtMyrUYJK,1osW08ygBwopWmjWzqWbfJ,https://i.scdn.co/image/ab67616d00001e02627b4da419bddabfce86f98e
2026-05-31,kr,South Korea,65,5,Hooligan,BTS,3Nrfpe0tUJi4K4DXYWgMUX,20dAJsyno9ZoBLJtqgQnUI,https://i.scdn.co/image/ab67616d00001e02dfa17fad7f190c901603270e
2026-05-31,kr,South Korea,66,18,LEMONADE (feat. Becky G),aespa; Becky G,6YVMFz59CuY7ngCxTxjpxE; 4obzFoKoKRHIphyHzJ35G3,4X0AxVnhlkSd4ggu78Tir1,https://i.scdn.co/image/ab67616d00001e024a20668d8d8d2c5996e25f83
2026-05-31,kr,South Korea,67,3,Ling Ling,The Black Skirts,6WeDO4GynFmK4OxwkBzMW8,5BGxDtIEw8zxoP29Fid69a,https://i.scdn.co/image/ab67616d00001e029c3a4e471c5e82a457dce2c0
2026-05-31,kr,South Korea,68,–,FaSHioN,CORTIS,1ebt9HnXdyYA6KgLXr1n4P,4ecdsGz3Hg6TKPwQ0ZOdJz,https://i.scdn.co/image/ab67616d00001e024b56a34b0c2b3798fd46f855
2026-05-31,kr,South Korea,69,6,1:05,The Black Skirts,6WeDO4GynFmK4OxwkBzMW8,4bjNOhOMvqFPflwHIaS7Fw,https://i.scdn.co/image/ab67616d00001e0210b3ebc65d2f65964cf461d8
2026-05-31,kr,South Korea,70,21,Johnny (Feat. Dynamicduo),Primary; Dynamicduo,4QDcs3XrA8uHUZ7Xt9Ytep; 4nvFFLtv7ZqoTr83387uK4,4OHq2ao4pXmGq9OOuP3lxb,https://i.scdn.co/image/ab67616d00001e02308e46cf4811ea55fa815c65
2026-05-31,kr,South Korea,71,2,To Reach You,10CM,6zn0ihyAApAYV51zpXxdEp,20QI1DhCFz7pN8rATkNguv,https://i.scdn.co/image/ab67616d00001e0258c6956da5fa380b67986551
2026-05-31,kr,South Korea,72,7,NOT CUTE ANYMORE,ILLIT,36cgvBn0aadzOijnjjwqMN,1k0JAiH11gHL9dc5dfQjQr,https://i.scdn.co/image/ab67616d00001e023d09075f6c7fabe9a7234cb3
2026-05-31,kr,South Korea,73,1,What Would Have Been? (Feat. Lena Park),PSY; Lena Park,2dd5mrQZvg6SmahdgVKDzh; 7MNyflLAWpaH0EPw1fdORD,5Kbpcd3hOqu4ZRAJNAjIcg,https://i.scdn.co/image/ab67616d00001e028cacbdd7305b0651b4c0fec4
2026-05-31,kr,South Korea,74,20,HMPH!,PLAVE; SOLE,0k2zyzGq6HX383VlMBOvRG; 6naXFodImN2DwRmKCQHAUt,2Xm0ZDPlAVCBd2ix3BWMKZ,https://i.scdn.co/image/ab67616d00001e02995505a7cd8a8fd5a3a909a8
2026-05-31,kr,South Korea,75,1,ULSSIGU,Lim Young Woong,75MOYjGEyyH5U4ZFHOPvxR,651GMkAaR0JbpzZXRvdQ3D,https://i.scdn.co/image/ab67616d00001e02f207933160e8018901f665b2
2026-05-31,kr,South Korea,76,16,Smile Boy,Roy Kim,3ErHVJMsxTq2lLSmnONBm9,3XA1fxXtO6khwi4Eb7oL1B,https://i.scdn.co/image/ab67616d00001e02db9b2cfd32b75a3a357fdd0f
2026-05-31,kr,South Korea,77,16,사랑이라 했던 말 속에서,can't be blue,32mluwkanSuuM3hm3d3Fh5,0XyClpdRwhN06hxTNgIVHI,https://i.scdn.co/image/ab67616d00001e02bd2e9f7f167118ba6682c17d
2026-05-31,kr,South Korea,78,20,Vancouver,BIG Naughty,7cEaNXXTHx3LokbjUUyHal,4p4yxplNCSmt9xfaAMpcd5,https://i.scdn.co/image/ab67616d00001e02f9607048dfb6b1915026be72
2026-05-31,kr,South Korea,79,10,Heavenly Ever After,Lim Young Woong,75MOYjGEyyH5U4ZFHOPvxR,7kjVCymE7vn0HizmGCGFWQ,https://i.scdn.co/image/ab67616d00001e028959826653e37902d6413ab9
2026-05-31,kr,South Korea,80,1,Unread Message,Lim Young Woong,75MOYjGEyyH5U4ZFHOPvxR,4CRhJHHbH9Awx7z7xRAdPP,https://i.scdn.co/image/ab67616d00001e02f207933160e8018901f665b2
2026-05-31,kr,South Korea,81,7,Aqua Man,Beenzino,7IrDIIq3j04exsiF3Z7CPg,5tEouf2s1SPwAIkOHnvWtQ,https://i.scdn.co/image/ab67616d00001e02fce4d97a91b1d51a64ec8a97
2026-05-31,kr,South Korea,82,4,Sunflower - Spider-Man: Into the Spider-Verse,Post Malone; Swae Lee,246dkjvS1zLTtiykXe5h60; 1zNqQNIdeOUZHb8zbZRFMX,0RiRZpuVRbi7oqRdSMwhQY,https://i.scdn.co/image/ab67616d00001e029478c87599550dd73bfa7e02
2026-05-31,kr,South Korea,83,10,Billyeoon Goyangi (Do the Dance),ILLIT,36cgvBn0aadzOijnjjwqMN,4p0uVFAXKUISu8yp9gNtWE,https://i.scdn.co/image/ab67616d00001e02f24755716ee6789fa094112c
2026-05-31,kr,South Korea,84,13,STAY (with Justin Bieber),The Kid LAROI; Justin Bieber,2tIP7SsRs7vjIcLrU85W8J; 1uNFoZAHBGtllmzznpCI3s,567e29TDzLwZwfDuEpGTwo,https://i.scdn.co/image/ab67616d00001e02b4d59e6fa7e5e7cbc57ac33a
2026-05-31,kr,South Korea,85,8,Skrr (feat. GISELLE),HAON; GISELLE,2krUNMgFZYm5s4Nn0g91W9; 2P1id80CMwR5R5cwcyIIAi,21IVUjbu1ms4ZISGt74NCy,https://i.scdn.co/image/ab67616d00001e020ab54ce9be8cc71deb33343f
2026-05-31,kr,South Korea,86,6,벌써 일년,Brown Eyes,6O7LgtO6NKOOOudzRayUfJ,373fb3tsAbcShtD2RZ8edv,https://i.scdn.co/image/ab67616d00001e02d04eaf92f704aaf61c686b48
2026-05-31,kr,South Korea,87,2,toxic till the end,ROSÉ,3eVa5w3URK5duf6eyVDbu9,1z5ebC9238uGoBgzYyvGpQ,https://i.scdn.co/image/ab67616d00001e027be65ce6672ed7e5aac6e966
2026-05-31,kr,South Korea,88,2,TOMBOY,HYUKOH,57okaLdCtv3nVBSn5otJkp,6DA7kCWYMggJjqPM84V2Ng,https://i.scdn.co/image/ab67616d00001e026b0b72f94905f2321564a20f
2026-05-31,kr,South Korea,89,3,Every moment of you,Sung Si Kyung,7jFUYMpMUBDL4JQtMZ5ilc,6piGysTzX1hCj2l0mygEl9,https://i.scdn.co/image/ab67616d00001e026b3a05b16a6d0114727b6f65
2026-05-31,kr,South Korea,90,7,Lemon,Kenshi Yonezu,1snhtMLeb2DYoMOcVbb8iB,04TshWXkhV1qkqHzf31Hn6,https://i.scdn.co/image/ab67616d00001e02775e8184725e0fb89337dd9a
2026-05-31,kr,South Korea,91,3,Into the Sun,BTS,3Nrfpe0tUJi4K4DXYWgMUX,1ZNolq7VI7efGlh2hb2VVr,https://i.scdn.co/image/ab67616d00001e02dfa17fad7f190c901603270e
2026-05-31,kr,South Korea,92,11,Baby I Need You,JANNABI,2SY6OktZyMLdOnscX3DCyS,4KU23Zay3Q1W0c0yJCNczH,https://i.scdn.co/image/ab67616d00001e0254e3efd22eca2b999f6cc07b
2026-05-31,kr,South Korea,93,14,JUMP,BLACKPINK,41MozSoPIsD1dJM0CLPjZF,5H1sKFMzDeMtXwND3V6hRY,https://i.scdn.co/image/ab67616d00001e026224d1236b0e0a0e1586efbb
2026-05-31,kr,South Korea,94,2,Left in the Rain,Lim Young Woong,75MOYjGEyyH5U4ZFHOPvxR,1TPHGTbSlEiZh9MvQDpMcY,https://i.scdn.co/image/ab67616d00001e02f207933160e8018901f665b2
2026-05-31,kr,South Korea,95,47,No Make Up,Zion.T,5HenzRvMtSrgtvU16XAoby,4ppKRxity3jJd2hGoVyD4u,https://i.scdn.co/image/ab67616d00001e0204b20cc263631b9af21fcb61
2026-05-31,kr,South Korea,96,8,Wild flower,Lim Young Woong,75MOYjGEyyH5U4ZFHOPvxR,0CWk3LG8MXMA3TE61y5zPB,https://i.scdn.co/image/ab67616d00001e02f207933160e8018901f665b2
2026-05-31,kr,South Korea,97,20,Officially Missing You,Geeks,5VxfguafjfSdJcN10ACVZe,7CkjU55ROZSwb95dzGan0o,https://i.scdn.co/image/ab67616d00001e02a2983d364025534e7d2609bf
2026-05-31,kr,South Korea,98,17,Babydoll,Dominic Fike,6USv9qhCn6zfxlBQIYJ9qs,7yNf9YjeO5JXUE3JEBgnYc,https://i.scdn.co/image/ab67616d00001e027b1b6f41c1645af9757d5616
2026-05-31,kr,South Korea,99,2,거리에서,Sung Si Kyung,7jFUYMpMUBDL4JQtMZ5ilc,3om54iJe5sfQiUvSRQXyPZ,https://i.scdn.co/image/ab67616d00001e02be63f726b5e816bc5ce3926c
2026-05-31,kr,South Korea,100,69,Lovey Dovey (Solo Ver.),BIG Naughty,7cEaNXXTHx3LokbjUUyHal,7GRZqYKsoE1Ls98sr2o8xQ,https://i.scdn.co/image/ab67616d00001e02dfacfac6520b221bed7ff198
2026-05-31,kr,South Korea,101,12,Closely Far Away,"Car, the garden",7c1HgFDe8ogy5NOZ1ANCJQ,7wLJ4xzxNss5abZ1kXs242,https://i.scdn.co/image/ab67616d00001e025715142fe7cecb7729304426
2026-05-31,kr,South Korea,102,12,DAISIES,Justin Bieber,1uNFoZAHBGtllmzznpCI3s,5BZsQlgw21vDOAjoqkNgKb,https://i.scdn.co/image/ab67616d00001e02d65c4773bc5061fd27facc5b
2026-05-31,kr,South Korea,103,17,Antifreeze,The Black Skirts,6WeDO4GynFmK4OxwkBzMW8,745W6tNeXVKjskHoCsMJvV,https://i.scdn.co/image/ab67616d00001e02c8f015ee928bda54c29301fd
2026-05-31,kr,South Korea,104,9,"Goodbye, My Summer",HANRORO,5wVJpXzuKV6Xj7Yhsf2uYx,2aicRlZiaAEteaPsti8Hls,https://i.scdn.co/image/ab67616d00001e02afda752d5db59e06d3f86e3b
2026-05-31,kr,South Korea,105,5,Hype Boy,NewJeans,6HvZYsbFfjnjFrWF950C9d,0a4MMyCrzT0En247IhqZbD,https://i.scdn.co/image/ab67616d00001e029d28fd01859073a3ae6ea209
2026-05-31,kr,South Korea,106,4,Beat It,Michael Jackson,3fMbdgg4jU18AjLCKBhRSm,3BovdzfaX4jb5KFQwoPfAw,https://i.scdn.co/image/ab67616d00001e0232a7d87248d1b75463483df5
2026-05-31,kr,South Korea,107,1,I'm happy,HANRORO,5wVJpXzuKV6Xj7Yhsf2uYx,3Qfjzd5Rd7xjlQBm5pGcuM,https://i.scdn.co/image/ab67616d00001e02041c2df6c6417db26f4133d4
2026-05-31,kr,South Korea,108,2,Wonderful Life,Lim Young Woong,75MOYjGEyyH5U4ZFHOPvxR,2penachGpHAHaMQGo1j1Tz,https://i.scdn.co/image/ab67616d00001e02f207933160e8018901f665b2
2026-05-31,kr,South Korea,109,12,晩餐歌 - Bansanka,tuki.,1Y5vJqABeI6QI6R95EDV6o,075HUD50Nuea3rNaABIsNZ,https://i.scdn.co/image/ab67616d00001e022d68ffbcaeaa5e6fbe102202
2026-05-31,kr,South Korea,110,5,Shape of You,Ed Sheeran,6eUKZXaKkcviH0Ku9w2n3V,7qiZfU4dY1lWllzX7mPBI3,https://i.scdn.co/image/ab67616d00001e02ba5db46f4b838ef6027e6f96
2026-05-31,kr,South Korea,111,4,Boat,george,2pRZp2WxvnWWiSPcSSYkNV,34HSEUn4YGAFBW9OHGIkU7,https://i.scdn.co/image/ab67616d00001e023d0b7e069c048966d4862787
2026-05-31,kr,South Korea,112,11,A Letter,BUMJIN,3vljSA6N2aSE8U3OhNFkPy,0VdwOoAKPe9aGahkpllfkH,https://i.scdn.co/image/ab67616d00001e02392694f88c4df7367d0641f0
2026-05-31,kr,South Korea,113,47,Time of Our Life -Japanese ver.- - Japanese ver.,DAY6,5TnQc2N1iKlFjYD7CPGvFc,18x0Z8JUwLA2LhgsIHbNy3,https://i.scdn.co/image/ab67616d00001e022ecc00c9a71f5d72ce87958e
2026-05-31,kr,South Korea,114,2,サムライハート(Some Like It Hot!!),SPYAIR,7gRg6C2qgQ1F01k3sgyEVt,5G0NPSOTLepHxUhEMlVjWj,https://i.scdn.co/image/ab67616d00001e025d8c79e841da375652577a5d
2026-05-31,kr,South Korea,115,20,Popcorn,D.O.,2CQZr2RPZmrcvDnaod1ldC,6kxkMrPqppgT3TQjOyhAYk,https://i.scdn.co/image/ab67616d00001e02700f7fafee95a1537d8b322e
2026-05-31,kr,South Korea,116,29,Winter Ahead (with PARK HYO SHIN),V; Park Hyo Shin,3JsHnjpbhX4SnySpvpa9DK; 57htMBtzpppc1yoXgjbslj,7G7mSV4BebkoHWwKTDvXu9,https://i.scdn.co/image/ab67616d00001e0216ba2a3622bd0d0d985e3234
2026-05-31,kr,South Korea,117,6,Camouflage,aespa,6YVMFz59CuY7ngCxTxjpxE,4GgwuDH7G6WxsAw2wWDsaz,https://i.scdn.co/image/ab67616d00001e024a20668d8d8d2c5996e25f83
2026-05-31,kr,South Korea,118,19,HAPPY,DAY6,5TnQc2N1iKlFjYD7CPGvFc,1k68vKHNQXU5CHqcM7Yp7N,https://i.scdn.co/image/ab67616d00001e020309970945710645006b9c9e
2026-05-31,kr,South Korea,119,10,Melody for You,Lim Young Woong,75MOYjGEyyH5U4ZFHOPvxR,7hYI4QprQ3hMqp56ul6uEv,https://i.scdn.co/image/ab67616d00001e02f207933160e8018901f665b2
2026-05-31,kr,South Korea,120,18,they don’t know ’bout us,BTS,3Nrfpe0tUJi4K4DXYWgMUX,0b61A7v9agI08BG21jJPQ9,https://i.scdn.co/image/ab67616d00001e02dfa17fad7f190c901603270e
2026-05-31,kr,South Korea,121,4,Guilty,Dynamicduo,4nvFFLtv7ZqoTr83387uK4,0SPZ7y0fJiozsuWLSAocOl,https://i.scdn.co/image/ab67616d00001e02c6b31f5f1ce2958380fdb9b0
2026-05-31,kr,South Korea,122,10,나무,"Car, the garden",7c1HgFDe8ogy5NOZ1ANCJQ,30tYWTkLIQtZWnRIOqcHnJ,https://i.scdn.co/image/ab67616d00001e0264eea0085a043b52217179cb
2026-05-31,kr,South Korea,123,6,Supernatural,NewJeans,6HvZYsbFfjnjFrWF950C9d,5ocSQW5sIUIOFojwXEz9Ki,https://i.scdn.co/image/ab67616d00001e027e1eeb0d7cc374a168369c80
2026-05-31,kr,South Korea,124,7,사랑의 바보,The NuTs,56NKtypwi90dIOb5ZQZwHb,3wYDgvDi82GUU1NPy2roYp,https://i.scdn.co/image/ab67616d00001e020b66d2c29d697c27f25c51c3
2026-05-31,kr,South Korea,125,43,A Letter For You,Kim Na Young,4dvmLXorXADxVq8EcySEWk,4vfO4uu5VObHhGSrdV6TC5,https://i.scdn.co/image/ab67616d00001e020021471c9466ace33cd8c1b8
2026-05-31,kr,South Korea,126,31,How Sweet,NewJeans,6HvZYsbFfjnjFrWF950C9d,38tXZcL1gZRfbqfOG0VMTH,https://i.scdn.co/image/ab67616d00001e02b657fbb27b17e7bd4691c2b2
2026-05-31,kr,South Korea,127,3,FYA,BTS,3Nrfpe0tUJi4K4DXYWgMUX,0KmrKOdScRDVYwWS8hkkdv,https://i.scdn.co/image/ab67616d00001e02dfa17fad7f190c901603270e
2026-05-31,kr,South Korea,128,25,Aliens,BTS,3Nrfpe0tUJi4K4DXYWgMUX,5tg21NdePCn5m8F9BXOEeJ,https://i.scdn.co/image/ab67616d00001e02dfa17fad7f190c901603270e
2026-05-31,kr,South Korea,129,11,You Were Beautiful,DAY6,5TnQc2N1iKlFjYD7CPGvFc,3FR2yqZsG07NhXz7uPyUyC,https://i.scdn.co/image/ab67616d00001e02877b49fcef4d02bb0bc0adc8
2026-05-31,kr,South Korea,130,7,"LOV3 (Feat. Bryan Chase, Okasian)",Sik-K; Lil Moshpit; Bryan Chase; Okasian,5DIi2JWfQPTKffaVBlIYRn; 0tVSrjQ0NpDlecsJwGmrMy; 0qOcjTObT75YJLbDBfSgXw; 5XdnR0kqQUWzeTDdsJNulO,1QC4Ztt2GlFWpdSMLwt5ol,https://i.scdn.co/image/ab67616d00001e0273353f72d6760d107a955847
2026-05-31,kr,South Korea,131,24,EVERYTHING,The Black Skirts,6WeDO4GynFmK4OxwkBzMW8,19Hg1UCZaCdpHB37L7x63X,https://i.scdn.co/image/ab67616d00001e0210b3ebc65d2f65964cf461d8
2026-05-31,kr,South Korea,132,42,Ego,Crush,6aLdhHUqgdKE86xbtNmY8g,6YniytuSunB9HefGf4IxO9,https://i.scdn.co/image/ab67616d00001e025e4cfe6394fdc7a91b364ae3
2026-05-31,kr,South Korea,133,7,Golden,HUNTR/X; EJAE; AUDREY NUNA; REI AMI; KPop Demon Hunters Cast,2yNNYQBChuox9A5Ka93BIn; 0RMJOzHDhAKY1o2j0W0vxY; 0Wwji82sLA0Hcvtuak3omb; 6U1dV7aL68N7Gb0Naq34V5; 7mW7Tv7NvywKKXqafZo0Lc,1CPZ5BxNNd0n0nF4Orb9JS,https://i.scdn.co/image/ab67616d00001e024dcb6c5df15cf74596ab25a4
2026-05-31,kr,South Korea,134,12,Coming Of Age Story,LEE MU JIN,4Xj0peBt3EZHbdF20JmdWC,2ZTU8atPwouhoQSvxv9aQj,https://i.scdn.co/image/ab67616d00001e022d8020a415ad2df89d4b6c54
2026-05-31,kr,South Korea,135,17,Say Yes,Loco; Punch,2e4G04F77jxVuDYo44TCSm; 2FgZrgTMX6Sk0VNcOsEPmm,27zrFrtUtWl2urlvjOn5xc,https://i.scdn.co/image/ab67616d00001e02cb95963709806e12d93128d4
2026-05-31,kr,South Korea,136,–,Last Goodbye,AKMU,6OwKE9Ez6ALxpTaKcT5ayv,0x50cQ1pZeV4xl737GhKBk,https://i.scdn.co/image/ab67616d00001e02c2b47cdd775a9b22f137847d
2026-05-31,kr,South Korea,137,18,CROOKED,G-DRAGON,30b9WulBM8sFuBo17nNq9c,4EwNWRBWdZ6bgvxRHlZ8OO,https://i.scdn.co/image/ab67616d00001e023dbdbd0023f1e1c08cd5a6c9
2026-05-31,kr,South Korea,138,29,love.,wave to earth,5069JTmv5ZDyPeZaCCXiCg,5mtTAScDytxMMqZj14NmlN,https://i.scdn.co/image/ab67616d00001e0224f8c3ad20b7c6cfecb5832e
2026-05-31,kr,South Korea,139,6,Think I Am,PLAVE,0k2zyzGq6HX383VlMBOvRG,2SEvs7NMiNUhoxiHgNnt5k,https://i.scdn.co/image/ab67616d00001e021485d9178821f0e0b8224122
2026-05-31,kr,South Korea,140,6,Boong-Boong (Prod. by GroovyRoom),HAON; GroovyRoom; Sik-K,2krUNMgFZYm5s4Nn0g91W9; 29HqjVbJr3vsc2l6BTI4eB; 5DIi2JWfQPTKffaVBlIYRn,3uJN5Acv1WMsITAEvHuJox,https://i.scdn.co/image/ab67616d00001e02a36cdb16065ff72d9b1d6bc6
2026-05-31,kr,South Korea,141,13,Ditto,NewJeans,6HvZYsbFfjnjFrWF950C9d,3r8RuvgbX9s7ammBn07D3W,https://i.scdn.co/image/ab67616d00001e02edf5b257be1d6593e81bb45f
2026-05-31,kr,South Korea,142,12,I’m HERO,Lim Young Woong,75MOYjGEyyH5U4ZFHOPvxR,2TOpItg5NsMsFV58nZm5XN,https://i.scdn.co/image/ab67616d00001e02f207933160e8018901f665b2
2026-05-31,kr,South Korea,143,2,Like Animals,BTS,3Nrfpe0tUJi4K4DXYWgMUX,2IFND3phjzIG1RcPnHh2hP,https://i.scdn.co/image/ab67616d00001e02dfa17fad7f190c901603270e
2026-05-31,kr,South Korea,144,17,Can't Help Myself,aespa,6YVMFz59CuY7ngCxTxjpxE,2D669vz7EzV5Byjnmb67jx,https://i.scdn.co/image/ab67616d00001e024a20668d8d8d2c5996e25f83
2026-05-31,kr,South Korea,145,12,Money Checks (Prod. by Hukky Shibaseki),NOWIMYOUNG; Fleeky Bang; Royal 44; Double Down; Young Shooter,66LxteaHD7NvxCnkQoyw2G; 4whHCEnN1w4cexp2J7h4OC; 6I5eyZiVUpuPwE8mTXp7hC; 4pbV1Vv8u69lPLXvUo7dcU; 0z3PGGdWzTBZB8aYcp0gSx,5bB7348yF6DXMmK1WQlBui,https://i.scdn.co/image/ab67616d00001e023745e2d4fd21e243eca7d36c
2026-05-31,kr,South Korea,146,1,プロポーズ,natori,6WmXWHmfBMhupyIs8MSqtu,2BcQfb9SfauDQdeXHTfLsT,https://i.scdn.co/image/ab67616d00001e0229f649edf51edde6fdf01a09
2026-05-31,kr,South Korea,147,7,Episode,LEE MU JIN,4Xj0peBt3EZHbdF20JmdWC,29MHN4pjwkSSKsGowRETGW,https://i.scdn.co/image/ab67616d00001e02240ab752af13134992e65b53
2026-05-31,kr,South Korea,148,5,ベテルギウス,Yuuri,0ixzjrK1wkN2zWBXt3VW3W,4JK1kDUdH9RTBQrrSO1QfR,https://i.scdn.co/image/ab67616d00001e02d0bd51668da5629aa0cc77d8
2026-05-31,kr,South Korea,149,Re-Entry,우산 (feat. 윤하),Epik High; Younha,5snNHNlYT2UrtZo5HCJkiw; 6GwM5CHqhWXzG3l5kzRSAS,1VnjByC7TUx5A73A4qtgoo,https://i.scdn.co/image/ab67616d00001e0238e8263b51bec04b91143b76
2026-05-31,kr,South Korea,150,11,Cherry Blossom Ending,Busker Busker,6jgrgDBt1SbtNbc25sLaTH,4eFTh1opLS5wANDmZK9ghC,https://i.scdn.co/image/ab67616d00001e0247683d1b11d35a22048d243f
2026-05-31,kr,South Korea,151,43,Be Mine,Jimin,1oSPZhvZMIrWW5I41kPkkY,3LWVXp636uLT356Rj08Jaz,https://i.scdn.co/image/ab67616d00001e02f02c451189a709b9a952aaec
2026-05-31,kr,South Korea,152,6,Heavenly fate,LEECHANGSUB,1rp5HzWaNwgauM5W5YmZ3U,4mqfe9XrgEOSsofvq5MyjR,https://i.scdn.co/image/ab67616d00001e0292144c5952844a7c0086b141
2026-05-31,kr,South Korea,153,11,踊り子,Vaundy,2IUl3m1H1EQ7QfNbNWvgru,1YXot2MLAG9sttepCtBRM7,https://i.scdn.co/image/ab67616d00001e02e0c3a68b9981c2e7b25f9737
2026-05-31,kr,South Korea,154,24,Love Yourself,Justin Bieber,1uNFoZAHBGtllmzznpCI3s,50kpGaPAhYJ3sGmk6vplg0,https://i.scdn.co/image/ab67616d00001e02f46b9d202509a8f7384b90de
2026-05-31,kr,South Korea,155,4,A Song For Us,Lim Young Woong,75MOYjGEyyH5U4ZFHOPvxR,1gSYptPgZodmxwSXqeCKSF,https://i.scdn.co/image/ab67616d00001e02f207933160e8018901f665b2
2026-05-31,kr,South Korea,156,18,Blinding Lights,The Weeknd,1Xyo4u8uXC1ZmMpatF05PJ,0VjIjW4GlUZAMYd2vXMi3b,https://i.scdn.co/image/ab67616d00001e028863bc11d2aa12b54f5aeb36
2026-05-31,kr,South Korea,157,19,"I’m sorry, But…",Lim Young Woong,75MOYjGEyyH5U4ZFHOPvxR,5qCu3KDSEoojJ4Rh5OzHm3,https://i.scdn.co/image/ab67616d00001e02f207933160e8018901f665b2
2026-05-31,kr,South Korea,158,3,Yarrr,HAON,2krUNMgFZYm5s4Nn0g91W9,4BT0LtYtDN8bBaCPN0CPo1,https://i.scdn.co/image/ab67616d00001e02dd262aedaf5a9113d176f19b
2026-05-31,kr,South Korea,159,28,Wi Ing Wi Ing,HYUKOH,57okaLdCtv3nVBSn5otJkp,66UcQu5LBo2A7AC0A5r0lI,https://i.scdn.co/image/ab67616d00001e021ca37e9bcd0cc377a82aec48
2026-05-31,kr,South Korea,160,37,TIME CAPSULE,DAVICHI,4z6yrDz5GfKXkeQZjOaZdq,3CQw6HqsBu12wUj89vUQ5M,https://i.scdn.co/image/ab67616d00001e0242f191e863eb9f2c9325a6e6
2026-05-31,kr,South Korea,161,7,Sadder Than Yesterday,Woody,37ZY7eIcTT28id2jfq8WYw,4PBtSN6dNFXA9RUkx5e3W9,https://i.scdn.co/image/ab67616d00001e02aeb8b7088ef8325117beae8a
2026-05-31,kr,South Korea,162,30,응급실,Izi,4PPkRMbw2jIs7flJkl4okf,5XVEx1pTUR4T7ABtXoGGxx,https://i.scdn.co/image/ab67616d00001e023188f838e26ff0d3fc10009c
2026-05-31,kr,South Korea,163,11,Spring Is Gone by chance,Loco; YUJU,2e4G04F77jxVuDYo44TCSm; 7Bu0r4MCDX3sbhcFD5IXyx,5rZN0PP6xZsf5SWxkpMm7k,https://i.scdn.co/image/ab67616d00001e02f60ebb0dff372aa4eff38e39
2026-05-31,kr,South Korea,164,2,Die With A Smile,Lady Gaga; Bruno Mars,1HY2Jd0NmPuamShAr6KMms; 0du5cEVh5yTK9QJze8zA0C,7so0lgd0zP2Sbgs2d7a1SZ,https://i.scdn.co/image/ab67616d00001e02b0860cf0a98e09663c82290c
2026-05-31,kr,South Korea,165,21,Supernova,aespa,6YVMFz59CuY7ngCxTxjpxE,2JhbSmNAyM9kYiqwa8Tpla,https://i.scdn.co/image/ab67616d00001e020fc598038040859794c600e2
2026-05-31,kr,South Korea,166,3,비행기,Turtles,7HtP6hIBf2xk5L5vqWqj22,3GcTcXCJLVdy7iYhSKPGUp,https://i.scdn.co/image/ab67616d00001e02930f9bd187cb13e17f8600e8
2026-05-31,kr,South Korea,167,17,사랑은 봄비처럼...이별은 겨울비처럼,Lim Hyun Jung,7qUALZhWSQIwqTw1auwwCc,2cCC4S226r1tws0d2vDDdO,https://i.scdn.co/image/ab67616d00001e022c8ba0a91829187cd7f27870
2026-05-31,kr,South Korea,168,9,CELEBRATION,LE SSERAFIM,4SpbR6yFEvexJuaBpgAU5p,3OKvpTlnhvj8u6fbV53kqC,https://i.scdn.co/image/ab67616d00001e023fba33983638fcf9704c965d
2026-05-31,kr,South Korea,169,22,Cruel Summer,Taylor Swift,06HL4z0CvFAxyc27GXpf02,1BxfuPKGuaTgP7aM0Bbdwr,https://i.scdn.co/image/ab67616d00001e02e787cffec20aa2a396a61647
2026-05-31,kr,South Korea,170,15,mosi mosi?,楽音,4W11pDowC8EO7a6cR5WO9L,76oCvJj6LRoed2754GybpH,https://i.scdn.co/image/ab67616d00001e026252a4d5ae17497ecbcd2c04
2026-05-31,kr,South Korea,171,6,Lunar Hearts,PLAVE,0k2zyzGq6HX383VlMBOvRG,1Q2fIiWWy0v5gS60EuEJRg,https://i.scdn.co/image/ab67616d00001e021485d9178821f0e0b8224122
2026-05-31,kr,South Korea,172,12,Good Goodbye,HWASA,7bmYpVgQub656uNTu6qGNQ,3cLXrotzCjYCkN73PewALM,https://i.scdn.co/image/ab67616d00001e02f7ec5c454a78dfb0086c0c97
2026-05-31,kr,South Korea,173,Re-Entry,Trip,Leellamarz; Hannah,79g2STpP2iV1xfgHuhrhX0; 2XHuhBOiADOIR91vFkNq6Q,11fB0pRXSdxOgoM8ity2D4,https://i.scdn.co/image/ab67616d00001e0242f77ead5ea888c6e011200c
2026-05-31,kr,South Korea,174,Re-Entry,Runaway,RESCENE,5deOsjuFTKrNMJW3rKuL8S,1x0mG2CyQW5mjBX17ZfTUG,https://i.scdn.co/image/ab67616d00001e02e5fd56cd91d38d69aec9a5a2
2026-05-31,kr,South Korea,175,–,Blossom Parade,PLAVE,0k2zyzGq6HX383VlMBOvRG,1OO2hWJmimNmsN2glZ9kyM,https://i.scdn.co/image/ab67616d00001e021485d9178821f0e0b8224122
2026-05-31,kr,South Korea,176,Re-Entry,Please,BTS,3Nrfpe0tUJi4K4DXYWgMUX,1XpVhaI4HzWrhRWIpdfyJB,https://i.scdn.co/image/ab67616d00001e02dfa17fad7f190c901603270e
2026-05-31,kr,South Korea,177,Re-Entry,Flashback,N.Flying,2ZmXexIJAD7PgABrj0qQRb,2MYEjz9rwWyvSbhwiJvR1g,https://i.scdn.co/image/ab67616d00001e02004f4aac6cfbff10b317c84f
2026-05-31,kr,South Korea,178,1,Who is she,KISS OF LIFE,4TEK9tIkcoxib4GxT3O4ky,16iOs2f9G9qRknDgM9cfAw,https://i.scdn.co/image/ab67616d00001e02aacd08445d13c6f2e41f842c
2026-05-31,kr,South Korea,179,Re-Entry,Jasmine,DPR LIVE,0siBQaURCli5wn2lqv8WZg,2IgbYlOlFpiSFYnsqB39lM,https://i.scdn.co/image/ab67616d00001e021b75dffa6331e7ae8333cb69
2026-05-31,kr,South Korea,180,8,JANE DOE,Kenshi Yonezu; Hikaru Utada,1snhtMLeb2DYoMOcVbb8iB; 7lbSsjYACZHn1MSDXPxNF2,4oE7MyJhqSD3BaHRpNs8Nl,https://i.scdn.co/image/ab67616d00001e028131aa99fb87ff0e9c511851
2026-05-31,kr,South Korea,181,–,Attention,NewJeans,6HvZYsbFfjnjFrWF950C9d,2pIUpMhHL6L9Z5lnKxJJr9,https://i.scdn.co/image/ab67616d00001e029d28fd01859073a3ae6ea209
2026-05-31,kr,South Korea,182,20,Don’t look back at me,Lim Young Woong,75MOYjGEyyH5U4ZFHOPvxR,7ohibqc88AbCOYqCqjcE1a,https://i.scdn.co/image/ab67616d00001e02f207933160e8018901f665b2
2026-05-31,kr,South Korea,183,12,내 머리가 나빠서,SS501,6rmMpoeu2SIV4OLURCOn2e,7k1zf9Ch2n8dgNQ0UxbxJ9,https://i.scdn.co/image/ab67616d00001e02995da0ab6cee5a404c4c1f22
2026-05-31,kr,South Korea,184,35,If You Ask Me What Love Is,Roy Kim,3ErHVJMsxTq2lLSmnONBm9,5zsMOF3yWT4U1Vw5eaMQFH,https://i.scdn.co/image/ab67616d00001e029159b2766eb30c9c90697fad
2026-05-31,kr,South Korea,185,1,Baby,Justin Bieber; Ludacris,1uNFoZAHBGtllmzznpCI3s; 3ipn9JLAPI5GUEo4y4jcoi,6epn3r7S14KUqlReYr77hA,https://i.scdn.co/image/ab67616d00001e02629dc9e2e3bc20bbd7d92e4a
2026-05-31,kr,South Korea,186,13,One More Night,BTS,3Nrfpe0tUJi4K4DXYWgMUX,6s3w7SUVtmm68Bw5KrKMh0,https://i.scdn.co/image/ab67616d00001e02dfa17fad7f190c901603270e
2026-05-31,kr,South Korea,187,Re-Entry,The Chase,Hearts2Hearts,1ZLU77nRzQIaP23mVSYpCQ,68UrZQUuO3O6eUiD226xHg,https://i.scdn.co/image/ab67616d00001e02d346fc1102eb417305b5358b
2026-05-31,kr,South Korea,188,54,Motto,ITZY,2KC9Qb60EaY0kW4eH68vr3,3xTcC2GxIavh97lAkIVHw6,https://i.scdn.co/image/ab67616d00001e02602d784bb4641a66103edec1
2026-05-31,kr,South Korea,189,1,AIZO,King Gnu,6wxfx1yhyqjCPYwwxJktR2,65X2koe1LhDgQmRkNdJFv9,https://i.scdn.co/image/ab67616d00001e02120734724ff398a2d812f982
2026-05-31,kr,South Korea,190,20,"Even if you leave,",HANRORO,5wVJpXzuKV6Xj7Yhsf2uYx,7sxUb59tfiuzagetBF47AN,https://i.scdn.co/image/ab67616d00001e02b32b8010f02ba67921bbbf5f
2026-05-31,kr,South Korea,191,1,Supersonic,fromis_9,24nUVBIlCGi4twz4nYxJum,6oNLSQX8bcAdbCElZYju3v,https://i.scdn.co/image/ab67616d00001e020490e8ab48790ca6e5add267
2026-05-31,kr,South Korea,192,9,NORMAL,BTS,3Nrfpe0tUJi4K4DXYWgMUX,4B4Q7zfd0aHcuhQBfCRnH5,https://i.scdn.co/image/ab67616d00001e02dfa17fad7f190c901603270e
2026-05-31,kr,South Korea,193,45,Y (Please Tell Me Why),freestyle,0LigV2SSsRZaeX2htEFXV9,1nk9moKBnrWMsXoHxnaeJd,https://i.scdn.co/image/ab67616d00001e02c85c7840e616339d7322f2c2
2026-05-31,kr,South Korea,194,2,Nothing Without Your Love,Jin,5vV3bFXnN6D6N3Nj4xRvaV,4H6s1mTZcjHAMU36ZF3Xoz,https://i.scdn.co/image/ab67616d00001e0289228504f700641956e29f5d
2026-05-31,kr,South Korea,195,Re-Entry,ETA,NewJeans,6HvZYsbFfjnjFrWF950C9d,56v8WEnGzLByGsDAXDiv4d,https://i.scdn.co/image/ab67616d00001e020744690248ef3ba7b776ea7b
2026-05-31,kr,South Korea,196,7,FAMOUS,ALLDAY PROJECT,4gEMn0YPOdotLOygnk0Ng2,40UVUuyy5RfpO0awclCttA,https://i.scdn.co/image/ab67616d00001e02a4856db749b2c84758a7680e
2026-05-31,kr,South Korea,197,Re-Entry,OHAYO MY NIGHT,D-Hack; PATEKO,6Ycj4hhpz2nOfsYCU1gHqR; 0J372uvAXbRjLFSoAVE2lp,4iJprGt1rt5iy0sxXXaRWn,https://i.scdn.co/image/ab67616d00001e024f10712c9170e737a7c212ce
2026-05-31,kr,South Korea,198,Re-Entry,가시,BUZZ,4SdXXEHKFa5NSoh10QxeN2,7csMuPqdOPaFKby0AoRYL5,https://i.scdn.co/image/ab67616d00001e02b1b79c8d3dd18607fe573f18
2026-05-31,kr,South Korea,199,17,고백,DELISPICE,3zH8Xu8C1GnnmfpBqzdLPf,20tWEsVsKU6FfzXGt4IOuV,https://i.scdn.co/image/ab67616d00001e029ee364d7aacc7ae61af96b2b
2026-05-31,kr,South Korea,200,Re-Entry,Here With Me,d4vd,5y8tKLUfMvliMe8IKamR32,0dS2u2UFd88TIzDDaZDLvS,https://i.scdn.co/image/ab67616d00001e02e5ff1941799cd30cb2aa072b
2026-05-31,global,Global,1,–,Billie Jean,Michael Jackson,3fMbdgg4jU18AjLCKBhRSm,7J1uxwnxfQLu4APicE5Rnj,https://i.scdn.co/image/ab67616d00001e0232a7d87248d1b75463483df5
2026-05-31,global,Global,2,1,Beauty And A Beat,Justin Bieber; Nicki Minaj,1uNFoZAHBGtllmzznpCI3s; 0hCNtLu0JehylgoiP8L4Gh,6QFCMUUq1T2Vf5sFUXcuQ7,https://i.scdn.co/image/ab67616d00001e02f1d02a6cec967f8b6b78f76e
2026-05-31,global,Global,3,1,hate that i made you love me,Ariana Grande,66CXWjxzNUsdJxJ2JdwvnR,20jbSiX29FDX4oQxBXyUEi,https://i.scdn.co/image/ab67616d00001e02b622d42c30697e1e1414343c
2026-05-31,global,Global,4,–,SWIM,BTS,3Nrfpe0tUJi4K4DXYWgMUX,68lbSrXDORS51pmyjZv712,https://i.scdn.co/image/ab67616d00001e02dfa17fad7f190c901603270e
2026-05-31,global,Global,5,–,Babydoll,Dominic Fike,6USv9qhCn6zfxlBQIYJ9qs,7yNf9YjeO5JXUE3JEBgnYc,https://i.scdn.co/image/ab67616d00001e027b1b6f41c1645af9757d5616
2026-05-31,global,Global,6,–,the cure,Olivia Rodrigo,1McMsnEElThX1knmY4oliG,4EoJ151oQ5jY48z4RhSE96,https://i.scdn.co/image/ab67616d00001e0279e480cbab8c7b86d277841a
2026-05-31,global,Global,7,–,Beat It,Michael Jackson,3fMbdgg4jU18AjLCKBhRSm,3BovdzfaX4jb5KFQwoPfAw,https://i.scdn.co/image/ab67616d00001e0232a7d87248d1b75463483df5
2026-05-31,global,Global,8,–,Janice STFU,Drake,3TVXtAsR1Inumwj472S9r4,514joG57v4yKTsfQmz7stz,https://i.scdn.co/image/ab67616d00001e02fe9d3ab9adb1d3b59835b81c
2026-05-31,global,Global,9,–,Earrings,Malcolm Todd,7eKkW1zo5uzW8kUntiiBvz,0eAuGrXyGFYwur9ARUe7LJ,https://i.scdn.co/image/ab67616d00001e022c1f34ecc1929fb59908aad1
2026-05-31,global,Global,10,–,The One That Got Away,Katy Perry,6jJ0s89eD6GaHleKKya26X,6hkOqJ5mE093AQf2lbZnsG,https://i.scdn.co/image/ab67616d00001e021d955011a3ed477dc77865ad
2026-05-31,global,Global,11,2,back to friends,sombr,4G9NDjRyZFDlJKMRL8hx3S,7qjZnBKE73H4Oxkopwulqe,https://i.scdn.co/image/ab67616d00001e024229702de91cb3d3a4383302
2026-05-31,global,Global,12,3,Chicago,Michael Jackson,3fMbdgg4jU18AjLCKBhRSm,5BKKy9fIJL5uM9fz1SnqyP,https://i.scdn.co/image/ab67616d00001e0235f36cb686b0d5a12ab3a9f0
2026-05-31,global,Global,13,1,drop dead,Olivia Rodrigo,1McMsnEElThX1knmY4oliG,7Hc6qcJG4NtyZgbNvQyd8U,https://i.scdn.co/image/ab67616d00001e021a1495ff41046065b9475366
2026-05-31,global,Global,14,3,DtMF,Bad Bunny,4q3ewBCX7sLwd24euuV69X,3sK8wGT43QFpWrvNQsrQya,https://i.scdn.co/image/ab67616d00001e02bbd45c8d36e0e045ef640411
2026-05-31,global,Global,15,3,Choosin' Texas,Ella Langley,6BRxQ8cD3eqnrVj6WKDok8,7scFxt9VhL4FJwuPSfRlfN,https://i.scdn.co/image/ab67616d00001e028606848da949bbaddf447d87
2026-05-31,global,Global,16,2,End of Beginning,Djo,5p9HO3XC5P3BLxJs5Mtrhm,3qhlB30KknSejmIvZZLjOD,https://i.scdn.co/image/ab67616d00001e02fddfffec51b4580acae727c1
2026-05-31,global,Global,17,1,Human Nature,Michael Jackson,3fMbdgg4jU18AjLCKBhRSm,4cgjA7B4fJBHyB9Ya2bu0t,https://i.scdn.co/image/ab67616d00001e0232a7d87248d1b75463483df5
2026-05-31,global,Global,18,2,Risk It All,Bruno Mars,0du5cEVh5yTK9QJze8zA0C,5y2ijHECwFYWqcAHKTZgzD,https://i.scdn.co/image/ab67616d00001e023eb8dc748f7efb1470f74395
2026-05-31,global,Global,19,2,Don't Stop 'Til You Get Enough,Michael Jackson,3fMbdgg4jU18AjLCKBhRSm,46eu3SBuFCXWsPT39Yg3tJ,https://i.scdn.co/image/ab67616d00001e022b74bf21c7e4f56758610949
2026-05-31,global,Global,20,2,Self Aware,Temper City,5mHUmlJWkcoOk1NbjfrXWz,4qW3BbQAwZsrnu8a3ZRdyT,https://i.scdn.co/image/ab67616d00001e02d6c26d2ae723f7ab553d64cc
2026-05-31,global,Global,21,2,Man I Need,Olivia Dean,00x1fYSGhdqScXBRpSj3DW,1qbmS6ep2hbBRaEZFpn7BX,https://i.scdn.co/image/ab67616d00001e02e3d69e17dde129037a1f09e2
2026-05-31,global,Global,22,1,Dracula (with JENNIE),Tame Impala; JENNIE,5INjqkS1o8h1imAzPqGZBb; 250b0Wlc5Vk0CoUsaCY84M,5yvVYFDUpbnjcnRBgjwTzM,https://i.scdn.co/image/ab67616d00001e02c7c031ce9d06b131f8563676
2026-05-31,global,Global,23,2,Iris,The Goo Goo Dolls,2sil8z5kiy4r76CRTXxBCA,6Qyc6fS4DsZjB2mRW9DsQs,https://i.scdn.co/image/ab67616d00001e02eda9478c39a21e1cdc6609ca
2026-05-31,global,Global,24,1,The Fate of Ophelia,Taylor Swift,06HL4z0CvFAxyc27GXpf02,53iuhJlwXhSER5J2IYYv1W,https://i.scdn.co/image/ab67616d00001e02d7812467811a7da6e6a44902
2026-05-31,global,Global,25,1,Lush Life,Zara Larsson,1Xylc3o4UrD53lo9CvFvVg,1rIKgCH4H52lrvDcz50hS8,https://i.scdn.co/image/ab67616d00001e02401bf6103d4b7f5230a21582
2026-05-31,global,Global,26,2,Stateside + Zara Larsson,PinkPantheress; Zara Larsson,78rUTD7y6Cy67W1RVzYs7t; 1Xylc3o4UrD53lo9CvFvVg,1DwscornXpj8fmOmYVlqZt,https://i.scdn.co/image/ab67616d00001e02684ecc5bc1b724d0106ad694
2026-05-31,global,Global,27,3,On The Floor,Jennifer Lopez; Pitbull,2DlGxzQSjYe5N6G9nkYghR; 0TnOYISbd1XYRBk9myaseg,3C0nOe05EIt1390bVABLyN,https://i.scdn.co/image/ab67616d00001e02d7b2aa3834b82b1cbe899a48
2026-05-31,global,Global,28,2,Raindance (feat. Tems),Dave; Tems,6Ip8FS7vWT1uKkJSweANQK; 687cZJR45JO7jhk1LHIbgq,3oTuTpF1F3A7rEC6RKsMRz,https://i.scdn.co/image/ab67616d00001e02fecaa7826bb0cbe139a8cb83
2026-05-31,global,Global,29,–,Ordinary,Alex Warren,0fTSzq9jAh4c36UVb4V7CB,2RkZ5LkEzeHGRsmDqKwmaJ,https://i.scdn.co/image/ab67616d00001e028d18d73bbfc8985d52865edf
2026-05-31,global,Global,30,3,BAILE INoLVIDABLE,Bad Bunny,4q3ewBCX7sLwd24euuV69X,2lTm559tuIvatlT1u0JYG2,https://i.scdn.co/image/ab67616d00001e02bbd45c8d36e0e045ef640411
2026-05-31,global,Global,31,–,Love Me Not,Ravyn Lenae,5RTLRtXjbXI2lSXc6jxlAz,4WFgvKVfEhb3IUAFGrutTR,https://i.scdn.co/image/ab67616d00001e020e62daaea2c7b94053e1c142
2026-05-31,global,Global,32,1,So Easy (To Fall In Love),Olivia Dean,00x1fYSGhdqScXBRpSj3DW,6sGIMrtIzQjdzNndVxe397,https://i.scdn.co/image/ab67616d00001e029a336bfb6d40bbd90a507417
2026-05-31,global,Global,33,2,Golden,HUNTR/X; EJAE; AUDREY NUNA; REI AMI; KPop Demon Hunters Cast,2yNNYQBChuox9A5Ka93BIn; 0RMJOzHDhAKY1o2j0W0vxY; 0Wwji82sLA0Hcvtuak3omb; 6U1dV7aL68N7Gb0Naq34V5; 7mW7Tv7NvywKKXqafZo0Lc,1CPZ5BxNNd0n0nF4Orb9JS,https://i.scdn.co/image/ab67616d00001e024dcb6c5df15cf74596ab25a4
2026-05-31,global,Global,34,2,Die With A Smile,Lady Gaga; Bruno Mars,1HY2Jd0NmPuamShAr6KMms; 0du5cEVh5yTK9QJze8zA0C,7so0lgd0zP2Sbgs2d7a1SZ,https://i.scdn.co/image/ab67616d00001e02b0860cf0a98e09663c82290c
2026-05-31,global,Global,35,3,NUEVAYoL,Bad Bunny,4q3ewBCX7sLwd24euuV69X,5TFD2bmFKGhoCRbX61nXY5,https://i.scdn.co/image/ab67616d00001e02bbd45c8d36e0e045ef640411
2026-05-31,global,Global,36,1,Smooth Criminal - 2012 Remaster,Michael Jackson,3fMbdgg4jU18AjLCKBhRSm,5T7ywazdGIydr6JCW6t02j,https://i.scdn.co/image/ab67616d00001e02eb2087dcd1eb61f833bdedff
2026-05-31,global,Global,37,1,DAISIES,Justin Bieber,1uNFoZAHBGtllmzznpCI3s,5BZsQlgw21vDOAjoqkNgKb,https://i.scdn.co/image/ab67616d00001e02d65c4773bc5061fd27facc5b
2026-05-31,global,Global,38,4,WHERE IS MY HUSBAND!,RAYE,5KKpBU5eC2tJDzf0wmlRp2,7eYzn1CuiJK6VvUhf8zA6k,https://i.scdn.co/image/ab67616d00001e0297c0928704e5a2bd8d4c5b90
2026-05-31,global,Global,39,1,Mr. Brightside,The Killers,0C0XlULifJtAgn6ZNCW2eu,003vvx7Niy0yvhvHt4a68B,https://i.scdn.co/image/ab67616d00001e02ccdddd46119a4ff53eaf1f5d
2026-05-31,global,Global,40,1,White Keys,Dominic Fike,6USv9qhCn6zfxlBQIYJ9qs,5ViLKrbyL3HD6wsq3AB9eI,https://i.scdn.co/image/ab67616d00001e023696096119ef08824cf85ede
2026-05-31,global,Global,41,2,National Treasures,Drake,3TVXtAsR1Inumwj472S9r4,393OFJFZKIIv66JmJcNm9D,https://i.scdn.co/image/ab67616d00001e02fe9d3ab9adb1d3b59835b81c
2026-05-31,global,Global,42,1,BIRDS OF A FEATHER,Billie Eilish,6qqNVTkY8uBg9cP3Jd7DAH,6dOtVTDdiauQNBQEDOtlAB,https://i.scdn.co/image/ab67616d00001e0271d62ea7ea8a5be92d3c1f62
2026-05-31,global,Global,43,3,Sweater Weather,The Neighbourhood,77SW9BnxLY8rJ0RciFqkHh,0cQVqPuHQP4KEwc7ZUQmj6,https://i.scdn.co/image/ab67616d00001e028265a736a1eb838ad5a0b921
2026-05-31,global,Global,44,1,Every Breath You Take,The Police,5NGO30tJxFlKixkPSgXcFE,1JSTJqkT5qHq8MDJnJbRE1,https://i.scdn.co/image/ab67616d00001e02c8e97cafeb2acb85b21a777e
2026-05-31,global,Global,45,7,Sailor Song,Gigi Perez,1iCnM8foFssWlPRLfAbIwo,21IYMdzTrzSe191Cy5eMap,https://i.scdn.co/image/ab67616d00001e0249c26270052e1671add569c1
2026-05-31,global,Global,46,1,NOBLE,F3miii,0gmx7cndNJbFM0DAO7fT0s,4Jsus7N4d8hFB2G9gcRdBv,https://i.scdn.co/image/ab67616d00001e023e2c1f8bb3f146186e2a1dc5
2026-05-31,global,Global,47,5,I Just Might,Bruno Mars,0du5cEVh5yTK9QJze8zA0C,6f68Ac5tt5BQOpwr0BV9oN,https://i.scdn.co/image/ab67616d00001e023eb8dc748f7efb1470f74395
2026-05-31,global,Global,48,1,Bad - 2012 Remaster,Michael Jackson,3fMbdgg4jU18AjLCKBhRSm,2gSNBigeWMVtY3QBIvPAEc,https://i.scdn.co/image/ab67616d00001e02eb2087dcd1eb61f833bdedff
2026-05-31,global,Global,49,5,Riptide,Vance Joy,10exVja0key0uqUkk6LJRT,2uXlHCUbq9OMUwx3hrk06o,https://i.scdn.co/image/ab67616d00001e0205d081cbdc2f67d37a364d63
2026-05-31,global,Global,50,–,Locked out of Heaven,Bruno Mars,0du5cEVh5yTK9QJze8zA0C,5g7sDjBhZ4I3gcFIpkrLuI,https://i.scdn.co/image/ab67616d00001e02926f43e7cce571e62720fd46
2026-05-31,global,Global,51,2,Creep,Radiohead,4Z8W4fKeB5YxbusRsdQVPb,70LcF31zb1H0PyJoS1Sx1r,https://i.scdn.co/image/ab67616d00001e02ec548c00d3ac2f10be73366d
2026-05-31,global,Global,52,6,Dreams - 2004 Remaster,Fleetwood Mac,08GQAI4eElDnROBrJRGE0X,53qkszfgztIvkFyF31GfdQ,https://i.scdn.co/image/ab67616d00001e02e52a59a28efa4773dd2bfe1b
2026-05-31,global,Global,53,2,Dracula,Tame Impala,5INjqkS1o8h1imAzPqGZBb,1NXbNEAcPvY5G1xvfN57aA,https://i.scdn.co/image/ab67616d00001e02208500450dcd0fd294d7bd3b
2026-05-31,global,Global,54,8,LEMONADE,aespa,6YVMFz59CuY7ngCxTxjpxE,7a3iH9vM5Z58GqOMqXBU1M,https://i.scdn.co/image/ab67616d00001e025f0171c63cceb32ccff8b9a9
2026-05-31,global,Global,55,7,Shabang,Drake,3TVXtAsR1Inumwj472S9r4,6vjpQIdABqntoe3zPazPec,https://i.scdn.co/image/ab67616d00001e02fe9d3ab9adb1d3b59835b81c
2026-05-31,global,Global,56,5,Cuando No Era Cantante RMX - Remix,El Bogueto; Anuel AA; Fuerza Regida; Yung Beef,3S9Hg7sRKhmtWunFZ2yAYP; 2R21vXR83lH98kGeO99Y66; 0ys2OFYzWYB5hRDLCsBqxt; 1rTUwYS38LkQTlT2fhikch,5sX4UiPdOdndSEWA6asUgh,https://i.scdn.co/image/ab67616d00001e02b30b6658b275328c8435e973
2026-05-31,global,Global,57,2,Homewrecker,sombr,4G9NDjRyZFDlJKMRL8hx3S,7tICCrK3CcyRFKza7yrR0z,https://i.scdn.co/image/ab67616d00001e029a8d41dca4c7d0ef23d76dd7
2026-05-31,global,Global,58,2,Manchild,Sabrina Carpenter,74KM79TiuVKeVCqs8QtB0B,2BwO5K8Q7EPAJSGze3AAh9,https://i.scdn.co/image/ab67616d00001e02b1863bf95557ea7f357c4947
2026-05-31,global,Global,59,8,Yellow,Coldplay,4gzpq5DPGxSnKTe4SA8HAU,3AJwUDP919kvQ9QcozQPxg,https://i.scdn.co/image/ab67616d00001e029164bafe9aaa168d93f4816a
2026-05-31,global,Global,60,15,iloveitiloveitiloveit,Bella Kay,4Z8MrrKMBHMPa8d04Ivur8,5IMpnpD0tQVcqWlVIgtAtV,https://i.scdn.co/image/ab67616d00001e02e74e15fe75e80ea69f38a680
2026-05-31,global,Global,61,7,Whisper My Name,Drake,3TVXtAsR1Inumwj472S9r4,7KGHenqXZofXNm5MKDbT3J,https://i.scdn.co/image/ab67616d00001e02fe9d3ab9adb1d3b59835b81c
2026-05-31,global,Global,62,15,Sign of the Times,Harry Styles,6KImCVD70vtIoJWnq6nGn3,5Ohxk2dO5COHF1krpoPigN,https://i.scdn.co/image/ab67616d00001e023f8b8a9c71b2bd2f3019940b
2026-05-31,global,Global,63,1,Nalguita y Teta,Neton Vega,6pV5zH2LzjOUHaAvENdMMa,6SuIUd8Wl5tZcyMFAV0EZJ,https://i.scdn.co/image/ab67616d00001e026b0c57d574fae5bbb4f3c8de
2026-05-31,global,Global,64,17,I Wanna Be Yours,Arctic Monkeys,7Ln80lUS6He07XvHI8qqHH,5XeFesFbtLpXzIVDNQP22n,https://i.scdn.co/image/ab67616d00001e024ae1c4c5c45aabe565499163
2026-05-31,global,Global,65,2,Dirty Diana - 2012 Remaster,Michael Jackson,3fMbdgg4jU18AjLCKBhRSm,0AcgKF7kbSoCkh3n7vlHwK,https://i.scdn.co/image/ab67616d00001e02eb2087dcd1eb61f833bdedff
2026-05-31,global,Global,66,9,One Dance,Drake; Wizkid; Kyla,3TVXtAsR1Inumwj472S9r4; 3tVQdUvClmAT7URs9V3rsp; 6TK7fjRPdy2GW2pJzNF23L,1zi7xx7UVEFkmKfv06H8x0,https://i.scdn.co/image/ab67616d00001e029416ed64daf84936d89e671c
2026-05-31,global,Global,67,7,EoO,Bad Bunny,4q3ewBCX7sLwd24euuV69X,6J5kc12BW5HuP3d7C3vvx8,https://i.scdn.co/image/ab67616d00001e02bbd45c8d36e0e045ef640411
2026-05-31,global,Global,68,5,Baby,Justin Bieber; Ludacris,1uNFoZAHBGtllmzznpCI3s; 3ipn9JLAPI5GUEo4y4jcoi,6epn3r7S14KUqlReYr77hA,https://i.scdn.co/image/ab67616d00001e02629dc9e2e3bc20bbd7d92e4a
2026-05-31,global,Global,69,9,Body to Body,BTS,3Nrfpe0tUJi4K4DXYWgMUX,2rKkfc4VZ74FQDc1FF1Zo6,https://i.scdn.co/image/ab67616d00001e02dfa17fad7f190c901603270e
2026-05-31,global,Global,70,4,Thriller,Michael Jackson,3fMbdgg4jU18AjLCKBhRSm,2LlQb7Uoj1kKyGhlkBf9aC,https://i.scdn.co/image/ab67616d00001e0232a7d87248d1b75463483df5
2026-05-31,global,Global,71,10,Dai Dai,Shakira; Burna Boy,0EmeFodog0BfCgMzAIvKQp; 3wcj11K77LjEY1PkEazffa,0kosUz0jePvjiz4ctmR6wL,https://i.scdn.co/image/ab67616d00001e0203cadf1b3fe324c1dc710ed4
2026-05-31,global,Global,72,8,2.0,BTS,3Nrfpe0tUJi4K4DXYWgMUX,3bmpXHVie1GTy37OkXJ7Vc,https://i.scdn.co/image/ab67616d00001e02dfa17fad7f190c901603270e
2026-05-31,global,Global,73,8,Danza Kuduro - Version MTO,Lucenzo; Don Omar,5bv5RplEOwdCvhq0EILh9E; 33ScadVnbm2X8kkUqOkC6Z,2a1o6ZejUi8U3wzzOtCOYw,https://i.scdn.co/image/ab67616d00001e02dd6b19d30e8b2531c625fbc4
2026-05-31,global,Global,74,11,TU SANCHO,Fuerza Regida,0ys2OFYzWYB5hRDLCsBqxt,6eLQXa6uk2EW8drsiKbABZ,https://i.scdn.co/image/ab67616d00001e02a2e90fbdec84b25e46573469
2026-05-31,global,Global,75,9,Hips Don't Lie (feat. Wyclef Jean),Shakira; Wyclef Jean,0EmeFodog0BfCgMzAIvKQp; 7aBzpmFXB4WWpPl2F7RjBe,3d0WouFnFmr0K3kjeza3fF,https://i.scdn.co/image/ab67616d00001e0285432abc16fd92be0d435cb9
2026-05-31,global,Global,76,6,Todo Lo Fue,Lenin Ramírez,3hTffafUYLLgO4yuPAxb5U,0Sa8aRfGckW0qUGLrBwoBG,https://i.scdn.co/image/ab67616d00001e0234fc9cf3365e3e9d5f86ffe3
2026-05-31,global,Global,77,9,(When You Gonna) Give It Up to Me - Radio Version,Sean Paul; Keyshia Cole,3Isy6kedDrgPYoTS1dazA9; 1vfezMIyCr4XUdYRaKIKi3,5nEdwtSv0qqeE0l4o1lR4q,https://i.scdn.co/image/ab67616d00001e02a539563b3d77bd3ba17d016e
2026-05-31,global,Global,78,6,Hooligan,BTS,3Nrfpe0tUJi4K4DXYWgMUX,20dAJsyno9ZoBLJtqgQnUI,https://i.scdn.co/image/ab67616d00001e02dfa17fad7f190c901603270e
2026-05-31,global,Global,79,10,Tití Me Preguntó,Bad Bunny,4q3ewBCX7sLwd24euuV69X,1IHWl5LamUGEuP4ozKQSXZ,https://i.scdn.co/image/ab67616d00001e0249d694203245f241a1bcaa72
2026-05-31,global,Global,80,9,As It Was,Harry Styles,6KImCVD70vtIoJWnq6nGn3,4Dvkj6JhhA12EX05fT7y2e,https://i.scdn.co/image/ab67616d00001e0282ce362511fb3d9dda6578ee
2026-05-31,global,Global,81,2,Espresso,Sabrina Carpenter,74KM79TiuVKeVCqs8QtB0B,2HRqTpkrJO5ggZyyK6NPWz,https://i.scdn.co/image/ab67616d00001e02fd8d7a8d96871e791cb1f626
2026-05-31,global,Global,82,9,Starboy,The Weeknd; Daft Punk,1Xyo4u8uXC1ZmMpatF05PJ; 4tZwfgrHOc3mvqYlEYSvVi,7MXVkk9YMctZqd1Srtv4MB,https://i.scdn.co/image/ab67616d00001e024718e2b124f79258be7bc452
2026-05-31,global,Global,83,–,Midnight Sun,Zara Larsson,1Xylc3o4UrD53lo9CvFvVg,1qRV1dKLOfH1s00b9J2LUQ,https://i.scdn.co/image/ab67616d00001e027657f9028ea8bb2c18dca99f
2026-05-31,global,Global,84,3,Rein Me In (with Olivia Dean),Sam Fender; Olivia Dean,6zlR5ttMfMNmwf2lecU9Cc; 00x1fYSGhdqScXBRpSj3DW,0MUXBhPUDF8or0kfQ0EHwV,https://i.scdn.co/image/ab67616d00001e0270722c52a53ef4a56f0c2eb0
2026-05-31,global,Global,85,13,Ran To Atlanta (feat. Future & Molly Santana),Drake; Future; Molly Santana,3TVXtAsR1Inumwj472S9r4; 1RyvyyTE3xzB2ZywiAwp0i; 1zEHBw7xQf0drXZagRkciU,3DK90400cDlV5WUJPraMph,https://i.scdn.co/image/ab67616d00001e02fe9d3ab9adb1d3b59835b81c
2026-05-31,global,Global,86,4,Give Me Everything (feat. Nayer),Pitbull; AFROJACK; Ne-Yo; Nayer,0TnOYISbd1XYRBk9myaseg; 4D75GcNG95ebPtNvoNVXhz; 21E3waRsmPlU7jZsS13rcj; 1ruutHJcECI7cos2n5TqpO,4QNpBfC0zvjKqPJcyqBy9W,https://i.scdn.co/image/ab67616d00001e021dc7483a9fcfce54822a2f19
2026-05-31,global,Global,87,8,That's What I Like,Bruno Mars,0du5cEVh5yTK9QJze8zA0C,0KKkJNfGyhkQ5aFogxQAPU,https://i.scdn.co/image/ab67616d00001e02232711f7d66a1e19e89e28c5
2026-05-31,global,Global,88,1,Be Her,Ella Langley,6BRxQ8cD3eqnrVj6WKDok8,13HD3tYTiz8oSRxWzXEq7g,https://i.scdn.co/image/ab67616d00001e028606848da949bbaddf447d87
2026-05-31,global,Global,89,13,505,Arctic Monkeys,7Ln80lUS6He07XvHI8qqHH,58ge6dfP91o9oXMzq3XkIS,https://i.scdn.co/image/ab67616d00001e02b1f8da74f225fa1225cdface
2026-05-31,global,Global,90,16,REDRED,CORTIS,1ebt9HnXdyYA6KgLXr1n4P,2fCwv2ppU5nTRTckomIGsd,https://i.scdn.co/image/ab67616d00001e0224ace1518851b27e9983f739
2026-05-31,global,Global,91,12,Seven (feat. Latto) (Explicit Ver.),Jung Kook; Latto,6HaGTQPmzraVmaVxvz6EUc; 3MdXrJWsbVzdn6fe5JYkSQ,2HRgqmZQC0MC7GeNuDIXHN,https://i.scdn.co/image/ab67616d00001e02741fd4807f442af3f7359316
2026-05-31,global,Global,92,23,Sesi Potret,eńau; Ari Lesmana,0agUNq8PH1QSgm88EuhM1u; 3MMDw11m6HJrXlGOE3honc,4xoY4lZNoTjEuHsSmhgF1G,https://i.scdn.co/image/ab67616d00001e02172768978c7f929803ad7e8b
2026-05-31,global,Global,93,1,American Girls,Harry Styles,6KImCVD70vtIoJWnq6nGn3,7gtG45ieyQzKtNKobfLd49,https://i.scdn.co/image/ab67616d00001e0274959140f550b11049c18a38
2026-05-31,global,Global,94,8,APT.,ROSÉ; Bruno Mars,3eVa5w3URK5duf6eyVDbu9; 0du5cEVh5yTK9QJze8zA0C,4wJ5Qq0jBN4ajy7ouZIV1c,https://i.scdn.co/image/ab67616d00001e027be65ce6672ed7e5aac6e966
2026-05-31,global,Global,95,1,Just the Way You Are,Bruno Mars,0du5cEVh5yTK9QJze8zA0C,7BqBn9nzAq8spo5e7cZ0dJ,https://i.scdn.co/image/ab67616d00001e027039c1c841fc3dfa2ad8a0d8
2026-05-31,global,Global,96,6,KOKO,Omar Courtz,3E12tRURRvPfHz0hAMCFYc,1tz7RZirwiuaJw2p0jbdHb,https://i.scdn.co/image/ab67616d00001e0290af5246adcaa93acb721c17
2026-05-31,global,Global,97,2,Confident,Justin Bieber; Chance the Rapper,1uNFoZAHBGtllmzznpCI3s; 1anyVhU62p31KFi8MEzkbf,6czM6UMQD9qE5GAUp68oud,https://i.scdn.co/image/ab67616d00001e0258ae8fddecbd2630005409c9
2026-05-31,global,Global,98,19,The Night We Met,Lord Huron,6ltzsmQQbmdoHHbLZ4ZN25,5yJaXWIErrrsjQ3J0eR5aK,https://i.scdn.co/image/ab67616d00001e02b4916183f769aca218acb85f
2026-05-31,global,Global,99,23,Jamaican (Bam Bam),HUGEL; SOLTO (FR),5PlfkPxwCpRRWQJBxCa0By; 0F3tUZeb9dLNEpxCpzEBQt,7e4zDInS6tA2jwzphvs2Ay,https://i.scdn.co/image/ab67616d00001e02450a730dd72f3bf49882ae9d
2026-05-31,global,Global,100,11,WILDFLOWER,Billie Eilish,6qqNVTkY8uBg9cP3Jd7DAH,3QaPy1KgI7nu9FJEQUgn6h,https://i.scdn.co/image/ab67616d00001e0271d62ea7ea8a5be92d3c1f62
2026-05-31,global,Global,101,8,See You Again (feat. Kali Uchis),"Tyler, The Creator; Kali Uchis",4V8LLVI7PbaPR0K2TGSxFF; 1U1el3k54VvEUzo3ybLPlM,7KA4W4McWYRpgf0fWsJZWB,https://i.scdn.co/image/ab67616d00001e028940ac99f49e44f59e6f7fb3
2026-05-31,global,Global,102,4,Shape of You,Ed Sheeran,6eUKZXaKkcviH0Ku9w2n3V,7qiZfU4dY1lWllzX7mPBI3,https://i.scdn.co/image/ab67616d00001e02ba5db46f4b838ef6027e6f96
2026-05-31,global,Global,103,22,Cinderella (feat. Ty Dolla $ign),Mac Miller; Ty Dolla $ign,4LLpKhyESsyAXpc4laK94U; 7c0XG5cIJTrrAgEC3ULPiq,2lpygKqzPFtItQ4ss3cgfb,https://i.scdn.co/image/ab67616d00001e022e92f776279eaf45d14a33fd
2026-05-31,global,Global,104,53,E85,Don Toliver,4Gso3d4CscCijv0lmajZWs,3B4cjvGlPvyBLNG3AzEgkZ,https://i.scdn.co/image/ab67616d00001e0225c28f3c9fbdbab1a88dd619
2026-05-31,global,Global,105,9,In the End,Linkin Park,6XyY86QOPPrYVGvF9ch6wz,60a0Rd6pjrkxjPbaKzXjfq,https://i.scdn.co/image/ab67616d00001e02e2f039481babe23658fc719a
2026-05-31,global,Global,106,1,"One Of The Girls (with JENNIE, Lily Rose Depp)",The Weeknd; JENNIE; Lily-Rose Depp,1Xyo4u8uXC1ZmMpatF05PJ; 250b0Wlc5Vk0CoUsaCY84M; 1pBLC0qVRTB5zVMuteQ9jJ,7CyPwkp0oE8Ro9Dd5CUDjW,https://i.scdn.co/image/ab67616d00001e02b0dd6a5cd1dec96c4119c262
2026-05-31,global,Global,107,6,PINKY UP,KATSEYE,3c0gDdb9lhnHGFtP4prQpn,4KmkJjHTNlr1jFY56Lyz4E,https://i.scdn.co/image/ab67616d00001e02f995fcdb4d6f1c273a3bc56b
2026-05-31,global,Global,108,60,Who,Jimin,1oSPZhvZMIrWW5I41kPkkY,7tI8dRuH2Yc6RuoTjxo4dU,https://i.scdn.co/image/ab67616d00001e02f02c451189a709b9a952aaec
2026-05-31,global,Global,109,21,No Broke Boys,Disco Lines; Tinashe,5Kmr0b3ip8g9P2i0dLTC3Z; 0NIIxcxNHmOoyBx03SfTCD,3cZajhyr8LmtPfHZ9296tj,https://i.scdn.co/image/ab67616d00001e02699b0363dda94e1f1e32eef5
2026-05-31,global,Global,110,13,They Don't Care About Us,Michael Jackson,3fMbdgg4jU18AjLCKBhRSm,3wuCCNCnBhJlwkIJTBZFiv,https://i.scdn.co/image/ab67616d00001e02b4a878f008a0eda552446701
2026-05-31,global,Global,111,18,Can't Hold Us (feat. Ray Dalton),Macklemore; Ryan Lewis; Macklemore & Ryan Lewis; Ray Dalton,3JhNCzhSMTxs9WLGJJxWOY; 5mZJerulcERBZV7xnhrVp1; 5BcAKTbp20cv7tC5VqPFoC; 4e0nWw2r4BoQSKPQ2zpU13,22skzmqfdWrjJylampe0kt,https://i.scdn.co/image/ab67616d00001e022a6b364528b128a4a17d100d
2026-05-31,global,Global,112,12,12 to 12,sombr,4G9NDjRyZFDlJKMRL8hx3S,05od2qm2MTSKCHxy1GBp5W,https://i.scdn.co/image/ab67616d00001e024229702de91cb3d3a4383302
2026-05-31,global,Global,113,8,Marlboro Rojo,Fuerza Regida,0ys2OFYzWYB5hRDLCsBqxt,3hpm0fTeSqlhJbnqAgaLZs,https://i.scdn.co/image/ab67616d00001e02a2e90fbdec84b25e46573469
2026-05-31,global,Global,114,7,Treat You Better,Shawn Mendes,7n2wHs1TKAczGzO7Dd2rGr,3QGsuHI8jO1Rx4JWLUh9jd,https://i.scdn.co/image/ab67616d00001e021376b4b16f4bfcba02dc571b
2026-05-31,global,Global,115,7,The Way You Make Me Feel - 2012 Remaster,Michael Jackson,3fMbdgg4jU18AjLCKBhRSm,76HKOVWqsEg26SECtmw7Rz,https://i.scdn.co/image/ab67616d00001e02eb2087dcd1eb61f833bdedff
2026-05-31,global,Global,116,6,Bairan,Banjaare,7IbxsPdlYelceWNyHAor55,0RsH8g8DxdYZgdGcod5I36,https://i.scdn.co/image/ab67616d00001e02cdce9a38222807fa703b4396
2026-05-31,global,Global,117,13,Beautiful Things,Benson Boone,22wbnEMDvgVIAGdFeek6ET,3xkHsmpQCBMytMJNiDf3Ii,https://i.scdn.co/image/ab67616d00001e02831949037a1db10b87b005fa
2026-05-31,global,Global,118,6,Feel Good Inc.,Gorillaz; De La Soul,3AA28KZvwAUcZuOKwyblJQ; 1Z8ODXyhEBi3WynYw0Rya6,0d28khcov6AiegSCpG5TuT,https://i.scdn.co/image/ab67616d00001e02622aefd794f6fe4d8e714358
2026-05-31,global,Global,119,1,We Are The People,Empire Of The Sun,67hb7towEyKvt5Z8Bx306c,3zEN0ii6s4DHHBpnTp3RP7,https://i.scdn.co/image/ab67616d00001e02f3aa0e6ca22a382007f61e4d
2026-05-31,global,Global,120,6,Opalite,Taylor Swift,06HL4z0CvFAxyc27GXpf02,3yWuTOYDztXjZxdE2cIRUa,https://i.scdn.co/image/ab67616d00001e02d7812467811a7da6e6a44902
2026-05-31,global,Global,121,9,Gabriela,KATSEYE,3c0gDdb9lhnHGFtP4prQpn,1xOqGUkyxGQRdCvGpvWKmL,https://i.scdn.co/image/ab67616d00001e02f8d4d00ffe09373efb13ce29
2026-05-31,global,Global,122,2,Smells Like Teen Spirit,Nirvana,6olE6TJLqED3rqDCT0FyPh,0gucTLf7trAf37Ua1uAyAu,https://i.scdn.co/image/ab67616d00001e02fbc71c99f9c1296c56dd51b6
2026-05-31,global,Global,123,5,Viva La Vida,Coldplay,4gzpq5DPGxSnKTe4SA8HAU,1mea3bSkSGXuIRvnydlB5b,https://i.scdn.co/image/ab67616d00001e02e21cc1db05580b6f2d2a3b6e
2026-05-31,global,Global,124,11,they don’t know ’bout us,BTS,3Nrfpe0tUJi4K4DXYWgMUX,0b61A7v9agI08BG21jJPQ9,https://i.scdn.co/image/ab67616d00001e02dfa17fad7f190c901603270e
2026-05-31,global,Global,125,3,Wonderwall - Remastered,Oasis,2DaxqgrOhkeH0fpeiQq2f4,5qqabIl2vWzo9ApSC317sa,https://i.scdn.co/image/ab67616d00001e0285e5dcc05cc216a10f141480
2026-05-31,global,Global,126,3,Don't Stop The Music,Rihanna,5pKCCKE2ajJHZ9KAiaK11H,1Jo0Zg7XlrA6z0mFTZVdkn,https://i.scdn.co/image/ab67616d00001e02f9f27162ab1ed45b8d7a7e98
2026-05-31,global,Global,127,11,Lose Control,Teddy Swims,33qOK5uJ8AR2xuQQAhHump,17phhZDn6oGtzMe56NuWvj,https://i.scdn.co/image/ab67616d00001e02ebea8d4457c4db5b2088f287
2026-05-31,global,Global,128,22,Die On This Hill,SIENNA SPIRO,02gSuSAWEdWa5UOvqzjX6v,2gYTC8DsplN3RNdpdBcCOQ,https://i.scdn.co/image/ab67616d00001e020901e50bfaff4351a29f462b
2026-05-31,global,Global,129,1,Let Me Love You,DJ Snake; Justin Bieber,540vIaP2JwjQb9dm3aArA4; 1uNFoZAHBGtllmzznpCI3s,0lYBSQXN6rCTvUZvg9S0lU,https://i.scdn.co/image/ab67616d00001e02212d776c31027c511f0ee3bc
2026-05-31,global,Global,130,17,I Want You Back,The Jackson 5,2iE18Oxc8YSumAU232n4rW,5LxvwujISqiB8vpRYv887S,https://i.scdn.co/image/ab67616d00001e0216aaf05fe82237576a7d0e38
2026-05-31,global,Global,131,4,COQUETA,Fuerza Regida; Grupo Frontera,0ys2OFYzWYB5hRDLCsBqxt; 6XkjpgcEsYab502Vr1bBeW,1PREzVLuDT6PSE9sej4wnV,https://i.scdn.co/image/ab67616d00001e0204874856f3c501181d060128
2026-05-31,global,Global,132,16,FYA,BTS,3Nrfpe0tUJi4K4DXYWgMUX,0KmrKOdScRDVYwWS8hkkdv,https://i.scdn.co/image/ab67616d00001e02dfa17fad7f190c901603270e
2026-05-31,global,Global,133,19,Last Friday Night (T.G.I.F.),Katy Perry,6jJ0s89eD6GaHleKKya26X,3avYqdwHKEq8beXbeWCKqJ,https://i.scdn.co/image/ab67616d00001e021d955011a3ed477dc77865ad
2026-05-31,global,Global,134,15,Si Antes Te Hubiera Conocido,KAROL G,790FomKkXshlbRYZFtlgla,73scB4Q4fcOmnsBVZPmk32,https://i.scdn.co/image/ab67616d00001e026c0294796e2ee5cf87a47b5f
2026-05-31,global,Global,135,3,Sorry,Justin Bieber,1uNFoZAHBGtllmzznpCI3s,09CtPGIpYB4BrO8qb1RGsF,https://i.scdn.co/image/ab67616d00001e02f46b9d202509a8f7384b90de
2026-05-31,global,Global,136,3,Bring Me To Life,Evanescence,5nGIFgo0shDenQYSE0Sn7c,0COqiPhxzoWICwFCS4eZcp,https://i.scdn.co/image/ab67616d00001e0225f49ab23f0ec6332efef432
2026-05-31,global,Global,137,30,The Man Who Can't Be Moved,The Script,3AQRLZ9PuTAozP28Skbq8V,3nqqDo8CcCLke3ZoTgiOKf,https://i.scdn.co/image/ab67616d00001e02f33a9f529c12f79b116eb218
2026-05-31,global,Global,138,4,Everybody Wants To Rule The World,Tears For Fears,4bthk9UfsYUYdcFyqxmSUU,2YiCMmONQcoMPX2bV1LxE0,https://i.scdn.co/image/ab67616d00001e025e12c35cb4c848a927ef4b69
2026-05-31,global,Global,139,30,That Should Be Me,Justin Bieber,1uNFoZAHBGtllmzznpCI3s,0aPZbnkMoWJaJ5CNVLCj8S,https://i.scdn.co/image/ab67616d00001e02629dc9e2e3bc20bbd7d92e4a
2026-05-31,global,Global,140,43,Who Knows,Daniel Caesar,20wkVLutqVOYrc0kxFs7rA,6DH13QYXK7lKkYHSU88N48,https://i.scdn.co/image/ab67616d00001e022bad6e56e77d5bef0aa3f2dc
2026-05-31,global,Global,141,1,Africa,TOTO,0PFtn5NtBbbUNbU9EAmIWF,2374M0fQpWi3dLnB54qaLX,https://i.scdn.co/image/ab67616d00001e02ebd6d20c0082524244ef83df
2026-05-31,global,Global,142,1,Counting Stars,OneRepublic,5Pwc4xIPtQLFEnJriah9YJ,2tpWsVSb9UEmDRxAl1zhX1,https://i.scdn.co/image/ab67616d00001e029e2f95ae77cf436017ada9cb
2026-05-31,global,Global,143,29,I Thought I Saw Your Face Today,She & Him,3CIRif6ZAedT7kZSPvj2A4,0myRViRgmQ3J8izICXEAVO,https://i.scdn.co/image/ab67616d00001e02a47c6d8a934b4833c0916cc9
2026-05-31,global,Global,144,11,NORMAL,BTS,3Nrfpe0tUJi4K4DXYWgMUX,4B4Q7zfd0aHcuhQBfCRnH5,https://i.scdn.co/image/ab67616d00001e02dfa17fad7f190c901603270e
2026-05-31,global,Global,145,42,Sparks,Coldplay,4gzpq5DPGxSnKTe4SA8HAU,7D0RhFcb3CrfPuTJ0obrod,https://i.scdn.co/image/ab67616d00001e029164bafe9aaa168d93f4816a
2026-05-31,global,Global,146,3,Unforgettable,French Montana; Swae Lee,6vXTefBL93Dj5IqAWq6OTv; 1zNqQNIdeOUZHb8zbZRFMX,3B54sVLJ402zGa6Xm4YGNe,https://i.scdn.co/image/ab67616d00001e028a31195a371b2233456f6c07
2026-05-31,global,Global,147,1,Rock with You - Single Version,Michael Jackson,3fMbdgg4jU18AjLCKBhRSm,7oOOI85fVQvVnK5ynNMdW7,https://i.scdn.co/image/ab67616d00001e022b74bf21c7e4f56758610949
2026-05-31,global,Global,148,46,Let Down,Radiohead,4Z8W4fKeB5YxbusRsdQVPb,2fuYa3Lx06QQJAm0MjztKr,https://i.scdn.co/image/ab67616d00001e02c8b444df094279e70d0ed856
2026-05-31,global,Global,149,–,Eenie Meenie,Sean Kingston; Justin Bieber,6S0dmVVn4udvppDhZIWxCr; 1uNFoZAHBGtllmzznpCI3s,4vVTI94F9uJ8lHNDWKv0i2,https://i.scdn.co/image/ab67616d00001e024dea4c1cdf30c359dbaec318
2026-05-31,global,Global,150,17,We Found Love,Rihanna; Calvin Harris,5pKCCKE2ajJHZ9KAiaK11H; 7CajNmpbOovFoOoasH2HaY,1zv3WFUbZ5vPxFq9I2jAU1,https://i.scdn.co/image/ab67616d00001e02bef074de9ca825bddaeb9f46
2026-05-31,global,Global,151,27,Jangan Paksa Rindu - Beda,Ifan Seventeen,2vbWy0ntJGJ2H1erLJFMZZ,79tbBuciPV221EozY3RKQv,https://i.scdn.co/image/ab67616d00001e02b1f0e17d6a48da664cbdcbe5
2026-05-31,global,Global,152,22,Payphone,Maroon 5; Wiz Khalifa,04gDigrS5kc9YWfZHwBETP; 137W8MRPWKqSmrBGDBFSop,1XGmzt0PVuFgQYYnV2It7A,https://i.scdn.co/image/ab67616d00001e02fc8633e22a7dba6aab817bff
2026-05-31,global,Global,153,16,Your Love,The Outfield,1zxDewzd2j1ZdSBGaYcr0y,0WoFs3EdGOx58yX5BtXvOa,https://i.scdn.co/image/ab67616d00001e02ffaeb2f6c1acc0ed7180929a
2026-05-31,global,Global,154,23,2 Hard 4 The Radio,Drake,3TVXtAsR1Inumwj472S9r4,7COiiObIVJIdBcW3J43Iy2,https://i.scdn.co/image/ab67616d00001e02fe9d3ab9adb1d3b59835b81c
2026-05-31,global,Global,155,1,Perfect,Ed Sheeran,6eUKZXaKkcviH0Ku9w2n3V,0tgVpDi06FyKpA1z0VMD4v,https://i.scdn.co/image/ab67616d00001e02ba5db46f4b838ef6027e6f96
2026-05-31,global,Global,156,7,Like Animals,BTS,3Nrfpe0tUJi4K4DXYWgMUX,2IFND3phjzIG1RcPnHh2hP,https://i.scdn.co/image/ab67616d00001e02dfa17fad7f190c901603270e
2026-05-31,global,Global,157,22,Love Yourself,Justin Bieber,1uNFoZAHBGtllmzznpCI3s,50kpGaPAhYJ3sGmk6vplg0,https://i.scdn.co/image/ab67616d00001e02f46b9d202509a8f7384b90de
2026-05-31,global,Global,158,20,Me Rehúso,Danny Ocean,5H1nN1SzW0qNeUEZvuXjAj,6ifUES3keWjwXgae8pXI3o,https://i.scdn.co/image/ab67616d00001e02d8243a13e6f41310a5fa7b96
2026-05-31,global,Global,159,15,Blinding Lights,The Weeknd,1Xyo4u8uXC1ZmMpatF05PJ,0VjIjW4GlUZAMYd2vXMi3b,https://i.scdn.co/image/ab67616d00001e028863bc11d2aa12b54f5aeb36
2026-05-31,global,Global,160,4,We Don't Talk Anymore (feat. Selena Gomez),Charlie Puth; Selena Gomez,6VuMaDnrHyPL1p4EHjYLi7; 0C8ZW7ezQVs4URX5aX7Kqx,54PbBpquVfhfrwRwvjSXbI,https://i.scdn.co/image/ab67616d00001e0215145482a542a9adb282250b
2026-05-31,global,Global,161,10,Sweet Child O' Mine,Guns N' Roses,3qm84nBOXUEQ2vnTfUTTFC,7snQQk1zcKl8gZ92AnueZW,https://i.scdn.co/image/ab67616d00001e0221ebf49b3292c3f0f575f0f5
2026-05-31,global,Global,162,49,Eu Te Seguro - Ao Vivo,Panda; MJ Records,5qIpstBGrGteJZg1xIvbiz; 0oAZhL6hFrM3YRr6QzjlOf,4V2rUOmaevK0C1bKAkeFf5,https://i.scdn.co/image/ab67616d00001e02ae0147d756dbb8f2f90d1d28
2026-05-31,global,Global,163,2,Boston,STELLA LEFTY,6hp2uD84OrQ3u3ukmTjLz2,36idurZmYRjJ56KQ8JD9bN,https://i.scdn.co/image/ab67616d00001e02e6cb19b02e38d18246ac334f
2026-05-31,global,Global,164,38,Peão Todo Tatuado,Jeninho; Mariana Fagundes,6MV2UXdX8Pqy25rI7dl6os; 63yBOaK3N1kG2g1M5ZxBox,1wrA9K1P177mkPNt9BB2OZ,https://i.scdn.co/image/ab67616d00001e024b475e7b048541cd6fcc3bdc
2026-05-31,global,Global,165,34,Impostor Syndrome,Sidney Gish,2orBKFyc84jo9AZH5jarhI,33KU9huHP1Lv1UWWVkuTYd,https://i.scdn.co/image/ab67616d00001e02f7832bb86831bdec9848acda
2026-05-31,global,Global,166,24,La Plena - W Sound 05,W Sound; Beéle; Ovy On The Drums,5uwa6tAMMfNbBFIHiI6NV4; 7a0XAaPaK2aDSqa8p3QnC7; 3m5qlPf2OkihLz3dRYnkPA,6iOndD4OFo7GkaDypWQIou,https://i.scdn.co/image/ab67616d00001e02c0353d023daf5ebda0eb003b
2026-05-31,global,Global,167,9,"All The Stars (with SZA) - From ""Black Panther: The Album""",Kendrick Lamar; SZA,2YZyLoL8N0Wb9xBt1NhZWg; 7tYKF4w9nC0nq9CsPZTHyP,3GCdLUSnKSMJhs4Tj6CV3s,https://i.scdn.co/image/ab67616d00001e02c027ad28821777b00dcaa888
2026-05-31,global,Global,168,2,Closer,The Chainsmokers; Halsey,69GGBxA162lTqCwzJG5jLp; 26VFTg2z8YR0cCuwLzESi2,7BKLCZ1jbUBVqRi2FVlTVw,https://i.scdn.co/image/ab67616d00001e02495ce6da9aeb159e94eaa453
2026-05-31,global,Global,169,24,Only Girl (In The World),Rihanna,5pKCCKE2ajJHZ9KAiaK11H,2ENexcMEMsYk0rVJigVD3i,https://i.scdn.co/image/ab67616d00001e0231548865f7c729290b96c794
2026-05-31,global,Global,170,7,Heat Waves,Glass Animals,4yvcSjfu4PC0CYQyLy4wSq,3USxtqRwSYz57Ewm6wWRMp,https://i.scdn.co/image/ab67616d00001e02712701c5e263efc8726b1464
2026-05-31,global,Global,171,17,The Less I Know The Better,Tame Impala,5INjqkS1o8h1imAzPqGZBb,6K4t31amVTZDgR3sKmwUJJ,https://i.scdn.co/image/ab67616d00001e029e1cfc756886ac782e363d79
2026-05-31,global,Global,172,10,STAY (with Justin Bieber),The Kid LAROI; Justin Bieber,2tIP7SsRs7vjIcLrU85W8J; 1uNFoZAHBGtllmzznpCI3s,567e29TDzLwZwfDuEpGTwo,https://i.scdn.co/image/ab67616d00001e02b4d59e6fa7e5e7cbc57ac33a
2026-05-31,global,Global,173,12,Aliens,BTS,3Nrfpe0tUJi4K4DXYWgMUX,5tg21NdePCn5m8F9BXOEeJ,https://i.scdn.co/image/ab67616d00001e02dfa17fad7f190c901603270e
2026-05-31,global,Global,174,14,Polvo Rosita,Lenin Ramírez,3hTffafUYLLgO4yuPAxb5U,5ahJTs5f6GAAFOYhK3ojP8,https://i.scdn.co/image/ab67616d00001e0234fc9cf3365e3e9d5f86ffe3
2026-05-31,global,Global,175,–,Sunflower - Spider-Man: Into the Spider-Verse,Post Malone; Swae Lee,246dkjvS1zLTtiykXe5h60; 1zNqQNIdeOUZHb8zbZRFMX,0RiRZpuVRbi7oqRdSMwhQY,https://i.scdn.co/image/ab67616d00001e029478c87599550dd73bfa7e02
2026-05-31,global,Global,176,12,Numb,Linkin Park,6XyY86QOPPrYVGvF9ch6wz,2nLtzopw4rPReszdYBJU6h,https://i.scdn.co/image/ab67616d00001e025f1f51d14e8bea89484ecd1b
2026-05-31,global,Global,177,18,The Spins,Mac Miller; Empire Of The Sun,4LLpKhyESsyAXpc4laK94U; 67hb7towEyKvt5Z8Bx306c,3iEUDvanZwQhLCIqUmCR7N,https://i.scdn.co/image/ab67616d00001e027414c28a11a87cbfd91dce10
2026-05-31,global,Global,178,15,Into the Sun,BTS,3Nrfpe0tUJi4K4DXYWgMUX,1ZNolq7VI7efGlh2hb2VVr,https://i.scdn.co/image/ab67616d00001e02dfa17fad7f190c901603270e
2026-05-31,global,Global,179,26,Take on Me,a-ha,2jzc5TC5TVFLXQlBNiIUzE,04aigH9HRGebQZu1JAN6X1,https://i.scdn.co/image/ab67616d00001e02e8dd4db47e7177c63b0b7d53
2026-05-31,global,Global,180,12,BOOMPALA,LE SSERAFIM,4SpbR6yFEvexJuaBpgAU5p,41d2WjuL0ikRKVjxmL7ZFz,https://i.scdn.co/image/ab67616d00001e023fba33983638fcf9704c965d
2026-05-31,global,Global,181,9,When I Was Your Man,Bruno Mars,0du5cEVh5yTK9QJze8zA0C,0B7wvvmu9EISAwZnOpjhNI,https://i.scdn.co/image/ab67616d00001e02926f43e7cce571e62720fd46
2026-05-31,global,Global,182,13,There's Nothing Holdin' Me Back,Shawn Mendes,7n2wHs1TKAczGzO7Dd2rGr,7JJmb5XwzOO8jgpou264Ml,https://i.scdn.co/image/ab67616d00001e02ea3ef7697cfd5705b8f47521
2026-05-31,global,Global,183,Re-Entry,Apocalypse,Cigarettes After Sex,1QAJqy2dA3ihHBFIHRphZj,1oAwsWBovWRIp7qLMGPIet,https://i.scdn.co/image/ab67616d00001e02dfed999f959177dfc4f33cdc
2026-05-31,global,Global,184,Re-Entry,Flashing Lights,Kanye West; Dwele,5K4W6rqBFWDnAN6FQUkS6x; 7u6LfVyYpEzMpHLL7jTyvU,5TRPicyLGbAF2LGBFbHGvO,https://i.scdn.co/image/ab67616d00001e0226f7f19c7f0381e56156c94a
2026-05-31,global,Global,185,13,Hit the Wall,Gracie Abrams,4tuJ0bMpJh08umKkEXKUI5,1U90UBmMrQTx9GNweUA4LZ,https://i.scdn.co/image/ab67616d00001e0299bc33b47a0a67fd50783055
2026-05-31,global,Global,186,6,Have You Ever Seen The Rain,Creedence Clearwater Revival,3IYUhFvPQItj6xySrBmZkd,2LawezPeJhN4AWuSB0GtAU,https://i.scdn.co/image/ab67616d00001e0251f311c2fb06ad2789e3ff91
2026-05-31,global,Global,187,17,LA CANCIÓN,J Balvin; Bad Bunny,1vyhD5VmyZ7KMfW5gqLgo5; 4q3ewBCX7sLwd24euuV69X,0fea68AdmYNygeTGI4RC18,https://i.scdn.co/image/ab67616d00001e024891d9b25d8919448388f3bb
2026-05-31,global,Global,188,Re-Entry,No One Noticed,The Marías,2sSGPbdZJkaSE2AbcGOACx,3siwsiaEoU4Kuuc9WKMUy5,https://i.scdn.co/image/ab67616d00001e028aa339341a0b0c813909c831
2026-05-31,global,Global,189,53,daño,Peso Pluma; Tito Double P,12GqGscKJx3aE4t07u7eVZ; 5eumcnUkdmGvkvcsx1WFNG,136BeIIoBGrrU9fI1jbcDR,https://i.scdn.co/image/ab67616d00001e02a9e6a250ea86a8f387873ef9
2026-05-31,global,Global,190,Re-Entry,Ada titik-titik di ujung doa,Sal Priadi,1NjxFrpEGZTV2Ny0OJxeWu,1E7zLPDdqo0OvzVmGj5aoV,https://i.scdn.co/image/ab67616d00001e02686acaaa87bfc6ebb42b3bd2
2026-05-31,global,Global,191,62,Talk To You (ft. 54 Ultra),ANOTR; 54 Ultra,4p5WgeiPSPpqPDs7T6OkWf; 6X5L6rmyvrWWu60Gx6exiZ,0kl6Ozan3fuUdCl6TlB15v,https://i.scdn.co/image/ab67616d00001e02b42ed7f52290f1583760a7e2
2026-05-31,global,Global,192,27,I Gotta Feeling,Black Eyed Peas,1yxSLGMDHlW21z4YXirZDS,4kLLWz7srcuLKA7Et40PQR,https://i.scdn.co/image/ab67616d00001e020bd44f5ff9ecc99f7770acc5
2026-05-31,global,Global,193,22,Plot Twist,Drake,3TVXtAsR1Inumwj472S9r4,3cLCA9LSb6UiOeNvTZoaav,https://i.scdn.co/image/ab67616d00001e02fe9d3ab9adb1d3b59835b81c
2026-05-31,global,Global,194,2,Timeless (feat Playboi Carti),The Weeknd; Playboi Carti,1Xyo4u8uXC1ZmMpatF05PJ; 699OTQXzgjhIYAHMy9RyPD,0FIDCNYYjNvPVimz5icugS,https://i.scdn.co/image/ab67616d00001e02de79f330bc297af3fae736da
2026-05-31,global,Global,195,Re-Entry,It's Me,ILLIT,36cgvBn0aadzOijnjjwqMN,1D5L58KLBbceOynTP4DQnY,https://i.scdn.co/image/ab67616d00001e0261eea484e31bca065904f1c6
2026-05-31,global,Global,196,12,Sex on Fire,Kings of Leon,2qk9voo8llSGYcZ6xrBzKx,0ntQJM78wzOLVeCUAW7Y45,https://i.scdn.co/image/ab67616d00001e022519d01c0cca06f134eeadd8
2026-05-31,global,Global,197,Re-Entry,kota ini tak sama tanpamu,Nadhif Basalamah,6UgERnTHmjk3qXM9x5vzyO,13CwOTXUgBugeBByE9oIWb,https://i.scdn.co/image/ab67616d00001e02f3e3f888fbfcc916ecce50a9
2026-05-31,global,Global,198,12,VOY A LLeVARTE PA PR,Bad Bunny,4q3ewBCX7sLwd24euuV69X,59D4DOkspUbWyMmbAPQkxZ,https://i.scdn.co/image/ab67616d00001e02bbd45c8d36e0e045ef640411
2026-05-31,global,Global,199,Re-Entry,Please,BTS,3Nrfpe0tUJi4K4DXYWgMUX,1XpVhaI4HzWrhRWIpdfyJB,https://i.scdn.co/image/ab67616d00001e02dfa17fad7f190c901603270e
2026-05-31,global,Global,200,3,Ya Borracho,Herencia De Grandes,0ocHleb3SllGNQQcDH35Xz,4NyUIohBa3CEMGcXURYSOh,https://i.scdn.co/image/ab67616d00001e02595c866ba8d19bd9dd531bdc
2026-05-31,tw,Taiwan,1,–,玻璃,Gareth.T,6R57JlNKlnNrYaji0vw8xx,4lZVYNSHy3bKN1pqTxw9Zl,https://i.scdn.co/image/ab67616d00001e02d6e4227850346a74a114c0f7
2026-05-31,tw,Taiwan,2,1,Winter Ahead (with PARK HYO SHIN),V; Park Hyo Shin,3JsHnjpbhX4SnySpvpa9DK; 57htMBtzpppc1yoXgjbslj,7G7mSV4BebkoHWwKTDvXu9,https://i.scdn.co/image/ab67616d00001e0216ba2a3622bd0d0d985e3234
2026-05-31,tw,Taiwan,3,1,Beauty And A Beat,Justin Bieber; Nicki Minaj,1uNFoZAHBGtllmzznpCI3s; 0hCNtLu0JehylgoiP8L4Gh,6QFCMUUq1T2Vf5sFUXcuQ7,https://i.scdn.co/image/ab67616d00001e02f1d02a6cec967f8b6b78f76e
2026-05-31,tw,Taiwan,4,–,CHOOM,BABYMONSTER,1SIocsqdEefUTE6XKGUiVS,6gunPOwkADFspLkQtmVuZT,https://i.scdn.co/image/ab67616d00001e020fbcc1d9dc6a647af4ebdfee
2026-05-31,tw,Taiwan,5,2,太陽與地球,Crowd Lu,2JBUyLiFvpFPWdZGqIGYLD,0bQSWXtpau3VkNI1ZcXTQA,https://i.scdn.co/image/ab67616d00001e021b1fb50eec98ff61b9fdbda2
2026-05-31,tw,Taiwan,6,2,LEMONADE,aespa,6YVMFz59CuY7ngCxTxjpxE,7a3iH9vM5Z58GqOMqXBU1M,https://i.scdn.co/image/ab67616d00001e025f0171c63cceb32ccff8b9a9
2026-05-31,tw,Taiwan,7,2,REDRED,CORTIS,1ebt9HnXdyYA6KgLXr1n4P,2fCwv2ppU5nTRTckomIGsd,https://i.scdn.co/image/ab67616d00001e0224ace1518851b27e9983f739
2026-05-31,tw,Taiwan,8,3,WDA (Whole Different Animal) (feat. G-DRAGON),aespa; G-DRAGON,6YVMFz59CuY7ngCxTxjpxE; 30b9WulBM8sFuBo17nNq9c,7Ccp7Oid3YFAWuY9Ar1eb3,https://i.scdn.co/image/ab67616d00001e029a022a3fd08f159b189df50a
2026-05-31,tw,Taiwan,9,1,海屿你,马也_Crabbit,1V6Bl7Ny5loHozQUalAd6M,6UO9nrihAk6sFGvVHDVTz8,https://i.scdn.co/image/ab67616d00001e027d721d0483ccd72e6581e858
2026-05-31,tw,Taiwan,10,4,Who,Jimin,1oSPZhvZMIrWW5I41kPkkY,7tI8dRuH2Yc6RuoTjxo4dU,https://i.scdn.co/image/ab67616d00001e02f02c451189a709b9a952aaec
2026-05-31,tw,Taiwan,11,–,Heavy Serenade,NMIXX,28ot3wh4oNmoFOdVajibBl,1Sjs93mMgi9bX06FFU9Mcv,https://i.scdn.co/image/ab67616d00001e02d179b01c0b9baac10170d1ad
2026-05-31,tw,Taiwan,12,4,開始懂了,Stefanie Sun,0SIXZXJCAhNU8sxK0qm7hn,68tZwwRuo9ip5gRQFG1XWF,https://i.scdn.co/image/ab67616d00001e021d210622badaad3d869038ef
2026-05-31,tw,Taiwan,13,1,一個人想著一個人,Pets Tseng,1he19XnDUahODrmRwKlC8w,3n3zzFH7zzO0gJNaw4RKSm,https://i.scdn.co/image/ab67616d00001e022bc290220b16df50c6324586
2026-05-31,tw,Taiwan,14,1,愛你但說不出口,Karencici,6v6qfXRvTRGGsmGfDvtMIK,5CCV2xxYnI7b1wFkP1gElh,https://i.scdn.co/image/ab67616d00001e02323d0063533bcabc9ae5927b
2026-05-31,tw,Taiwan,15,8,hate that i made you love me,Ariana Grande,66CXWjxzNUsdJxJ2JdwvnR,20jbSiX29FDX4oQxBXyUEi,https://i.scdn.co/image/ab67616d00001e02b622d42c30697e1e1414343c
2026-05-31,tw,Taiwan,16,2,It's Me,ILLIT,36cgvBn0aadzOijnjjwqMN,1D5L58KLBbceOynTP4DQnY,https://i.scdn.co/image/ab67616d00001e0261eea484e31bca065904f1c6
2026-05-31,tw,Taiwan,17,2,BOOMPALA,LE SSERAFIM,4SpbR6yFEvexJuaBpgAU5p,41d2WjuL0ikRKVjxmL7ZFz,https://i.scdn.co/image/ab67616d00001e023fba33983638fcf9704c965d
2026-05-31,tw,Taiwan,18,1,特別的人,Khalil Fong,1YrtUPrWcPfgdl9BaD9nhd,0VTzUEuHYD8s7CgQ15cDPo,https://i.scdn.co/image/ab67616d00001e02e71979c121400469d76350cf
2026-05-31,tw,Taiwan,19,6,不愛就不愛,艾薇 Ivy,0RaC2hXyniYsju0mCSNz90,3ZILOOFldKtW2C7sD3MYXi,https://i.scdn.co/image/ab67616d00001e020c91704919ddcd53229744b9
2026-05-31,tw,Taiwan,20,2,離開我的依賴,Evangeline Wong,7sEIHkZXRzGa3OBUCCxzU5,28VBdtYc5Cpmey4Cpvcrby,https://i.scdn.co/image/ab67616d00001e02bc2f8151c384496d34c683df
2026-05-31,tw,Taiwan,21,3,SWIM,BTS,3Nrfpe0tUJi4K4DXYWgMUX,68lbSrXDORS51pmyjZv712,https://i.scdn.co/image/ab67616d00001e02dfa17fad7f190c901603270e
2026-05-31,tw,Taiwan,22,18,擱淺,Jay Chou,2elBjNSdBE2Y3f0j1mjrql,0cOMncRq4cmDLO4tPQnkBF,https://i.scdn.co/image/ab67616d00001e0200b976d1df4243e5318a7712
2026-05-31,tw,Taiwan,23,4,幾分之幾 - 電影<花甲大人轉男孩>主題曲,Crowd Lu,2JBUyLiFvpFPWdZGqIGYLD,4F7ZAsndEIJXyFzJUHNlRu,https://i.scdn.co/image/ab67616d00001e02d861b9b3ba2ad6370d09e30d
2026-05-31,tw,Taiwan,24,2,STAY (with Justin Bieber),The Kid LAROI; Justin Bieber,2tIP7SsRs7vjIcLrU85W8J; 1uNFoZAHBGtllmzznpCI3s,567e29TDzLwZwfDuEpGTwo,https://i.scdn.co/image/ab67616d00001e02b4d59e6fa7e5e7cbc57ac33a
2026-05-31,tw,Taiwan,25,5,遇見,Stefanie Sun,0SIXZXJCAhNU8sxK0qm7hn,3xJK8ywApYVEYIDhymYMC6,https://i.scdn.co/image/ab67616d00001e02df729ce08f51ac7cbab07e39
2026-05-31,tw,Taiwan,26,5,我懷念的,Stefanie Sun,0SIXZXJCAhNU8sxK0qm7hn,7z2M7DsEjZjwXBkWG3zd21,https://i.scdn.co/image/ab67616d00001e02a44d8e316d4c30aa03bba052
2026-05-31,tw,Taiwan,27,5,Don’t Say You Love Me,Jin,5vV3bFXnN6D6N3Nj4xRvaV,27xkOIER6uDLKALIelHylZ,https://i.scdn.co/image/ab67616d00001e0289228504f700641956e29f5d
2026-05-31,tw,Taiwan,28,–,一半一半,Top Barry; INDEcompany,3CSQfCUHVB3sZBfUfdWuph; 3bFdBTYErmHlLmdRZZxffh,21x0N6lu6D9kO8rVtTU3mH,https://i.scdn.co/image/ab67616d00001e02b581842eaf194382c21a30da
2026-05-31,tw,Taiwan,29,2,RUDE!,Hearts2Hearts,1ZLU77nRzQIaP23mVSYpCQ,0WA27lZzPKFJKAbiDRmQDc,https://i.scdn.co/image/ab67616d00001e02d505bec2fbfee5857725d333
2026-05-31,tw,Taiwan,30,8,愛情的大壞蛋,Amazing Show,3n16EAnJtz6SZGx2zJssrI,5HVq8nS0pbM6G7YK8M7DY4,https://i.scdn.co/image/ab67616d00001e025e186c6cd94001e56c635af4
2026-05-31,tw,Taiwan,31,–,幸福在歌唱 - 電影《陽光女子合唱團》幸福版主題曲,A-Lin,28gf2piFx6cAKOMIwcky5a,3VHi5bCUek6XdiDmqqrirs,https://i.scdn.co/image/ab67616d00001e020c46b9e7e5d28f9bc1cbe892
2026-05-31,tw,Taiwan,32,4,晴天,Jay Chou,2elBjNSdBE2Y3f0j1mjrql,5pIcwtJYNJx93l420oR2Vm,https://i.scdn.co/image/ab67616d00001e026850b3307853e0753ed53cc5
2026-05-31,tw,Taiwan,33,4,離開的一路上,Bestards,0Awqm7GXGiBp8fJNGvywra,1NoDTQhJsrd5rnpb6PQthK,https://i.scdn.co/image/ab67616d00001e02d6440a0195afdb56353be153
2026-05-31,tw,Taiwan,34,–,多遠都要在一起,G.E.M.,7aRC4L63dBn3CiLDuWaLSI,55d0jw269HE9pbOt5ntCo8,https://i.scdn.co/image/ab67616d00001e02a40897c721bbc3afded61669
2026-05-31,tw,Taiwan,35,6,Golden,HUNTR/X; EJAE; AUDREY NUNA; REI AMI; KPop Demon Hunters Cast,2yNNYQBChuox9A5Ka93BIn; 0RMJOzHDhAKY1o2j0W0vxY; 0Wwji82sLA0Hcvtuak3omb; 6U1dV7aL68N7Gb0Naq34V5; 7mW7Tv7NvywKKXqafZo0Lc,1CPZ5BxNNd0n0nF4Orb9JS,https://i.scdn.co/image/ab67616d00001e024dcb6c5df15cf74596ab25a4
2026-05-31,tw,Taiwan,36,3,DAISIES,Justin Bieber,1uNFoZAHBGtllmzznpCI3s,5BZsQlgw21vDOAjoqkNgKb,https://i.scdn.co/image/ab67616d00001e02d65c4773bc5061fd27facc5b
2026-05-31,tw,Taiwan,37,7,閣愛妳一擺,EggPlantEgg,6g641431O1Xkl7HAs2yFEg,4Zwn8WxD61diTwqv9hyTQA,https://i.scdn.co/image/ab67616d00001e0234a5cfe817584ad8fc38981c
2026-05-31,tw,Taiwan,38,8,小半,陳粒,3SyC3U06X0DjdWd2Jf6V8Q,3QxWTqyIT4O9bokIZlNDpo,https://i.scdn.co/image/ab67616d00001e025108846a5856e34da7892064
2026-05-31,tw,Taiwan,39,4,若無你我欲去佗位,黃奇斌,7td0pZH6CpEX2f36bU1H2D,76EfpqmO6JUL2TTR1SIGwz,https://i.scdn.co/image/ab67616d00001e026d74cf07e52f9efae363e1b7
2026-05-31,tw,Taiwan,40,2,LEMONADE (feat. Becky G),aespa; Becky G,6YVMFz59CuY7ngCxTxjpxE; 4obzFoKoKRHIphyHzJ35G3,4X0AxVnhlkSd4ggu78Tir1,https://i.scdn.co/image/ab67616d00001e024a20668d8d8d2c5996e25f83
2026-05-31,tw,Taiwan,41,7,陪你到這,陳華,5ZxRmJ21NzjxD2ZGBxi7um,26zxMDfNVe4lAfx1VRmqSt,https://i.scdn.co/image/ab67616d00001e021ff6eee33b2ea4e89aef2583
2026-05-31,tw,Taiwan,42,3,Motto,ITZY,2KC9Qb60EaY0kW4eH68vr3,3xTcC2GxIavh97lAkIVHw6,https://i.scdn.co/image/ab67616d00001e02602d784bb4641a66103edec1
2026-05-31,tw,Taiwan,43,–,Suddenly,I.O.I,6RKnXXyprPjhBdCvL802Ku,7u0yW2XPSJozIGdUSRET19,https://i.scdn.co/image/ab67616d00001e02244aed7ce852aedf2097fed9
2026-05-31,tw,Taiwan,44,3,Baby,Justin Bieber; Ludacris,1uNFoZAHBGtllmzznpCI3s; 3ipn9JLAPI5GUEo4y4jcoi,6epn3r7S14KUqlReYr77hA,https://i.scdn.co/image/ab67616d00001e02629dc9e2e3bc20bbd7d92e4a
2026-05-31,tw,Taiwan,45,5,Love Yourself,Justin Bieber,1uNFoZAHBGtllmzznpCI3s,50kpGaPAhYJ3sGmk6vplg0,https://i.scdn.co/image/ab67616d00001e02f46b9d202509a8f7384b90de
2026-05-31,tw,Taiwan,46,6,連名帶姓,A-Mei Chang,6noxsCszBEEK04kCehugOp,3LlQoKvVnkVvq3KC8anUn8,https://i.scdn.co/image/ab67616d00001e02e56be6db20760f34831f7170
2026-05-31,tw,Taiwan,47,3,Billie Jean,Michael Jackson,3fMbdgg4jU18AjLCKBhRSm,7J1uxwnxfQLu4APicE5Rnj,https://i.scdn.co/image/ab67616d00001e0232a7d87248d1b75463483df5
2026-05-31,tw,Taiwan,48,1,Camouflage,aespa,6YVMFz59CuY7ngCxTxjpxE,4GgwuDH7G6WxsAw2wWDsaz,https://i.scdn.co/image/ab67616d00001e024a20668d8d8d2c5996e25f83
2026-05-31,tw,Taiwan,49,4,數到十,Pets Tseng,1he19XnDUahODrmRwKlC8w,6RN4rGtDTTx9orufM72pC4,https://i.scdn.co/image/ab67616d00001e02ff9e519c3bf77721b9319969
2026-05-31,tw,Taiwan,50,1,一念 (影视剧《逐玉》插曲),张紫宁 / 李鑫一,2OL7dKjcDZjMiPjFohbmAZ,1iZVXRo5IcIradUoVYymRW,https://i.scdn.co/image/ab67616d00001e02e273383859cd02ba247b5d96
2026-05-31,tw,Taiwan,51,19,左轉燈 (1000 Times+1),Patrick Brasca; mac ova seas,1xCrrnnj9xif5G0y3ie5dM; 1a3bTQmBNmgiY3U7sMh9pf,4UwZyC0wEV6XDEAr9kaQhi,https://i.scdn.co/image/ab67616d00001e02cb96e5aa990343a259e36ad5
2026-05-31,tw,Taiwan,52,33,Love Me Again,V,3JsHnjpbhX4SnySpvpa9DK,2N0SPREDYqILVEFSsWF5N5,https://i.scdn.co/image/ab67616d00001e022f1a5b69c2bd76474bca8035
2026-05-31,tw,Taiwan,53,3,Eenie Meenie,Sean Kingston; Justin Bieber,6S0dmVVn4udvppDhZIWxCr; 1uNFoZAHBGtllmzznpCI3s,4vVTI94F9uJ8lHNDWKv0i2,https://i.scdn.co/image/ab67616d00001e024dea4c1cdf30c359dbaec318
2026-05-31,tw,Taiwan,54,11,浪流連,EggPlantEgg,6g641431O1Xkl7HAs2yFEg,1IS0WFyiVpwsATeSzjEvpI,https://i.scdn.co/image/ab67616d00001e028c7e976070d78efcda06f7bc
2026-05-31,tw,Taiwan,55,6,演员,Joker Xue,1cg0bYpP5e2DNG0RgK2CMN,5Sib99jpYybZAicUMETb3h,https://i.scdn.co/image/ab67616d00001e02b561e8f785c92e136f37cd08
2026-05-31,tw,Taiwan,56,10,珊瑚海,Jay Chou; Lara Liang,2elBjNSdBE2Y3f0j1mjrql; 4VgfrD5wuAoN428fBZNSyW,3Qj9Fy8BPbWmICTiNkuqB7,https://i.scdn.co/image/ab67616d00001e022625625847482492f9e2e665
2026-05-31,tw,Taiwan,57,6,不是因為天氣晴朗才愛你,Bestards,0Awqm7GXGiBp8fJNGvywra,2VEt42QSQxILgEf9B50xxm,https://i.scdn.co/image/ab67616d00001e022ea4b848296468f759304331
2026-05-31,tw,Taiwan,58,5,SHAKIN',aespa,6YVMFz59CuY7ngCxTxjpxE,3cLyIheSrKRgeVMOgNrEvA,https://i.scdn.co/image/ab67616d00001e024a20668d8d8d2c5996e25f83
2026-05-31,tw,Taiwan,59,15,"如果可以 - 電影""月老""主題曲",WeiBird,7y3HnWCFEvWj4KM9GFSkiX,72OVnXDzugvrCU25lMi9au,https://i.scdn.co/image/ab67616d00001e02e7e0b58b56d99f8f704c6760
2026-05-31,tw,Taiwan,60,63,七里香,Jay Chou,2elBjNSdBE2Y3f0j1mjrql,57w29bSwdIZ6gr6xXOqwc1,https://i.scdn.co/image/ab67616d00001e0200b976d1df4243e5318a7712
2026-05-31,tw,Taiwan,61,7,’Til We Die,aespa,6YVMFz59CuY7ngCxTxjpxE,3ZlHWzH66XnEbPJQvzHgkq,https://i.scdn.co/image/ab67616d00001e024a20668d8d8d2c5996e25f83
2026-05-31,tw,Taiwan,62,32,楓,Jay Chou,2elBjNSdBE2Y3f0j1mjrql,1pALOIA4ytESmhl7Fxjdic,https://i.scdn.co/image/ab67616d00001e022625625847482492f9e2e665
2026-05-31,tw,Taiwan,63,5,愛愛愛,Khalil Fong,1YrtUPrWcPfgdl9BaD9nhd,59lBAMCis4C6NsPdUV35Vz,https://i.scdn.co/image/ab67616d00001e0242198488aba710a12dd43064
2026-05-31,tw,Taiwan,64,–,PSYCHO,BABYMONSTER,1SIocsqdEefUTE6XKGUiVS,491ca80N1C63tpoLvAsLKb,https://i.scdn.co/image/ab67616d00001e028fbb6ffdf0fad1623c8e95f8
2026-05-31,tw,Taiwan,65,2,Catch Catch,YENA,49muoiIu4uea4PO8vueUNN,2O9bMJticxbQ8FH3NiQ7Xh,https://i.scdn.co/image/ab67616d00001e029687ef1de31954cfdeac2f5a
2026-05-31,tw,Taiwan,66,14,顏色,Gareth.T,6R57JlNKlnNrYaji0vw8xx,0M7YiMq9KiC9rW3GapANfL,https://i.scdn.co/image/ab67616d00001e0201de4c20ff710824726c1db8
2026-05-31,tw,Taiwan,67,9,GO!,CORTIS,1ebt9HnXdyYA6KgLXr1n4P,6OWWZtNQORY1McaZmOrwhc,https://i.scdn.co/image/ab67616d00001e024b56a34b0c2b3798fd46f855
2026-05-31,tw,Taiwan,68,6,Whiplash,aespa,6YVMFz59CuY7ngCxTxjpxE,7Cnpb1vBbC46RgVyyKLH7p,https://i.scdn.co/image/ab67616d00001e02e467a8e8d7b0aa92d354aa75
2026-05-31,tw,Taiwan,69,28,給我一個理由忘記,A-Lin,28gf2piFx6cAKOMIwcky5a,2DcmVSLAg0ZzfOQxDshZHY,https://i.scdn.co/image/ab67616d00001e02e2b0c00178975b04b23691dc
2026-05-31,tw,Taiwan,70,3,單程票,Patrick Brasca,1xCrrnnj9xif5G0y3ie5dM,3woBOD3Ldh81fAwpsnD8yC,https://i.scdn.co/image/ab67616d00001e02cb96e5aa990343a259e36ad5
2026-05-31,tw,Taiwan,71,24,偷偷愛,Amazing Show,3n16EAnJtz6SZGx2zJssrI,0L7R4dmkwk46DEZgqx1fF7,https://i.scdn.co/image/ab67616d00001e025e186c6cd94001e56c635af4
2026-05-31,tw,Taiwan,72,1,toxic till the end,ROSÉ,3eVa5w3URK5duf6eyVDbu9,1z5ebC9238uGoBgzYyvGpQ,https://i.scdn.co/image/ab67616d00001e027be65ce6672ed7e5aac6e966
2026-05-31,tw,Taiwan,73,16,Jumping Machine (跳楼机),LBI利比,1xMn0bhYRWHDV01mU8gP1J,1XZE0InCx3SdCnLpVsPpZl,https://i.scdn.co/image/ab67616d00001e0265bcb498250d15917f92464f
2026-05-31,tw,Taiwan,74,15,TNT,CORTIS,1ebt9HnXdyYA6KgLXr1n4P,7diH1qnFziArYzynk3vkr6,https://i.scdn.co/image/ab67616d00001e027a702a4c3a18c1439fdc29ff
2026-05-31,tw,Taiwan,75,20,一樣的月光,LaLa Hsu,3dI4Io8XE33J2o04ZwjR0Y,4wRYpv96z3nmsiC9f3BdWh,https://i.scdn.co/image/ab67616d00001e021c03e651f5e82e00b6768acf
2026-05-31,tw,Taiwan,76,6,那天下雨了,Jay Chou,2elBjNSdBE2Y3f0j1mjrql,0bWGqfaEeTIvrnKGPJFD18,https://i.scdn.co/image/ab67616d00001e024ccab3d7484963c55e110586
2026-05-31,tw,Taiwan,77,17,Can't Help Myself,aespa,6YVMFz59CuY7ngCxTxjpxE,2D669vz7EzV5Byjnmb67jx,https://i.scdn.co/image/ab67616d00001e024a20668d8d8d2c5996e25f83
2026-05-31,tw,Taiwan,78,34,雨愛,Rainie Yang,0MEchSWR9pJvw1S5CV3Kuk,553GNiNqcudWfsF55RBDqz,https://i.scdn.co/image/ab67616d00001e027781cc488fb3aeca4a1c5a5c
2026-05-31,tw,Taiwan,79,12,一夜一夜一夜,Crowd Lu,2JBUyLiFvpFPWdZGqIGYLD,3wofqqt5YJWdhLI9IFaX39,https://i.scdn.co/image/ab67616d00001e021b1fb50eec98ff61b9fdbda2
2026-05-31,tw,Taiwan,80,5,Good Goodbye,HWASA,7bmYpVgQub656uNTu6qGNQ,3cLXrotzCjYCkN73PewALM,https://i.scdn.co/image/ab67616d00001e02f7ec5c454a78dfb0086c0c97
2026-05-31,tw,Taiwan,81,80,我們的愛,F.I.R.,5oqLnVZzJJXE3YnzzZfRKu,0Q4YuuiCuxIIKUw2fb1cmV,https://i.scdn.co/image/ab67616d00001e02f475bb027a3f2f9aef2e7940
2026-05-31,tw,Taiwan,82,13,我不難過,Stefanie Sun,0SIXZXJCAhNU8sxK0qm7hn,4XrWar13kLO1jr535AzKrQ,https://i.scdn.co/image/ab67616d00001e0284dfb5e38d967ab0bd2b2190
2026-05-31,tw,Taiwan,83,36,失重前幸福,艾薇 Ivy,0RaC2hXyniYsju0mCSNz90,3SJgTyb8a7z66suw0kBZ0T,https://i.scdn.co/image/ab67616d00001e02c7dd9f3f5921f3ad7a558eda
2026-05-31,tw,Taiwan,84,16,BANG BANG,IVE,6RHTUrRF63xao58xh9FXYJ,7pBE8YpFoZ9ankC2Ci5z9X,https://i.scdn.co/image/ab67616d00001e02ad80a9aabc17535c5eeb5317
2026-05-31,tw,Taiwan,85,7,APT.,ROSÉ; Bruno Mars,3eVa5w3URK5duf6eyVDbu9; 0du5cEVh5yTK9QJze8zA0C,4wJ5Qq0jBN4ajy7ouZIV1c,https://i.scdn.co/image/ab67616d00001e027be65ce6672ed7e5aac6e966
2026-05-31,tw,Taiwan,86,1,再見的時候 - 電影《陽光女子合唱團》主題曲-再見版,Pei-Yu Hung,0rARfHZ4ZteUlzbAuxUwAs,3IBYp3fKyydZ5dDtirLY6P,https://i.scdn.co/image/ab67616d00001e02e2f3ffc3ac97e05da4df0042
2026-05-31,tw,Taiwan,87,10,Without You,高爾宣 OSN,4TcOznbEZBqev21LzAH4KE,0KWnRv3wxjltYVB3MqjNd2,https://i.scdn.co/image/ab67616d00001e02643c4fb91404d250686fa4ed
2026-05-31,tw,Taiwan,88,–,愛情你比我想的閣較偉大 (《當男人戀愛時》電影主題曲),EggPlantEgg,6g641431O1Xkl7HAs2yFEg,6m2I6ZyWRkxjBrrLVQILfl,https://i.scdn.co/image/ab67616d00001e027556c994436a3b274394fe81
2026-05-31,tw,Taiwan,89,7,That Should Be Me,Justin Bieber,1uNFoZAHBGtllmzznpCI3s,0aPZbnkMoWJaJ5CNVLCj8S,https://i.scdn.co/image/ab67616d00001e02629dc9e2e3bc20bbd7d92e4a
2026-05-31,tw,Taiwan,90,1,不該,Jay Chou; A-Mei Chang,2elBjNSdBE2Y3f0j1mjrql; 6noxsCszBEEK04kCehugOp,5miH0BWhRVTvHAwmnoeyXH,https://i.scdn.co/image/ab67616d00001e02db1172ca038c6818b6ae8bf2
2026-05-31,tw,Taiwan,91,34,人質,A-Mei Chang,6noxsCszBEEK04kCehugOp,6OAUhxFZzaRHHC8XiuIkvb,https://i.scdn.co/image/ab67616d00001e02657284accb75e6b683ebd59a
2026-05-31,tw,Taiwan,92,11,WE GO UP,BABYMONSTER,1SIocsqdEefUTE6XKGUiVS,1tonXoW6dcb7GGNpec3PTl,https://i.scdn.co/image/ab67616d00001e028fbb6ffdf0fad1623c8e95f8
2026-05-31,tw,Taiwan,93,8,Ghost,Justin Bieber,1uNFoZAHBGtllmzznpCI3s,6I3mqTwhRpn34SLVafSH7G,https://i.scdn.co/image/ab67616d00001e02e6f407c7f3a0ec98845e4431
2026-05-31,tw,Taiwan,94,5,the cure,Olivia Rodrigo,1McMsnEElThX1knmY4oliG,4EoJ151oQ5jY48z4RhSE96,https://i.scdn.co/image/ab67616d00001e0279e480cbab8c7b86d277841a
2026-05-31,tw,Taiwan,95,11,404 (New Era),KiiiKiii,63sat2XSMKdwKfqspmYQKP,24rDDbSlFY9OHrlJb48CRh,https://i.scdn.co/image/ab67616d00001e020cc65398388cbc486fa4fff7
2026-05-31,tw,Taiwan,96,24,看着我的眼睛说,张远,4Q6r8rqOodVCDkbAYm7F18,5cOXSOo4olhVLVSpQBvQaP,https://i.scdn.co/image/ab67616d00001e02623da38934771207c19756d1
2026-05-31,tw,Taiwan,97,37,痴心絕對,Sam Lee,7ya3wFqG9X35S7L7XSrE2i,0D0n4q2o54VTOmDJdL6ikY,https://i.scdn.co/image/ab67616d00001e02e34baf069252392938495697
2026-05-31,tw,Taiwan,98,4,back to friends,sombr,4G9NDjRyZFDlJKMRL8hx3S,7qjZnBKE73H4Oxkopwulqe,https://i.scdn.co/image/ab67616d00001e024229702de91cb3d3a4383302
2026-05-31,tw,Taiwan,99,14,在加納共和國離婚,Firdhaus; DIOR 大穎,6fOqdhRNsMQqtwRwgo3NUv; 0czbvTRVGHfCdRsJLxbBGQ,6GyUt7yJ0sOktc5HjvVnFh,https://i.scdn.co/image/ab67616d00001e02bd7cdd9987dede8f59e62ec6
2026-05-31,tw,Taiwan,100,16,刻在我心底的名字 (Your Name Engraved Herein) - 電影<刻在你心底的名字>主題曲,Crowd Lu,2JBUyLiFvpFPWdZGqIGYLD,3OC84eKMxRJ4x0Hcwl9i4i,https://i.scdn.co/image/ab67616d00001e02a09d99cdbfdb0fafee0c2318
2026-05-31,tw,Taiwan,101,11,DRIP,BABYMONSTER,1SIocsqdEefUTE6XKGUiVS,1MUZitHRpmng5NevrvNx4T,https://i.scdn.co/image/ab67616d00001e02119800c5fc88785ee3ed1524
2026-05-31,tw,Taiwan,102,6,Sorry,Justin Bieber,1uNFoZAHBGtllmzznpCI3s,09CtPGIpYB4BrO8qb1RGsF,https://i.scdn.co/image/ab67616d00001e02f46b9d202509a8f7384b90de
2026-05-31,tw,Taiwan,103,11,THAT’S A NO NO,ITZY,2KC9Qb60EaY0kW4eH68vr3,2Zr9Wogx6N95V7meyHYGEj,https://i.scdn.co/image/ab67616d00001e02fc620c06721e90a534cc5dab
2026-05-31,tw,Taiwan,104,10,愛我還是他,David Tao,40tNK2YedBV2jRFAHxpifB,13bw75oRjvxMv9VGIeM32i,https://i.scdn.co/image/ab67616d00001e02110af1ee291450d9e86a05a4
2026-05-31,tw,Taiwan,105,6,Body to Body,BTS,3Nrfpe0tUJi4K4DXYWgMUX,2rKkfc4VZ74FQDc1FF1Zo6,https://i.scdn.co/image/ab67616d00001e02dfa17fad7f190c901603270e
2026-05-31,tw,Taiwan,106,1,天后,Andrew Tan,5AhK8gDgOZT7lE1UlbyF1c,4D0KlK4Fl8lotvsoys1bYQ,https://i.scdn.co/image/ab67616d00001e02c45593710081f6364e42960d
2026-05-31,tw,Taiwan,107,55,Slow Dancing,V,3JsHnjpbhX4SnySpvpa9DK,5h1BN75CEh8wdSwE1xrbSe,https://i.scdn.co/image/ab67616d00001e028e504c5aedaae49a73ed4963
2026-05-31,tw,Taiwan,108,75,Seven (feat. Latto) (Explicit Ver.),Jung Kook; Latto,6HaGTQPmzraVmaVxvz6EUc; 3MdXrJWsbVzdn6fe5JYkSQ,2HRgqmZQC0MC7GeNuDIXHN,https://i.scdn.co/image/ab67616d00001e02741fd4807f442af3f7359316
2026-05-31,tw,Taiwan,109,9,like JENNIE,JENNIE,250b0Wlc5Vk0CoUsaCY84M,0fK7ie6XwGxQTIkpFoWkd1,https://i.scdn.co/image/ab67616d00001e02dcf27dec5e479b2e39c4c993
2026-05-31,tw,Taiwan,110,7,Rewind,高爾宣 OSN,4TcOznbEZBqev21LzAH4KE,65Wzl9VIDmbFULck1mHWub,https://i.scdn.co/image/ab67616d00001e020fd500b71aa1c90f24817d9c
2026-05-31,tw,Taiwan,111,11,愚人節快樂,Crowd Lu,2JBUyLiFvpFPWdZGqIGYLD,3bQeHxH1x4pVUfsRpuLAlH,https://i.scdn.co/image/ab67616d00001e021b1fb50eec98ff61b9fdbda2
2026-05-31,tw,Taiwan,112,7,We Don't Talk Anymore (feat. Selena Gomez),Charlie Puth; Selena Gomez,6VuMaDnrHyPL1p4EHjYLi7; 0C8ZW7ezQVs4URX5aX7Kqx,54PbBpquVfhfrwRwvjSXbI,https://i.scdn.co/image/ab67616d00001e0215145482a542a9adb282250b
2026-05-31,tw,Taiwan,113,4,做我的初戀,PIZZALI,5AIqzRLM5XgtjdCjnbvJx7,4flk8ZgDFry6o2t0SdKsnB,https://i.scdn.co/image/ab67616d00001e024eb5e5f991a1e835288d0da9
2026-05-31,tw,Taiwan,114,37,不在乎,icyball 冰球樂團,4GsjZQZJ3viOq4Uw8wZDbW,1t2mpO9GpLjRHDDX6SFWRn,https://i.scdn.co/image/ab67616d00001e02db733eaddfc8f5c52f41dad8
2026-05-31,tw,Taiwan,115,15,現在那邊是幾點 ?,黃小琥,6KCusBln9NTESgcuI0DlUz,4aNHEJyg0nNCVMENWGedvj,https://i.scdn.co/image/ab67616d00001e02520a24cae7a3c948ec2721b8
2026-05-31,tw,Taiwan,116,23,嘉賓,张远,4Q6r8rqOodVCDkbAYm7F18,5jAmIkIpskwu2hRz2YaEHi,https://i.scdn.co/image/ab67616d00001e02c74b8ff07fe68b72b31c852e
2026-05-31,tw,Taiwan,117,19,天使借的溫柔,艾薇 Ivy,0RaC2hXyniYsju0mCSNz90,4wj25C5zOleCoNpW6wHKkR,https://i.scdn.co/image/ab67616d00001e02c1194a6510563cab926a4da8
2026-05-31,tw,Taiwan,118,35,你沒等我去的舊金山,Patrick Brasca; 陳華,1xCrrnnj9xif5G0y3ie5dM; 5ZxRmJ21NzjxD2ZGBxi7um,1aNVW0fujBVx7JTorTO1jn,https://i.scdn.co/image/ab67616d00001e02cb96e5aa990343a259e36ad5
2026-05-31,tw,Taiwan,119,33,Switchblade (feat. Ty Dolla $ign),aespa; Ty Dolla $ign,6YVMFz59CuY7ngCxTxjpxE; 7c0XG5cIJTrrAgEC3ULPiq,6SZrM6wrWgWoUKA3ZkTR5r,https://i.scdn.co/image/ab67616d00001e024a20668d8d8d2c5996e25f83
2026-05-31,tw,Taiwan,120,11,月牙灣,F.I.R.,5oqLnVZzJJXE3YnzzZfRKu,1b5IRT3iraxjHOsKZx93sW,https://i.scdn.co/image/ab67616d00001e023653891f79d36296182d5b15
2026-05-31,tw,Taiwan,121,16,Magnetic,ILLIT,36cgvBn0aadzOijnjjwqMN,1aKvZDoLGkNMxoRYgkckZG,https://i.scdn.co/image/ab67616d00001e02f037c5fb9de6c78726cb8e2c
2026-05-31,tw,Taiwan,122,49,浪子回頭,EggPlantEgg,6g641431O1Xkl7HAs2yFEg,301mxTHzMyFOVUXl6U22sf,https://i.scdn.co/image/ab67616d00001e0271feed027741391dba78fde7
2026-05-31,tw,Taiwan,123,44,Bite,aespa,6YVMFz59CuY7ngCxTxjpxE,4hbxNbozo88W0SXAHlGkuC,https://i.scdn.co/image/ab67616d00001e024a20668d8d8d2c5996e25f83
2026-05-31,tw,Taiwan,124,9,Beat It,Michael Jackson,3fMbdgg4jU18AjLCKBhRSm,3BovdzfaX4jb5KFQwoPfAw,https://i.scdn.co/image/ab67616d00001e0232a7d87248d1b75463483df5
2026-05-31,tw,Taiwan,125,1,Closer,The Chainsmokers; Halsey,69GGBxA162lTqCwzJG5jLp; 26VFTg2z8YR0cCuwLzESi2,7BKLCZ1jbUBVqRi2FVlTVw,https://i.scdn.co/image/ab67616d00001e02495ce6da9aeb159e94eaa453
2026-05-31,tw,Taiwan,126,26,我喜歡你,芒果醬 Mango Jump,1t1GIb4bb1lARAXwWEekUN,6FpUCVpLvO0QXwsovSfWEa,https://i.scdn.co/image/ab67616d00001e02c4406bdc7db01dffa88ff27a
2026-05-31,tw,Taiwan,127,–,捲菸,Amazing Show,3n16EAnJtz6SZGx2zJssrI,7ks6KrwN2DKhEm06X85qEK,https://i.scdn.co/image/ab67616d00001e0217db15a71504cc2bcab8c44c
2026-05-31,tw,Taiwan,128,11,去北極忘記你,Gareth.T,6R57JlNKlnNrYaji0vw8xx,0qBH1UQxdvqYyZrFQUBFno,https://i.scdn.co/image/ab67616d00001e02b0518c24b01b62995fb06324
2026-05-31,tw,Taiwan,129,23,愛錯,Leehom Wang,2F5W6Rsxwzg0plQ0w8dSyt,4vdX5mQE0oXkflFqsqQkUP,https://i.scdn.co/image/ab67616d00001e0265fce5eb1fbdcdeb5ca55b34
2026-05-31,tw,Taiwan,130,9,我對緣分小心翼翼 (劇集《逐玉》主題曲),JJ Lin,7Dx7RhX0mFuXhCOUgB01uM,72yIlZtNNS4i2b4FfVm619,https://i.scdn.co/image/ab67616d00001e02b24d13aada9e78ff850a0a07
2026-05-31,tw,Taiwan,131,13,JUMP,BLACKPINK,41MozSoPIsD1dJM0CLPjZF,5H1sKFMzDeMtXwND3V6hRY,https://i.scdn.co/image/ab67616d00001e026224d1236b0e0a0e1586efbb
2026-05-31,tw,Taiwan,132,12,CELEBRATION,LE SSERAFIM,4SpbR6yFEvexJuaBpgAU5p,3OKvpTlnhvj8u6fbV53kqC,https://i.scdn.co/image/ab67616d00001e023fba33983638fcf9704c965d
2026-05-31,tw,Taiwan,133,1,HOME SWEET HOME (feat. TAEYANG & DAESUNG),G-DRAGON; TAEYANG; DAESUNG,30b9WulBM8sFuBo17nNq9c; 6udveWUgX4vu75FF0DTrXV; 1OQxmfKN9UG5C7nr4MkasO,5doooVlMVRZztQbySqARMI,https://i.scdn.co/image/ab67616d00001e02e1b8e368ceafe1117e846859
2026-05-31,tw,Taiwan,134,26,2.0,BTS,3Nrfpe0tUJi4K4DXYWgMUX,3bmpXHVie1GTy37OkXJ7Vc,https://i.scdn.co/image/ab67616d00001e02dfa17fad7f190c901603270e
2026-05-31,tw,Taiwan,135,3,Die With A Smile,Lady Gaga; Bruno Mars,1HY2Jd0NmPuamShAr6KMms; 0du5cEVh5yTK9QJze8zA0C,7so0lgd0zP2Sbgs2d7a1SZ,https://i.scdn.co/image/ab67616d00001e02b0860cf0a98e09663c82290c
2026-05-31,tw,Taiwan,136,7,魚仔 - 電視劇<花甲男孩轉大人>主題曲,Crowd Lu,2JBUyLiFvpFPWdZGqIGYLD,2sb6AZQLeoD3VgA4zglQB6,https://i.scdn.co/image/ab67616d00001e02ebd7d3e4537ed9425406a61b
2026-05-31,tw,Taiwan,137,12,就是愛妳,David Tao,40tNK2YedBV2jRFAHxpifB,73eCSQ1DxQbaOnzy8PhKx3,https://i.scdn.co/image/ab67616d00001e02110af1ee291450d9e86a05a4
2026-05-31,tw,Taiwan,138,10,嚣张,en王翊恩,7z7tLLiBfmH0kZ2lNVs8LW,1vfUASvUGt3gxQ1x3T3u1C,https://i.scdn.co/image/ab67616d00001e029ca65a2abe7108fd00ffe9fb
2026-05-31,tw,Taiwan,139,29,"不將就 (電影""何以笙簫默""片尾曲)",Ronghao Li,0rTP0x4vRFSDbhtqcCqc8K,5DH8nF7aWoXXg5Sm3gjCWD,https://i.scdn.co/image/ab67616d00001e02167bfff7b24d6d8fb0cd08a8
2026-05-31,tw,Taiwan,140,6,失落沙洲,LaLa Hsu,3dI4Io8XE33J2o04ZwjR0Y,2MBFevxaJ6bX6Lp7jt3UG1,https://i.scdn.co/image/ab67616d00001e021c03e651f5e82e00b6768acf
2026-05-31,tw,Taiwan,141,8,怎麼了,Eric Chou,5fEQLwq1BWWQNR8GzhOIvi,5cU1O9P0EDA0rPkPDykhIm,https://i.scdn.co/image/ab67616d00001e02540dd1971439c343972a92b7
2026-05-31,tw,Taiwan,142,15,像晴天像雨天（电视剧《难哄》心动曲）,Silence Wang,0PdNEiQ3MsJGCEgE13Tz60,1zFuSla4RQ5qAJwDIQYixW,https://i.scdn.co/image/ab67616d00001e02e315e968f364d79e460d8f62
2026-05-31,tw,Taiwan,143,11,Hooligan,BTS,3Nrfpe0tUJi4K4DXYWgMUX,20dAJsyno9ZoBLJtqgQnUI,https://i.scdn.co/image/ab67616d00001e02dfa17fad7f190c901603270e
2026-05-31,tw,Taiwan,144,11,BIRDS OF A FEATHER,Billie Eilish,6qqNVTkY8uBg9cP3Jd7DAH,6dOtVTDdiauQNBQEDOtlAB,https://i.scdn.co/image/ab67616d00001e0271d62ea7ea8a5be92d3c1f62
2026-05-31,tw,Taiwan,145,25,淚橋,Wu Bai,5H8TJITZE1sPjVR2ACzXNS,0NAcDn6U2GB2Arhspmh38S,https://i.scdn.co/image/ab67616d00001e02574541164c6e7f7f849e3b27
2026-05-31,tw,Taiwan,146,2,drop dead,Olivia Rodrigo,1McMsnEElThX1knmY4oliG,7Hc6qcJG4NtyZgbNvQyd8U,https://i.scdn.co/image/ab67616d00001e021a1495ff41046065b9475366
2026-05-31,tw,Taiwan,147,Re-Entry,有些,颜人中,5PNcqs6EtD6gSXgUiiJIUU,4bDJJr7yG31MApWuvEasAo,https://i.scdn.co/image/ab67616d00001e02dbc44cb806214a1372ff98d0
2026-05-31,tw,Taiwan,148,24,Payphone,Maroon 5; Wiz Khalifa,04gDigrS5kc9YWfZHwBETP; 137W8MRPWKqSmrBGDBFSop,1XGmzt0PVuFgQYYnV2It7A,https://i.scdn.co/image/ab67616d00001e02fc8633e22a7dba6aab817bff
2026-05-31,tw,Taiwan,149,9,NOT CUTE ANYMORE,ILLIT,36cgvBn0aadzOijnjjwqMN,1k0JAiH11gHL9dc5dfQjQr,https://i.scdn.co/image/ab67616d00001e023d09075f6c7fabe9a7234cb3
2026-05-31,tw,Taiwan,150,7,其实,Joker Xue,1cg0bYpP5e2DNG0RgK2CMN,6Mmdzst5fLkrKjhdkGhLpe,https://i.scdn.co/image/ab67616d00001e0244f196c9fbfac3323c8f7e90
2026-05-31,tw,Taiwan,151,23,能不能和我留在台北（陪我幾天）,icyball 冰球樂團,4GsjZQZJ3viOq4Uw8wZDbW,63N9fNPJ5kkbvtntCwgIbm,https://i.scdn.co/image/ab67616d00001e0225924b289c5bca087d494fd2
2026-05-31,tw,Taiwan,152,Re-Entry,妥協,JOLIN,1r9DuPTHiQ7hnRRZ99B8nL,0m1cI6aV1jq537JamnL592,https://i.scdn.co/image/ab67616d00001e020b7942064ed301cf678f6974
2026-05-31,tw,Taiwan,153,12,心悶,Amazing Show,3n16EAnJtz6SZGx2zJssrI,5PpuqQ7vLG2e66SUpjUVYg,https://i.scdn.co/image/ab67616d00001e0221ab32cbb8ca07c0789dccf5
2026-05-31,tw,Taiwan,154,33,你，好不好？ - TVBS連續劇【遺憾拼圖】片尾曲,Eric Chou,5fEQLwq1BWWQNR8GzhOIvi,2gug6MRv4xQFYi9LA3PJCS,https://i.scdn.co/image/ab67616d00001e0205e895059be31891a3e0f01d
2026-05-31,tw,Taiwan,155,3,掉了,A-Mei Chang,6noxsCszBEEK04kCehugOp,4yLirljV93Y0vIoERjeTv5,https://i.scdn.co/image/ab67616d00001e02da6368ffadcd4c761a1b4744
2026-05-31,tw,Taiwan,156,30,Hold On,高爾宣 OSN; Patrick Brasca,4TcOznbEZBqev21LzAH4KE; 1xCrrnnj9xif5G0y3ie5dM,580BvW3DyUNoYFgQgoD2GI,https://i.scdn.co/image/ab67616d00001e02ebda96af44dfa483d78599f4
2026-05-31,tw,Taiwan,157,26,慢冷,Fish Leong,3aIDSTKS9yH745GUQBxDcS,3NNDJfWMGHuNpvHWTImmlW,https://i.scdn.co/image/ab67616d00001e0270a002a07c7e78abbe128abb
2026-05-31,tw,Taiwan,158,16,SPAGHETTI,LE SSERAFIM; j-hope,4SpbR6yFEvexJuaBpgAU5p; 0b1sIQumIAsNbqAoIClSpy,2N9miXnewVmUrgl6JSK1FI,https://i.scdn.co/image/ab67616d00001e026c4a726c271daf4a4b97e35b
2026-05-31,tw,Taiwan,159,6,Something Just Like This,The Chainsmokers; Coldplay,69GGBxA162lTqCwzJG5jLp; 4gzpq5DPGxSnKTe4SA8HAU,6RUKPb4LETWmmr3iAEQktW,https://i.scdn.co/image/ab67616d00001e020c13d3d5a503c84fcc60ae94
2026-05-31,tw,Taiwan,160,6,Shape of You,Ed Sheeran,6eUKZXaKkcviH0Ku9w2n3V,7qiZfU4dY1lWllzX7mPBI3,https://i.scdn.co/image/ab67616d00001e02ba5db46f4b838ef6027e6f96
2026-05-31,tw,Taiwan,161,6,FaSHioN,CORTIS,1ebt9HnXdyYA6KgLXr1n4P,4ecdsGz3Hg6TKPwQ0ZOdJz,https://i.scdn.co/image/ab67616d00001e024b56a34b0c2b3798fd46f855
2026-05-31,tw,Taiwan,162,19,End of Beginning,Djo,5p9HO3XC5P3BLxJs5Mtrhm,3qhlB30KknSejmIvZZLjOD,https://i.scdn.co/image/ab67616d00001e02fddfffec51b4580acae727c1
2026-05-31,tw,Taiwan,163,31,披星戴月的想你,告五人,6xErgeZYatiaQ36SB5bvi8,7tgzj2IqzSgUpxUhjmcF5m,https://i.scdn.co/image/ab67616d00001e027a2aff746e4093fecd950130
2026-05-31,tw,Taiwan,164,19,好朋友的祝福,A-Lin,28gf2piFx6cAKOMIwcky5a,171nl2rmUtU9qHwJSATijn,https://i.scdn.co/image/ab67616d00001e02f34965970a1b4ef2643be518
2026-05-31,tw,Taiwan,165,16,如果你也聽說,A-Mei Chang,6noxsCszBEEK04kCehugOp,2JH8WubSk2IWYUDBUguSQv,https://i.scdn.co/image/ab67616d00001e020b498d921e43f090eeb31e23
2026-05-31,tw,Taiwan,166,9,愛你,Kimberley Chen,1dVbVQZjRGDjQmHD8oiS8k,0n7Ij8XEDfYYFRgBQjNjnf,https://i.scdn.co/image/ab67616d00001e0230065f9a53fbeae1556d5129
2026-05-31,tw,Taiwan,167,Re-Entry,不能說的秘密,Jay Chou,2elBjNSdBE2Y3f0j1mjrql,77jIEebt4z9WzaI6LsntDG,https://i.scdn.co/image/ab67616d00001e02a51c803d8ef69c3b7f8208e9
2026-05-31,tw,Taiwan,168,9,家家酒,Jia Jia,5qUYuf6cIHU241KxPyDMBp,6mO5fCJKvB9tr5RAFvBO7z,https://i.scdn.co/image/ab67616d00001e02d8946e4e14cbce7eb4a2d7c5
2026-05-31,tw,Taiwan,169,65,雨天,Stefanie Sun,0SIXZXJCAhNU8sxK0qm7hn,5tZbcQ5PYID0xB0VNblmrK,https://i.scdn.co/image/ab67616d00001e02ddacdfea10f4357a9be174ea
2026-05-31,tw,Taiwan,170,7,唯一,G.E.M.,7aRC4L63dBn3CiLDuWaLSI,6ENf77i5DmXDimXle5Ux3C,https://i.scdn.co/image/ab67616d00001e02d3512d1c4193bc0b78380d17
2026-05-31,tw,Taiwan,171,Re-Entry,飞鸟和蝉,Ren Ran,6f4srX54JFrLNK4aTJe2Sc,4cDVX9pSt4UQEVbbXKodW6,https://i.scdn.co/image/ab67616d00001e022d643cf8abd73155ea906bf9
2026-05-31,tw,Taiwan,172,64,小情歌,sodagreen,3WYT2b8pOLsLsqSaoWYr7U,4FhJ7YSRxATHnaRg4nGs6t,https://i.scdn.co/image/ab67616d00001e02f455f6b17df809e48fad7379
2026-05-31,tw,Taiwan,173,Re-Entry,Cruel Summer,Taylor Swift,06HL4z0CvFAxyc27GXpf02,1BxfuPKGuaTgP7aM0Bbdwr,https://i.scdn.co/image/ab67616d00001e02e787cffec20aa2a396a61647
2026-05-31,tw,Taiwan,174,3,Dracula (with JENNIE),Tame Impala; JENNIE,5INjqkS1o8h1imAzPqGZBb; 250b0Wlc5Vk0CoUsaCY84M,5yvVYFDUpbnjcnRBgjwTzM,https://i.scdn.co/image/ab67616d00001e02c7c031ce9d06b131f8563676
2026-05-31,tw,Taiwan,175,10,Supernova,aespa,6YVMFz59CuY7ngCxTxjpxE,2JhbSmNAyM9kYiqwa8Tpla,https://i.scdn.co/image/ab67616d00001e020fc598038040859794c600e2
2026-05-31,tw,Taiwan,176,12,The Fate of Ophelia,Taylor Swift,06HL4z0CvFAxyc27GXpf02,53iuhJlwXhSER5J2IYYv1W,https://i.scdn.co/image/ab67616d00001e02d7812467811a7da6e6a44902
2026-05-31,tw,Taiwan,177,35,失戀無罪,A-Lin,28gf2piFx6cAKOMIwcky5a,2s96YKKpfBUbQP3lJuhkfX,https://i.scdn.co/image/ab67616d00001e02477599cfd11f3b0d31727288
2026-05-31,tw,Taiwan,178,4,Peaches (feat. Daniel Caesar & Giveon),Justin Bieber; Daniel Caesar; GIVĒON,1uNFoZAHBGtllmzznpCI3s; 20wkVLutqVOYrc0kxFs7rA; 4fxd5Ee7UefO4CUXgwJ7IP,4iJyoBOLtHqaGxP12qzhQI,https://i.scdn.co/image/ab67616d00001e02e6f407c7f3a0ec98845e4431
2026-05-31,tw,Taiwan,179,6,ACAI,CORTIS,1ebt9HnXdyYA6KgLXr1n4P,7Ldcvhcl4Xj4eOTSWpZus5,https://i.scdn.co/image/ab67616d00001e027a702a4c3a18c1439fdc29ff
2026-05-31,tw,Taiwan,180,30,我知道,BY2,3DOs7Bsr9x4eJHqv6ViPvR,7iXPSlDdL0EQwPFtUR8ye1,https://i.scdn.co/image/ab67616d00001e02691ad8457c6e896ca39ab979
2026-05-31,tw,Taiwan,181,Re-Entry,慢慢喜歡你,Karen Mok,6jlz5QSUqbKE4vnzo2qfP1,79LVKCDq5n3N2k6dtWP4gP,https://i.scdn.co/image/ab67616d00001e023ca1981b111f175cfe6a7a9d
2026-05-31,tw,Taiwan,182,Re-Entry,愛我別走,Zhang Zhen Yue,6PNEi9i2MxUgRufqYr76Xt,2fc2vUA5H3mTAr9rQoBDKt,https://i.scdn.co/image/ab67616d00001e0268c82f09326ad31bb08132fd
2026-05-31,tw,Taiwan,183,10,Blue Valentine,NMIXX,28ot3wh4oNmoFOdVajibBl,4OmhROPSFf2CGU1iFza4rC,https://i.scdn.co/image/ab67616d00001e02ee26bd5ae483fc54e6ef9e74
2026-05-31,tw,Taiwan,184,49,倒帶,JOLIN,1r9DuPTHiQ7hnRRZ99B8nL,4XipvtwRgtUrGb2j2l0wNG,https://i.scdn.co/image/ab67616d00001e028067ec8cf1e676beeb817686
2026-05-31,tw,Taiwan,185,17,感谢你曾来过,阿涵; Ayo97,0Nu7uGMynoaIdKnfLRgxJ8; 3RZsYqWpNRBTPoJ8oqsAwW,1JLtvvPsHwLyd2ufASdkWV,https://i.scdn.co/image/ab67616d00001e025032acc6e82b53aa2e4b17bd
2026-05-31,tw,Taiwan,186,10,年少有為,Ronghao Li,0rTP0x4vRFSDbhtqcCqc8K,6XY80Ofqd8j0SGiEdRLwCp,https://i.scdn.co/image/ab67616d00001e024ed5351deda71982d6f1ab4d
2026-05-31,tw,Taiwan,187,11,普通朋友,David Tao,40tNK2YedBV2jRFAHxpifB,7CTitzr4eVIDCPUJi5Dr4B,https://i.scdn.co/image/ab67616d00001e020aee670b96c585c15ec6d127
2026-05-31,tw,Taiwan,188,10,Who is she,KISS OF LIFE,4TEK9tIkcoxib4GxT3O4ky,16iOs2f9G9qRknDgM9cfAw,https://i.scdn.co/image/ab67616d00001e02aacd08445d13c6f2e41f842c
2026-05-31,tw,Taiwan,189,20,末班車,Ricky Hsiao,0E6oEhZZtQvj811iXQFLrB,4oELKeBS6hWwN3CTuN6acA,https://i.scdn.co/image/ab67616d00001e0253427b5cab964fa77267f912
2026-05-31,tw,Taiwan,190,26,愛 請問怎麼走,A-Lin,28gf2piFx6cAKOMIwcky5a,2mqHMawyHWU5B5f2wA299P,https://i.scdn.co/image/ab67616d00001e02065ed77585ec7c2b792df59d
2026-05-31,tw,Taiwan,191,5,後來的我們,Mayday,16s0YTFcyjP4kgFwt7ktrY,13AruKdh8wJhWx6i5dV8X1,https://i.scdn.co/image/ab67616d00001e021403df7a7de5cd45df3ae3db
2026-05-31,tw,Taiwan,192,Re-Entry,修煉愛情,JJ Lin,7Dx7RhX0mFuXhCOUgB01uM,101iWa6yaODTI0RWewMK1B,https://i.scdn.co/image/ab67616d00001e02d007039d7dbb3ac88b4c5686
2026-05-31,tw,Taiwan,193,Re-Entry,What is Love?,TWICE,7n2Ycct7Beij7Dj7meI4X0,5Ek40FyMPprcvtyZDjqylX,https://i.scdn.co/image/ab67616d00001e0240d7efd2594a2b6bda60ea18
2026-05-31,tw,Taiwan,194,5,繞路,A-Lin,28gf2piFx6cAKOMIwcky5a,38RcCZ3geLYeYMzxTF1tpg,https://i.scdn.co/image/ab67616d00001e02e82b32a2e47bed33f18e2ee4
2026-05-31,tw,Taiwan,195,Re-Entry,醉後喜歡我,icyball 冰球樂團,4GsjZQZJ3viOq4Uw8wZDbW,0OXINTkSPTozv82CWvDbTa,https://i.scdn.co/image/ab67616d00001e02d1f1bb3081c8f2a92b7ef7d4
2026-05-31,tw,Taiwan,196,6,減傷,陳華,5ZxRmJ21NzjxD2ZGBxi7um,4jqh9HVVGVhr5NOjJ7Cabu,https://i.scdn.co/image/ab67616d00001e02a30055072314dad3616efbab
2026-05-31,tw,Taiwan,197,Re-Entry,愛存在,Diana Wang,6qMCbcnBinopCiiCrKQlF3,20eQ3szxVA3Ulq9Mgvu3yM,https://i.scdn.co/image/ab67616d00001e022eb6d7d3f9dd1b6061844c97
2026-05-31,tw,Taiwan,198,Re-Entry,Lemon,Kenshi Yonezu,1snhtMLeb2DYoMOcVbb8iB,04TshWXkhV1qkqHzf31Hn6,https://i.scdn.co/image/ab67616d00001e02775e8184725e0fb89337dd9a
2026-05-31,tw,Taiwan,199,Re-Entry,光年之外 (電影 《Passengers》 中國區主題曲),G.E.M.,7aRC4L63dBn3CiLDuWaLSI,1bkvGbgK4HU8B7Ue4k7O7I,https://i.scdn.co/image/ab67616d00001e02f234c75e68b7b50c3d2b48d0
2026-05-31,tw,Taiwan,200,5,我只能离开,瑞; 猫先生,7MfvSRNtsRsv9iwaMkwJCE; 235Hx9NNE1l1HgMqijDnwH,3Qg0zqpAGNFZwagu18NMtJ,https://i.scdn.co/image/ab67616d00001e028059cf3ab5d5d8ec8573e57b