captured_date,market,market_name,rank,rank_change,track_name,artist_names,artist_spotify_ids,track_spotify_id,image_url
2026-08-02,sg,Singapore,1,1,Don’t Say You Love Me,Jin,5vV3bFXnN6D6N3Nj4xRvaV,27xkOIER6uDLKALIelHylZ,https://i.scdn.co/image/ab67616d00001e0289228504f700641956e29f5d
2026-08-02,sg,Singapore,2,1,hate that i made you love me,Ariana Grande,66CXWjxzNUsdJxJ2JdwvnR,3iy2QuCtCzpWnR6tia39AB,https://i.scdn.co/image/ab67616d00001e028baf677ee2d8dda6cc9fcbd7
2026-08-02,sg,Singapore,3,–,Animal,KATSEYE,3c0gDdb9lhnHGFtP4prQpn,3ouNEk0tv5TTi8VWMe1xbX,https://i.scdn.co/image/ab67616d00001e029e8d48f27391ce383862b8e8
2026-08-02,sg,Singapore,4,–,petal,Ariana Grande,66CXWjxzNUsdJxJ2JdwvnR,70pVCVMGjmIWPbWXDwf11e,https://i.scdn.co/image/ab67616d00001e028baf677ee2d8dda6cc9fcbd7
2026-08-02,sg,Singapore,5,–,Less than a Lover,JENNIE,250b0Wlc5Vk0CoUsaCY84M,19UnXjpLshSLobPspdyxlD,https://i.scdn.co/image/ab67616d00001e021568796289f10031724bc780
2026-08-02,sg,Singapore,6,2,stupid song,Olivia Rodrigo,1McMsnEElThX1knmY4oliG,49j6SvuvWfbEKZKzsHCdLJ,https://i.scdn.co/image/ab67616d00001e026949b83f85d782b21ce70583
2026-08-02,sg,Singapore,7,–,Earrings,Malcolm Todd,7eKkW1zo5uzW8kUntiiBvz,0eAuGrXyGFYwur9ARUe7LJ,https://i.scdn.co/image/ab67616d00001e022c1f34ecc1929fb59908aad1
2026-08-02,sg,Singapore,8,5,The One That Got Away,Katy Perry,6jJ0s89eD6GaHleKKya26X,2009X8GyWTqyxIdzAEYW6N,https://i.scdn.co/image/ab67616d00001e021d955011a3ed477dc77865ad
2026-08-02,sg,Singapore,9,1,Beauty And A Beat,Justin Bieber; Nicki Minaj,1uNFoZAHBGtllmzznpCI3s; 0hCNtLu0JehylgoiP8L4Gh,6QFCMUUq1T2Vf5sFUXcuQ7,https://i.scdn.co/image/ab67616d00001e02f1d02a6cec967f8b6b78f76e
2026-08-02,sg,Singapore,10,5,the cure,Olivia Rodrigo,1McMsnEElThX1knmY4oliG,55pBIZO1cqoldeqpp5WR7H,https://i.scdn.co/image/ab67616d00001e025cf234eeb7a2edf44bf64a46
2026-08-02,sg,Singapore,11,5,kiss me,Ariana Grande,66CXWjxzNUsdJxJ2JdwvnR,0lok0VDJn0zRvHLBCITSSw,https://i.scdn.co/image/ab67616d00001e028baf677ee2d8dda6cc9fcbd7
2026-08-02,sg,Singapore,12,3,Who,Jimin,1oSPZhvZMIrWW5I41kPkkY,7tI8dRuH2Yc6RuoTjxo4dU,https://i.scdn.co/image/ab67616d00001e02f02c451189a709b9a952aaec
2026-08-02,sg,Singapore,13,1,海屿你,马也_Crabbit,1V6Bl7Ny5loHozQUalAd6M,6UO9nrihAk6sFGvVHDVTz8,https://i.scdn.co/image/ab67616d00001e027d721d0483ccd72e6581e858
2026-08-02,sg,Singapore,14,3,drop dead,Olivia Rodrigo,1McMsnEElThX1knmY4oliG,3fRCAPMMZ8l8P9YKI6OCzD,https://i.scdn.co/image/ab67616d00001e026949b83f85d782b21ce70583
2026-08-02,sg,Singapore,15,4,stay,Ariana Grande,66CXWjxzNUsdJxJ2JdwvnR,0QltPqkR4dnhbINyBOU5SY,https://i.scdn.co/image/ab67616d00001e028baf677ee2d8dda6cc9fcbd7
2026-08-02,sg,Singapore,16,4,oh well,Ariana Grande,66CXWjxzNUsdJxJ2JdwvnR,5DZOKNtaoVEssXu9ltcMjx,https://i.scdn.co/image/ab67616d00001e028baf677ee2d8dda6cc9fcbd7
2026-08-02,sg,Singapore,17,5,SWIM,BTS,3Nrfpe0tUJi4K4DXYWgMUX,68lbSrXDORS51pmyjZv712,https://i.scdn.co/image/ab67616d00001e02dfa17fad7f190c901603270e
2026-08-02,sg,Singapore,18,1,Dai Dai,Shakira; Burna Boy,0EmeFodog0BfCgMzAIvKQp; 3wcj11K77LjEY1PkEazffa,0kosUz0jePvjiz4ctmR6wL,https://i.scdn.co/image/ab67616d00001e0203cadf1b3fe324c1dc710ed4
2026-08-02,sg,Singapore,19,6,Self Aware,Temper City,5mHUmlJWkcoOk1NbjfrXWz,4qW3BbQAwZsrnu8a3ZRdyT,https://i.scdn.co/image/ab67616d00001e02d6c26d2ae723f7ab553d64cc
2026-08-02,sg,Singapore,20,7,back to friends,sombr,4G9NDjRyZFDlJKMRL8hx3S,7qjZnBKE73H4Oxkopwulqe,https://i.scdn.co/image/ab67616d00001e024229702de91cb3d3a4383302
2026-08-02,sg,Singapore,21,3,Risk It All,Bruno Mars,0du5cEVh5yTK9QJze8zA0C,5y2ijHECwFYWqcAHKTZgzD,https://i.scdn.co/image/ab67616d00001e023eb8dc748f7efb1470f74395
2026-08-02,sg,Singapore,22,6,big feelings,Ariana Grande,66CXWjxzNUsdJxJ2JdwvnR,6MFSqc8pzXlwfzXqWZEKd4,https://i.scdn.co/image/ab67616d00001e028baf677ee2d8dda6cc9fcbd7
2026-08-02,sg,Singapore,23,2,bad thing (bunny hop),Ariana Grande,66CXWjxzNUsdJxJ2JdwvnR,4zmXWmILSBkn7gTvIyCiNi,https://i.scdn.co/image/ab67616d00001e028baf677ee2d8dda6cc9fcbd7
2026-08-02,sg,Singapore,24,4,like i do,Ariana Grande,66CXWjxzNUsdJxJ2JdwvnR,3d1oTMjtfVySbAYQp3v4MU,https://i.scdn.co/image/ab67616d00001e028baf677ee2d8dda6cc9fcbd7
2026-08-02,sg,Singapore,25,7,freak,Ariana Grande,66CXWjxzNUsdJxJ2JdwvnR,6QhsCYcFdfyMbPWCiViI8K,https://i.scdn.co/image/ab67616d00001e028baf677ee2d8dda6cc9fcbd7
2026-08-02,sg,Singapore,26,3,never get over me,Ariana Grande,66CXWjxzNUsdJxJ2JdwvnR,55srcWA7TioKV0LZVNXltY,https://i.scdn.co/image/ab67616d00001e028baf677ee2d8dda6cc9fcbd7
2026-08-02,sg,Singapore,27,7,Ain't In LA,ADÉLA,2qanRMyA5bNuTvz1dK45OP,02HyFYmpzt02VJ8k0CqxKj,https://i.scdn.co/image/ab67616d00001e02b176fc721e1faba78b1ef35b
2026-08-02,sg,Singapore,28,2,"nowhere, nobody",Ariana Grande,66CXWjxzNUsdJxJ2JdwvnR,5JbnupagBhD0AanbkCELdH,https://i.scdn.co/image/ab67616d00001e028baf677ee2d8dda6cc9fcbd7
2026-08-02,sg,Singapore,29,–,Jumping Machine (跳楼机),LBI利比,1xMn0bhYRWHDV01mU8gP1J,1XZE0InCx3SdCnLpVsPpZl,https://i.scdn.co/image/ab67616d00001e0265bcb498250d15917f92464f
2026-08-02,sg,Singapore,30,3,Die With A Smile,Lady Gaga; Bruno Mars,1HY2Jd0NmPuamShAr6KMms; 0du5cEVh5yTK9QJze8zA0C,7so0lgd0zP2Sbgs2d7a1SZ,https://i.scdn.co/image/ab67616d00001e02b0860cf0a98e09663c82290c
2026-08-02,sg,Singapore,31,5,Treat You Better,Shawn Mendes,7n2wHs1TKAczGzO7Dd2rGr,3QGsuHI8jO1Rx4JWLUh9jd,https://i.scdn.co/image/ab67616d00001e021376b4b16f4bfcba02dc571b
2026-08-02,sg,Singapore,32,1,ICONIC BY MISTAKE,LE SSERAFIM; ILLIT; KATSEYE,4SpbR6yFEvexJuaBpgAU5p; 36cgvBn0aadzOijnjjwqMN; 3c0gDdb9lhnHGFtP4prQpn,6fl4Gu0lJm5hc8FM5JzCZD,https://i.scdn.co/image/ab67616d00001e0255886e2f0784a2b7b62b7fe7
2026-08-02,sg,Singapore,33,1,Love Me Not,Ravyn Lenae,5RTLRtXjbXI2lSXc6jxlAz,4WFgvKVfEhb3IUAFGrutTR,https://i.scdn.co/image/ab67616d00001e020e62daaea2c7b94053e1c142
2026-08-02,sg,Singapore,34,4,BAD,ATEEZ,68KmkJeZGfwe1OUaivBa2L,55UDXtbNJBAdTdUdbRu8T3,https://i.scdn.co/image/ab67616d00001e027e77585ffef632e51313b3e0
2026-08-02,sg,Singapore,35,4,honeybee,Olivia Rodrigo,1McMsnEElThX1knmY4oliG,4kX7xkopoXZCfE1D6fNwl2,https://i.scdn.co/image/ab67616d00001e026949b83f85d782b21ce70583
2026-08-02,sg,Singapore,36,2,BIRDS OF A FEATHER,Billie Eilish,6qqNVTkY8uBg9cP3Jd7DAH,6dOtVTDdiauQNBQEDOtlAB,https://i.scdn.co/image/ab67616d00001e0271d62ea7ea8a5be92d3c1f62
2026-08-02,sg,Singapore,37,–,REDRED,CORTIS,1ebt9HnXdyYA6KgLXr1n4P,2fCwv2ppU5nTRTckomIGsd,https://i.scdn.co/image/ab67616d00001e0224ace1518851b27e9983f739
2026-08-02,sg,Singapore,38,3,The Fate of Ophelia,Taylor Swift,06HL4z0CvFAxyc27GXpf02,53iuhJlwXhSER5J2IYYv1W,https://i.scdn.co/image/ab67616d00001e02d7812467811a7da6e6a44902
2026-08-02,sg,Singapore,39,3,看着我的眼睛说,张远,4Q6r8rqOodVCDkbAYm7F18,5cOXSOo4olhVLVSpQBvQaP,https://i.scdn.co/image/ab67616d00001e02623da38934771207c19756d1
2026-08-02,sg,Singapore,40,12,warning signs (interlude),Ariana Grande,66CXWjxzNUsdJxJ2JdwvnR,0cJRr7kw5FkV5e8ejEB2j6,https://i.scdn.co/image/ab67616d00001e028baf677ee2d8dda6cc9fcbd7
2026-08-02,sg,Singapore,41,8,we can't be friends (wait for your love),Ariana Grande,66CXWjxzNUsdJxJ2JdwvnR,51ZQ1vr10ffzbwIjDCwqm4,https://i.scdn.co/image/ab67616d00001e028b58d20f1b77295730db15b4
2026-08-02,sg,Singapore,42,2,Babydoll,Dominic Fike,6USv9qhCn6zfxlBQIYJ9qs,7yNf9YjeO5JXUE3JEBgnYc,https://i.scdn.co/image/ab67616d00001e027b1b6f41c1645af9757d5616
2026-08-02,sg,Singapore,43,2,End of Beginning,Djo,5p9HO3XC5P3BLxJs5Mtrhm,3qhlB30KknSejmIvZZLjOD,https://i.scdn.co/image/ab67616d00001e02fddfffec51b4580acae727c1
2026-08-02,sg,Singapore,44,1,NORMAL,BTS,3Nrfpe0tUJi4K4DXYWgMUX,4B4Q7zfd0aHcuhQBfCRnH5,https://i.scdn.co/image/ab67616d00001e02dfa17fad7f190c901603270e
2026-08-02,sg,Singapore,45,3,FREAKED OUT,Fat Papi; prodshushy,6bemHySK6oqDAPZZzt61ov; 6aQnbm7k0VsmUqfU9cfwoA,7pBzCp7qNLlsH6rzEFkSwN,https://i.scdn.co/image/ab67616d00001e02dae2db6b9b0a2d5ef298075f
2026-08-02,sg,Singapore,46,2,Iris,The Goo Goo Dolls,2sil8z5kiy4r76CRTXxBCA,6Qyc6fS4DsZjB2mRW9DsQs,https://i.scdn.co/image/ab67616d00001e02eda9478c39a21e1cdc6609ca
2026-08-02,sg,Singapore,47,3,The Man Who Can't Be Moved,The Script,3AQRLZ9PuTAozP28Skbq8V,3nqqDo8CcCLke3ZoTgiOKf,https://i.scdn.co/image/ab67616d00001e02f33a9f529c12f79b116eb218
2026-08-02,sg,Singapore,48,1,Cinderella (feat. Ty Dolla $ign),Mac Miller; Ty Dolla $ign,4LLpKhyESsyAXpc4laK94U; 7c0XG5cIJTrrAgEC3ULPiq,2lpygKqzPFtItQ4ss3cgfb,https://i.scdn.co/image/ab67616d00001e022e92f776279eaf45d14a33fd
2026-08-02,sg,Singapore,49,7,Sailor Song,Gigi Perez,1iCnM8foFssWlPRLfAbIwo,21IYMdzTrzSe191Cy5eMap,https://i.scdn.co/image/ab67616d00001e0249c26270052e1671add569c1
2026-08-02,sg,Singapore,50,4,Wonderwall - Remastered,Oasis,2DaxqgrOhkeH0fpeiQq2f4,5qqabIl2vWzo9ApSC317sa,https://i.scdn.co/image/ab67616d00001e0285e5dcc05cc216a10f141480
2026-08-02,sg,Singapore,51,6,Golden,HUNTR/X; EJAE; AUDREY NUNA; REI AMI; KPop Demon Hunters Cast,2yNNYQBChuox9A5Ka93BIn; 0RMJOzHDhAKY1o2j0W0vxY; 0Wwji82sLA0Hcvtuak3omb; 6U1dV7aL68N7Gb0Naq34V5; 7mW7Tv7NvywKKXqafZo0Lc,1CPZ5BxNNd0n0nF4Orb9JS,https://i.scdn.co/image/ab67616d00001e024dcb6c5df15cf74596ab25a4
2026-08-02,sg,Singapore,52,2,APT.,ROSÉ; Bruno Mars,3eVa5w3URK5duf6eyVDbu9; 0du5cEVh5yTK9QJze8zA0C,4wJ5Qq0jBN4ajy7ouZIV1c,https://i.scdn.co/image/ab67616d00001e027be65ce6672ed7e5aac6e966
2026-08-02,sg,Singapore,53,5,You'll Be Okay,Jasmine Sokko; NDPeeps,3risOBDAx6GGVaCcBuhswz; 1BhtFoW6keQNCZBQEDFmmT,1MFuooecaIR6vQYRIV9xvP,https://i.scdn.co/image/ab67616d00001e02e27f57860e67ad399de7b1d2
2026-08-02,sg,Singapore,54,1,About You,The 1975,3mIj9lX2MWuHmhNCA7LSCW,3hEfpBHxgieRLz4t3kLNEg,https://i.scdn.co/image/ab67616d00001e0200702474f8e0e2b6155d48e3
2026-08-02,sg,Singapore,55,4,Payphone,Maroon 5; Wiz Khalifa,04gDigrS5kc9YWfZHwBETP; 137W8MRPWKqSmrBGDBFSop,1XGmzt0PVuFgQYYnV2It7A,https://i.scdn.co/image/ab67616d00001e02fc8633e22a7dba6aab817bff
2026-08-02,sg,Singapore,56,3,DAISIES,Justin Bieber,1uNFoZAHBGtllmzznpCI3s,5BZsQlgw21vDOAjoqkNgKb,https://i.scdn.co/image/ab67616d00001e02d65c4773bc5061fd27facc5b
2026-08-02,sg,Singapore,57,6,Who Knows,Daniel Caesar,20wkVLutqVOYrc0kxFs7rA,6DH13QYXK7lKkYHSU88N48,https://i.scdn.co/image/ab67616d00001e022bad6e56e77d5bef0aa3f2dc
2026-08-02,sg,Singapore,58,6,Giants,Iman Fandi; weish; NDPeeps,2yv1QEWNbHyf6ErJzCNmlg; 3Wda211uQlgobdoSJ7i8SW; 1BhtFoW6keQNCZBQEDFmmT,6Lj4wUXcGOzrwVmBIlLy34,https://i.scdn.co/image/ab67616d00001e021f6018b988512a4f56d937a4
2026-08-02,sg,Singapore,59,8,So Easy (To Fall In Love),Olivia Dean,00x1fYSGhdqScXBRpSj3DW,6sGIMrtIzQjdzNndVxe397,https://i.scdn.co/image/ab67616d00001e029a336bfb6d40bbd90a507417
2026-08-02,sg,Singapore,60,3,Dracula - JENNIE Remix,Tame Impala; JENNIE,5INjqkS1o8h1imAzPqGZBb; 250b0Wlc5Vk0CoUsaCY84M,5yvVYFDUpbnjcnRBgjwTzM,https://i.scdn.co/image/ab67616d00001e02c7c031ce9d06b131f8563676
2026-08-02,sg,Singapore,61,1,Seven (feat. Latto) (Explicit Ver.),Jung Kook; Latto,6HaGTQPmzraVmaVxvz6EUc; 3MdXrJWsbVzdn6fe5JYkSQ,2HRgqmZQC0MC7GeNuDIXHN,https://i.scdn.co/image/ab67616d00001e02741fd4807f442af3f7359316
2026-08-02,sg,Singapore,62,–,Yellow,Coldplay,4gzpq5DPGxSnKTe4SA8HAU,3AJwUDP919kvQ9QcozQPxg,https://i.scdn.co/image/ab67616d00001e029164bafe9aaa168d93f4816a
2026-08-02,sg,Singapore,63,2,Raindance (feat. Tems),Dave; Tems,6Ip8FS7vWT1uKkJSweANQK; 687cZJR45JO7jhk1LHIbgq,3oTuTpF1F3A7rEC6RKsMRz,https://i.scdn.co/image/ab67616d00001e02fecaa7826bb0cbe139a8cb83
2026-08-02,sg,Singapore,64,4,Winter Ahead (with PARK HYO SHIN),V; Park Hyo Shin,3JsHnjpbhX4SnySpvpa9DK; 57htMBtzpppc1yoXgjbslj,7G7mSV4BebkoHWwKTDvXu9,https://i.scdn.co/image/ab67616d00001e0216ba2a3622bd0d0d985e3234
2026-08-02,sg,Singapore,65,2,Night Changes,One Direction,4AK6F7OLvEQ5QYCBNiQWHq,5O2P9iiztwhomNh8xkR9lJ,https://i.scdn.co/image/ab67616d00001e0234a29f220057810cce98e1b4
2026-08-02,sg,Singapore,66,1,Just the Way You Are,Bruno Mars,0du5cEVh5yTK9QJze8zA0C,7BqBn9nzAq8spo5e7cZ0dJ,https://i.scdn.co/image/ab67616d00001e027039c1c841fc3dfa2ad8a0d8
2026-08-02,sg,Singapore,67,10,"One Of The Girls (with JENNIE, Lily Rose Depp)",The Weeknd; JENNIE; Lily-Rose Depp,1Xyo4u8uXC1ZmMpatF05PJ; 250b0Wlc5Vk0CoUsaCY84M; 1pBLC0qVRTB5zVMuteQ9jJ,7CyPwkp0oE8Ro9Dd5CUDjW,https://i.scdn.co/image/ab67616d00001e02b0dd6a5cd1dec96c4119c262
2026-08-02,sg,Singapore,68,17,晴天,Jay Chou,2elBjNSdBE2Y3f0j1mjrql,5pIcwtJYNJx93l420oR2Vm,https://i.scdn.co/image/ab67616d00001e026850b3307853e0753ed53cc5
2026-08-02,sg,Singapore,69,4,Sunflower - Spider-Man: Into the Spider-Verse,Post Malone; Swae Lee,246dkjvS1zLTtiykXe5h60; 1zNqQNIdeOUZHb8zbZRFMX,0RiRZpuVRbi7oqRdSMwhQY,https://i.scdn.co/image/ab67616d00001e029478c87599550dd73bfa7e02
2026-08-02,sg,Singapore,70,1,Viva La Vida,Coldplay,4gzpq5DPGxSnKTe4SA8HAU,1mea3bSkSGXuIRvnydlB5b,https://i.scdn.co/image/ab67616d00001e02e21cc1db05580b6f2d2a3b6e
2026-08-02,sg,Singapore,71,7,嘉賓,张远,4Q6r8rqOodVCDkbAYm7F18,5jAmIkIpskwu2hRz2YaEHi,https://i.scdn.co/image/ab67616d00001e02c74b8ff07fe68b72b31c852e
2026-08-02,sg,Singapore,72,1,Stateside + Zara Larsson,PinkPantheress; Zara Larsson,78rUTD7y6Cy67W1RVzYs7t; 1Xylc3o4UrD53lo9CvFvVg,1DwscornXpj8fmOmYVlqZt,https://i.scdn.co/image/ab67616d00001e02684ecc5bc1b724d0106ad694
2026-08-02,sg,Singapore,73,3,Man I Need,Olivia Dean,00x1fYSGhdqScXBRpSj3DW,1qbmS6ep2hbBRaEZFpn7BX,https://i.scdn.co/image/ab67616d00001e02e3d69e17dde129037a1f09e2
2026-08-02,sg,Singapore,74,8,Love Me Harder,Ariana Grande; The Weeknd,66CXWjxzNUsdJxJ2JdwvnR; 1Xyo4u8uXC1ZmMpatF05PJ,5J4ZkQpzMUFojo1CtAZYpn,https://i.scdn.co/image/ab67616d00001e02deec12a28d1e336c5052e9aa
2026-08-02,sg,Singapore,75,4,Sweater Weather,The Neighbourhood,77SW9BnxLY8rJ0RciFqkHh,0cQVqPuHQP4KEwc7ZUQmj6,https://i.scdn.co/image/ab67616d00001e028265a736a1eb838ad5a0b921
2026-08-02,sg,Singapore,76,13,One Last Time,Ariana Grande,66CXWjxzNUsdJxJ2JdwvnR,7xoUc6faLbCqZO6fQEYprd,https://i.scdn.co/image/ab67616d00001e02deec12a28d1e336c5052e9aa
2026-08-02,sg,Singapore,77,16,Apocalypse,Cigarettes After Sex,1QAJqy2dA3ihHBFIHRphZj,1oAwsWBovWRIp7qLMGPIet,https://i.scdn.co/image/ab67616d00001e02dfed999f959177dfc4f33cdc
2026-08-02,sg,Singapore,78,8,擱淺,Jay Chou,2elBjNSdBE2Y3f0j1mjrql,0cOMncRq4cmDLO4tPQnkBF,https://i.scdn.co/image/ab67616d00001e0200b976d1df4243e5318a7712
2026-08-02,sg,Singapore,79,7,Closer,The Chainsmokers; Halsey,69GGBxA162lTqCwzJG5jLp; 26VFTg2z8YR0cCuwLzESi2,7BKLCZ1jbUBVqRi2FVlTVw,https://i.scdn.co/image/ab67616d00001e02495ce6da9aeb159e94eaa453
2026-08-02,sg,Singapore,80,15,There's Nothing Holdin' Me Back,Shawn Mendes,7n2wHs1TKAczGzO7Dd2rGr,7JJmb5XwzOO8jgpou264Ml,https://i.scdn.co/image/ab67616d00001e02ea3ef7697cfd5705b8f47521
2026-08-02,sg,Singapore,81,7,Billie Jean,Michael Jackson,3fMbdgg4jU18AjLCKBhRSm,7J1uxwnxfQLu4APicE5Rnj,https://i.scdn.co/image/ab67616d00001e0232a7d87248d1b75463483df5
2026-08-02,sg,Singapore,82,6,We Don't Talk Anymore (feat. Selena Gomez),Charlie Puth; Selena Gomez,6VuMaDnrHyPL1p4EHjYLi7; 0C8ZW7ezQVs4URX5aX7Kqx,54PbBpquVfhfrwRwvjSXbI,https://i.scdn.co/image/ab67616d00001e0215145482a542a9adb282250b
2026-08-02,sg,Singapore,83,4,Ghost,Justin Bieber,1uNFoZAHBGtllmzznpCI3s,6I3mqTwhRpn34SLVafSH7G,https://i.scdn.co/image/ab67616d00001e02e6f407c7f3a0ec98845e4431
2026-08-02,sg,Singapore,84,13,Starboy,The Weeknd; Daft Punk,1Xyo4u8uXC1ZmMpatF05PJ; 4tZwfgrHOc3mvqYlEYSvVi,7MXVkk9YMctZqd1Srtv4MB,https://i.scdn.co/image/ab67616d00001e024718e2b124f79258be7bc452
2026-08-02,sg,Singapore,85,7,Sweet Boy,Malcolm Todd,7eKkW1zo5uzW8kUntiiBvz,59c2xv2kMzYM6HR9oY6BIa,https://i.scdn.co/image/ab67616d00001e022c1f34ecc1929fb59908aad1
2026-08-02,sg,Singapore,86,11,Body to Body,BTS,3Nrfpe0tUJi4K4DXYWgMUX,2rKkfc4VZ74FQDc1FF1Zo6,https://i.scdn.co/image/ab67616d00001e02dfa17fad7f190c901603270e
2026-08-02,sg,Singapore,87,9,Ordinary,Alex Warren,0fTSzq9jAh4c36UVb4V7CB,2RkZ5LkEzeHGRsmDqKwmaJ,https://i.scdn.co/image/ab67616d00001e028d18d73bbfc8985d52865edf
2026-08-02,sg,Singapore,88,8,STAY (with Justin Bieber),The Kid LAROI; Justin Bieber,2tIP7SsRs7vjIcLrU85W8J; 1uNFoZAHBGtllmzznpCI3s,567e29TDzLwZwfDuEpGTwo,https://i.scdn.co/image/ab67616d00001e02b4d59e6fa7e5e7cbc57ac33a
2026-08-02,sg,Singapore,89,6,It's Me,ILLIT,36cgvBn0aadzOijnjjwqMN,1D5L58KLBbceOynTP4DQnY,https://i.scdn.co/image/ab67616d00001e0261eea484e31bca065904f1c6
2026-08-02,sg,Singapore,90,100,Running Wild,Jin,5vV3bFXnN6D6N3Nj4xRvaV,50zAEIE4B1QqhPjRMK2Xmh,https://i.scdn.co/image/ab67616d00001e0202dd46d1f82ce19b5927b269
2026-08-02,sg,Singapore,91,–,像晴天像雨天（电视剧《难哄》心动曲）,Silence Wang,0PdNEiQ3MsJGCEgE13Tz60,298LjjcBvuQCAlwUWb9dKb,https://i.scdn.co/image/ab67616d00001e02e315e968f364d79e460d8f62
2026-08-02,sg,Singapore,92,21,離開我的依賴,Evangeline Wong,7sEIHkZXRzGa3OBUCCxzU5,28VBdtYc5Cpmey4Cpvcrby,https://i.scdn.co/image/ab67616d00001e02bc2f8151c384496d34c683df
2026-08-02,sg,Singapore,93,11,LEMONADE,aespa,6YVMFz59CuY7ngCxTxjpxE,6vjt2smGK75oc9r2OGFfgp,https://i.scdn.co/image/ab67616d00001e025f0171c63cceb32ccff8b9a9
2026-08-02,sg,Singapore,94,6,你，好不好？ - TVBS連續劇【遺憾拼圖】片尾曲,Eric Chou,5fEQLwq1BWWQNR8GzhOIvi,2gug6MRv4xQFYi9LA3PJCS,https://i.scdn.co/image/ab67616d00001e0205e895059be31891a3e0f01d
2026-08-02,sg,Singapore,95,8,甲乙丙丁 - 你我怎么两清,Jess Lee,02Cz717BTulFiQXUuIXH6n,629FqLOdjtsXh5b45FTk43,https://i.scdn.co/image/ab67616d00001e02da4b1beb6d3520f8e1dbfad9
2026-08-02,sg,Singapore,96,15,Into You,Ariana Grande,66CXWjxzNUsdJxJ2JdwvnR,76FZM38RC8XaAjJ77CVTNe,https://i.scdn.co/image/ab67616d00001e0233342c57a9b2c4e04c97b3f5
2026-08-02,sg,Singapore,97,24,less,Olivia Rodrigo,1McMsnEElThX1knmY4oliG,16xRAbH0vI3iKvDEhWQ4ZO,https://i.scdn.co/image/ab67616d00001e026949b83f85d782b21ce70583
2026-08-02,sg,Singapore,98,9,That’s So True,Gracie Abrams,4tuJ0bMpJh08umKkEXKUI5,7ne4VBA60CxGM75vw0EYad,https://i.scdn.co/image/ab67616d00001e021dac3694b3289cd903cb3acf
2026-08-02,sg,Singapore,99,5,Gabriela,KATSEYE,3c0gDdb9lhnHGFtP4prQpn,1xOqGUkyxGQRdCvGpvWKmL,https://i.scdn.co/image/ab67616d00001e02f8d4d00ffe09373efb13ce29
2026-08-02,sg,Singapore,100,–,Astaga Bercanda,Akbar Chalay; Mingse,0dIJRlr9m4hUwdBYmKUTjW; 7n6UYi8ahl0SOStLqjWf6I,03fkIoNyruY4N2Pa5CqTvv,https://i.scdn.co/image/ab67616d00001e02db45ed33946536fd099548b0
2026-08-02,sg,Singapore,101,28,Stitches,Shawn Mendes,7n2wHs1TKAczGzO7Dd2rGr,5jsw9uXEGuKyJzs0boZ1bT,https://i.scdn.co/image/ab67616d00001e02d26246b23c8bfa8ce543b3bb
2026-08-02,sg,Singapore,102,2,Cruel Summer,Taylor Swift,06HL4z0CvFAxyc27GXpf02,1BxfuPKGuaTgP7aM0Bbdwr,https://i.scdn.co/image/ab67616d00001e02e787cffec20aa2a396a61647
2026-08-02,sg,Singapore,103,6,Somewhere Only We Know,Keane,53A0W3U0s8diEn9RhXQhVz,0ll8uFnc0nANY35E0Lfxvg,https://i.scdn.co/image/ab67616d00001e027d6cd95a046a3c0dacbc7d33
2026-08-02,sg,Singapore,104,19,u + me = <3,Olivia Rodrigo,1McMsnEElThX1knmY4oliG,6Hdc3IQeyCxG5d14uAcwQW,https://i.scdn.co/image/ab67616d00001e025cf234eeb7a2edf44bf64a46
2026-08-02,sg,Singapore,105,–,Blank Space,Taylor Swift,06HL4z0CvFAxyc27GXpf02,1u8c2t2Cy7UBoG4ArRcF5g,https://i.scdn.co/image/ab67616d00001e0252b2a3824413eefe9e33817a
2026-08-02,sg,Singapore,106,10,maggots for brains,Olivia Rodrigo,1McMsnEElThX1knmY4oliG,6jfiwkcwt8iYCdkbLukxeI,https://i.scdn.co/image/ab67616d00001e026949b83f85d782b21ce70583
2026-08-02,sg,Singapore,107,23,Sparkle,GARETH FERNANDEZ; Dru Chen; NDPeeps,5OCCRySomkXZXoE1JQ5Hkb; 0n1n8JVg3vec8svJHivjnf; 1BhtFoW6keQNCZBQEDFmmT,4vpxGoV033jSRvVqxIdVnR,https://i.scdn.co/image/ab67616d00001e0229e60e1ec1677aacfa2a746a
2026-08-02,sg,Singapore,108,18,Something Just Like This,The Chainsmokers; Coldplay,69GGBxA162lTqCwzJG5jLp; 4gzpq5DPGxSnKTe4SA8HAU,6RUKPb4LETWmmr3iAEQktW,https://i.scdn.co/image/ab67616d00001e020c13d3d5a503c84fcc60ae94
2026-08-02,sg,Singapore,109,5,Every Breath You Take,The Police,5NGO30tJxFlKixkPSgXcFE,1JSTJqkT5qHq8MDJnJbRE1,https://i.scdn.co/image/ab67616d00001e02c8e97cafeb2acb85b21a777e
2026-08-02,sg,Singapore,110,7,Opalite,Taylor Swift,06HL4z0CvFAxyc27GXpf02,3yWuTOYDztXjZxdE2cIRUa,https://i.scdn.co/image/ab67616d00001e02d7812467811a7da6e6a44902
2026-08-02,sg,Singapore,111,39,MOTION (feat. Juicy J),CORTIS; Juicy J,1ebt9HnXdyYA6KgLXr1n4P; 5gCRApTajqwbnHHPbr2Fpi,15EbINtnOI4c2jPXXskywy,https://i.scdn.co/image/ab67616d00001e02eca615c30cc2bba6191d1544
2026-08-02,sg,Singapore,112,14,A Sky Full of Stars,Coldplay,4gzpq5DPGxSnKTe4SA8HAU,0FDzzruyVECATHXKHFs9eJ,https://i.scdn.co/image/ab67616d00001e02e5a95573f1b91234630fd2cf
2026-08-02,sg,Singapore,113,11,Eenie Meenie,Sean Kingston; Justin Bieber,6S0dmVVn4udvppDhZIWxCr; 1uNFoZAHBGtllmzznpCI3s,4vVTI94F9uJ8lHNDWKv0i2,https://i.scdn.co/image/ab67616d00001e024dea4c1cdf30c359dbaec318
2026-08-02,sg,Singapore,114,19,Counting Stars,OneRepublic,5Pwc4xIPtQLFEnJriah9YJ,2tpWsVSb9UEmDRxAl1zhX1,https://i.scdn.co/image/ab67616d00001e029e2f95ae77cf436017ada9cb
2026-08-02,sg,Singapore,115,27,WILDFLOWER,Billie Eilish,6qqNVTkY8uBg9cP3Jd7DAH,3QaPy1KgI7nu9FJEQUgn6h,https://i.scdn.co/image/ab67616d00001e0271d62ea7ea8a5be92d3c1f62
2026-08-02,sg,Singapore,116,1,I Wanna Be Yours,Arctic Monkeys,7Ln80lUS6He07XvHI8qqHH,5XeFesFbtLpXzIVDNQP22n,https://i.scdn.co/image/ab67616d00001e024ae1c4c5c45aabe565499163
2026-08-02,sg,Singapore,117,9,過了幾天(合唱版),郭家瑋; DIOR 大穎,5EZkv9iiDdCJvhSQaRMj2X; 0czbvTRVGHfCdRsJLxbBGQ,4GEWZ1vDFVkmhG55zpKFLO,https://i.scdn.co/image/ab67616d00001e021638625acf2084cca7630e8f
2026-08-02,sg,Singapore,118,17,2.0,BTS,3Nrfpe0tUJi4K4DXYWgMUX,3bmpXHVie1GTy37OkXJ7Vc,https://i.scdn.co/image/ab67616d00001e02dfa17fad7f190c901603270e
2026-08-02,sg,Singapore,119,20,Not Alone,NDPeeps; Benjamin Kheng,1BhtFoW6keQNCZBQEDFmmT; 53GouHDfCfsBJIn1OjYmPO,0ZucqgZyAWeLzjFRExVDIW,https://i.scdn.co/image/ab67616d00001e024bdf7353d1fa84aeae28a54c
2026-08-02,sg,Singapore,120,24,Locked out of Heaven,Bruno Mars,0du5cEVh5yTK9QJze8zA0C,5g7sDjBhZ4I3gcFIpkrLuI,https://i.scdn.co/image/ab67616d00001e02926f43e7cce571e62720fd46
2026-08-02,sg,Singapore,121,9,Sign of the Times,Harry Styles,6KImCVD70vtIoJWnq6nGn3,5Ohxk2dO5COHF1krpoPigN,https://i.scdn.co/image/ab67616d00001e023f8b8a9c71b2bd2f3019940b
2026-08-02,sg,Singapore,122,2,Perfect,Ed Sheeran,6eUKZXaKkcviH0Ku9w2n3V,0tgVpDi06FyKpA1z0VMD4v,https://i.scdn.co/image/ab67616d00001e02ba5db46f4b838ef6027e6f96
2026-08-02,sg,Singapore,123,21,"All The Stars (with SZA) - From ""Black Panther: The Album""",Kendrick Lamar; SZA,2YZyLoL8N0Wb9xBt1NhZWg; 7tYKF4w9nC0nq9CsPZTHyP,3GCdLUSnKSMJhs4Tj6CV3s,https://i.scdn.co/image/ab67616d00001e02c027ad28821777b00dcaa888
2026-08-02,sg,Singapore,124,13,No One Noticed,The Marías,2sSGPbdZJkaSE2AbcGOACx,3siwsiaEoU4Kuuc9WKMUy5,https://i.scdn.co/image/ab67616d00001e028aa339341a0b0c813909c831
2026-08-02,sg,Singapore,125,19,在加納共和國離婚,Firdhaus; DIOR 大穎,6fOqdhRNsMQqtwRwgo3NUv; 0czbvTRVGHfCdRsJLxbBGQ,6GyUt7yJ0sOktc5HjvVnFh,https://i.scdn.co/image/ab67616d00001e02bd7cdd9987dede8f59e62ec6
2026-08-02,sg,Singapore,126,13,blue,yung kai,6zO1dZ40fTZ5hY9NnnRJSk,6W614n8yLUeS3zsZSeBwyq,https://i.scdn.co/image/ab67616d00001e02def6ffd0e4b80cb0d2a0d00f
2026-08-02,sg,Singapore,127,1,White Keys,Dominic Fike,6USv9qhCn6zfxlBQIYJ9qs,5ViLKrbyL3HD6wsq3AB9eI,https://i.scdn.co/image/ab67616d00001e023696096119ef08824cf85ede
2026-08-02,sg,Singapore,128,4,Baby,Justin Bieber; Ludacris,1uNFoZAHBGtllmzznpCI3s; 3ipn9JLAPI5GUEo4y4jcoi,6epn3r7S14KUqlReYr77hA,https://i.scdn.co/image/ab67616d00001e02629dc9e2e3bc20bbd7d92e4a
2026-08-02,sg,Singapore,129,2,Come Over,BTS,3Nrfpe0tUJi4K4DXYWgMUX,6uvw8GFIqdqaJ4Nr3kN8Rs,https://i.scdn.co/image/ab67616d00001e02df7118c4f396e50961cc0e74
2026-08-02,sg,Singapore,130,40,Always,Daniel Caesar,20wkVLutqVOYrc0kxFs7rA,2LlOeW5rVcvl3QcPNPcDus,https://i.scdn.co/image/ab67616d00001e027c68face1dc58127f3a7b1cc
2026-08-02,sg,Singapore,131,14,Love Yourself,Justin Bieber,1uNFoZAHBGtllmzznpCI3s,50kpGaPAhYJ3sGmk6vplg0,https://i.scdn.co/image/ab67616d00001e02f46b9d202509a8f7384b90de
2026-08-02,sg,Singapore,132,14,Janice STFU,Drake,3TVXtAsR1Inumwj472S9r4,514joG57v4yKTsfQmz7stz,https://i.scdn.co/image/ab67616d00001e02fe9d3ab9adb1d3b59835b81c
2026-08-02,sg,Singapore,133,13,Mr. Brightside,The Killers,0C0XlULifJtAgn6ZNCW2eu,003vvx7Niy0yvhvHt4a68B,https://i.scdn.co/image/ab67616d00001e02ccdddd46119a4ff53eaf1f5d
2026-08-02,sg,Singapore,134,15,Photograph,Ed Sheeran,6eUKZXaKkcviH0Ku9w2n3V,6fxVffaTuwjgEk5h9QyRjy,https://i.scdn.co/image/ab67616d00001e0213b3e37318a0c247b550bccd
2026-08-02,sg,Singapore,135,17,Confident,Justin Bieber; Chance the Rapper,1uNFoZAHBGtllmzznpCI3s; 1anyVhU62p31KFi8MEzkbf,6czM6UMQD9qE5GAUp68oud,https://i.scdn.co/image/ab67616d00001e0258ae8fddecbd2630005409c9
2026-08-02,sg,Singapore,136,11,like JENNIE,JENNIE,250b0Wlc5Vk0CoUsaCY84M,0fK7ie6XwGxQTIkpFoWkd1,https://i.scdn.co/image/ab67616d00001e02dcf27dec5e479b2e39c4c993
2026-08-02,sg,Singapore,137,27,Good Goodbye,HWASA,7bmYpVgQub656uNTu6qGNQ,3cLXrotzCjYCkN73PewALM,https://i.scdn.co/image/ab67616d00001e02f7ec5c454a78dfb0086c0c97
2026-08-02,sg,Singapore,138,3,Save Your Tears (Remix) (with Ariana Grande) - Bonus Track,The Weeknd; Ariana Grande,1Xyo4u8uXC1ZmMpatF05PJ; 66CXWjxzNUsdJxJ2JdwvnR,1oFAF1hdPOickyHgbuRjyX,https://i.scdn.co/image/ab67616d00001e02b5097b81179824803664aaaf
2026-08-02,sg,Singapore,139,13,Hooligan,BTS,3Nrfpe0tUJi4K4DXYWgMUX,20dAJsyno9ZoBLJtqgQnUI,https://i.scdn.co/image/ab67616d00001e02dfa17fad7f190c901603270e
2026-08-02,sg,Singapore,140,18,Style,Taylor Swift,06HL4z0CvFAxyc27GXpf02,0ug5NqcwcFR2xrfTkc7k8e,https://i.scdn.co/image/ab67616d00001e0252b2a3824413eefe9e33817a
2026-08-02,sg,Singapore,141,30,Lush Life,Zara Larsson,1Xylc3o4UrD53lo9CvFvVg,1rIKgCH4H52lrvDcz50hS8,https://i.scdn.co/image/ab67616d00001e02401bf6103d4b7f5230a21582
2026-08-02,sg,Singapore,142,New,oh yeah?,Steve Lacy,57vWImR43h4CaDao012Ofp,22NHkFYbgxB2Zirj29Gbp8,https://i.scdn.co/image/ab67616d00001e024ea9ba86cd9506a004bab042
2026-08-02,sg,Singapore,143,32,Sparks,Coldplay,4gzpq5DPGxSnKTe4SA8HAU,7D0RhFcb3CrfPuTJ0obrod,https://i.scdn.co/image/ab67616d00001e029164bafe9aaa168d93f4816a
2026-08-02,sg,Singapore,144,11,Espresso,Sabrina Carpenter,74KM79TiuVKeVCqs8QtB0B,2HRqTpkrJO5ggZyyK6NPWz,https://i.scdn.co/image/ab67616d00001e02fd8d7a8d96871e791cb1f626
2026-08-02,sg,Singapore,145,13,爱怎么了,陈村长,6zEkJebB8dCxTGyvyYa8FA,0c9gjnRGBRke9VmLaZWmhM,https://i.scdn.co/image/ab67616d00001e02fceba8f8dae0d3dc2640e955
2026-08-02,sg,Singapore,146,21,Die On This Hill,SIENNA SPIRO,02gSuSAWEdWa5UOvqzjX6v,7gkZNvBHfI30qG7hA0eopT,https://i.scdn.co/image/ab67616d00001e02b09eea420767969b6729962b
2026-08-02,sg,Singapore,147,11,As It Was,Harry Styles,6KImCVD70vtIoJWnq6nGn3,4Dvkj6JhhA12EX05fT7y2e,https://i.scdn.co/image/ab67616d00001e0282ce362511fb3d9dda6578ee
2026-08-02,sg,Singapore,148,15,I Like Me Better,LAUV,5JZ7CnR6gTvEMKX4g70Amv,4MagTPnkPiDuIa4P8GtW1b,https://i.scdn.co/image/ab67616d00001e029ed5fcf212f05d55b1e61eae
2026-08-02,sg,Singapore,149,15,That's What I Like,Bruno Mars,0du5cEVh5yTK9QJze8zA0C,0KKkJNfGyhkQ5aFogxQAPU,https://i.scdn.co/image/ab67616d00001e02232711f7d66a1e19e89e28c5
2026-08-02,sg,Singapore,150,6,Best Part (feat. H.E.R.),Daniel Caesar; H.E.R.,20wkVLutqVOYrc0kxFs7rA; 3Y7RZ31TRPVadSFVy1o8os,1Q7EgiMOuwDcB0PJC6AzON,https://i.scdn.co/image/ab67616d00001e027aa8783ad8def37cc548a9cf
2026-08-02,sg,Singapore,151,17,Let Me Love You,DJ Snake; Justin Bieber,540vIaP2JwjQb9dm3aArA4; 1uNFoZAHBGtllmzznpCI3s,0lYBSQXN6rCTvUZvg9S0lU,https://i.scdn.co/image/ab67616d00001e02212d776c31027c511f0ee3bc
2026-08-02,sg,Singapore,152,27,Reflections,The Neighbourhood,77SW9BnxLY8rJ0RciFqkHh,2xql0pid3EUwW38AsywxhV,https://i.scdn.co/image/ab67616d00001e029b6ac98a52f62d5cb473da40
2026-08-02,sg,Singapore,153,31,Y Que Fue?,Don Miguelo,1noWnd8QFQD9VLxWEeo4Zf,2wAmparvQdtQemzY9I8PKv,https://i.scdn.co/image/ab67616d00001e027f26c0802b29e8d3c4bbc163
2026-08-02,sg,Singapore,154,11,Blinding Lights,The Weeknd,1Xyo4u8uXC1ZmMpatF05PJ,0VjIjW4GlUZAMYd2vXMi3b,https://i.scdn.co/image/ab67616d00001e028863bc11d2aa12b54f5aeb36
2026-08-02,sg,Singapore,155,1,告白氣球,Jay Chou,2elBjNSdBE2Y3f0j1mjrql,2tqF9MPNdYdJU70U0ULO23,https://i.scdn.co/image/ab67616d00001e02db1172ca038c6818b6ae8bf2
2026-08-02,sg,Singapore,156,18,What Makes You Beautiful,One Direction,4AK6F7OLvEQ5QYCBNiQWHq,4cluDES4hQEUhmXj6TXkSo,https://i.scdn.co/image/ab67616d00001e024a5584795dc73860653a9a3e
2026-08-02,sg,Singapore,157,14,"I Knew It, I Knew You - From ""Toy Story 5""",Taylor Swift,06HL4z0CvFAxyc27GXpf02,5uPaqMMt59KGrdKIitDRqa,https://i.scdn.co/image/ab67616d00001e02a35a1d4983e2b4fd0094f910
2026-08-02,sg,Singapore,158,2,CHOOM,BABYMONSTER,1SIocsqdEefUTE6XKGUiVS,6gunPOwkADFspLkQtmVuZT,https://i.scdn.co/image/ab67616d00001e020fbcc1d9dc6a647af4ebdfee
2026-08-02,sg,Singapore,159,6,"如果可以 - 電影""月老""主題曲",WeiBird,7y3HnWCFEvWj4KM9GFSkiX,72OVnXDzugvrCU25lMi9au,https://i.scdn.co/image/ab67616d00001e02e7e0b58b56d99f8f704c6760
2026-08-02,sg,Singapore,160,19,Aliens,BTS,3Nrfpe0tUJi4K4DXYWgMUX,5tg21NdePCn5m8F9BXOEeJ,https://i.scdn.co/image/ab67616d00001e02dfa17fad7f190c901603270e
2026-08-02,sg,Singapore,161,13,Let Down,Radiohead,4Z8W4fKeB5YxbusRsdQVPb,2fuYa3Lx06QQJAm0MjztKr,https://i.scdn.co/image/ab67616d00001e02c8b444df094279e70d0ed856
2026-08-02,sg,Singapore,162,13,MMG (My Mine Gueh),Naykilla,79omf4LgzaVAnXIRWPkJUq,2AtJq58CHh4qBUqTpU75vU,https://i.scdn.co/image/ab67616d00001e02671059f40b6662d84ea412d9
2026-08-02,sg,Singapore,163,1,SLOW DANCING IN THE DARK,Joji,3MZsBdqDrRTJihTHQrO6Dq,6rY5FAWxCdAGllYEOZMbjW,https://i.scdn.co/image/ab67616d00001e024cc52cd7a712842234e4fce2
2026-08-02,sg,Singapore,164,28,I Thought I Saw Your Face Today,She & Him,3CIRif6ZAedT7kZSPvj2A4,0myRViRgmQ3J8izICXEAVO,https://i.scdn.co/image/ab67616d00001e02a47c6d8a934b4833c0916cc9
2026-08-02,sg,Singapore,165,14,Attention,Charlie Puth,6VuMaDnrHyPL1p4EHjYLi7,5cF0dROlMOK5uNZtivgu50,https://i.scdn.co/image/ab67616d00001e02897f73256b9128a9d70eaf66
2026-08-02,sg,Singapore,166,7,misery.,pupsies,0Uo0W0Vfq9ZOLCFngwxOLm,6De8sirPzVyAoBDlQpcutY,https://i.scdn.co/image/ab67616d00001e02316b7fde50dfbf4be72735c2
2026-08-02,sg,Singapore,167,5,演员,Joker Xue,1cg0bYpP5e2DNG0RgK2CMN,5Sib99jpYybZAicUMETb3h,https://i.scdn.co/image/ab67616d00001e02b561e8f785c92e136f37cd08
2026-08-02,sg,Singapore,168,15,Heat Waves,Glass Animals,4yvcSjfu4PC0CYQyLy4wSq,3USxtqRwSYz57Ewm6wWRMp,https://i.scdn.co/image/ab67616d00001e02712701c5e263efc8726b1464
2026-08-02,sg,Singapore,169,24,Soft Spot,keshi,3pc0bOVB5whxmD50W79wwO,2aL4lMGhWdPpyPL6COPou7,https://i.scdn.co/image/ab67616d00001e02617997bc09bb7fa23624eff5
2026-08-02,sg,Singapore,170,13,Into the Sun,BTS,3Nrfpe0tUJi4K4DXYWgMUX,1ZNolq7VI7efGlh2hb2VVr,https://i.scdn.co/image/ab67616d00001e02dfa17fad7f190c901603270e
2026-08-02,sg,Singapore,171,Re-Entry,Young And Beautiful,Lana Del Rey,00FQb4jTyendYWaN8pK0wa,2nMeu6UenVvwUktBCpLMK9,https://i.scdn.co/image/ab67616d00001e02d7fb3e4c63020039d1cff6b2
2026-08-02,sg,Singapore,172,41,Good Reason,Gracie Abrams,4tuJ0bMpJh08umKkEXKUI5,11GUkH18CKNFLKCHORkceJ,https://i.scdn.co/image/ab67616d00001e0299bc33b47a0a67fd50783055
2026-08-02,sg,Singapore,173,24,The Nights,Avicii,1vCWHaC5f2uS3yhpwWbIA6,0QjpQP1w7apeMXzioL8sqN,https://i.scdn.co/image/ab67616d00001e020ae4f4d42e4a09f3a29f64ad
2026-08-02,sg,Singapore,174,2,toxic till the end,ROSÉ,3eVa5w3URK5duf6eyVDbu9,1z5ebC9238uGoBgzYyvGpQ,https://i.scdn.co/image/ab67616d00001e027be65ce6672ed7e5aac6e966
2026-08-02,sg,Singapore,175,28,Beautiful Things,Benson Boone,22wbnEMDvgVIAGdFeek6ET,3xkHsmpQCBMytMJNiDf3Ii,https://i.scdn.co/image/ab67616d00001e02831949037a1db10b87b005fa
2026-08-02,sg,Singapore,176,2,小幸運 - 電影《我的少女時代》主題曲,Hebe Tien,14bJhryXGk6H6qlGzwj3W5,1ZeVIrCWzEmsJexkrgvjFv,https://i.scdn.co/image/ab67616d00001e0275526674fc32f1736bebfe27
2026-08-02,sg,Singapore,177,47,august,Taylor Swift,06HL4z0CvFAxyc27GXpf02,3hUxzQpSfdDqwM3ZTFQY0K,https://i.scdn.co/image/ab67616d00001e0295f754318336a07e85ec59bc
2026-08-02,sg,Singapore,178,12,On The Floor,Jennifer Lopez; Pitbull,2DlGxzQSjYe5N6G9nkYghR; 0TnOYISbd1XYRBk9myaseg,3C0nOe05EIt1390bVABLyN,https://i.scdn.co/image/ab67616d00001e02d7b2aa3834b82b1cbe899a48
2026-08-02,sg,Singapore,179,39,善后,马师傅,0M668HC4fq39Ls98rUdsyS,6gYS6CQc7UMnj0Ubq3C0QT,https://i.scdn.co/image/ab67616d00001e023e8cd6ae4415fbaae876d3be
2026-08-02,sg,Singapore,180,Re-Entry,Magnetic,ILLIT,36cgvBn0aadzOijnjjwqMN,1aKvZDoLGkNMxoRYgkckZG,https://i.scdn.co/image/ab67616d00001e02f037c5fb9de6c78726cb8e2c
2026-08-02,sg,Singapore,181,5,From The Start,Laufey,7gW0r5CkdEUMm42w9XpyZO,43iIQbw5hx986dUEZbr3eN,https://i.scdn.co/image/ab67616d00001e0274c732f8aa0e0ccbb3d17d96
2026-08-02,sg,Singapore,182,3,One Dance,Drake; Wizkid; Kyla,3TVXtAsR1Inumwj472S9r4; 3tVQdUvClmAT7URs9V3rsp; 6TK7fjRPdy2GW2pJzNF23L,1zi7xx7UVEFkmKfv06H8x0,https://i.scdn.co/image/ab67616d00001e029416ed64daf84936d89e671c
2026-08-02,sg,Singapore,183,12,NOBLE,F3miii,0gmx7cndNJbFM0DAO7fT0s,4Jsus7N4d8hFB2G9gcRdBv,https://i.scdn.co/image/ab67616d00001e023e2c1f8bb3f146186e2a1dc5
2026-08-02,sg,Singapore,184,4,JUMP,BLACKPINK,41MozSoPIsD1dJM0CLPjZF,5H1sKFMzDeMtXwND3V6hRY,https://i.scdn.co/image/ab67616d00001e026224d1236b0e0a0e1586efbb
2026-08-02,sg,Singapore,185,8,The Road Ahead,NDPeeps; Linying; Sezairi; Shye; Shabir Sulthan,1BhtFoW6keQNCZBQEDFmmT; 5IIP34JBy1d8kBYlAGnRaW; 51sob9QZyfLff9XqvYluN5; 1aqEk77J220IxgnGsgEz9T; 1rya10vhugXdhuxVDPUwng,6kuyKfMGPbxIMIdFLtlouQ,https://i.scdn.co/image/ab67616d00001e02d9afc3ca5f3f926140e892cf
2026-08-02,sg,Singapore,186,2,一念 (影视剧《逐玉》插曲),张紫宁 / 李鑫一,2OL7dKjcDZjMiPjFohbmAZ,1iZVXRo5IcIradUoVYymRW,https://i.scdn.co/image/ab67616d00001e02e273383859cd02ba247b5d96
2026-08-02,sg,Singapore,187,Re-Entry,Circles,Post Malone,246dkjvS1zLTtiykXe5h60,21jGcNKet2qwijlDFuPiPb,https://i.scdn.co/image/ab67616d00001e029478c87599550dd73bfa7e02
2026-08-02,sg,Singapore,188,27,Beat It,Michael Jackson,3fMbdgg4jU18AjLCKBhRSm,3BovdzfaX4jb5KFQwoPfAw,https://i.scdn.co/image/ab67616d00001e0232a7d87248d1b75463483df5
2026-08-02,sg,Singapore,189,Re-Entry,Sienna,The Marías,2sSGPbdZJkaSE2AbcGOACx,0InIeZW4P6VO7dUGRM4AKH,https://i.scdn.co/image/ab67616d00001e028aa339341a0b0c813909c831
2026-08-02,sg,Singapore,190,6,The Scientist,Coldplay,4gzpq5DPGxSnKTe4SA8HAU,75JFxkI2RXiU7L9VXzMkle,https://i.scdn.co/image/ab67616d00001e02de09e02aa7febf30b7c02d82
2026-08-02,sg,Singapore,191,New,Loser,Tame Impala,5INjqkS1o8h1imAzPqGZBb,7bxaFZ1O3cHkgLKMsdC3xR,https://i.scdn.co/image/ab67616d00001e02208500450dcd0fd294d7bd3b
2026-08-02,sg,Singapore,192,Re-Entry,Paparazzi,Lady Gaga,1HY2Jd0NmPuamShAr6KMms,02XnQdf7sipaKBBHixz3Zp,https://i.scdn.co/image/ab67616d00001e02e691217483df8798445c82e2
2026-08-02,sg,Singapore,193,Re-Entry,Kiss It Better,Rihanna,5pKCCKE2ajJHZ9KAiaK11H,0UHB9METy4VCXNgkcGqHqS,https://i.scdn.co/image/ab67616d00001e026be9bac15995f089579074de
2026-08-02,sg,Singapore,194,Re-Entry,We Found Love,Rihanna; Calvin Harris,5pKCCKE2ajJHZ9KAiaK11H; 7CajNmpbOovFoOoasH2HaY,1zv3WFUbZ5vPxFq9I2jAU1,https://i.scdn.co/image/ab67616d00001e02bef074de9ca825bddaeb9f46
2026-08-02,sg,Singapore,195,Re-Entry,Roommates,Malcolm Todd,7eKkW1zo5uzW8kUntiiBvz,5vPUv0xziXbV4lnWeVNXNq,https://i.scdn.co/image/ab67616d00001e022c1f34ecc1929fb59908aad1
2026-08-02,sg,Singapore,196,Re-Entry,Die For You,The Weeknd,1Xyo4u8uXC1ZmMpatF05PJ,2LBqCSwhJGcFQeTHMVGwy3,https://i.scdn.co/image/ab67616d00001e02a048415db06a5b6fa7ec4e1a
2026-08-02,sg,Singapore,197,28,Creep,Radiohead,4Z8W4fKeB5YxbusRsdQVPb,70LcF31zb1H0PyJoS1Sx1r,https://i.scdn.co/image/ab67616d00001e02ec548c00d3ac2f10be73366d
2026-08-02,sg,Singapore,198,20,Talking to the Moon,Bruno Mars,0du5cEVh5yTK9QJze8zA0C,161DnLWsx1i3u1JT05lzqU,https://i.scdn.co/image/ab67616d00001e027039c1c841fc3dfa2ad8a0d8
2026-08-02,sg,Singapore,199,18,Homewrecker,sombr,4G9NDjRyZFDlJKMRL8hx3S,7tICCrK3CcyRFKza7yrR0z,https://i.scdn.co/image/ab67616d00001e029a8d41dca4c7d0ef23d76dd7
2026-08-02,sg,Singapore,200,Re-Entry,我会等,承桓,3ZYhFl4nztqc9vx35vKdUI,5Rzpn60KTM11EBETHaF9Kt,https://i.scdn.co/image/ab67616d00001e025acf144a78b1c2ada7a3060b
2026-08-02,jp,Japan,1,–,Brand New,Mrs. GREEN APPLE,4QvgGvpgzgyUOo8Yp8LDm9,3Z8NMM7IRu4YKDHBo6vmX3,https://i.scdn.co/image/ab67616d00001e028bc6d0a539486bdb1a9f2968
2026-08-02,jp,Japan,2,–,高嶺の花子さん,back number,6rs1KAoQnFalSqSU4LTh8g,2jdbZGFp8KVTuk0YxDNL4l,https://i.scdn.co/image/ab67616d00001e02783ed3c2af46af7ab7c671c0
2026-08-02,jp,Japan,3,–,Sukisugite METSU!,M!LK,4jhJ8cnJ9vYKyCh289nuwQ,0vDqNzQqEhl7boeRS3Joli,https://i.scdn.co/image/ab67616d00001e0209fb0acaaf2416132c914eb5
2026-08-02,jp,Japan,4,–,青と夏,Mrs. GREEN APPLE,4QvgGvpgzgyUOo8Yp8LDm9,5BC6kr6etk2Y9J62AyI4i3,https://i.scdn.co/image/ab67616d00001e0281f55cd879e9480e3ed313df
2026-08-02,jp,Japan,5,–,夜の踊り子,sakanaction,0hCWVMGGQnRVfDgmhwLIxq,6qB3lZIfnDC8TE2245NDtO,https://i.scdn.co/image/ab67616d00001e026dd4b6207e6e3780e50a24d6
2026-08-02,jp,Japan,6,–,花束,back number,6rs1KAoQnFalSqSU4LTh8g,3QIAwtEEDOrv0g5NKCGrXZ,https://i.scdn.co/image/ab67616d00001e024951a4f5f9d719dfa4ef3d75
2026-08-02,jp,Japan,7,–,It's Me,ILLIT,36cgvBn0aadzOijnjjwqMN,1D5L58KLBbceOynTP4DQnY,https://i.scdn.co/image/ab67616d00001e0261eea484e31bca065904f1c6
2026-08-02,jp,Japan,8,–,ブルーアンバー,back number,6rs1KAoQnFalSqSU4LTh8g,35MeePbBnryubkVG0v8GbI,https://i.scdn.co/image/ab67616d00001e02a58f0d10db6a676c3b422fda
2026-08-02,jp,Japan,9,–,ライラック,Mrs. GREEN APPLE,4QvgGvpgzgyUOo8Yp8LDm9,21VsLvoE7elUmJZLSawaMh,https://i.scdn.co/image/ab67616d00001e02232b48311e311ba914af2811
2026-08-02,jp,Japan,10,1,点描の唄,Mrs. GREEN APPLE; Sonoko Inoue,4QvgGvpgzgyUOo8Yp8LDm9; 71hQB5jxdNiHk5gzZRhicQ,1sIIlVrnPhrvmTrHtzM7tV,https://i.scdn.co/image/ab67616d00001e02b68755a98268d7aa297549d5
2026-08-02,jp,Japan,11,1,Bakuretsu Aishiteru,M!LK,4jhJ8cnJ9vYKyCh289nuwQ,1F1hibBCtNeObRMmEMLHNh,https://i.scdn.co/image/ab67616d00001e023307c09719bde062177f93c7
2026-08-02,jp,Japan,12,2,烏 - Raven,Kenshi Yonezu,1snhtMLeb2DYoMOcVbb8iB,5Ij88F5dK7yib1RoNA8wGV,https://i.scdn.co/image/ab67616d00001e026587e9ae2e13c8bd69c0bf7e
2026-08-02,jp,Japan,13,6,Don’t Say You Love Me,Jin,5vV3bFXnN6D6N3Nj4xRvaV,27xkOIER6uDLKALIelHylZ,https://i.scdn.co/image/ab67616d00001e0289228504f700641956e29f5d
2026-08-02,jp,Japan,14,1,IRIS OUT,Kenshi Yonezu,1snhtMLeb2DYoMOcVbb8iB,59hVbgr8rfYkDbHfr8RcGI,https://i.scdn.co/image/ab67616d00001e026d1d4e875e2424cdd07f3232
2026-08-02,jp,Japan,15,2,ハッピーエンド,back number,6rs1KAoQnFalSqSU4LTh8g,4GqO80eGXA542oTvlYv4LS,https://i.scdn.co/image/ab67616d00001e02e09353d6028fda18c3699085
2026-08-02,jp,Japan,16,2,水平線,back number,6rs1KAoQnFalSqSU4LTh8g,3RvdkNMcSy71m0aT6UF9Uf,https://i.scdn.co/image/ab67616d00001e02fd363d834b815375814ae78e
2026-08-02,jp,Japan,17,1,Blue Jeans,HANA,7fmXV2O48buswss04YetaN,6hnk0Fesq9JOhWpck8HJsj,https://i.scdn.co/image/ab67616d00001e02c175a1d89c39c1cd297cb669
2026-08-02,jp,Japan,18,3,Marigold,Aimyon,5kVZa4lFUmAQlBogl1fkd6,2cKiHG16JBiqHdi7Llq0r7,https://i.scdn.co/image/ab67616d00001e023bc8c5a65f225815fa3844e1
2026-08-02,jp,Japan,19,2,Soranji,Mrs. GREEN APPLE,4QvgGvpgzgyUOo8Yp8LDm9,3YML5IHoqWbw9c9vJJvrvM,https://i.scdn.co/image/ab67616d00001e02d482c602732da71e7cdf04c3
2026-08-02,jp,Japan,20,8,GO GHOST,King Gnu,6wxfx1yhyqjCPYwwxJktR2,54kwD19pq6ea4yGiiX84QB,https://i.scdn.co/image/ab67616d00001e0289f64a56f9c086a08fcac39d
2026-08-02,jp,Japan,21,2,You!Joy!Parade!,M!LK,4jhJ8cnJ9vYKyCh289nuwQ,74ThDjhS3BXmghci7Qbhv9,https://i.scdn.co/image/ab67616d00001e020c91cd279b5581517a3eb578
2026-08-02,jp,Japan,22,2,3XL,Number_i,4XFkDALFTsSHVnRtJSsaMN,6ggjkwPk8ghOR5Pu5rTRH6,https://i.scdn.co/image/ab67616d00001e02633ad0881110110829018a69
2026-08-02,jp,Japan,23,1,BUGS LIFE,Number_i,4XFkDALFTsSHVnRtJSsaMN,3o9jxRsczWG6Juy1KTDNuG,https://i.scdn.co/image/ab67616d00001e02425a1d2feed9239e8214a609
2026-08-02,jp,Japan,24,4,夢中,BE:FIRST,4wCW8kZ8LL7QIdcE8EOKPP,7KNY1e9x1MDvpBAmIAN3tz,https://i.scdn.co/image/ab67616d00001e02530e4b27e7f9281ee1ad4ee6
2026-08-02,jp,Japan,25,–,愛を伝えたいだとか,Aimyon,5kVZa4lFUmAQlBogl1fkd6,0N8Xztr4pBHJ7V0moJWhbO,https://i.scdn.co/image/ab67616d00001e0233c05e1d08fec494a30bd240
2026-08-02,jp,Japan,26,10,ダーリン,Mrs. GREEN APPLE,4QvgGvpgzgyUOo8Yp8LDm9,7ikOwlVju9HYUKthPiNHwr,https://i.scdn.co/image/ab67616d00001e02232b48311e311ba914af2811
2026-08-02,jp,Japan,27,5,Kaiju no Hanauta,Vaundy,2IUl3m1H1EQ7QfNbNWvgru,7dTW21YAJxnAOiUh7Rtu9S,https://i.scdn.co/image/ab67616d00001e02cf855f0c6dee3a4b541b48e7
2026-08-02,jp,Japan,28,2,ケセラセラ,Mrs. GREEN APPLE,4QvgGvpgzgyUOo8Yp8LDm9,0teqQ0PYqVDyyXJuPOyMhu,https://i.scdn.co/image/ab67616d00001e02d482c602732da71e7cdf04c3
2026-08-02,jp,Japan,29,2,ただ君に晴れ,Yorushika,4UK2Lzi6fBfUi9rpDt6cik,3wJHCry960drNlAUGrJLmz,https://i.scdn.co/image/ab67616d00001e0228b535c92629e3c8d20ec242
2026-08-02,jp,Japan,30,3,lulu.,Mrs. GREEN APPLE,4QvgGvpgzgyUOo8Yp8LDm9,0vE1WglBbhmd5wDO49lcih,https://i.scdn.co/image/ab67616d00001e029f3b4070433475c017120dec
2026-08-02,jp,Japan,31,2,夜鷹 - Yodaka,Kenshi Yonezu,1snhtMLeb2DYoMOcVbb8iB,4Qa2LME2vWWPXMLnFCGgxU,https://i.scdn.co/image/ab67616d00001e0262249e32fd6ee1ce0b34640b
2026-08-02,jp,Japan,32,2,恋,back number,6rs1KAoQnFalSqSU4LTh8g,7f9DsQEsIoeTwKxV6shsom,https://i.scdn.co/image/ab67616d00001e0203808f76fad28ce8523f5ac6
2026-08-02,jp,Japan,33,2,愛をこめて花束を,Superfly,5M8AXrOifBT8elkLKbGPQZ,7CmWXD3w1xOO53AAO4LRVQ,https://i.scdn.co/image/ab67616d00001e02f4ba4f68c6906e2cd85fd54a
2026-08-02,jp,Japan,34,8,君はロックを聴かない,Aimyon,5kVZa4lFUmAQlBogl1fkd6,59eluCMn0XbOWqeWQ91FTM,https://i.scdn.co/image/ab67616d00001e0233c05e1d08fec494a30bd240
2026-08-02,jp,Japan,35,2,Kaiju,sakanaction,0hCWVMGGQnRVfDgmhwLIxq,6FhWelfRDMFZRtFUU6SIdC,https://i.scdn.co/image/ab67616d00001e022337f03620420d4561c7e6c9
2026-08-02,jp,Japan,36,8,Missing,BE:FIRST,4wCW8kZ8LL7QIdcE8EOKPP,1zsPhef2vOQaRSj1H7yvXq,https://i.scdn.co/image/ab67616d00001e022cd4bda9ecd034c7bacf2838
2026-08-02,jp,Japan,37,5,Yes! 東京,EBiDAN (恵比寿学園男子部); chotokkyu; M!LK; GNJB; SUPER★DRAGON; Sakurashimeji; ONE N' ONLY; BUDDiiS; ICEx; Lienel,4jtwvvkDVrBZosFsvbSLXm; 0udR1QMfgT37SQnL1QClTU; 4jhJ8cnJ9vYKyCh289nuwQ; 752sVqd0A0Hki7Gd2iOOV6; 2O86rYMEuvyrkOhyooK87W; 4GEJn9D9CbxI4UV8zQHxCY; 6Pob63g9NOdT7moTAUZ4GB; 68hd7ONzgN98uAZDWMlmAQ; 36eLruAH70vIII9ppzQ5QP; 2OqRcm0u2f7DpFoQZQiIoj,7L1UsUbSqowTKwrgT0v8AS,https://i.scdn.co/image/ab67616d00001e02902e640490a6decd6dcebef8
2026-08-02,jp,Japan,38,New,Tsumi to Batsu to Ame to Kiss (Hayato Sano & Jinto Yoshida),M!LK,4jhJ8cnJ9vYKyCh289nuwQ,4xw02DYvl9ktqLrz4IRd2L,https://i.scdn.co/image/ab67616d00001e0244c48f55cbea9422c30f0f64
2026-08-02,jp,Japan,39,–,IDOLPOWER,M!LK,4jhJ8cnJ9vYKyCh289nuwQ,3NPdo1QXqBKIoQAX2xSCRJ,https://i.scdn.co/image/ab67616d00001e020147cecbbbc8b8237ed95dc9
2026-08-02,jp,Japan,40,1,僕のこと,Mrs. GREEN APPLE,4QvgGvpgzgyUOo8Yp8LDm9,0tnhoHUrHfcLi9hPknUFZ4,https://i.scdn.co/image/ab67616d00001e0281f55cd879e9480e3ed313df
2026-08-02,jp,Japan,41,3,HAPPY BIRTHDAY,back number,6rs1KAoQnFalSqSU4LTh8g,4FMz2RFrbDGzJO7K4D0vS3,https://i.scdn.co/image/ab67616d00001e02ce51ffc5c742ed217779cb9d
2026-08-02,jp,Japan,42,2,革命道中 - On The Way,AiNA THE END,5k7KS34gxQbzdQaXWSOVKC,1oFqKeepmT5S8BCGqJl7Ar,https://i.scdn.co/image/ab67616d00001e029df9218f742e792bcbd711d3
2026-08-02,jp,Japan,43,–,幸せ,back number,6rs1KAoQnFalSqSU4LTh8g,1YVuXOCjN1GkGYqZ8RCcF3,https://i.scdn.co/image/ab67616d00001e024951a4f5f9d719dfa4ef3d75
2026-08-02,jp,Japan,44,7,君の恋人になったら,back number,6rs1KAoQnFalSqSU4LTh8g,0k4KaqElLVjdR6sVHPTS6h,https://i.scdn.co/image/ab67616d00001e02e09353d6028fda18c3699085
2026-08-02,jp,Japan,45,1,ROSE,HANA,7fmXV2O48buswss04YetaN,3920QegiL2PHmaYYBVwexC,https://i.scdn.co/image/ab67616d00001e02c175a1d89c39c1cd297cb669
2026-08-02,jp,Japan,46,1,恋人ごっこ,Macaroni Empitsu,1t17z3vfuc82cxSDMrvryJ,2SihT7AVMiI2VtaAyVIcnO,https://i.scdn.co/image/ab67616d00001e02ad388532d6600cc70e57139d
2026-08-02,jp,Japan,47,1,奏(かなで),Sukima Switch,0wRzWf3I4lUl9hdFF5uL0m,5RbMlPFL4gVyEHW2lEOuzG,https://i.scdn.co/image/ab67616d00001e02a716d5aa6f08492ad5bdae37
2026-08-02,jp,Japan,48,1,AIZO,King Gnu,6wxfx1yhyqjCPYwwxJktR2,65X2koe1LhDgQmRkNdJFv9,https://i.scdn.co/image/ab67616d00001e02120734724ff398a2d812f982
2026-08-02,jp,Japan,49,1,ヒロイン,back number,6rs1KAoQnFalSqSU4LTh8g,3hBAYbAECEix9raaTq8S3H,https://i.scdn.co/image/ab67616d00001e0259a14a1d53eb5610f84c8382
2026-08-02,jp,Japan,50,1,Five,ARASHI,1XYuC1vxinTjHCNd5clB8C,2cIqVZFyBH8h5dnrzBvtre,https://i.scdn.co/image/ab67616d00001e02d4223a5dd64fe336dd9951e2
2026-08-02,jp,Japan,51,1,とくべチュ、して,=LOVE,1j2WhcTW00Zd2SjFYsJVc6,2XS2jEncSJsetNZdVtlpeo,https://i.scdn.co/image/ab67616d00001e02d7f3a9e810813d803a8173eb
2026-08-02,jp,Japan,52,4,SAD SONG,CHANMINA,2vjeuQwzSP5ErC1S41gONX,2zxK14g3shGRbgjUmKaj2x,https://i.scdn.co/image/ab67616d00001e0266c40b99a73fab7a12ceb7a8
2026-08-02,jp,Japan,53,5,きらり,Fujii Kaze,6bDWAcdtVR3WHz2xtiIPUi,3L7ISJTvKx56uhsF28aJ4p,https://i.scdn.co/image/ab67616d00001e02af62b027ee85ae2e2f7c9702
2026-08-02,jp,Japan,54,3,Naked Heart,Aimyon,5kVZa4lFUmAQlBogl1fkd6,4Jv7U0JJpbQnOrjtDwDZTZ,https://i.scdn.co/image/ab67616d00001e02d56ef749e7eeb2f070619bcc
2026-08-02,jp,Japan,55,12,チェリー,SPITZ,5kjGRHClVacSyllOUqU1S0,1ihCiJaXRl4f6Sy4LJov5z,https://i.scdn.co/image/ab67616d00001e02ca6cb1176913264c1f402f68
2026-08-02,jp,Japan,56,4,Hanabi,aiko,6TDMbiQCWeMClsMr9ORLRK,0I0zZHGJ6ea8TxwbUvvJEH,https://i.scdn.co/image/ab67616d00001e021d4c0e6721b670bf4a2e62fa
2026-08-02,jp,Japan,57,4,Setsugekka,yangskinny,3VVMRDGpbQR2SK9nHX3DW5,21UVLrJ0yuJ6CGeElXMG0C,https://i.scdn.co/image/ab67616d00001e024ccbea10c9ca9f47eab6d200
2026-08-02,jp,Japan,58,4,イケナイ太陽,ORANGE RANGE,4upiYMjsFfLRieGo8RVRzD,7emibp3qHeqNNYqZ2Y09xb,https://i.scdn.co/image/ab67616d00001e02dce91774924868ea69bd4b87
2026-08-02,jp,Japan,59,–,オールドファッション,back number,6rs1KAoQnFalSqSU4LTh8g,0Xn30nT5EKFPsWvpiJ2Iav,https://i.scdn.co/image/ab67616d00001e02ce51ffc5c742ed217779cb9d
2026-08-02,jp,Japan,60,2,瞬き,back number,6rs1KAoQnFalSqSU4LTh8g,7hIfpcdUZcyCKHYy8gp49E,https://i.scdn.co/image/ab67616d00001e02ce51ffc5c742ed217779cb9d
2026-08-02,jp,Japan,61,6,HANABI,Mr.Children,1qma7XhwZotCAucL7NHVLY,77lmDcPPyY6kK907gdgC6i,https://i.scdn.co/image/ab67616d00001e024eb972483c4de7618b526019
2026-08-02,jp,Japan,62,10,WHATCHA DOIN,JO1,2koP6FEfIEVk4l2Fe6jFhu,0jIdJN8ZjQNVLmikkg0mnF,https://i.scdn.co/image/ab67616d00001e02a84b978e94c75756dca0a18e
2026-08-02,jp,Japan,63,3,新宝島,sakanaction,0hCWVMGGQnRVfDgmhwLIxq,4a48lWUd64bZgHUDx0GZlj,https://i.scdn.co/image/ab67616d00001e023bffc3038f2ace41272d9952
2026-08-02,jp,Japan,64,–,インフェルノ,Mrs. GREEN APPLE,4QvgGvpgzgyUOo8Yp8LDm9,2vOAHp8PBBFYqvQUWSoITY,https://i.scdn.co/image/ab67616d00001e0281f55cd879e9480e3ed313df
2026-08-02,jp,Japan,65,5,Never Grow Up,CHANMINA,2vjeuQwzSP5ErC1S41gONX,5aDgM8rYPT15CqjkN1EIKq,https://i.scdn.co/image/ab67616d00001e0266c40b99a73fab7a12ceb7a8
2026-08-02,jp,Japan,66,1,わたがし,back number,6rs1KAoQnFalSqSU4LTh8g,23NPPhiLqHywaExkaEey8l,https://i.scdn.co/image/ab67616d00001e0203808f76fad28ce8523f5ac6
2026-08-02,jp,Japan,67,4,Love So Sweet,ARASHI,1XYuC1vxinTjHCNd5clB8C,5I6JLJqnZICLvPebTj2YCm,https://i.scdn.co/image/ab67616d00001e02678947aeda2dc2b7aa22b8a7
2026-08-02,jp,Japan,68,10,クスシキ,Mrs. GREEN APPLE,4QvgGvpgzgyUOo8Yp8LDm9,57zS3lPil2VxdlBLXHu8l2,https://i.scdn.co/image/ab67616d00001e02232b48311e311ba914af2811
2026-08-02,jp,Japan,69,8,キセキ,GReeeeN,14T8NkbwXVZgbOvwnuGV89,7ztdl6cnbJgHRdMkKldkts,https://i.scdn.co/image/ab67616d00001e0257fc2bbd3061376a6058fc74
2026-08-02,jp,Japan,70,6,君が眩しいから僕は星が見えない,SIX LOUNGE,0hOOhY33adbUdYjrzJHYlX,2AofAbNYmyevuCF6JEnyOZ,https://i.scdn.co/image/ab67616d00001e028c6407f35ae6d47dccba10e8
2026-08-02,jp,Japan,71,11,Harunohi,Aimyon,5kVZa4lFUmAQlBogl1fkd6,1oNeSCt0CMekCyyLo06kFs,https://i.scdn.co/image/ab67616d00001e02d56ef749e7eeb2f070619bcc
2026-08-02,jp,Japan,72,6,Pretender,OFFICIAL HIGE DANDISM,5Vo1hnCRmCM6M4thZCInCj,15HNdxGKNCIO9pgaY4n7FU,https://i.scdn.co/image/ab67616d00001e02fc273337d7aafc7e907c383d
2026-08-02,jp,Japan,73,42,I Got Your Back,ILLIT; HANA,36cgvBn0aadzOijnjjwqMN; 7fmXV2O48buswss04YetaN,7rDleP2IpI5dpyzEcXcAUr,https://i.scdn.co/image/ab67616d00001e02c54aa6a97c499f2d85449c7e
2026-08-02,jp,Japan,74,22,Theater,King & Prince,1nzId6SLDDTUTRV7lNbgxp,6iltt0n1DkQ0AtCcwxXNZJ,https://i.scdn.co/image/ab67616d00001e0217729fc980bfd497e1a62dc3
2026-08-02,jp,Japan,75,8,Manatsu no Kajitsu,SOUTHERN ALL STARS,79nkC8XZ5ohEVU0Xlf5Ael,7k2lMxHBsiz4dlVb1HDy9b,https://i.scdn.co/image/ab67616d00001e02009b47bd4e617032e5e47e45
2026-08-02,jp,Japan,76,15,ダンスホール,Mrs. GREEN APPLE,4QvgGvpgzgyUOo8Yp8LDm9,4QIKSlDV5YIjr0kqT1Ad32,https://i.scdn.co/image/ab67616d00001e02232b48311e311ba914af2811
2026-08-02,jp,Japan,77,14,ハレンチ,RicalZ,1R3HG4XX9U3Lwhza62cBZn,2BfzhBl79bcPOHHXAXJkTY,https://i.scdn.co/image/ab67616d00001e02a6ce084b61a8a89c1fc00149
2026-08-02,jp,Japan,78,4,ブルーベリー・ナイツ,Macaroni Empitsu,1t17z3vfuc82cxSDMrvryJ,2UdvMWk0Z83lMJPbawy2Sm,https://i.scdn.co/image/ab67616d00001e02ad388532d6600cc70e57139d
2026-08-02,jp,Japan,79,6,Shape of You,Ed Sheeran,6eUKZXaKkcviH0Ku9w2n3V,7qiZfU4dY1lWllzX7mPBI3,https://i.scdn.co/image/ab67616d00001e02ba5db46f4b838ef6027e6f96
2026-08-02,jp,Japan,80,9,BAD,ATEEZ,68KmkJeZGfwe1OUaivBa2L,55UDXtbNJBAdTdUdbRu8T3,https://i.scdn.co/image/ab67616d00001e027e77585ffef632e51313b3e0
2026-08-02,jp,Japan,81,24,Who,Jimin,1oSPZhvZMIrWW5I41kPkkY,7tI8dRuH2Yc6RuoTjxo4dU,https://i.scdn.co/image/ab67616d00001e02f02c451189a709b9a952aaec
2026-08-02,jp,Japan,82,7,JANE DOE,Kenshi Yonezu; Hikaru Utada,1snhtMLeb2DYoMOcVbb8iB; 7lbSsjYACZHn1MSDXPxNF2,4oE7MyJhqSD3BaHRpNs8Nl,https://i.scdn.co/image/ab67616d00001e028131aa99fb87ff0e9c511851
2026-08-02,jp,Japan,83,4,ガーデン,Fujii Kaze,6bDWAcdtVR3WHz2xtiIPUi,5U4PgFWzfzY7VEg9Ck4ziF,https://i.scdn.co/image/ab67616d00001e02af62b027ee85ae2e2f7c9702
2026-08-02,jp,Japan,84,7,カリスマックス,Snow Man,0UuiWPm9FpWvRuWNrXO98N,6YGXfo3seXKt7rm7YDb9ne,https://i.scdn.co/image/ab67616d00001e022b1c215f78cddaa4a440c718
2026-08-02,jp,Japan,85,1,SUMMER SONG,YUI,5WBO8UyOuJ1l7ZBqqBimpO,1ZCFq7Fq1ZN5nI5GHXEAdg,https://i.scdn.co/image/ab67616d00001e02fdec3ee19da7cd9b1b02ca9c
2026-08-02,jp,Japan,86,5,TSUNAMI,SOUTHERN ALL STARS,79nkC8XZ5ohEVU0Xlf5Ael,2iXZA6Ecf9AZHw92tZBNLv,https://i.scdn.co/image/ab67616d00001e0243ea9e1f2ebeb01786d83676
2026-08-02,jp,Japan,87,7,ドライフラワー,Yuuri,0ixzjrK1wkN2zWBXt3VW3W,4kPlQKwtPrnqLgrmmKFSlA,https://i.scdn.co/image/ab67616d00001e02d0bd51668da5629aa0cc77d8
2026-08-02,jp,Japan,88,3,ロビンソン,SPITZ,5kjGRHClVacSyllOUqU1S0,0sVnyL71jTOuMt9TZ59bws,https://i.scdn.co/image/ab67616d00001e0216aeaa20fccbe7ef8e32f876
2026-08-02,jp,Japan,89,1,夏夜のマジック,indigo la End,26ZBeXl5Gqr3TAv2itmyCU,144pIQC3mpmUkZXMt8fIwb,https://i.scdn.co/image/ab67616d00001e024a0591543ec959eead4e2a1a
2026-08-02,jp,Japan,90,2,E Jan,M!LK,4jhJ8cnJ9vYKyCh289nuwQ,0jj4mLjwYcos3PPzjQwVzh,https://i.scdn.co/image/ab67616d00001e02ac7d7b79a3f5e6610779581e
2026-08-02,jp,Japan,91,6,GG EZ,M.Sasuke,75t1r7Dnlz4EDc1Dn7Yqtd,0kPlZm0R1uQpv6VerQF9cM,https://i.scdn.co/image/ab67616d00001e02165a5daacb06c80c0de752f6
2026-08-02,jp,Japan,92,24,なんでもないよ、,Macaroni Empitsu,1t17z3vfuc82cxSDMrvryJ,5W7Y92LB4jWvu9NeEQ0GZl,https://i.scdn.co/image/ab67616d00001e0228374927acef64f376e7bed5
2026-08-02,jp,Japan,93,6,SWIM,BTS,3Nrfpe0tUJi4K4DXYWgMUX,68lbSrXDORS51pmyjZv712,https://i.scdn.co/image/ab67616d00001e02dfa17fad7f190c901603270e
2026-08-02,jp,Japan,94,9,どうしてもどうしても,back number,6rs1KAoQnFalSqSU4LTh8g,6hlYmR30RGaHIz4UlVOG2U,https://i.scdn.co/image/ab67616d00001e026742a4c3db5d172a98733e91
2026-08-02,jp,Japan,95,7,115 million kilometer film,OFFICIAL HIGE DANDISM,5Vo1hnCRmCM6M4thZCInCj,278JqkBGkjDovOYAwE8TW7,https://i.scdn.co/image/ab67616d00001e02b0ab6e5ff8ba422784d60191
2026-08-02,jp,Japan,96,27,"BRUCE WAYNE feat. Flo Milli, ATL Jacob",BE:FIRST; Flo Milli; ATL Jacob,4wCW8kZ8LL7QIdcE8EOKPP; 08PvCOlef4xdOr20jFSTPd; 7jAs1uPnpfNmT6e5qtEPxq,479lHLFFoTDvl4s65jNs5v,https://i.scdn.co/image/ab67616d00001e02dd5798e4f6da0ea947ee9193
2026-08-02,jp,Japan,97,11,マイオンリー,SixTONES,7dhueqtbx2NVq1leXyqaNl,0CeyAPE5CjL749WIjveUAc,https://i.scdn.co/image/ab67616d00001e02a90ea8ab71e6ada1f1b79222
2026-08-02,jp,Japan,98,3,アイネクライネ,Kenshi Yonezu,1snhtMLeb2DYoMOcVbb8iB,45YBVp6zMwQZRbUDcPzmMB,https://i.scdn.co/image/ab67616d00001e024f220d17ad81c943221ce335
2026-08-02,jp,Japan,99,1,プラネタリウム,Ai Otsuka,0q7KOr99MYmwKxivChxpSd,3zfyzbHuqcT2AAffAyLm02,https://i.scdn.co/image/ab67616d00001e02bfca414b7a654241a6950e35
2026-08-02,jp,Japan,100,2,愛のレンタル,Macaroni Empitsu,1t17z3vfuc82cxSDMrvryJ,4GgI6ESeHw4SPqicVY3HPV,https://i.scdn.co/image/ab67616d00001e02ad388532d6600cc70e57139d
2026-08-02,jp,Japan,101,10,me me she,RADWIMPS,1EowJ1WwkMzkCkRomFhui7,0BYa5V0RyOYthDeCMUBJQZ,https://i.scdn.co/image/ab67616d00001e02a2f4114eb1e98cafef5a3f3d
2026-08-02,jp,Japan,102,1,幾億光年,Omoinotake,63ylN6WBUUxxMsySiDmr0B,5Ak1F5nGzM4KRhE0H1Q3CP,https://i.scdn.co/image/ab67616d00001e02734c65d0b31e87000e49b1ae
2026-08-02,jp,Japan,103,10,怪盗,back number,6rs1KAoQnFalSqSU4LTh8g,014Dp0tBp4d9uuFAvH1mlc,https://i.scdn.co/image/ab67616d00001e02fd363d834b815375814ae78e
2026-08-02,jp,Japan,104,5,小さな恋のうた,MONGOL800,2zUQjYvy0TevSi4d3PjqQO,23atyJacJVHvB9RHBNhr35,https://i.scdn.co/image/ab67616d00001e02c6a3678b061e8586d7a13db6
2026-08-02,jp,Japan,105,15,Let the Night,Aimyon,5kVZa4lFUmAQlBogl1fkd6,6kKvmT4i0Dercz6f3kftg3,https://i.scdn.co/image/ab67616d00001e023bc8c5a65f225815fa3844e1
2026-08-02,jp,Japan,106,1,On a Cherry Blossom Night,Aimyon,5kVZa4lFUmAQlBogl1fkd6,0H2n6GpHAMlujiER71ubMB,https://i.scdn.co/image/ab67616d00001e02ca9868f5b6ada24ce2fa0150
2026-08-02,jp,Japan,107,–,ツキミソウ,Novelbright,0jWCX6zp4RjWrmZRxJ2uri,6sElEqOIGENWjpxGFeo5ct,https://i.scdn.co/image/ab67616d00001e02a15dc066cec020b5da991c34
2026-08-02,jp,Japan,108,2,Lemon,Kenshi Yonezu,1snhtMLeb2DYoMOcVbb8iB,04TshWXkhV1qkqHzf31Hn6,https://i.scdn.co/image/ab67616d00001e02775e8184725e0fb89337dd9a
2026-08-02,jp,Japan,109,3,旅路,Fujii Kaze,6bDWAcdtVR3WHz2xtiIPUi,7uSLJCDetmdm3tQcoYLyty,https://i.scdn.co/image/ab67616d00001e02af62b027ee85ae2e2f7c9702
2026-08-02,jp,Japan,110,6,BPM (feat. KREVA),Kvi Baba; KREVA,5VxQzcVrakID2E4UxaDPNs; 6lAinPkC2U1Huibu6Vfr9R,6SMUXzvpo1dGg1N7QaMjvy,https://i.scdn.co/image/ab67616d00001e0228e2e4491b404294034e8a29
2026-08-02,jp,Japan,111,5,HOT LIMIT,T.M.Revolution,3jdzcmtw5XOmOkSb2mRDtr,28lzJcFE5mEwL9BkxQ4CrQ,https://i.scdn.co/image/ab67616d00001e02de9d193c6087fdcdf6b2f98a
2026-08-02,jp,Japan,112,10,さよならエレジー,SUDA MASAKI,6n4SsAp5VjvIBg3s9QCcPX,3oYD2O31b05fILFpv0AXRI,https://i.scdn.co/image/ab67616d00001e028d7af4bb11a16acd8c0d3e50
2026-08-02,jp,Japan,113,4,風と町,Mrs. GREEN APPLE,4QvgGvpgzgyUOo8Yp8LDm9,1ZcCFpGA7ufRBPsNIsTKa8,https://i.scdn.co/image/ab67616d00001e0279c23142d0d11887158fe9da
2026-08-02,jp,Japan,114,20,打上花火,Daoko; Kenshi Yonezu,5Qeyh2XKoITt1mlEVtzazC; 1snhtMLeb2DYoMOcVbb8iB,4IouQaO9GkaHC7AtMErdSa,https://i.scdn.co/image/ab67616d00001e02e7f0b1cfcf4da8333f7644aa
2026-08-02,jp,Japan,115,4,白日,King Gnu,6wxfx1yhyqjCPYwwxJktR2,172fMG26G2OoEzzg0wn26r,https://i.scdn.co/image/ab67616d00001e02a2272c8966971b7b04066241
2026-08-02,jp,Japan,116,9,"Stand by me, Stand by you.",HIRAIDAI,7JthQ6zwNzfxRfIEjp6wUs,7DyS11kB1YNrfDzQqtjmTh,https://i.scdn.co/image/ab67616d00001e0286a86bc3753b237672859788
2026-08-02,jp,Japan,117,14,"Us, again",SG,216arN9tLMMn2ltwEAxmF5,6II2hXGYMd9cTZWshcPUf8,https://i.scdn.co/image/ab67616d00001e02db8a565ed6823c6fdee35387
2026-08-02,jp,Japan,118,10,Happiness,ARASHI,1XYuC1vxinTjHCNd5clB8C,5p2NSsBiaKK1CJwM7Rc1Yp,https://i.scdn.co/image/ab67616d00001e029c3da739aa25fc886f0263c9
2026-08-02,jp,Japan,119,1,シルエット,KANA-BOON,3PWp9R5HvbQgxI5KBx5kVd,1di1C0QI6Y92yZPYn6XYAZ,https://i.scdn.co/image/ab67616d00001e0264be01336a8f917538a60b74
2026-08-02,jp,Japan,120,11,Naminori Johnny [2022 Remaster],Keisuke Kuwata,6YIqgghQqnkNne8BKQpW6v,1vj2fZ0MW8kcHG6lHoFRJW,https://i.scdn.co/image/ab67616d00001e027392794a4a3d2fb26052ec12
2026-08-02,jp,Japan,121,8,Subtitle,OFFICIAL HIGE DANDISM,5Vo1hnCRmCM6M4thZCInCj,5ZkHkXPHrIM8K5twCe78i9,https://i.scdn.co/image/ab67616d00001e02f780c0095cdf7f718c71af8e
2026-08-02,jp,Japan,122,13,ベテルギウス,Yuuri,0ixzjrK1wkN2zWBXt3VW3W,4JK1kDUdH9RTBQrrSO1QfR,https://i.scdn.co/image/ab67616d00001e02d0bd51668da5629aa0cc77d8
2026-08-02,jp,Japan,123,14,Mela!,Ryokuoushoku Shakai,4SJ7qRgJYNXB9Yttzs4aSa,6IO5nn84TKArsi3cjpIqaD,https://i.scdn.co/image/ab67616d00001e02c753d46683786eed63d41a90
2026-08-02,jp,Japan,124,10,Billie Jean,Michael Jackson,3fMbdgg4jU18AjLCKBhRSm,7J1uxwnxfQLu4APicE5Rnj,https://i.scdn.co/image/ab67616d00001e0232a7d87248d1b75463483df5
2026-08-02,jp,Japan,125,1,ワタリドリ,[Alexandros],1luOe8HkZQ7zwuaO2wuJqI,0ve9Tpz8Yw0I4eXhWsy21o,https://i.scdn.co/image/ab67616d00001e02ee9ddd9ff22b6ea5458b8f29
2026-08-02,jp,Japan,126,7,満ちてゆく,Fujii Kaze,6bDWAcdtVR3WHz2xtiIPUi,3Ez9uxIM4nwbAZRAdJvBxS,https://i.scdn.co/image/ab67616d00001e024f079859392a11ff71b94814
2026-08-02,jp,Japan,127,–,I Love...,OFFICIAL HIGE DANDISM,5Vo1hnCRmCM6M4thZCInCj,5wWLNNwMAehpj83FU4Lz0m,https://i.scdn.co/image/ab67616d00001e02bbf9d502f3ce4a15b3c43f7a
2026-08-02,jp,Japan,128,12,天体観測,BUMP OF CHICKEN,0hSFeqPehe7FtCNWuQ6Bsy,3hRRYgBeunE3PTmnzATTS0,https://i.scdn.co/image/ab67616d00001e02f5017c120597ec5a35015ef6
2026-08-02,jp,Japan,129,–,Fukakoryoku,Vaundy,2IUl3m1H1EQ7QfNbNWvgru,6AncLCxf4U7ivJEaqih9zA,https://i.scdn.co/image/ab67616d00001e02cf855f0c6dee3a4b541b48e7
2026-08-02,jp,Japan,130,10,美しい鰭,SPITZ,5kjGRHClVacSyllOUqU1S0,1H3qOzheTPhE7aVvJOWfvA,https://i.scdn.co/image/ab67616d00001e02622ca4b0159cc73e9c7c1c57
2026-08-02,jp,Japan,131,14,Magic,Mrs. GREEN APPLE,4QvgGvpgzgyUOo8Yp8LDm9,170XOP1T4MvY9TLTgPw07D,https://i.scdn.co/image/ab67616d00001e02d482c602732da71e7cdf04c3
2026-08-02,jp,Japan,132,4,W / X / Y,Tani Yuuki,0B1ce3uNrzkdm76NXI4mhX,4IfrM44LofE9bSs6TDZS49,https://i.scdn.co/image/ab67616d00001e02a2228dec6c49ad500f9de234
2026-08-02,jp,Japan,133,11,Magnetic,ILLIT,36cgvBn0aadzOijnjjwqMN,1aKvZDoLGkNMxoRYgkckZG,https://i.scdn.co/image/ab67616d00001e02f037c5fb9de6c78726cb8e2c
2026-08-02,jp,Japan,134,12,Beauty And A Beat,Justin Bieber; Nicki Minaj,1uNFoZAHBGtllmzznpCI3s; 0hCNtLu0JehylgoiP8L4Gh,6QFCMUUq1T2Vf5sFUXcuQ7,https://i.scdn.co/image/ab67616d00001e02f1d02a6cec967f8b6b78f76e
2026-08-02,jp,Japan,135,1,Golden,HUNTR/X; EJAE; AUDREY NUNA; REI AMI; KPop Demon Hunters Cast,2yNNYQBChuox9A5Ka93BIn; 0RMJOzHDhAKY1o2j0W0vxY; 0Wwji82sLA0Hcvtuak3omb; 6U1dV7aL68N7Gb0Naq34V5; 7mW7Tv7NvywKKXqafZo0Lc,1CPZ5BxNNd0n0nF4Orb9JS,https://i.scdn.co/image/ab67616d00001e024dcb6c5df15cf74596ab25a4
2026-08-02,jp,Japan,136,30,愛とか恋とか,Novelbright,0jWCX6zp4RjWrmZRxJ2uri,1VHL1PIkhDwWbFc65xHwOr,https://i.scdn.co/image/ab67616d00001e027b5dacdec4e8cc4ce9b93665
2026-08-02,jp,Japan,137,9,チェックのワンピース,back number,6rs1KAoQnFalSqSU4LTh8g,3TpD7kfsRSbXYzYvug4yey,https://i.scdn.co/image/ab67616d00001e024951a4f5f9d719dfa4ef3d75
2026-08-02,jp,Japan,138,3,花,Fujii Kaze,6bDWAcdtVR3WHz2xtiIPUi,4CRqeGDZZ9IgvrfkAnbv57,https://i.scdn.co/image/ab67616d00001e024f079859392a11ff71b94814
2026-08-02,jp,Japan,139,16,Beat It,Michael Jackson,3fMbdgg4jU18AjLCKBhRSm,3BovdzfaX4jb5KFQwoPfAw,https://i.scdn.co/image/ab67616d00001e0232a7d87248d1b75463483df5
2026-08-02,jp,Japan,140,1,グッタイム,Snow Man,0UuiWPm9FpWvRuWNrXO98N,0bC8wYBhXCynw1Jt6QgMrg,https://i.scdn.co/image/ab67616d00001e02a723614a89ac1214ba593f17
2026-08-02,jp,Japan,141,2,感電,Kenshi Yonezu,1snhtMLeb2DYoMOcVbb8iB,6H0PLsSYMzDOqhLgyOlzIj,https://i.scdn.co/image/ab67616d00001e02775e8184725e0fb89337dd9a
2026-08-02,jp,Japan,142,4,ともに,WANIMA,6YqdtpUutxodni6lUD4stM,6FHgHDXiGnRfhrSok9xAz3,https://i.scdn.co/image/ab67616d00001e02be77ec342dae727a2ce8c7d7
2026-08-02,jp,Japan,143,7,Ice Cream,YEONJUN,2Mo2yHjmrDRZW7yRuJwR2w,10aWlzB6sD6iF58yKPMgVB,https://i.scdn.co/image/ab67616d00001e02507b4d02c0225d567b3871f4
2026-08-02,jp,Japan,144,2,Itsuka,Saucy Dog,4WqXqPmUuenMIr4QaFrZXN,5gjAdhfzftzFR7sriEYUCt,https://i.scdn.co/image/ab67616d00001e02a78d1ec6ed9fedac2301af7b
2026-08-02,jp,Japan,145,5,REDRED,CORTIS,1ebt9HnXdyYA6KgLXr1n4P,2fCwv2ppU5nTRTckomIGsd,https://i.scdn.co/image/ab67616d00001e0224ace1518851b27e9983f739
2026-08-02,jp,Japan,146,5,だから僕は音楽を辞めた,Yorushika,4UK2Lzi6fBfUi9rpDt6cik,5j7ixaLeGTGSv4DzKs0pCM,https://i.scdn.co/image/ab67616d00001e02b1b3b83ffee5925197e7ef2c
2026-08-02,jp,Japan,147,7,Lovers,sumika,0ySFZq3Wd0SQUyJUzmJAeb,6IEqiEgTQn4FwE0seKXFZO,https://i.scdn.co/image/ab67616d00001e02b4695efdcdd9e57051815e48
2026-08-02,jp,Japan,148,18,Dai Dai,Shakira; Burna Boy,0EmeFodog0BfCgMzAIvKQp; 3wcj11K77LjEY1PkEazffa,0kosUz0jePvjiz4ctmR6wL,https://i.scdn.co/image/ab67616d00001e0203cadf1b3fe324c1dc710ed4
2026-08-02,jp,Japan,149,28,Shiozaki Wonderland (Daichi Shiozaki),M!LK,4jhJ8cnJ9vYKyCh289nuwQ,5NMRvK9FqPwbAbB7okqxXo,https://i.scdn.co/image/ab67616d00001e02c5f27e2eb874ed4f2bee4a58
2026-08-02,jp,Japan,150,3,魔法の絨毯,Takaya Kawasaki,3BjFX1nExMNHvSaoLd1I1k,3PK5ERLCyMuQ5Cb89GbZVL,https://i.scdn.co/image/ab67616d00001e025af8657f74b75c09c6a66a30
2026-08-02,jp,Japan,151,11,Shukumei,OFFICIAL HIGE DANDISM,5Vo1hnCRmCM6M4thZCInCj,0XaHPBAzPAC5ubwcRBqc1p,https://i.scdn.co/image/ab67616d00001e02fc273337d7aafc7e907c383d
2026-08-02,jp,Japan,152,11,さよーならまたいつか！- Sayonara,Kenshi Yonezu,1snhtMLeb2DYoMOcVbb8iB,5pN2AyWwjzwRoI7gukEVNd,https://i.scdn.co/image/ab67616d00001e0203d3216d6c463f993c96c9c7
2026-08-02,jp,Japan,153,1,Cinderella Boy,Saucy Dog,4WqXqPmUuenMIr4QaFrZXN,4ZIr1NSxVihtHcD6EnG65f,https://i.scdn.co/image/ab67616d00001e029efb3f62b3d4862c7bd5d6a1
2026-08-02,jp,Japan,154,1,晩餐歌 - Bansanka,tuki.,1Y5vJqABeI6QI6R95EDV6o,075HUD50Nuea3rNaABIsNZ,https://i.scdn.co/image/ab67616d00001e022d68ffbcaeaa5e6fbe102202
2026-08-02,jp,Japan,155,6,君と夏フェス,SHISHAMO,6MGHit7sV38BhpChZYByFv,74zARC4MuJSrlq0QaaE13j,https://i.scdn.co/image/ab67616d00001e0292c81b46a52de26a50e02f74
2026-08-02,jp,Japan,156,1,Wherever you are,ONE OK ROCK,7k73EtZwoPs516ZxE72KsO,1TZjEATJpF5LaVL7oJHDMn,https://i.scdn.co/image/ab67616d00001e02e8336ffe34220ffc7729c233
2026-08-02,jp,Japan,157,1,GOOD DAY,Mrs. GREEN APPLE,4QvgGvpgzgyUOo8Yp8LDm9,61UOoqGI1B9qdeD5Dzupyb,https://i.scdn.co/image/ab67616d00001e02cd0ab9dc9d7c0a58553005a6
2026-08-02,jp,Japan,158,6,セレナーデ,natori,6WmXWHmfBMhupyIs8MSqtu,0CWAQlHsvfqcKJVVz9up2R,https://i.scdn.co/image/ab67616d00001e0229f649edf51edde6fdf01a09
2026-08-02,jp,Japan,159,10,ロマンチシズム,Mrs. GREEN APPLE,4QvgGvpgzgyUOo8Yp8LDm9,0JcI7OdALbpSFkyKoufRYs,https://i.scdn.co/image/ab67616d00001e0281f55cd879e9480e3ed313df
2026-08-02,jp,Japan,160,39,One Love,ARASHI,1XYuC1vxinTjHCNd5clB8C,3r6Am8NvUDbuS2Yqv76ivi,https://i.scdn.co/image/ab67616d00001e025d21e1c01f9e127efff4e23e
2026-08-02,jp,Japan,161,–,First Love,Hikaru Utada,7lbSsjYACZHn1MSDXPxNF2,39HrUxcvKF3jtLz7fUDWXc,https://i.scdn.co/image/ab67616d00001e024fa36b14a276fe560940baa0
2026-08-02,jp,Japan,162,3,STAY (with Justin Bieber),The Kid LAROI; Justin Bieber,2tIP7SsRs7vjIcLrU85W8J; 1uNFoZAHBGtllmzznpCI3s,567e29TDzLwZwfDuEpGTwo,https://i.scdn.co/image/ab67616d00001e02b4d59e6fa7e5e7cbc57ac33a
2026-08-02,jp,Japan,163,8,Ellie My Love [2024 Remaster],SOUTHERN ALL STARS,79nkC8XZ5ohEVU0Xlf5Ael,2LtG3J6QQK1ETcGLaDcHbY,https://i.scdn.co/image/ab67616d00001e0275b12b67d6eeb66066b86bc7
2026-08-02,jp,Japan,164,Re-Entry,頬を濡らす雨のように,back number,6rs1KAoQnFalSqSU4LTh8g,319VtHh8vtMRqSoZigWOtT,https://i.scdn.co/image/ab67616d00001e02783ed3c2af46af7ab7c671c0
2026-08-02,jp,Japan,165,9,ミスター・ブルースカイ,Macaroni Empitsu,1t17z3vfuc82cxSDMrvryJ,6glcoO077gTGhgdVI9X5wA,https://i.scdn.co/image/ab67616d00001e0234b9dfe360fcfadd776159fc
2026-08-02,jp,Japan,166,7,Natsuiro,YUZU,7lNFzeAXmSIKexINNgO6bu,3nYe3TNoETmeXkseSdnUFz,https://i.scdn.co/image/ab67616d00001e025c351f14fff41707a02c2a3a
2026-08-02,jp,Japan,167,1,Story,AI,0aD7NQx7yauKlVDnqOxk6q,0V2axJ946WH1vt9t5SGMLV,https://i.scdn.co/image/ab67616d00001e0247a3624f693bef84341f2c94
2026-08-02,jp,Japan,168,Re-Entry,愛唄,GReeeeN,14T8NkbwXVZgbOvwnuGV89,7iXHLtPosbHvglVSJ4rxLq,https://i.scdn.co/image/ab67616d00001e0289b4d69bb7719af21f770f3f
2026-08-02,jp,Japan,169,9,KISS N TELL,aespa,6YVMFz59CuY7ngCxTxjpxE,3Fse9qXqMNey4TL5mLy8IF,https://i.scdn.co/image/ab67616d00001e02304c46fde5f5244a66f7317b
2026-08-02,jp,Japan,170,44,友よ 〜 この先もずっと・・・,Ketsumeishi,4FyAgiZa3q0eeljDvcOXFh,3A0VFRUxhqpJeOxo0rklqC,https://i.scdn.co/image/ab67616d00001e025502aa8d233ddd790a3a9d44
2026-08-02,jp,Japan,171,15,RPG,SEKAI NO OWARI,7HwzlRPa9Ad0I8rK0FPzzK,7facNrW6VRW8s3ICZ8G1uW,https://i.scdn.co/image/ab67616d00001e024b17a98d5c1bcbd868cc921d
2026-08-02,jp,Japan,172,9,Seven (feat. Latto) (Explicit Ver.),Jung Kook; Latto,6HaGTQPmzraVmaVxvz6EUc; 3MdXrJWsbVzdn6fe5JYkSQ,2HRgqmZQC0MC7GeNuDIXHN,https://i.scdn.co/image/ab67616d00001e02741fd4807f442af3f7359316
2026-08-02,jp,Japan,173,3,アゲハ蝶,PornoGraffitti,5jQa0f5MIMPEK7udL7UpI6,3blWd9ZEt4VSY5udhugpRs,https://i.scdn.co/image/ab67616d00001e02968db95fef5d119ec3850d49
2026-08-02,jp,Japan,174,3,花に亡霊,Yorushika,4UK2Lzi6fBfUi9rpDt6cik,3FUqp10RhCmMjyyB9extmo,https://i.scdn.co/image/ab67616d00001e022794743c6eb13addc2b01420
2026-08-02,jp,Japan,175,2,Walking with you,Novelbright,0jWCX6zp4RjWrmZRxJ2uri,7tGDXCPLpAScEwmqab9YZd,https://i.scdn.co/image/ab67616d00001e02e984d27d0de318dc56f123d4
2026-08-02,jp,Japan,176,1,Bad Girl,HANA,7fmXV2O48buswss04YetaN,2bLQ0HMyuUWI7uPRzCy5Lo,https://i.scdn.co/image/ab67616d00001e026dfc60ab085c9ceda0557548
2026-08-02,jp,Japan,177,Re-Entry,春愁,Mrs. GREEN APPLE,4QvgGvpgzgyUOo8Yp8LDm9,5SHguvOUbyPTINNjCvRo8K,https://i.scdn.co/image/ab67616d00001e0235559b23aa4aeba5bf5c18a9
2026-08-02,jp,Japan,178,Re-Entry,日曜日,back number,6rs1KAoQnFalSqSU4LTh8g,1LDxe7AgJ7DRYdV012EmyR,https://i.scdn.co/image/ab67616d00001e0203808f76fad28ce8523f5ac6
2026-08-02,jp,Japan,179,Re-Entry,僕は君の事が好きだけど君は僕を別に好きじゃないみたい,back number,6rs1KAoQnFalSqSU4LTh8g,1WutVejYvP7220sofj3xId,https://i.scdn.co/image/ab67616d00001e0259a14a1d53eb5610f84c8382
2026-08-02,jp,Japan,180,13,What Makes You Beautiful,One Direction,4AK6F7OLvEQ5QYCBNiQWHq,4cluDES4hQEUhmXj6TXkSo,https://i.scdn.co/image/ab67616d00001e024a5584795dc73860653a9a3e
2026-08-02,jp,Japan,181,10,napori,Vaundy,2IUl3m1H1EQ7QfNbNWvgru,7hDX39mc6Uf6zp8RXYUQ6d,https://i.scdn.co/image/ab67616d00001e02cf855f0c6dee3a4b541b48e7
2026-08-02,jp,Japan,182,Re-Entry,また逢う日まで,HIRAIDAI,7JthQ6zwNzfxRfIEjp6wUs,3awymLmIrvn9lkJeFpmRSf,https://i.scdn.co/image/ab67616d00001e020b9da87104796c7f64996da3
2026-08-02,jp,Japan,183,3,空も飛べるはず,SPITZ,5kjGRHClVacSyllOUqU1S0,3P2aSkjcbUYbcYr13EFE8n,https://i.scdn.co/image/ab67616d00001e0243a4feca9399f68cc2ba1200
2026-08-02,jp,Japan,184,14,LAVALAVA,Number_i,4XFkDALFTsSHVnRtJSsaMN,6V89aTBN9tKj7vxHimz13V,https://i.scdn.co/image/ab67616d00001e02ee5d0c9b74cc52f066a6b572
2026-08-02,jp,Japan,185,Re-Entry,群青,YOASOBI,64tJ2EAv1R6UaZqc4iOCyj,1zd35Y44Blc1CwwVbW3Qnk,https://i.scdn.co/image/ab67616d00001e0239917845c74c9e64320fbed9
2026-08-02,jp,Japan,186,13,No Doubt,OFFICIAL HIGE DANDISM,5Vo1hnCRmCM6M4thZCInCj,5DMEvbg3gUmiR5HIBWdveV,https://i.scdn.co/image/ab67616d00001e02b0ab6e5ff8ba422784d60191
2026-08-02,jp,Japan,187,Re-Entry,アイラブユー,back number,6rs1KAoQnFalSqSU4LTh8g,34ayWAUrQcrjlKZOJAzqke,https://i.scdn.co/image/ab67616d00001e02fd363d834b815375814ae78e
2026-08-02,jp,Japan,188,3,踊り子,Vaundy,2IUl3m1H1EQ7QfNbNWvgru,1YXot2MLAG9sttepCtBRM7,https://i.scdn.co/image/ab67616d00001e02e0c3a68b9981c2e7b25f9737
2026-08-02,jp,Japan,189,Re-Entry,プロポーズ,natori,6WmXWHmfBMhupyIs8MSqtu,2BcQfb9SfauDQdeXHTfLsT,https://i.scdn.co/image/ab67616d00001e0229f649edf51edde6fdf01a09
2026-08-02,jp,Japan,190,Re-Entry,Animal,KATSEYE,3c0gDdb9lhnHGFtP4prQpn,3ouNEk0tv5TTi8VWMe1xbX,https://i.scdn.co/image/ab67616d00001e029e8d48f27391ce383862b8e8
2026-08-02,jp,Japan,191,15,Dynamite,BTS,3Nrfpe0tUJi4K4DXYWgMUX,5QDLhrAOJJdNAmCTJ8xMyW,https://i.scdn.co/image/ab67616d00001e02c07d5d2fdc02ae252fcd07e5
2026-08-02,jp,Japan,192,Re-Entry,Kisshug,aiko,6TDMbiQCWeMClsMr9ORLRK,2Pg6Ky5dzhWHv8uB9fNiOR,https://i.scdn.co/image/ab67616d00001e02e7d9d5110e2c127df67183d8
2026-08-02,jp,Japan,193,61,Suki,Gen Hoshino,1S2S00lgLYLGHWA44qGEUs,6MDEjTLKMKJFcLTF274VSK,https://i.scdn.co/image/ab67616d00001e0274288243e11b8de17f9d3e52
2026-08-02,jp,Japan,194,3,Beautiful,Superfly,5M8AXrOifBT8elkLKbGPQZ,2ruHYPN3a77Ra8WvvPyfwb,https://i.scdn.co/image/ab67616d00001e02143971d98dba3b2830e39799
2026-08-02,jp,Japan,195,3,丸ノ内サディスティック,Sheena Ringo,2XjqKvB2Xz9IdyjWPIHaXi,1mWN1USPKg632qQXG9sfDL,https://i.scdn.co/image/ab67616d00001e0246be6d955cd9c389fd7da5b2
2026-08-02,jp,Japan,196,7,Kimi to Hitsuji to Ao,RADWIMPS,1EowJ1WwkMzkCkRomFhui7,17A3UTMUWzCRn7I42exBhF,https://i.scdn.co/image/ab67616d00001e02c0c53dcf5bb71d127b8eab7f
2026-08-02,jp,Japan,197,4,Tiger,HANA,7fmXV2O48buswss04YetaN,20VZXnRzvcS0qVMOThjjmM,https://i.scdn.co/image/ab67616d00001e02c42d40d89849e922c95b9f32
2026-08-02,jp,Japan,198,Re-Entry,ビリミリオン,Yuuri,0ixzjrK1wkN2zWBXt3VW3W,7M0dIdZWN1FDcveRdoOzbZ,https://i.scdn.co/image/ab67616d00001e02188327ac9022d86ad2dd6483
2026-08-02,jp,Japan,199,9,ai no hana,Aimyon,5kVZa4lFUmAQlBogl1fkd6,49DUifaclCSbxQa1upNXuO,https://i.scdn.co/image/ab67616d00001e02cd91f4525c81a262ddf88ccc
2026-08-02,jp,Japan,200,5,サウダージ,PornoGraffitti,5jQa0f5MIMPEK7udL7UpI6,2qz5Y02YNkTHRQarTvFhpi,https://i.scdn.co/image/ab67616d00001e02266c626fb387ac477faf316d
2026-08-02,global,Global,1,–,hate that i made you love me,Ariana Grande,66CXWjxzNUsdJxJ2JdwvnR,3iy2QuCtCzpWnR6tia39AB,https://i.scdn.co/image/ab67616d00001e028baf677ee2d8dda6cc9fcbd7
2026-08-02,global,Global,2,–,Dai Dai,Shakira; Burna Boy,0EmeFodog0BfCgMzAIvKQp; 3wcj11K77LjEY1PkEazffa,0kosUz0jePvjiz4ctmR6wL,https://i.scdn.co/image/ab67616d00001e0203cadf1b3fe324c1dc710ed4
2026-08-02,global,Global,3,–,petal,Ariana Grande,66CXWjxzNUsdJxJ2JdwvnR,70pVCVMGjmIWPbWXDwf11e,https://i.scdn.co/image/ab67616d00001e028baf677ee2d8dda6cc9fcbd7
2026-08-02,global,Global,4,–,Beauty And A Beat,Justin Bieber; Nicki Minaj,1uNFoZAHBGtllmzznpCI3s; 0hCNtLu0JehylgoiP8L4Gh,6QFCMUUq1T2Vf5sFUXcuQ7,https://i.scdn.co/image/ab67616d00001e02f1d02a6cec967f8b6b78f76e
2026-08-02,global,Global,5,1,Animal,KATSEYE,3c0gDdb9lhnHGFtP4prQpn,3ouNEk0tv5TTi8VWMe1xbX,https://i.scdn.co/image/ab67616d00001e029e8d48f27391ce383862b8e8
2026-08-02,global,Global,6,1,Earrings,Malcolm Todd,7eKkW1zo5uzW8kUntiiBvz,0eAuGrXyGFYwur9ARUe7LJ,https://i.scdn.co/image/ab67616d00001e022c1f34ecc1929fb59908aad1
2026-08-02,global,Global,7,1,SWIM,BTS,3Nrfpe0tUJi4K4DXYWgMUX,68lbSrXDORS51pmyjZv712,https://i.scdn.co/image/ab67616d00001e02dfa17fad7f190c901603270e
2026-08-02,global,Global,8,3,Billie Jean,Michael Jackson,3fMbdgg4jU18AjLCKBhRSm,7J1uxwnxfQLu4APicE5Rnj,https://i.scdn.co/image/ab67616d00001e0232a7d87248d1b75463483df5
2026-08-02,global,Global,9,6,The One That Got Away,Katy Perry,6jJ0s89eD6GaHleKKya26X,2009X8GyWTqyxIdzAEYW6N,https://i.scdn.co/image/ab67616d00001e021d955011a3ed477dc77865ad
2026-08-02,global,Global,10,1,Babydoll,Dominic Fike,6USv9qhCn6zfxlBQIYJ9qs,7yNf9YjeO5JXUE3JEBgnYc,https://i.scdn.co/image/ab67616d00001e027b1b6f41c1645af9757d5616
2026-08-02,global,Global,11,2,Wonderwall - Remastered,Oasis,2DaxqgrOhkeH0fpeiQq2f4,5qqabIl2vWzo9ApSC317sa,https://i.scdn.co/image/ab67616d00001e0285e5dcc05cc216a10f141480
2026-08-02,global,Global,12,–,Self Aware,Temper City,5mHUmlJWkcoOk1NbjfrXWz,4qW3BbQAwZsrnu8a3ZRdyT,https://i.scdn.co/image/ab67616d00001e02d6c26d2ae723f7ab553d64cc
2026-08-02,global,Global,13,4,back to friends,sombr,4G9NDjRyZFDlJKMRL8hx3S,7qjZnBKE73H4Oxkopwulqe,https://i.scdn.co/image/ab67616d00001e024229702de91cb3d3a4383302
2026-08-02,global,Global,14,7,stupid song,Olivia Rodrigo,1McMsnEElThX1knmY4oliG,49j6SvuvWfbEKZKzsHCdLJ,https://i.scdn.co/image/ab67616d00001e026949b83f85d782b21ce70583
2026-08-02,global,Global,15,3,Iris,The Goo Goo Dolls,2sil8z5kiy4r76CRTXxBCA,6Qyc6fS4DsZjB2mRW9DsQs,https://i.scdn.co/image/ab67616d00001e02eda9478c39a21e1cdc6609ca
2026-08-02,global,Global,16,7,the cure,Olivia Rodrigo,1McMsnEElThX1knmY4oliG,55pBIZO1cqoldeqpp5WR7H,https://i.scdn.co/image/ab67616d00001e025cf234eeb7a2edf44bf64a46
2026-08-02,global,Global,17,7,kiss me,Ariana Grande,66CXWjxzNUsdJxJ2JdwvnR,0lok0VDJn0zRvHLBCITSSw,https://i.scdn.co/image/ab67616d00001e028baf677ee2d8dda6cc9fcbd7
2026-08-02,global,Global,18,15,Sesi Potret,eńau; Ari Lesmana,0agUNq8PH1QSgm88EuhM1u; 3MMDw11m6HJrXlGOE3honc,4xoY4lZNoTjEuHsSmhgF1G,https://i.scdn.co/image/ab67616d00001e02172768978c7f929803ad7e8b
2026-08-02,global,Global,19,–,Choosin' Texas,Ella Langley,6BRxQ8cD3eqnrVj6WKDok8,7scFxt9VhL4FJwuPSfRlfN,https://i.scdn.co/image/ab67616d00001e028606848da949bbaddf447d87
2026-08-02,global,Global,20,2,End of Beginning,Djo,5p9HO3XC5P3BLxJs5Mtrhm,3qhlB30KknSejmIvZZLjOD,https://i.scdn.co/image/ab67616d00001e02fddfffec51b4580acae727c1
2026-08-02,global,Global,21,7,like i do,Ariana Grande,66CXWjxzNUsdJxJ2JdwvnR,3d1oTMjtfVySbAYQp3v4MU,https://i.scdn.co/image/ab67616d00001e028baf677ee2d8dda6cc9fcbd7
2026-08-02,global,Global,22,2,Jamaican (Bam Bam),HUGEL; SOLTO (FR),5PlfkPxwCpRRWQJBxCa0By; 0F3tUZeb9dLNEpxCpzEBQt,7e4zDInS6tA2jwzphvs2Ay,https://i.scdn.co/image/ab67616d00001e02450a730dd72f3bf49882ae9d
2026-08-02,global,Global,23,7,drop dead,Olivia Rodrigo,1McMsnEElThX1knmY4oliG,3fRCAPMMZ8l8P9YKI6OCzD,https://i.scdn.co/image/ab67616d00001e026949b83f85d782b21ce70583
2026-08-02,global,Global,24,11,stay,Ariana Grande,66CXWjxzNUsdJxJ2JdwvnR,0QltPqkR4dnhbINyBOU5SY,https://i.scdn.co/image/ab67616d00001e028baf677ee2d8dda6cc9fcbd7
2026-08-02,global,Global,25,12,Treat You Better,Shawn Mendes,7n2wHs1TKAczGzO7Dd2rGr,3QGsuHI8jO1Rx4JWLUh9jd,https://i.scdn.co/image/ab67616d00001e021376b4b16f4bfcba02dc571b
2026-08-02,global,Global,26,10,oh well,Ariana Grande,66CXWjxzNUsdJxJ2JdwvnR,5DZOKNtaoVEssXu9ltcMjx,https://i.scdn.co/image/ab67616d00001e028baf677ee2d8dda6cc9fcbd7
2026-08-02,global,Global,27,–,Man I Need,Olivia Dean,00x1fYSGhdqScXBRpSj3DW,1qbmS6ep2hbBRaEZFpn7BX,https://i.scdn.co/image/ab67616d00001e02e3d69e17dde129037a1f09e2
2026-08-02,global,Global,28,3,Die With A Smile,Lady Gaga; Bruno Mars,1HY2Jd0NmPuamShAr6KMms; 0du5cEVh5yTK9QJze8zA0C,7so0lgd0zP2Sbgs2d7a1SZ,https://i.scdn.co/image/ab67616d00001e02b0860cf0a98e09663c82290c
2026-08-02,global,Global,29,4,Beat It,Michael Jackson,3fMbdgg4jU18AjLCKBhRSm,3BovdzfaX4jb5KFQwoPfAw,https://i.scdn.co/image/ab67616d00001e0232a7d87248d1b75463483df5
2026-08-02,global,Global,30,4,Love Me Not,Ravyn Lenae,5RTLRtXjbXI2lSXc6jxlAz,4WFgvKVfEhb3IUAFGrutTR,https://i.scdn.co/image/ab67616d00001e020e62daaea2c7b94053e1c142
2026-08-02,global,Global,31,3,DtMF,Bad Bunny,4q3ewBCX7sLwd24euuV69X,3sK8wGT43QFpWrvNQsrQya,https://i.scdn.co/image/ab67616d00001e02bbd45c8d36e0e045ef640411
2026-08-02,global,Global,32,8,Sweater Weather,The Neighbourhood,77SW9BnxLY8rJ0RciFqkHh,0cQVqPuHQP4KEwc7ZUQmj6,https://i.scdn.co/image/ab67616d00001e028265a736a1eb838ad5a0b921
2026-08-02,global,Global,33,13,big feelings,Ariana Grande,66CXWjxzNUsdJxJ2JdwvnR,6MFSqc8pzXlwfzXqWZEKd4,https://i.scdn.co/image/ab67616d00001e028baf677ee2d8dda6cc9fcbd7
2026-08-02,global,Global,34,21,Sailor Song,Gigi Perez,1iCnM8foFssWlPRLfAbIwo,21IYMdzTrzSe191Cy5eMap,https://i.scdn.co/image/ab67616d00001e0249c26270052e1671add569c1
2026-08-02,global,Global,35,3,Mr. Brightside,The Killers,0C0XlULifJtAgn6ZNCW2eu,003vvx7Niy0yvhvHt4a68B,https://i.scdn.co/image/ab67616d00001e02ccdddd46119a4ff53eaf1f5d
2026-08-02,global,Global,36,3,Every Breath You Take,The Police,5NGO30tJxFlKixkPSgXcFE,1JSTJqkT5qHq8MDJnJbRE1,https://i.scdn.co/image/ab67616d00001e02c8e97cafeb2acb85b21a777e
2026-08-02,global,Global,37,8,BIRDS OF A FEATHER,Billie Eilish,6qqNVTkY8uBg9cP3Jd7DAH,6dOtVTDdiauQNBQEDOtlAB,https://i.scdn.co/image/ab67616d00001e0271d62ea7ea8a5be92d3c1f62
2026-08-02,global,Global,38,2,The Fate of Ophelia,Taylor Swift,06HL4z0CvFAxyc27GXpf02,53iuhJlwXhSER5J2IYYv1W,https://i.scdn.co/image/ab67616d00001e02d7812467811a7da6e6a44902
2026-08-02,global,Global,39,4,Ordinary,Alex Warren,0fTSzq9jAh4c36UVb4V7CB,2RkZ5LkEzeHGRsmDqKwmaJ,https://i.scdn.co/image/ab67616d00001e028d18d73bbfc8985d52865edf
2026-08-02,global,Global,40,3,Risk It All,Bruno Mars,0du5cEVh5yTK9QJze8zA0C,5y2ijHECwFYWqcAHKTZgzD,https://i.scdn.co/image/ab67616d00001e023eb8dc748f7efb1470f74395
2026-08-02,global,Global,41,7,Cinderella (feat. Ty Dolla $ign),Mac Miller; Ty Dolla $ign,4LLpKhyESsyAXpc4laK94U; 7c0XG5cIJTrrAgEC3ULPiq,2lpygKqzPFtItQ4ss3cgfb,https://i.scdn.co/image/ab67616d00001e022e92f776279eaf45d14a33fd
2026-08-02,global,Global,42,16,freak,Ariana Grande,66CXWjxzNUsdJxJ2JdwvnR,6QhsCYcFdfyMbPWCiViI8K,https://i.scdn.co/image/ab67616d00001e028baf677ee2d8dda6cc9fcbd7
2026-08-02,global,Global,43,26,Teh Hijau,Tulus,2iDVt6mFbtbDEZG5ax0dTi,4R9G7azXaZe93KTX65P9fU,https://i.scdn.co/image/ab67616d00001e02e4086e5f9d79cf18ed601015
2026-08-02,global,Global,44,8,NORMAL,BTS,3Nrfpe0tUJi4K4DXYWgMUX,4B4Q7zfd0aHcuhQBfCRnH5,https://i.scdn.co/image/ab67616d00001e02dfa17fad7f190c901603270e
2026-08-02,global,Global,45,16,never get over me,Ariana Grande,66CXWjxzNUsdJxJ2JdwvnR,55srcWA7TioKV0LZVNXltY,https://i.scdn.co/image/ab67616d00001e028baf677ee2d8dda6cc9fcbd7
2026-08-02,global,Global,46,15,Sunflower - Spider-Man: Into the Spider-Verse,Post Malone; Swae Lee,246dkjvS1zLTtiykXe5h60; 1zNqQNIdeOUZHb8zbZRFMX,0RiRZpuVRbi7oqRdSMwhQY,https://i.scdn.co/image/ab67616d00001e029478c87599550dd73bfa7e02
2026-08-02,global,Global,47,3,Sign of the Times,Harry Styles,6KImCVD70vtIoJWnq6nGn3,5Ohxk2dO5COHF1krpoPigN,https://i.scdn.co/image/ab67616d00001e023f8b8a9c71b2bd2f3019940b
2026-08-02,global,Global,48,4,NUEVAYoL,Bad Bunny,4q3ewBCX7sLwd24euuV69X,5TFD2bmFKGhoCRbX61nXY5,https://i.scdn.co/image/ab67616d00001e02bbd45c8d36e0e045ef640411
2026-08-02,global,Global,49,5,Raindance (feat. Tems),Dave; Tems,6Ip8FS7vWT1uKkJSweANQK; 687cZJR45JO7jhk1LHIbgq,3oTuTpF1F3A7rEC6RKsMRz,https://i.scdn.co/image/ab67616d00001e02fecaa7826bb0cbe139a8cb83
2026-08-02,global,Global,50,3,Riptide,Vance Joy,10exVja0key0uqUkk6LJRT,2uXlHCUbq9OMUwx3hrk06o,https://i.scdn.co/image/ab67616d00001e0205d081cbdc2f67d37a364d63
2026-08-02,global,Global,51,19,bad thing (bunny hop),Ariana Grande,66CXWjxzNUsdJxJ2JdwvnR,4zmXWmILSBkn7gTvIyCiNi,https://i.scdn.co/image/ab67616d00001e028baf677ee2d8dda6cc9fcbd7
2026-08-02,global,Global,52,6,So Easy (To Fall In Love),Olivia Dean,00x1fYSGhdqScXBRpSj3DW,6sGIMrtIzQjdzNndVxe397,https://i.scdn.co/image/ab67616d00001e029a336bfb6d40bbd90a507417
2026-08-02,global,Global,53,7,Lush Life,Zara Larsson,1Xylc3o4UrD53lo9CvFvVg,1rIKgCH4H52lrvDcz50hS8,https://i.scdn.co/image/ab67616d00001e02401bf6103d4b7f5230a21582
2026-08-02,global,Global,54,7,BAILE INoLVIDABLE,Bad Bunny,4q3ewBCX7sLwd24euuV69X,2lTm559tuIvatlT1u0JYG2,https://i.scdn.co/image/ab67616d00001e02bbd45c8d36e0e045ef640411
2026-08-02,global,Global,55,4,Locked out of Heaven,Bruno Mars,0du5cEVh5yTK9QJze8zA0C,5g7sDjBhZ4I3gcFIpkrLuI,https://i.scdn.co/image/ab67616d00001e02926f43e7cce571e62720fd46
2026-08-02,global,Global,56,3,Janice STFU,Drake,3TVXtAsR1Inumwj472S9r4,514joG57v4yKTsfQmz7stz,https://i.scdn.co/image/ab67616d00001e02fe9d3ab9adb1d3b59835b81c
2026-08-02,global,Global,57,7,Yellow,Coldplay,4gzpq5DPGxSnKTe4SA8HAU,3AJwUDP919kvQ9QcozQPxg,https://i.scdn.co/image/ab67616d00001e029164bafe9aaa168d93f4816a
2026-08-02,global,Global,58,10,EoO,Bad Bunny,4q3ewBCX7sLwd24euuV69X,6J5kc12BW5HuP3d7C3vvx8,https://i.scdn.co/image/ab67616d00001e02bbd45c8d36e0e045ef640411
2026-08-02,global,Global,59,10,SUPERESTRELLA,Aitana,7eLcDZDYHXZCebtQmVFL25,6hpuesKPNa3WhV48O7Fa47,https://i.scdn.co/image/ab67616d00001e02e9c382b5b9b3221428da47c2
2026-08-02,global,Global,60,–,Creep,Radiohead,4Z8W4fKeB5YxbusRsdQVPb,70LcF31zb1H0PyJoS1Sx1r,https://i.scdn.co/image/ab67616d00001e02ec548c00d3ac2f10be73366d
2026-08-02,global,Global,61,6,One Dance,Drake; Wizkid; Kyla,3TVXtAsR1Inumwj472S9r4; 3tVQdUvClmAT7URs9V3rsp; 6TK7fjRPdy2GW2pJzNF23L,1zi7xx7UVEFkmKfv06H8x0,https://i.scdn.co/image/ab67616d00001e029416ed64daf84936d89e671c
2026-08-02,global,Global,62,1,Dreams - 2004 Remaster,Fleetwood Mac,08GQAI4eElDnROBrJRGE0X,53qkszfgztIvkFyF31GfdQ,https://i.scdn.co/image/ab67616d00001e02e52a59a28efa4773dd2bfe1b
2026-08-02,global,Global,63,14,I Wanna Be Yours,Arctic Monkeys,7Ln80lUS6He07XvHI8qqHH,5XeFesFbtLpXzIVDNQP22n,https://i.scdn.co/image/ab67616d00001e024ae1c4c5c45aabe565499163
2026-08-02,global,Global,64,2,As It Was,Harry Styles,6KImCVD70vtIoJWnq6nGn3,4Dvkj6JhhA12EX05fT7y2e,https://i.scdn.co/image/ab67616d00001e0282ce362511fb3d9dda6578ee
2026-08-02,global,Global,65,5,misery.,pupsies,0Uo0W0Vfq9ZOLCFngwxOLm,6De8sirPzVyAoBDlQpcutY,https://i.scdn.co/image/ab67616d00001e02316b7fde50dfbf4be72735c2
2026-08-02,global,Global,66,9,Hips Don't Lie (feat. Wyclef Jean),Shakira; Wyclef Jean,0EmeFodog0BfCgMzAIvKQp; 7aBzpmFXB4WWpPl2F7RjBe,3d0WouFnFmr0K3kjeza3fF,https://i.scdn.co/image/ab67616d00001e0285432abc16fd92be0d435cb9
2026-08-02,global,Global,67,25,"nowhere, nobody",Ariana Grande,66CXWjxzNUsdJxJ2JdwvnR,5JbnupagBhD0AanbkCELdH,https://i.scdn.co/image/ab67616d00001e028baf677ee2d8dda6cc9fcbd7
2026-08-02,global,Global,68,2,Beautiful Things,Benson Boone,22wbnEMDvgVIAGdFeek6ET,3xkHsmpQCBMytMJNiDf3Ii,https://i.scdn.co/image/ab67616d00001e02831949037a1db10b87b005fa
2026-08-02,global,Global,69,2,Golden,HUNTR/X; EJAE; AUDREY NUNA; REI AMI; KPop Demon Hunters Cast,2yNNYQBChuox9A5Ka93BIn; 0RMJOzHDhAKY1o2j0W0vxY; 0Wwji82sLA0Hcvtuak3omb; 6U1dV7aL68N7Gb0Naq34V5; 7mW7Tv7NvywKKXqafZo0Lc,1CPZ5BxNNd0n0nF4Orb9JS,https://i.scdn.co/image/ab67616d00001e024dcb6c5df15cf74596ab25a4
2026-08-02,global,Global,70,29,warning signs (interlude),Ariana Grande,66CXWjxzNUsdJxJ2JdwvnR,0cJRr7kw5FkV5e8ejEB2j6,https://i.scdn.co/image/ab67616d00001e028baf677ee2d8dda6cc9fcbd7
2026-08-02,global,Global,71,7,Starboy,The Weeknd; Daft Punk,1Xyo4u8uXC1ZmMpatF05PJ; 4tZwfgrHOc3mvqYlEYSvVi,7MXVkk9YMctZqd1Srtv4MB,https://i.scdn.co/image/ab67616d00001e024718e2b124f79258be7bc452
2026-08-02,global,Global,72,7,Danza Kuduro - Version MTO,Lucenzo; Don Omar,5bv5RplEOwdCvhq0EILh9E; 33ScadVnbm2X8kkUqOkC6Z,2a1o6ZejUi8U3wzzOtCOYw,https://i.scdn.co/image/ab67616d00001e02dd6b19d30e8b2531c625fbc4
2026-08-02,global,Global,73,10,ICONIC BY MISTAKE,LE SSERAFIM; ILLIT; KATSEYE,4SpbR6yFEvexJuaBpgAU5p; 36cgvBn0aadzOijnjjwqMN; 3c0gDdb9lhnHGFtP4prQpn,6fl4Gu0lJm5hc8FM5JzCZD,https://i.scdn.co/image/ab67616d00001e0255886e2f0784a2b7b62b7fe7
2026-08-02,global,Global,74,10,"One Of The Girls (with JENNIE, Lily Rose Depp)",The Weeknd; JENNIE; Lily-Rose Depp,1Xyo4u8uXC1ZmMpatF05PJ; 250b0Wlc5Vk0CoUsaCY84M; 1pBLC0qVRTB5zVMuteQ9jJ,7CyPwkp0oE8Ro9Dd5CUDjW,https://i.scdn.co/image/ab67616d00001e02b0dd6a5cd1dec96c4119c262
2026-08-02,global,Global,75,3,On The Floor,Jennifer Lopez; Pitbull,2DlGxzQSjYe5N6G9nkYghR; 0TnOYISbd1XYRBk9myaseg,3C0nOe05EIt1390bVABLyN,https://i.scdn.co/image/ab67616d00001e02d7b2aa3834b82b1cbe899a48
2026-08-02,global,Global,76,–,Dracula - JENNIE Remix,Tame Impala; JENNIE,5INjqkS1o8h1imAzPqGZBb; 250b0Wlc5Vk0CoUsaCY84M,5yvVYFDUpbnjcnRBgjwTzM,https://i.scdn.co/image/ab67616d00001e02c7c031ce9d06b131f8563676
2026-08-02,global,Global,77,3,Chicago,Michael Jackson,3fMbdgg4jU18AjLCKBhRSm,5BKKy9fIJL5uM9fz1SnqyP,https://i.scdn.co/image/ab67616d00001e0235f36cb686b0d5a12ab3a9f0
2026-08-02,global,Global,78,4,Viva La Vida,Coldplay,4gzpq5DPGxSnKTe4SA8HAU,1mea3bSkSGXuIRvnydlB5b,https://i.scdn.co/image/ab67616d00001e02e21cc1db05580b6f2d2a3b6e
2026-08-02,global,Global,79,6,WHERE IS MY HUSBAND!,RAYE,5KKpBU5eC2tJDzf0wmlRp2,7eYzn1CuiJK6VvUhf8zA6k,https://i.scdn.co/image/ab67616d00001e0297c0928704e5a2bd8d4c5b90
2026-08-02,global,Global,80,13,honeybee,Olivia Rodrigo,1McMsnEElThX1knmY4oliG,4kX7xkopoXZCfE1D6fNwl2,https://i.scdn.co/image/ab67616d00001e026949b83f85d782b21ce70583
2026-08-02,global,Global,81,–,Cuando No Era Cantante RMX - Remix,El Bogueto; Anuel AA; Fuerza Regida; Yung Beef,3S9Hg7sRKhmtWunFZ2yAYP; 2R21vXR83lH98kGeO99Y66; 0ys2OFYzWYB5hRDLCsBqxt; 1rTUwYS38LkQTlT2fhikch,56V7nzrqr6Sq1uFym4odwa,https://i.scdn.co/image/ab67616d00001e027b80e69903cd8b7cfb16e804
2026-08-02,global,Global,82,19,WILDFLOWER,Billie Eilish,6qqNVTkY8uBg9cP3Jd7DAH,3QaPy1KgI7nu9FJEQUgn6h,https://i.scdn.co/image/ab67616d00001e0271d62ea7ea8a5be92d3c1f62
2026-08-02,global,Global,83,9,Talk To You (ft. 54 Ultra),ANOTR; 54 Ultra,4p5WgeiPSPpqPDs7T6OkWf; 6X5L6rmyvrWWu60Gx6exiZ,5zEcbencrcP0p5Z8508vWz,https://i.scdn.co/image/ab67616d00001e02aeb168f35ab002d77a4f3918
2026-08-02,global,Global,84,9,Movin' To The Sun,HUGEL; Imael Angel; Ultra Naté,5PlfkPxwCpRRWQJBxCa0By; 17yREPqyU875WJnX9U082A; 1cK2Abwkni7m51wJCSGllN,4vTsKN15Kqo3Geo9r7FhAN,https://i.scdn.co/image/ab67616d00001e023c2eac0964d8ef1900f1c101
2026-08-02,global,Global,85,2,DAISIES,Justin Bieber,1uNFoZAHBGtllmzznpCI3s,5BZsQlgw21vDOAjoqkNgKb,https://i.scdn.co/image/ab67616d00001e02d65c4773bc5061fd27facc5b
2026-08-02,global,Global,86,7,Less than a Lover,JENNIE,250b0Wlc5Vk0CoUsaCY84M,19UnXjpLshSLobPspdyxlD,https://i.scdn.co/image/ab67616d00001e021568796289f10031724bc780
2026-08-02,global,Global,87,Re-Entry,Loser,Tame Impala,5INjqkS1o8h1imAzPqGZBb,7bxaFZ1O3cHkgLKMsdC3xR,https://i.scdn.co/image/ab67616d00001e02208500450dcd0fd294d7bd3b
2026-08-02,global,Global,88,2,FREAKED OUT,Fat Papi; prodshushy,6bemHySK6oqDAPZZzt61ov; 6aQnbm7k0VsmUqfU9cfwoA,7pBzCp7qNLlsH6rzEFkSwN,https://i.scdn.co/image/ab67616d00001e02dae2db6b9b0a2d5ef298075f
2026-08-02,global,Global,89,7,Ain't In LA,ADÉLA,2qanRMyA5bNuTvz1dK45OP,02HyFYmpzt02VJ8k0CqxKj,https://i.scdn.co/image/ab67616d00001e02b176fc721e1faba78b1ef35b
2026-08-02,global,Global,90,1,Just the Way You Are,Bruno Mars,0du5cEVh5yTK9QJze8zA0C,7BqBn9nzAq8spo5e7cZ0dJ,https://i.scdn.co/image/ab67616d00001e027039c1c841fc3dfa2ad8a0d8
2026-08-02,global,Global,91,5,Don't Stop Believin' (2022 Remaster),Journey,0rvjqX7ttXeg3mTy8Xscbt,5RKQ5NdjSh2QzD4MaunT91,https://i.scdn.co/image/ab67616d00001e0223290120a609a65e14cfe018
2026-08-02,global,Global,92,6,we can't be friends (wait for your love),Ariana Grande,66CXWjxzNUsdJxJ2JdwvnR,51ZQ1vr10ffzbwIjDCwqm4,https://i.scdn.co/image/ab67616d00001e028b58d20f1b77295730db15b4
2026-08-02,global,Global,93,1,Stateside + Zara Larsson,PinkPantheress; Zara Larsson,78rUTD7y6Cy67W1RVzYs7t; 1Xylc3o4UrD53lo9CvFvVg,1DwscornXpj8fmOmYVlqZt,https://i.scdn.co/image/ab67616d00001e02684ecc5bc1b724d0106ad694
2026-08-02,global,Global,94,1,505,Arctic Monkeys,7Ln80lUS6He07XvHI8qqHH,58ge6dfP91o9oXMzq3XkIS,https://i.scdn.co/image/ab67616d00001e02b1f8da74f225fa1225cdface
2026-08-02,global,Global,95,3,Blinding Lights,The Weeknd,1Xyo4u8uXC1ZmMpatF05PJ,0VjIjW4GlUZAMYd2vXMi3b,https://i.scdn.co/image/ab67616d00001e028863bc11d2aa12b54f5aeb36
2026-08-02,global,Global,96,3,Rein Me In (with Olivia Dean),Sam Fender; Olivia Dean,6zlR5ttMfMNmwf2lecU9Cc; 00x1fYSGhdqScXBRpSj3DW,0MUXBhPUDF8or0kfQ0EHwV,https://i.scdn.co/image/ab67616d00001e0270722c52a53ef4a56f0c2eb0
2026-08-02,global,Global,97,12,Y Que Fue?,Don Miguelo,1noWnd8QFQD9VLxWEeo4Zf,2wAmparvQdtQemzY9I8PKv,https://i.scdn.co/image/ab67616d00001e027f26c0802b29e8d3c4bbc163
2026-08-02,global,Global,98,10,In the End,Linkin Park,6XyY86QOPPrYVGvF9ch6wz,60a0Rd6pjrkxjPbaKzXjfq,https://i.scdn.co/image/ab67616d00001e02e2f039481babe23658fc719a
2026-08-02,global,Global,99,57,iqro',Raim Laode,5LcNPa8f8bRmZqELgoRFkN,2ImWVGyYTRMi64861WCCcq,https://i.scdn.co/image/ab67616d00001e02a9d1f9b5d3275b0625e13e79
2026-08-02,global,Global,100,22,See You Again (feat. Kali Uchis),"Tyler, The Creator; Kali Uchis",4V8LLVI7PbaPR0K2TGSxFF; 1U1el3k54VvEUzo3ybLPlM,7KA4W4McWYRpgf0fWsJZWB,https://i.scdn.co/image/ab67616d00001e028940ac99f49e44f59e6f7fb3
2026-08-02,global,Global,101,23,bloodstream,Alyssa Grace,4eZer1QvRM8Pna0rLToV1K,2oWFJJW9d1bIra3zHjR6GO,https://i.scdn.co/image/ab67616d00001e029c031feeff1647deb7577309
2026-08-02,global,Global,102,23,Payphone,Maroon 5; Wiz Khalifa,04gDigrS5kc9YWfZHwBETP; 137W8MRPWKqSmrBGDBFSop,1XGmzt0PVuFgQYYnV2It7A,https://i.scdn.co/image/ab67616d00001e02fc8633e22a7dba6aab817bff
2026-08-02,global,Global,103,17,The Night We Met,Lord Huron,6ltzsmQQbmdoHHbLZ4ZN25,5yJaXWIErrrsjQ3J0eR5aK,https://i.scdn.co/image/ab67616d00001e02b4916183f769aca218acb85f
2026-08-02,global,Global,104,48,august,Taylor Swift,06HL4z0CvFAxyc27GXpf02,3hUxzQpSfdDqwM3ZTFQY0K,https://i.scdn.co/image/ab67616d00001e0295f754318336a07e85ec59bc
2026-08-02,global,Global,105,39,Apocalypse,Cigarettes After Sex,1QAJqy2dA3ihHBFIHRphZj,1oAwsWBovWRIp7qLMGPIet,https://i.scdn.co/image/ab67616d00001e02dfed999f959177dfc4f33cdc
2026-08-02,global,Global,106,2,Baby,Justin Bieber; Ludacris,1uNFoZAHBGtllmzznpCI3s; 3ipn9JLAPI5GUEo4y4jcoi,6epn3r7S14KUqlReYr77hA,https://i.scdn.co/image/ab67616d00001e02629dc9e2e3bc20bbd7d92e4a
2026-08-02,global,Global,107,67,Arz Kiya Hai | Coke Studio Bharat,Anuv Jain,4gdMJYnopf2nEUcanAwstx,1bMkimTb47umgNP6xCi4A1,https://i.scdn.co/image/ab67616d00001e0225fa2d19b2363a9520a34409
2026-08-02,global,Global,108,19,Dichavate,Ya Ice Dilan; Rey Tony; Helabusador; JipMusic Global; Dj Honda,3EumQuYai5g1235jIBaPhA; 7o5F7ecSmTFTIt9lrDtB0l; 43FkTZ35A6B7miP8a5AlPX; 6qX4h29LUPPUx0ykEdYAL7; 5OLgZmlrgCBKtR47DXwnsk,6Ab2trdJulkRRhaJ9zVGQa,https://i.scdn.co/image/ab67616d00001e02b27ddff7799d494c71b6b308
2026-08-02,global,Global,109,6,Smells Like Teen Spirit,Nirvana,6olE6TJLqED3rqDCT0FyPh,0gucTLf7trAf37Ua1uAyAu,https://i.scdn.co/image/ab67616d00001e02fbc71c99f9c1296c56dd51b6
2026-08-02,global,Global,110,–,Closer,The Chainsmokers; Halsey,69GGBxA162lTqCwzJG5jLp; 26VFTg2z8YR0cCuwLzESi2,7BKLCZ1jbUBVqRi2FVlTVw,https://i.scdn.co/image/ab67616d00001e02495ce6da9aeb159e94eaa453
2026-08-02,global,Global,111,81,Dunia Yang Nanti,Raim Laode,5LcNPa8f8bRmZqELgoRFkN,1sVQuuvFDKu6vklPVeiUXT,https://i.scdn.co/image/ab67616d00001e02a9d1f9b5d3275b0625e13e79
2026-08-02,global,Global,112,6,Espresso,Sabrina Carpenter,74KM79TiuVKeVCqs8QtB0B,2HRqTpkrJO5ggZyyK6NPWz,https://i.scdn.co/image/ab67616d00001e02fd8d7a8d96871e791cb1f626
2026-08-02,global,Global,113,5,White Keys,Dominic Fike,6USv9qhCn6zfxlBQIYJ9qs,5ViLKrbyL3HD6wsq3AB9eI,https://i.scdn.co/image/ab67616d00001e023696096119ef08824cf85ede
2026-08-02,global,Global,114,9,APT.,ROSÉ; Bruno Mars,3eVa5w3URK5duf6eyVDbu9; 0du5cEVh5yTK9QJze8zA0C,4wJ5Qq0jBN4ajy7ouZIV1c,https://i.scdn.co/image/ab67616d00001e027be65ce6672ed7e5aac6e966
2026-08-02,global,Global,115,17,Manchild,Sabrina Carpenter,74KM79TiuVKeVCqs8QtB0B,2BwO5K8Q7EPAJSGze3AAh9,https://i.scdn.co/image/ab67616d00001e02b1863bf95557ea7f357c4947
2026-08-02,global,Global,116,12,There's Nothing Holdin' Me Back,Shawn Mendes,7n2wHs1TKAczGzO7Dd2rGr,7JJmb5XwzOO8jgpou264Ml,https://i.scdn.co/image/ab67616d00001e02ea3ef7697cfd5705b8f47521
2026-08-02,global,Global,117,17,Tití Me Preguntó,Bad Bunny,4q3ewBCX7sLwd24euuV69X,1IHWl5LamUGEuP4ozKQSXZ,https://i.scdn.co/image/ab67616d00001e0249d694203245f241a1bcaa72
2026-08-02,global,Global,118,9,That's What I Like,Bruno Mars,0du5cEVh5yTK9QJze8zA0C,0KKkJNfGyhkQ5aFogxQAPU,https://i.scdn.co/image/ab67616d00001e02232711f7d66a1e19e89e28c5
2026-08-02,global,Global,119,8,A Sky Full of Stars,Coldplay,4gzpq5DPGxSnKTe4SA8HAU,0FDzzruyVECATHXKHFs9eJ,https://i.scdn.co/image/ab67616d00001e02e5a95573f1b91234630fd2cf
2026-08-02,global,Global,120,8,Don't Stop The Music,Rihanna,5pKCCKE2ajJHZ9KAiaK11H,1Jo0Zg7XlrA6z0mFTZVdkn,https://i.scdn.co/image/ab67616d00001e02f9f27162ab1ed45b8d7a7e98
2026-08-02,global,Global,121,14,Me Rehúso,Danny Ocean,5H1nN1SzW0qNeUEZvuXjAj,6ifUES3keWjwXgae8pXI3o,https://i.scdn.co/image/ab67616d00001e02d8243a13e6f41310a5fa7b96
2026-08-02,global,Global,122,9,Todo Lo Fue,Lenin Ramírez,3hTffafUYLLgO4yuPAxb5U,0Sa8aRfGckW0qUGLrBwoBG,https://i.scdn.co/image/ab67616d00001e0234fc9cf3365e3e9d5f86ffe3
2026-08-02,global,Global,123,9,Nalguita y Teta,Neton Vega,6pV5zH2LzjOUHaAvENdMMa,6SuIUd8Wl5tZcyMFAV0EZJ,https://i.scdn.co/image/ab67616d00001e026b0c57d574fae5bbb4f3c8de
2026-08-02,global,Global,124,8,Ayúdame,LOS DOS DE TAMAULIPAS,77Zc5MMUIMJriEDAcaDspi,45f6FcdWcuBGB4GvFuwr9f,https://i.scdn.co/image/ab67616d00001e02aac44d7825750cbdbb8ee972
2026-08-02,global,Global,125,2,Have You Ever Seen The Rain,Creedence Clearwater Revival,3IYUhFvPQItj6xySrBmZkd,2LawezPeJhN4AWuSB0GtAU,https://i.scdn.co/image/ab67616d00001e0251f311c2fb06ad2789e3ff91
2026-08-02,global,Global,126,4,We Found Love,Rihanna; Calvin Harris,5pKCCKE2ajJHZ9KAiaK11H; 7CajNmpbOovFoOoasH2HaY,1zv3WFUbZ5vPxFq9I2jAU1,https://i.scdn.co/image/ab67616d00001e02bef074de9ca825bddaeb9f46
2026-08-02,global,Global,127,23,Africa,TOTO,0PFtn5NtBbbUNbU9EAmIWF,2374M0fQpWi3dLnB54qaLX,https://i.scdn.co/image/ab67616d00001e02ebd6d20c0082524244ef83df
2026-08-02,global,Global,128,13,Counting Stars,OneRepublic,5Pwc4xIPtQLFEnJriah9YJ,2tpWsVSb9UEmDRxAl1zhX1,https://i.scdn.co/image/ab67616d00001e029e2f95ae77cf436017ada9cb
2026-08-02,global,Global,129,32,Give Me Everything (feat. Nayer),Pitbull; AFROJACK; Ne-Yo; Nayer,0TnOYISbd1XYRBk9myaseg; 4D75GcNG95ebPtNvoNVXhz; 21E3waRsmPlU7jZsS13rcj; 1ruutHJcECI7cos2n5TqpO,4QNpBfC0zvjKqPJcyqBy9W,https://i.scdn.co/image/ab67616d00001e021dc7483a9fcfce54822a2f19
2026-08-02,global,Global,130,32,Great Expectation,SIENNA SPIRO,02gSuSAWEdWa5UOvqzjX6v,7ujApz6iFP3PmKIDGcaGbe,https://i.scdn.co/image/ab67616d00001e02b09eea420767969b6729962b
2026-08-02,global,Global,131,14,Si Antes Te Hubiera Conocido,KAROL G,790FomKkXshlbRYZFtlgla,73scB4Q4fcOmnsBVZPmk32,https://i.scdn.co/image/ab67616d00001e026c0294796e2ee5cf87a47b5f
2026-08-02,global,Global,132,11,Boston,STELLA LEFTY,6hp2uD84OrQ3u3ukmTjLz2,36idurZmYRjJ56KQ8JD9bN,https://i.scdn.co/image/ab67616d00001e02e6cb19b02e38d18246ac334f
2026-08-02,global,Global,133,14,Gabriela,KATSEYE,3c0gDdb9lhnHGFtP4prQpn,1xOqGUkyxGQRdCvGpvWKmL,https://i.scdn.co/image/ab67616d00001e02f8d4d00ffe09373efb13ce29
2026-08-02,global,Global,134,8,Don't Stop 'Til You Get Enough,Michael Jackson,3fMbdgg4jU18AjLCKBhRSm,46eu3SBuFCXWsPT39Yg3tJ,https://i.scdn.co/image/ab67616d00001e022b74bf21c7e4f56758610949
2026-08-02,global,Global,135,4,Let Me Love You,DJ Snake; Justin Bieber,540vIaP2JwjQb9dm3aArA4; 1uNFoZAHBGtllmzznpCI3s,0lYBSQXN6rCTvUZvg9S0lU,https://i.scdn.co/image/ab67616d00001e02212d776c31027c511f0ee3bc
2026-08-02,global,Global,136,21,Midnight Sun,Zara Larsson,1Xylc3o4UrD53lo9CvFvVg,1qRV1dKLOfH1s00b9J2LUQ,https://i.scdn.co/image/ab67616d00001e027657f9028ea8bb2c18dca99f
2026-08-02,global,Global,137,18,Can't Hold Us (feat. Ray Dalton),Macklemore; Ryan Lewis; Macklemore & Ryan Lewis; Ray Dalton,3JhNCzhSMTxs9WLGJJxWOY; 5mZJerulcERBZV7xnhrVp1; 5BcAKTbp20cv7tC5VqPFoC; 4e0nWw2r4BoQSKPQ2zpU13,22skzmqfdWrjJylampe0kt,https://i.scdn.co/image/ab67616d00001e022a6b364528b128a4a17d100d
2026-08-02,global,Global,138,11,Confident,Justin Bieber; Chance the Rapper,1uNFoZAHBGtllmzznpCI3s; 1anyVhU62p31KFi8MEzkbf,6czM6UMQD9qE5GAUp68oud,https://i.scdn.co/image/ab67616d00001e0258ae8fddecbd2630005409c9
2026-08-02,global,Global,139,3,Human Nature,Michael Jackson,3fMbdgg4jU18AjLCKBhRSm,4cgjA7B4fJBHyB9Ya2bu0t,https://i.scdn.co/image/ab67616d00001e0232a7d87248d1b75463483df5
2026-08-02,global,Global,140,17,Sweet Child O' Mine,Guns N' Roses,3qm84nBOXUEQ2vnTfUTTFC,7snQQk1zcKl8gZ92AnueZW,https://i.scdn.co/image/ab67616d00001e0221ebf49b3292c3f0f575f0f5
2026-08-02,global,Global,141,3,Umbrella,Rihanna; JAŸ-Z,5pKCCKE2ajJHZ9KAiaK11H; 3nFkdlSjzX9mRTtwJOzDYB,2yPoXCs7BSIUrucMdK5PzV,https://i.scdn.co/image/ab67616d00001e02f9f27162ab1ed45b8d7a7e98
2026-08-02,global,Global,142,16,We Are The People,Empire Of The Sun,67hb7towEyKvt5Z8Bx306c,3zEN0ii6s4DHHBpnTp3RP7,https://i.scdn.co/image/ab67616d00001e02f3aa0e6ca22a382007f61e4d
2026-08-02,global,Global,143,9,Take on Me,a-ha,2jzc5TC5TVFLXQlBNiIUzE,04aigH9HRGebQZu1JAN6X1,https://i.scdn.co/image/ab67616d00001e02e8dd4db47e7177c63b0b7d53
2026-08-02,global,Global,144,39,I Thought I Saw Your Face Today,She & Him,3CIRif6ZAedT7kZSPvj2A4,0myRViRgmQ3J8izICXEAVO,https://i.scdn.co/image/ab67616d00001e02a47c6d8a934b4833c0916cc9
2026-08-02,global,Global,145,43,I Just Might,Bruno Mars,0du5cEVh5yTK9QJze8zA0C,6f68Ac5tt5BQOpwr0BV9oN,https://i.scdn.co/image/ab67616d00001e023eb8dc748f7efb1470f74395
2026-08-02,global,Global,146,22,"All The Stars (with SZA) - From ""Black Panther: The Album""",Kendrick Lamar; SZA,2YZyLoL8N0Wb9xBt1NhZWg; 7tYKF4w9nC0nq9CsPZTHyP,3GCdLUSnKSMJhs4Tj6CV3s,https://i.scdn.co/image/ab67616d00001e02c027ad28821777b00dcaa888
2026-08-02,global,Global,147,18,Only Girl (In The World),Rihanna,5pKCCKE2ajJHZ9KAiaK11H,2ENexcMEMsYk0rVJigVD3i,https://i.scdn.co/image/ab67616d00001e0231548865f7c729290b96c794
2026-08-02,global,Global,148,7,Shape of You,Ed Sheeran,6eUKZXaKkcviH0Ku9w2n3V,7qiZfU4dY1lWllzX7mPBI3,https://i.scdn.co/image/ab67616d00001e02ba5db46f4b838ef6027e6f96
2026-08-02,global,Global,149,45,Sparks,Coldplay,4gzpq5DPGxSnKTe4SA8HAU,7D0RhFcb3CrfPuTJ0obrod,https://i.scdn.co/image/ab67616d00001e029164bafe9aaa168d93f4816a
2026-08-02,global,Global,150,8,"I Knew It, I Knew You - From ""Toy Story 5""",Taylor Swift,06HL4z0CvFAxyc27GXpf02,5uPaqMMt59KGrdKIitDRqa,https://i.scdn.co/image/ab67616d00001e02a35a1d4983e2b4fd0094f910
2026-08-02,global,Global,151,34,The Less I Know The Better,Tame Impala,5INjqkS1o8h1imAzPqGZBb,6K4t31amVTZDgR3sKmwUJJ,https://i.scdn.co/image/ab67616d00001e029e1cfc756886ac782e363d79
2026-08-02,global,Global,152,41,REDRED,CORTIS,1ebt9HnXdyYA6KgLXr1n4P,2fCwv2ppU5nTRTckomIGsd,https://i.scdn.co/image/ab67616d00001e0224ace1518851b27e9983f739
2026-08-02,global,Global,153,10,Bring Me To Life,Evanescence,5nGIFgo0shDenQYSE0Sn7c,0COqiPhxzoWICwFCS4eZcp,https://i.scdn.co/image/ab67616d00001e0225f49ab23f0ec6332efef432
2026-08-02,global,Global,154,19,Heat Waves,Glass Animals,4yvcSjfu4PC0CYQyLy4wSq,3USxtqRwSYz57Ewm6wWRMp,https://i.scdn.co/image/ab67616d00001e02712701c5e263efc8726b1464
2026-08-02,global,Global,155,9,Feel Good Inc.,Gorillaz; De La Soul,3AA28KZvwAUcZuOKwyblJQ; 1Z8ODXyhEBi3WynYw0Rya6,0d28khcov6AiegSCpG5TuT,https://i.scdn.co/image/ab67616d00001e02622aefd794f6fe4d8e714358
2026-08-02,global,Global,156,20,Perfect,Ed Sheeran,6eUKZXaKkcviH0Ku9w2n3V,0tgVpDi06FyKpA1z0VMD4v,https://i.scdn.co/image/ab67616d00001e02ba5db46f4b838ef6027e6f96
2026-08-02,global,Global,157,3,Unforgettable,French Montana; Swae Lee,6vXTefBL93Dj5IqAWq6OTv; 1zNqQNIdeOUZHb8zbZRFMX,3B54sVLJ402zGa6Xm4YGNe,https://i.scdn.co/image/ab67616d00001e028a31195a371b2233456f6c07
2026-08-02,global,Global,158,1,COQUETA,Fuerza Regida; Grupo Frontera,0ys2OFYzWYB5hRDLCsBqxt; 6XkjpgcEsYab502Vr1bBeW,1PREzVLuDT6PSE9sej4wnV,https://i.scdn.co/image/ab67616d00001e0204874856f3c501181d060128
2026-08-02,global,Global,159,19,Your Love,The Outfield,1zxDewzd2j1ZdSBGaYcr0y,0WoFs3EdGOx58yX5BtXvOa,https://i.scdn.co/image/ab67616d00001e02ffaeb2f6c1acc0ed7180929a
2026-08-02,global,Global,160,25,Numb,Linkin Park,6XyY86QOPPrYVGvF9ch6wz,2nLtzopw4rPReszdYBJU6h,https://i.scdn.co/image/ab67616d00001e025f1f51d14e8bea89484ecd1b
2026-08-02,global,Global,161,28,Been By Now,Morgan Wallen,4oUHIQIBe0LHzYfvXNW4QM,3xwMjQriBVW0OGEvNKo9c0,https://i.scdn.co/image/ab67616d00001e02349f6c0133abbfca063891c1
2026-08-02,global,Global,162,10,Be Her,Ella Langley,6BRxQ8cD3eqnrVj6WKDok8,13HD3tYTiz8oSRxWzXEq7g,https://i.scdn.co/image/ab67616d00001e028606848da949bbaddf447d87
2026-08-02,global,Global,163,Re-Entry,Die On This Hill,SIENNA SPIRO,02gSuSAWEdWa5UOvqzjX6v,7gkZNvBHfI30qG7hA0eopT,https://i.scdn.co/image/ab67616d00001e02b09eea420767969b6729962b
2026-08-02,global,Global,164,14,Homewrecker,sombr,4G9NDjRyZFDlJKMRL8hx3S,7tICCrK3CcyRFKza7yrR0z,https://i.scdn.co/image/ab67616d00001e029a8d41dca4c7d0ef23d76dd7
2026-08-02,global,Global,165,1,Dracula,Tame Impala,5INjqkS1o8h1imAzPqGZBb,1NXbNEAcPvY5G1xvfN57aA,https://i.scdn.co/image/ab67616d00001e02208500450dcd0fd294d7bd3b
2026-08-02,global,Global,166,25,Blank Space,Taylor Swift,06HL4z0CvFAxyc27GXpf02,1u8c2t2Cy7UBoG4ArRcF5g,https://i.scdn.co/image/ab67616d00001e0252b2a3824413eefe9e33817a
2026-08-02,global,Global,167,30,Lose Control,Teddy Swims,33qOK5uJ8AR2xuQQAhHump,17phhZDn6oGtzMe56NuWvj,https://i.scdn.co/image/ab67616d00001e02ebea8d4457c4db5b2088f287
2026-08-02,global,Global,168,3,Something Just Like This,The Chainsmokers; Coldplay,69GGBxA162lTqCwzJG5jLp; 4gzpq5DPGxSnKTe4SA8HAU,6RUKPb4LETWmmr3iAEQktW,https://i.scdn.co/image/ab67616d00001e020c13d3d5a503c84fcc60ae94
2026-08-02,global,Global,169,10,(When You Gonna) Give It Up to Me - Radio Version,Sean Paul; Keyshia Cole,3Isy6kedDrgPYoTS1dazA9; 1vfezMIyCr4XUdYRaKIKi3,5nEdwtSv0qqeE0l4o1lR4q,https://i.scdn.co/image/ab67616d00001e02a539563b3d77bd3ba17d016e
2026-08-02,global,Global,170,8,NOBLE,F3miii,0gmx7cndNJbFM0DAO7fT0s,4Jsus7N4d8hFB2G9gcRdBv,https://i.scdn.co/image/ab67616d00001e023e2c1f8bb3f146186e2a1dc5
2026-08-02,global,Global,171,40,LA GRACIOSA,Quevedo; Elvis Crespo,52iwsT98xCoGgiGntTiR7K; 1c22GXH30ijlOfXhfLz9Df,0TJYJrUDKQ1btt4g0Xwklw,https://i.scdn.co/image/ab67616d00001e027b84b5d956376cb8e55425f5
2026-08-02,global,Global,172,14,Night Changes,One Direction,4AK6F7OLvEQ5QYCBNiQWHq,5O2P9iiztwhomNh8xkR9lJ,https://i.scdn.co/image/ab67616d00001e0234a29f220057810cce98e1b4
2026-08-02,global,Global,173,12,STAY (with Justin Bieber),The Kid LAROI; Justin Bieber,2tIP7SsRs7vjIcLrU85W8J; 1uNFoZAHBGtllmzznpCI3s,567e29TDzLwZwfDuEpGTwo,https://i.scdn.co/image/ab67616d00001e02b4d59e6fa7e5e7cbc57ac33a
2026-08-02,global,Global,174,7,Last Friday Night (T.G.I.F.),Katy Perry,6jJ0s89eD6GaHleKKya26X,3avYqdwHKEq8beXbeWCKqJ,https://i.scdn.co/image/ab67616d00001e021d955011a3ed477dc77865ad
2026-08-02,global,Global,175,24,De Lejitos - Remix,Jay Wheeler; Omar Courtz,2cPqdH7XMvwaBJEVjheH8g; 3E12tRURRvPfHz0hAMCFYc,5dgREmLlxVJn6h8U0CofEo,https://i.scdn.co/image/ab67616d00001e02c132fb4ba462a3859c4f2ff3
2026-08-02,global,Global,176,Re-Entry,Young And Beautiful,Lana Del Rey,00FQb4jTyendYWaN8pK0wa,2nMeu6UenVvwUktBCpLMK9,https://i.scdn.co/image/ab67616d00001e02d7fb3e4c63020039d1cff6b2
2026-08-02,global,Global,177,8,Amor,Emmanuel Cortes,7hDt3OE2ubsKzO9rMYPXox,6r6IPuFvUX72kQGc9b46rk,https://i.scdn.co/image/ab67616d00001e02c6c1db32c9b68f4659795763
2026-08-02,global,Global,178,6,We Don't Talk Anymore (feat. Selena Gomez),Charlie Puth; Selena Gomez,6VuMaDnrHyPL1p4EHjYLi7; 0C8ZW7ezQVs4URX5aX7Kqx,54PbBpquVfhfrwRwvjSXbI,https://i.scdn.co/image/ab67616d00001e0215145482a542a9adb282250b
2026-08-02,global,Global,179,9,Somewhere Only We Know,Keane,53A0W3U0s8diEn9RhXQhVz,0ll8uFnc0nANY35E0Lfxvg,https://i.scdn.co/image/ab67616d00001e027d6cd95a046a3c0dacbc7d33
2026-08-02,global,Global,180,Re-Entry,The Man Who Can't Be Moved,The Script,3AQRLZ9PuTAozP28Skbq8V,3nqqDo8CcCLke3ZoTgiOKf,https://i.scdn.co/image/ab67616d00001e02f33a9f529c12f79b116eb218
2026-08-02,global,Global,181,18,Into You,Ariana Grande,66CXWjxzNUsdJxJ2JdwvnR,76FZM38RC8XaAjJ77CVTNe,https://i.scdn.co/image/ab67616d00001e0233342c57a9b2c4e04c97b3f5
2026-08-02,global,Global,182,34,No Broke Boys,Disco Lines; Tinashe,5Kmr0b3ip8g9P2i0dLTC3Z; 0NIIxcxNHmOoyBx03SfTCD,3cZajhyr8LmtPfHZ9296tj,https://i.scdn.co/image/ab67616d00001e02699b0363dda94e1f1e32eef5
2026-08-02,global,Global,183,38,KOKO,Omar Courtz,3E12tRURRvPfHz0hAMCFYc,1tz7RZirwiuaJw2p0jbdHb,https://i.scdn.co/image/ab67616d00001e0290af5246adcaa93acb721c17
2026-08-02,global,Global,184,13,Smooth Criminal - 2012 Remaster,Michael Jackson,3fMbdgg4jU18AjLCKBhRSm,5T7ywazdGIydr6JCW6t02j,https://i.scdn.co/image/ab67616d00001e02eb2087dcd1eb61f833bdedff
2026-08-02,global,Global,185,4,Body to Body,BTS,3Nrfpe0tUJi4K4DXYWgMUX,2rKkfc4VZ74FQDc1FF1Zo6,https://i.scdn.co/image/ab67616d00001e02dfa17fad7f190c901603270e
2026-08-02,global,Global,186,11,Timeless (feat Playboi Carti),The Weeknd; Playboi Carti,1Xyo4u8uXC1ZmMpatF05PJ; 699OTQXzgjhIYAHMy9RyPD,0FIDCNYYjNvPVimz5icugS,https://i.scdn.co/image/ab67616d00001e02de79f330bc297af3fae736da
2026-08-02,global,Global,187,8,Sorry,Justin Bieber,1uNFoZAHBGtllmzznpCI3s,09CtPGIpYB4BrO8qb1RGsF,https://i.scdn.co/image/ab67616d00001e02f46b9d202509a8f7384b90de
2026-08-02,global,Global,188,Re-Entry,No One Noticed,The Marías,2sSGPbdZJkaSE2AbcGOACx,3siwsiaEoU4Kuuc9WKMUy5,https://i.scdn.co/image/ab67616d00001e028aa339341a0b0c813909c831
2026-08-02,global,Global,189,5,Everybody Wants To Rule The World,Tears For Fears,4bthk9UfsYUYdcFyqxmSUU,2YiCMmONQcoMPX2bV1LxE0,https://i.scdn.co/image/ab67616d00001e025e12c35cb4c848a927ef4b69
2026-08-02,global,Global,190,15,S&M,Rihanna,5pKCCKE2ajJHZ9KAiaK11H,7ySUcLPVX7KudhnmNcgY2D,https://i.scdn.co/image/ab67616d00001e0231548865f7c729290b96c794
2026-08-02,global,Global,191,Re-Entry,Bersenja Gurau,Raim Laode,5LcNPa8f8bRmZqELgoRFkN,4DrJqdZgPBHoMNVG5iOLlG,https://i.scdn.co/image/ab67616d00001e02a9d1f9b5d3275b0625e13e79
2026-08-02,global,Global,192,4,Love Yourself,Justin Bieber,1uNFoZAHBGtllmzznpCI3s,50kpGaPAhYJ3sGmk6vplg0,https://i.scdn.co/image/ab67616d00001e02f46b9d202509a8f7384b90de
2026-08-02,global,Global,193,39,La Plena - W Sound 05,W Sound; Beéle; Ovy On The Drums,5uwa6tAMMfNbBFIHiI6NV4; 7a0XAaPaK2aDSqa8p3QnC7; 3m5qlPf2OkihLz3dRYnkPA,6iOndD4OFo7GkaDypWQIou,https://i.scdn.co/image/ab67616d00001e02c0353d023daf5ebda0eb003b
2026-08-02,global,Global,194,Re-Entry,Let Down,Radiohead,4Z8W4fKeB5YxbusRsdQVPb,2fuYa3Lx06QQJAm0MjztKr,https://i.scdn.co/image/ab67616d00001e02c8b444df094279e70d0ed856
2026-08-02,global,Global,195,–,Another Love,Tom Odell,2txHhyCwHjUEpJjWrEyqyX,7jtQIBanIiJOMS6RyCx6jZ,https://i.scdn.co/image/ab67616d00001e021917a0f3f4152622a040913f
2026-08-02,global,Global,196,Re-Entry,Reflections,The Neighbourhood,77SW9BnxLY8rJ0RciFqkHh,2xql0pid3EUwW38AsywxhV,https://i.scdn.co/image/ab67616d00001e029b6ac98a52f62d5cb473da40
2026-08-02,global,Global,197,Re-Entry,Summertime Sadness,Lana Del Rey,00FQb4jTyendYWaN8pK0wa,1FEiijYPJtyswChfcpv3p0,https://i.scdn.co/image/ab67616d00001e02ebc8cfac8b586bc475b04918
2026-08-02,global,Global,198,2,Hooligan,BTS,3Nrfpe0tUJi4K4DXYWgMUX,20dAJsyno9ZoBLJtqgQnUI,https://i.scdn.co/image/ab67616d00001e02dfa17fad7f190c901603270e
2026-08-02,global,Global,199,19,I Gotta Feeling,Black Eyed Peas,1yxSLGMDHlW21z4YXirZDS,4kLLWz7srcuLKA7Et40PQR,https://i.scdn.co/image/ab67616d00001e020bd44f5ff9ecc99f7770acc5
2026-08-02,global,Global,200,2,Love Me Harder,Ariana Grande; The Weeknd,66CXWjxzNUsdJxJ2JdwvnR; 1Xyo4u8uXC1ZmMpatF05PJ,5J4ZkQpzMUFojo1CtAZYpn,https://i.scdn.co/image/ab67616d00001e02deec12a28d1e336c5052e9aa
2026-08-02,id,Indonesia,1,–,Sesi Potret,eńau; Ari Lesmana,0agUNq8PH1QSgm88EuhM1u; 3MMDw11m6HJrXlGOE3honc,4xoY4lZNoTjEuHsSmhgF1G,https://i.scdn.co/image/ab67616d00001e02172768978c7f929803ad7e8b
2026-08-02,id,Indonesia,2,–,Teh Hijau,Tulus,2iDVt6mFbtbDEZG5ax0dTi,4R9G7azXaZe93KTX65P9fU,https://i.scdn.co/image/ab67616d00001e02e4086e5f9d79cf18ed601015
2026-08-02,id,Indonesia,3,–,iqro',Raim Laode,5LcNPa8f8bRmZqELgoRFkN,2ImWVGyYTRMi64861WCCcq,https://i.scdn.co/image/ab67616d00001e02a9d1f9b5d3275b0625e13e79
2026-08-02,id,Indonesia,4,–,Dunia Yang Nanti,Raim Laode,5LcNPa8f8bRmZqELgoRFkN,1sVQuuvFDKu6vklPVeiUXT,https://i.scdn.co/image/ab67616d00001e02a9d1f9b5d3275b0625e13e79
2026-08-02,id,Indonesia,5,–,Bersenja Gurau,Raim Laode,5LcNPa8f8bRmZqELgoRFkN,4DrJqdZgPBHoMNVG5iOLlG,https://i.scdn.co/image/ab67616d00001e02a9d1f9b5d3275b0625e13e79
2026-08-02,id,Indonesia,6,1,Jangan Paksa Rindu - Beda,Ifan Seventeen,2vbWy0ntJGJ2H1erLJFMZZ,79tbBuciPV221EozY3RKQv,https://i.scdn.co/image/ab67616d00001e02b1f0e17d6a48da664cbdcbe5
2026-08-02,id,Indonesia,7,1,Ini Abadi,Perunggu,0NbKRRBuiIUwS9irPvi7wD,6v5RJuJ9yhvaXkMXMeMZBw,https://i.scdn.co/image/ab67616d00001e028555856b715d83c2fc867153
2026-08-02,id,Indonesia,8,–,kota ini tak sama tanpamu,Nadhif Basalamah,6UgERnTHmjk3qXM9x5vzyO,13CwOTXUgBugeBByE9oIWb,https://i.scdn.co/image/ab67616d00001e02f3e3f888fbfcc916ecce50a9
2026-08-02,id,Indonesia,9,–,everything u are,Hindia,51kyrUsAVqUBcoDEMFkX12,5WOSNVChcadlsCRiqXE45K,https://i.scdn.co/image/ab67616d00001e0205898628baab6ef07a0a4d03
2026-08-02,id,Indonesia,10,4,Bahagia Lagi,Piche Kota,5zAYPlhV1TirCul0R4NKGM,5tZaKZPJtiHh6teQfVEHB5,https://i.scdn.co/image/ab67616d00001e025bd00b369e89c5cbc74d827b
2026-08-02,id,Indonesia,11,1,Jatuh Suka,Tulus,2iDVt6mFbtbDEZG5ax0dTi,6PqWdGIYq5xdLaa4zCZfRp,https://i.scdn.co/image/ab67616d00001e02d34a0632f6861e8875d6899b
2026-08-02,id,Indonesia,12,1,Monolog,Pamungkas,7d86ERlvO5UG44j7Va0Y0C,1zu5ZpnrSArdoaT6Qq3yo9,https://i.scdn.co/image/ab67616d00001e023e2cf96ce4558b8f2376b79a
2026-08-02,id,Indonesia,13,3,Ada titik-titik di ujung doa,Sal Priadi,1NjxFrpEGZTV2Ny0OJxeWu,1E7zLPDdqo0OvzVmGj5aoV,https://i.scdn.co/image/ab67616d00001e02686acaaa87bfc6ebb42b3bd2
2026-08-02,id,Indonesia,14,1,bergema sampai selamanya,Nadhif Basalamah,6UgERnTHmjk3qXM9x5vzyO,0ql6fgz8qk0pAEKrGeSppJ,https://i.scdn.co/image/ab67616d00001e02f3e3f888fbfcc916ecce50a9
2026-08-02,id,Indonesia,15,1,Lesung Pipi,Raim Laode,5LcNPa8f8bRmZqELgoRFkN,4GSwtvjwdbUmb4blyUyCnD,https://i.scdn.co/image/ab67616d00001e02a9d1f9b5d3275b0625e13e79
2026-08-02,id,Indonesia,16,2,Astaga Bercanda,Akbar Chalay; Mingse,0dIJRlr9m4hUwdBYmKUTjW; 7n6UYi8ahl0SOStLqjWf6I,03fkIoNyruY4N2Pa5CqTvv,https://i.scdn.co/image/ab67616d00001e02db45ed33946536fd099548b0
2026-08-02,id,Indonesia,17,–,Berapa Kali Kita Akan Saling Memaafkan,Pamungkas,7d86ERlvO5UG44j7Va0Y0C,7c03QS94XIfcetKSNDhUdd,https://i.scdn.co/image/ab67616d00001e02867cbccc3fb739a46797ad04
2026-08-02,id,Indonesia,18,2,The One That Got Away,Katy Perry,6jJ0s89eD6GaHleKKya26X,2009X8GyWTqyxIdzAEYW6N,https://i.scdn.co/image/ab67616d00001e021d955011a3ed477dc77865ad
2026-08-02,id,Indonesia,19,4,MMG (My Mine Gueh),Naykilla,79omf4LgzaVAnXIRWPkJUq,2AtJq58CHh4qBUqTpU75vU,https://i.scdn.co/image/ab67616d00001e02671059f40b6662d84ea412d9
2026-08-02,id,Indonesia,20,1,Monokrom,Tulus,2iDVt6mFbtbDEZG5ax0dTi,4GfK1qOF3uBWidbPlTCQRL,https://i.scdn.co/image/ab67616d00001e0271c65edbeed32af70b900637
2026-08-02,id,Indonesia,21,1,Titik Nadir (feat. Monita Tahalea),Kahitna; Monita Tahalea,2WhoMc7XqIzVXWbQqSoqe7; 1xQXTnhREkLm14Wvrogo1g,52m690jqpxP1tHHkRNdl5p,https://i.scdn.co/image/ab67616d00001e025cfcb24701901b0e53ce4fae
2026-08-02,id,Indonesia,22,1,33x,Perunggu,0NbKRRBuiIUwS9irPvi7wD,2pOLzpYmuDlcbTJUXYkPSr,https://i.scdn.co/image/ab67616d00001e028555856b715d83c2fc867153
2026-08-02,id,Indonesia,23,–,Nina,.Feast,7Gy1PxqrgsiqWF6JNYPHeB,0daEJMXc3b4ZMTnvtHpuTt,https://i.scdn.co/image/ab67616d00001e02c800b90e2092a5328f699117
2026-08-02,id,Indonesia,24,9,Mangu,Fourtwnty; Charita Utami,46cVq2dwPgzPE3X1VR9TMj; 48yQuRfvklyupKmridU1du,4e6TmHCC4PRUj75knNplNP,https://i.scdn.co/image/ab67616d00001e0232ab17f5515e51490841f648
2026-08-02,id,Indonesia,25,4,Bertaut,Nadin Amizah,20zafXaLhm5IcXnSU93rNn,630DpnzdfjdVqv2yLfPbAX,https://i.scdn.co/image/ab67616d00001e026d57a5c60decaa8fb39d5afb
2026-08-02,id,Indonesia,26,2,Terpukau,Astrid,6GxmlugWFw4hmhUQ5uP93l,0irPA8LmsoQYkqE5I7v3aj,https://i.scdn.co/image/ab67616d00001e0205d8a1a7ebb27bdd2fbdc685
2026-08-02,id,Indonesia,27,1,Penyangkalan,For Revenge,0f6TyESD8E1mD2oLJ4TGv1,5BEaISZ1DicXxN6DJ5kdtg,https://i.scdn.co/image/ab67616d00001e02bf09e5d5661fe469bdf8e622
2026-08-02,id,Indonesia,28,4,Serana,For Revenge,0f6TyESD8E1mD2oLJ4TGv1,0PtJbtW50jcvvswNPn3QGd,https://i.scdn.co/image/ab67616d00001e02322ce4ba8eb959ebee609fd8
2026-08-02,id,Indonesia,29,1,Cincin,Hindia,51kyrUsAVqUBcoDEMFkX12,7J0isBrUxhIYZVdrBOOlIh,https://i.scdn.co/image/ab67616d00001e02d58121433ea3e6c4822ac494
2026-08-02,id,Indonesia,30,4,Kita usahakan rumah itu,Sal Priadi,1NjxFrpEGZTV2Ny0OJxeWu,5Egm9N7FnzsThl1CFXB2mm,https://i.scdn.co/image/ab67616d00001e02686acaaa87bfc6ebb42b3bd2
2026-08-02,id,Indonesia,31,6,Tarot,.Feast,7Gy1PxqrgsiqWF6JNYPHeB,4XHijJfABTtUCW3Bp6KFvr,https://i.scdn.co/image/ab67616d00001e02c800b90e2092a5328f699117
2026-08-02,id,Indonesia,32,3,Selamat (Selamat Tinggal),Virgoun; Audy,4bAgr9zaF0bpzVGHdHuf0f; 611ajYp7fMbkU5CYF08tje,5iN2kyMTTkIEogE0DvEbZO,https://i.scdn.co/image/ab67616d00001e02dbd21bc0b35f4220357a1c66
2026-08-02,id,Indonesia,33,2,penjaga hati,Nadhif Basalamah,6UgERnTHmjk3qXM9x5vzyO,6i9Ci0IN1q1GcnhdbKU7kZ,https://i.scdn.co/image/ab67616d00001e0225001f594384ffb7fb952347
2026-08-02,id,Indonesia,34,2,Rumah Ke Rumah,Hindia,51kyrUsAVqUBcoDEMFkX12,2wAiFWjRupWmnDkQcu91MF,https://i.scdn.co/image/ab67616d00001e02d623688488865906052ef96b
2026-08-02,id,Indonesia,35,8,1000X,Ghea Indrawari,3qL7BzwJOXq3EzAio36aLX,5pXN7iV11PrazlIh8bzA2K,https://i.scdn.co/image/ab67616d00001e0214814de2da42fd2273d0fcff
2026-08-02,id,Indonesia,36,–,Foto kita blur,Sal Priadi,1NjxFrpEGZTV2Ny0OJxeWu,5POrnkQAprvkordH0kB25O,https://i.scdn.co/image/ab67616d00001e02686acaaa87bfc6ebb42b3bd2
2026-08-02,id,Indonesia,37,–,"Masa ini, Nanti, dan Masa Indah Lainnya",Nuca,5x3nSujruZLuB6xBicI6Ai,3TTZfjYqhTowNALncAmY5v,https://i.scdn.co/image/ab67616d00001e0272efdd27a433732ba1ab6269
2026-08-02,id,Indonesia,38,11,Hati-Hati di Jalan,Tulus,2iDVt6mFbtbDEZG5ax0dTi,2hHeGD57S0BcopfVcmehdl,https://i.scdn.co/image/ab67616d00001e02d34a0632f6861e8875d6899b
2026-08-02,id,Indonesia,39,–,Dan...,Sheila On 7,6q87vizIEdEN4NvlR6mjfT,1MdjZzEInrmDBXf8zs0nKS,https://i.scdn.co/image/ab67616d00001e0254270208627aa8061a8abe21
2026-08-02,id,Indonesia,40,2,Shape of My Heart,Backstreet Boys,5rSXSAkZ67PYJSvpUpkOr7,35o9a4iAfLl5jRmqMX9c1D,https://i.scdn.co/image/ab67616d00001e02cf871e6326e334bfa92cff20
2026-08-02,id,Indonesia,41,1,Nanti Kita Seperti Ini,Batas Senja,4AhHkaGz7W2bKKJK90IaV2,3y8RcMPYG22fRnrOi4oFJ1,https://i.scdn.co/image/ab67616d00001e02c6092bd9b2579479e5fa9891
2026-08-02,id,Indonesia,42,17,Soulmate,Kahitna,2WhoMc7XqIzVXWbQqSoqe7,1rwGbGLDE0AkaH1UgUbufL,https://i.scdn.co/image/ab67616d00001e027f1ff8e8be3727f0c362ba06
2026-08-02,id,Indonesia,43,3,Treat You Better,Shawn Mendes,7n2wHs1TKAczGzO7Dd2rGr,3QGsuHI8jO1Rx4JWLUh9jd,https://i.scdn.co/image/ab67616d00001e021376b4b16f4bfcba02dc571b
2026-08-02,id,Indonesia,44,3,Sedia Aku Sebelum Hujan,Idgitaf,7pFWMC2E7h8eL3SZyHRsRq,64bauCjHAIiDNkcHiOJW1r,https://i.scdn.co/image/ab67616d00001e02ac44521bc2da938d92b422f9
2026-08-02,id,Indonesia,45,1,Terbuang Dalam Waktu,Barasuara,5RbI1PF4n02wWKmgjk7hAE,5fmyW3X3kncOOVlmcWhORH,https://i.scdn.co/image/ab67616d00001e0295688e1f59ae3fc4951d41ff
2026-08-02,id,Indonesia,46,3,Aku Milikmu,Dewa 19,48bKH1ugFBhERC1rdojP9d,5JESuE80fvausWHjcT9QVh,https://i.scdn.co/image/ab67616d00001e02bfc7fa507f4bc822cabe7bde
2026-08-02,id,Indonesia,47,4,Runtuh,Feby Putri; Fiersa Besari,66NmU5epI0ONGmdCRbLpmW; 06QVnTCdjs4jPKO0487EGV,6Hii26x3qDErVitnGW8QtO,https://i.scdn.co/image/ab67616d00001e024788f7886c01b9b2ee95cbdd
2026-08-02,id,Indonesia,48,3,Lihat Kebunku (Taman Bunga),Aku Jeje,4FZ6V3q8zMyFvSMeT2ld2f,5dvIK269hL3eZXQMG4Vc2C,https://i.scdn.co/image/ab67616d00001e0223a15d3a2c0fc3d9bb6c5911
2026-08-02,id,Indonesia,49,4,Dirimu Yang Dulu,Anggis Devaki,7lXTU6VtJQWfiN2vuZyzqf,3GIiXoibZNOxoB4QJ0b8UR,https://i.scdn.co/image/ab67616d00001e02d7105ffabf2ff9ddd265eab1
2026-08-02,id,Indonesia,50,3,Beauty And A Beat,Justin Bieber; Nicki Minaj,1uNFoZAHBGtllmzznpCI3s; 0hCNtLu0JehylgoiP8L4Gh,6QFCMUUq1T2Vf5sFUXcuQ7,https://i.scdn.co/image/ab67616d00001e02f1d02a6cec967f8b6b78f76e
2026-08-02,id,Indonesia,51,9,Komang,Raim Laode,5LcNPa8f8bRmZqELgoRFkN,3blvSatB9XD5i705K4j2yP,https://i.scdn.co/image/ab67616d00001e02a9d1f9b5d3275b0625e13e79
2026-08-02,id,Indonesia,52,2,About You,The 1975,3mIj9lX2MWuHmhNCA7LSCW,3hEfpBHxgieRLz4t3kLNEg,https://i.scdn.co/image/ab67616d00001e0200702474f8e0e2b6155d48e3
2026-08-02,id,Indonesia,53,1,Menari-nari,Raim Laode,5LcNPa8f8bRmZqELgoRFkN,5kJ2lw9zz2BMMN7YcI4NZb,https://i.scdn.co/image/ab67616d00001e02a9d1f9b5d3275b0625e13e79
2026-08-02,id,Indonesia,54,9,Sempurna,Andra & The Backbone,4ucwey7FxkHXkLK7jSfevU,2UgCs0i0rNHUH2jKE5NZHE,https://i.scdn.co/image/ab67616d00001e020df7dec70511dd4f2e69dc34
2026-08-02,id,Indonesia,55,7,Lantas,Juicy Luicy,3tMTXQyRrPmMyHv5SoC0TV,1ZPVEo8RfmrEz8YAD5n6rW,https://i.scdn.co/image/ab67616d00001e02b1d3ef29ee15a18842973471
2026-08-02,id,Indonesia,56,2,drop dead,Olivia Rodrigo,1McMsnEElThX1knmY4oliG,3fRCAPMMZ8l8P9YKI6OCzD,https://i.scdn.co/image/ab67616d00001e026949b83f85d782b21ce70583
2026-08-02,id,Indonesia,57,5,Rahasia Hati,Nidji,4sEWznAKWWNcicTuLxzb6d,6zrnrcry6OHVFo3EDt6PYa,https://i.scdn.co/image/ab67616d00001e02801ab61ae6086d0381265658
2026-08-02,id,Indonesia,58,–,Interaksi,Tulus,2iDVt6mFbtbDEZG5ax0dTi,32Pdf9eyXDEMoClEJW6yYP,https://i.scdn.co/image/ab67616d00001e02d34a0632f6861e8875d6899b
2026-08-02,id,Indonesia,59,5,Tak Kan Hilang,Budi Doremi,6Ifk2cbxyVzT41jLexYCas,6LRO4Nf1DdNRChmnTFi4ic,https://i.scdn.co/image/ab67616d00001e02f7e5af48832abc7234153e0f
2026-08-02,id,Indonesia,60,6,Anugerah Terindah,Andmesh,6IDsZZ4IHgs9VblBgQQSmt,6gjkHuMOR0CrN7Vb2NoEdg,https://i.scdn.co/image/ab67616d00001e023b83fd19945daf89d7cbfc00
2026-08-02,id,Indonesia,61,6,Pesan Terakhir,Lyodra,6Sv2jkzH9sWQjwghW5ArMG,3FwQ3RYYEekzjEeL3jdpUZ,https://i.scdn.co/image/ab67616d00001e02d00e5994b61f1d93dafe9221
2026-08-02,id,Indonesia,62,6,Risk It All,Bruno Mars,0du5cEVh5yTK9QJze8zA0C,5y2ijHECwFYWqcAHKTZgzD,https://i.scdn.co/image/ab67616d00001e023eb8dc748f7efb1470f74395
2026-08-02,id,Indonesia,63,6,Kangen,Dewa 19,48bKH1ugFBhERC1rdojP9d,3ZyMRe0jlSqffPBMeHUZFX,https://i.scdn.co/image/ab67616d00001e0269222d0908ecf5d22cc9d960
2026-08-02,id,Indonesia,64,1,Jakarta Hari Ini,For Revenge; Stereo Wall,0f6TyESD8E1mD2oLJ4TGv1; 0kw7tMniMnrp9Pcr7vgDAm,6AyBbSvcR2ZwTeR30I4jb9,https://i.scdn.co/image/ab67616d00001e02322ce4ba8eb959ebee609fd8
2026-08-02,id,Indonesia,65,2,Bawa Dia Kembali,Mahalini,3wOsYKZM0zcKNasi3I7fP4,25M9piWxSsq0xLcjQW5yz6,https://i.scdn.co/image/ab67616d00001e026f713eb92ebf7ca05a562542
2026-08-02,id,Indonesia,66,5,Di Akhir Perang,Nadin Amizah,20zafXaLhm5IcXnSU93rNn,1tqPw8Hf88h24Bpt2SzuYE,https://i.scdn.co/image/ab67616d00001e0294847679fe7b10e27d9803f5
2026-08-02,id,Indonesia,67,7,Sadrah,For Revenge,0f6TyESD8E1mD2oLJ4TGv1,0G274Cn7Z8olJVHBqG4wpL,https://i.scdn.co/image/ab67616d00001e02bf09e5d5661fe469bdf8e622
2026-08-02,id,Indonesia,68,21,Kembali Pulang,Suara Kayu; Feby Putri,327ipGIr9bD3MkLb2eucqC; 66NmU5epI0ONGmdCRbLpmW,6xeqCawPZngDVqw2W2aGaR,https://i.scdn.co/image/ab67616d00001e020fa7d0f0589cf5cf7c9300fd
2026-08-02,id,Indonesia,69,8,Sorai,Nadin Amizah,20zafXaLhm5IcXnSU93rNn,3ymuBMTviroWLuf1jMsMVf,https://i.scdn.co/image/ab67616d00001e027d6b0a5ae92793f5d21be67a
2026-08-02,id,Indonesia,70,13,Duka,Last Child,1v1khTmozNfxB2ET1Ep288,3rXS2AEXNADrIFyuY3F6RJ,https://i.scdn.co/image/ab67616d00001e02057818e4bb59fcede0e7e7d5
2026-08-02,id,Indonesia,71,3,The Man Who Can't Be Moved,The Script,3AQRLZ9PuTAozP28Skbq8V,3nqqDo8CcCLke3ZoTgiOKf,https://i.scdn.co/image/ab67616d00001e02f33a9f529c12f79b116eb218
2026-08-02,id,Indonesia,72,–,Gala bunga matahari,Sal Priadi,1NjxFrpEGZTV2Ny0OJxeWu,5eBk8ZXcd0pb0AO4a5PpOg,https://i.scdn.co/image/ab67616d00001e02686acaaa87bfc6ebb42b3bd2
2026-08-02,id,Indonesia,73,2,Sang Badut,Raim Laode,5LcNPa8f8bRmZqELgoRFkN,3psZu1wcmAoyWrL9RB3y08,https://i.scdn.co/image/ab67616d00001e02f26773f6fedf911fa80877bc
2026-08-02,id,Indonesia,74,–,Semua Aku Dirayakan,Nadin Amizah,20zafXaLhm5IcXnSU93rNn,4rcuS31IcZynp91dqvmhmA,https://i.scdn.co/image/ab67616d00001e0294847679fe7b10e27d9803f5
2026-08-02,id,Indonesia,75,2,Untuk Perempuan Yang Sedang Di Pelukan,Payung Teduh,2Ooa3TrmlskyBftzenv6xQ,0urpBLpcm6DOGzs86rcKd8,https://i.scdn.co/image/ab67616d00001e028ee03809d40edb632fadd3c0
2026-08-02,id,Indonesia,76,1,Rabun Jauh,Bernadya,47z98pKd71yIbgXwe9LPVC,2jJpzPsQhjZpxOmLjiYfvP,https://i.scdn.co/image/ab67616d00001e0251b3680373f9e0832d3b764f
2026-08-02,id,Indonesia,77,3,"Merry Christmas, Please Don't Call",Bleachers,2eam0iDomRHGBypaDQLwWI,0UOG0zUn7t8m8QcxfzR7AH,https://i.scdn.co/image/ab67616d00001e027fbed05d7226834da74c652b
2026-08-02,id,Indonesia,78,15,Separuh Aku,Noah,31aMmlq8isIAgojvmIwiS4,4sJmv194lQKWjytpaxH1Vj,https://i.scdn.co/image/ab67616d00001e02ef9c61634ef59e7ee439dacc
2026-08-02,id,Indonesia,79,48,Menerima Luka,Natasya Sabella,2w2xKlumnOzCf5eVTkmNXn,5ohhUOosF2Ap8wsk1adLI8,https://i.scdn.co/image/ab67616d00001e02666b93e07f4a5ef345e83fe1
2026-08-02,id,Indonesia,80,1,Seandainya,Vierra,1WX2v0BiEW19Vw7xmznLdZ,5NmjnghJGJRFg34KGGx8O0,https://i.scdn.co/image/ab67616d00001e02bdc17798be456d9e4ad28dc0
2026-08-02,id,Indonesia,81,23,Kata Mereka Ini Berlebihan,Bernadya,47z98pKd71yIbgXwe9LPVC,6wj06az0WX7fClA2w319dO,https://i.scdn.co/image/ab67616d00001e0227693aaf059002bba3a7655a
2026-08-02,id,Indonesia,82,–,Pelangi,Hivi!,4ubEZ6sMsrrbQChueyouCC,3ZwqWrRpylU9nfy99qwKdR,https://i.scdn.co/image/ab67616d00001e02abbee551b5c821d7624949ae
2026-08-02,id,Indonesia,83,5,Di Ujung Jalan,SAMSONS,6HHje5tfmzWK8PsSaoJ9Xp,70GUGyk1sJYFTqZpSJj2KM,https://i.scdn.co/image/ab67616d00001e0217f5145bfb22a8ca721c6812
2026-08-02,id,Indonesia,84,6,back to friends,sombr,4G9NDjRyZFDlJKMRL8hx3S,7qjZnBKE73H4Oxkopwulqe,https://i.scdn.co/image/ab67616d00001e024229702de91cb3d3a4383302
2026-08-02,id,Indonesia,85,9,Locked out of Heaven,Bruno Mars,0du5cEVh5yTK9QJze8zA0C,5g7sDjBhZ4I3gcFIpkrLuI,https://i.scdn.co/image/ab67616d00001e02926f43e7cce571e62720fd46
2026-08-02,id,Indonesia,86,1,That Should Be Me,Justin Bieber,1uNFoZAHBGtllmzznpCI3s,0aPZbnkMoWJaJ5CNVLCj8S,https://i.scdn.co/image/ab67616d00001e02629dc9e2e3bc20bbd7d92e4a
2026-08-02,id,Indonesia,87,17,Surat Cinta Untuk Starla,Virgoun,4bAgr9zaF0bpzVGHdHuf0f,19gpjGEqIwwTzhc9wbRitw,https://i.scdn.co/image/ab67616d00001e026c9259b10efeeb8521db5750
2026-08-02,id,Indonesia,88,1,Tapi Bukan Aku,Kerispatih,73OtDyghUEJ9QfGtu1pkaJ,0BrH4b7su9uLELM1h5Xlzw,https://i.scdn.co/image/ab67616d00001e024986516d6ce56f0d19cdc41d
2026-08-02,id,Indonesia,89,2,"Merry Christmas, i miss you",Alex Crichton,25JtC3l1STnE2GptoHKXdD,0XYALktGbnHJ1TdW0Oz5KN,https://i.scdn.co/image/ab67616d00001e024df358d2889ec24b2df23c67
2026-08-02,id,Indonesia,90,8,Mesra-mesraannya kecil-kecilan dulu,Sal Priadi,1NjxFrpEGZTV2Ny0OJxeWu,1NzyVlr2fOWOfigbwDabme,https://i.scdn.co/image/ab67616d00001e02686acaaa87bfc6ebb42b3bd2
2026-08-02,id,Indonesia,91,10,Tampar,Juicy Luicy,3tMTXQyRrPmMyHv5SoC0TV,1csKczcJqOSdK8JriLMpDW,https://i.scdn.co/image/ab67616d00001e02fadca79809c06f6afe7de0d9
2026-08-02,id,Indonesia,92,42,Jiwa Yang Bersedih,Ghea Indrawari,3qL7BzwJOXq3EzAio36aLX,0sV01d2keik5bwCuW9EQpk,https://i.scdn.co/image/ab67616d00001e029798fbe1bd1cdf2915bd0394
2026-08-02,id,Indonesia,93,3,Cinta Terakhir,Ari Lasso,1sqYIwXAmhrcSTsYmsTFAr,7gB98EWp4p9VKxOToaqrhM,https://i.scdn.co/image/8dfcae75cf6322f4996dafc5a47f51a65238bda3
2026-08-02,id,Indonesia,94,6,Sailor Song,Gigi Perez,1iCnM8foFssWlPRLfAbIwo,21IYMdzTrzSe191Cy5eMap,https://i.scdn.co/image/ab67616d00001e0249c26270052e1671add569c1
2026-08-02,id,Indonesia,95,1,Payphone,Maroon 5; Wiz Khalifa,04gDigrS5kc9YWfZHwBETP; 137W8MRPWKqSmrBGDBFSop,1XGmzt0PVuFgQYYnV2It7A,https://i.scdn.co/image/ab67616d00001e02fc8633e22a7dba6aab817bff
2026-08-02,id,Indonesia,96,10,Kita Ke Sana,Hindia,51kyrUsAVqUBcoDEMFkX12,5DqSZFvWvSWg5eyCDi0CuW,https://i.scdn.co/image/ab67616d00001e0249bdf0e981cbba25d48b44e0
2026-08-02,id,Indonesia,97,10,Disarankan di Bandung,Dongker; Jason Ranti,6sf1OnuDZM48bgFQvPkbYm; 06x5hKHmGzMggWmRK833nv,5VyWqCgmRSa1o364B4UGI8,https://i.scdn.co/image/ab67616d00001e0235e8c95e427167c4d26899e1
2026-08-02,id,Indonesia,98,4,Blank Space,Taylor Swift,06HL4z0CvFAxyc27GXpf02,1u8c2t2Cy7UBoG4ArRcF5g,https://i.scdn.co/image/ab67616d00001e0252b2a3824413eefe9e33817a
2026-08-02,id,Indonesia,99,15,Wonderwall - Remastered,Oasis,2DaxqgrOhkeH0fpeiQq2f4,5qqabIl2vWzo9ApSC317sa,https://i.scdn.co/image/ab67616d00001e0285e5dcc05cc216a10f141480
2026-08-02,id,Indonesia,100,8,Bila Kau Tak Disampingku,Sheila On 7,6q87vizIEdEN4NvlR6mjfT,1ylY6UrF7cmOZ9GDOxrfk8,https://i.scdn.co/image/ab67616d00001e02e8d4f0596d66ccbe5241918d
2026-08-02,id,Indonesia,101,1,Tanpa Cinta,Yovie & Nuno,3DHOtJqv0Bw65ENlK4FiSF,0qjuyXWrksQxIRntqz9ZJV,https://i.scdn.co/image/ab67616d00001e020b43cd27d3f8ab7e3b9069a8
2026-08-02,id,Indonesia,102,5,Mengenangmu,Kerispatih,73OtDyghUEJ9QfGtu1pkaJ,6l9L0ssWzD5XI1aJgVFpaS,https://i.scdn.co/image/ab67616d00001e024986516d6ce56f0d19cdc41d
2026-08-02,id,Indonesia,103,11,Evaluasi,Hindia,51kyrUsAVqUBcoDEMFkX12,2dIBMHByUGcNPzmYBJ6OAj,https://i.scdn.co/image/ab67616d00001e02d623688488865906052ef96b
2026-08-02,id,Indonesia,104,4,Hujan,Utopia,4oAZA3aniPjL9XINSvj7VP,30nitOpjzC3rV54QbLHTV8,https://i.scdn.co/image/a76ce2e55a7068f16a78cbbbb38b509088f36800
2026-08-02,id,Indonesia,105,22,Bunga Maaf,The Lantis,1REvGGP2H7cFLGZgK2sStO,26KhLgFuPymkm1uiZkc6Rv,https://i.scdn.co/image/ab67616d00001e027536908067a37708c3f5ff35
2026-08-02,id,Indonesia,106,7,L,Halstage,5vTG3EyFrsARtIGDWZNRzu,3aClK9EBpl7QeYEuOq1eMI,https://i.scdn.co/image/ab67616d00001e024e540197973e1e46eedc06c7
2026-08-02,id,Indonesia,107,9,BIRDS OF A FEATHER,Billie Eilish,6qqNVTkY8uBg9cP3Jd7DAH,6dOtVTDdiauQNBQEDOtlAB,https://i.scdn.co/image/ab67616d00001e0271d62ea7ea8a5be92d3c1f62
2026-08-02,id,Indonesia,108,13,2001x,Adrian Khalif,6X28gNASnalAWseUA8uI4X,7EkTXoaED7peReoRytElSi,https://i.scdn.co/image/ab67616d00001e02e7cecaed4e0dfbb8acfd371e
2026-08-02,id,Indonesia,109,3,WILDFLOWER,Billie Eilish,6qqNVTkY8uBg9cP3Jd7DAH,3QaPy1KgI7nu9FJEQUgn6h,https://i.scdn.co/image/ab67616d00001e0271d62ea7ea8a5be92d3c1f62
2026-08-02,id,Indonesia,110,1,Night Changes,One Direction,4AK6F7OLvEQ5QYCBNiQWHq,5O2P9iiztwhomNh8xkR9lJ,https://i.scdn.co/image/ab67616d00001e0234a29f220057810cce98e1b4
2026-08-02,id,Indonesia,111,24,Kau Masih Kekasihku,NaFF,1ryXwlpQNzkSCfU685Ftx5,3rpwAgSsnId9fCoogNeJCt,https://i.scdn.co/image/ab67616d00001e023fdee3a1eae6c6ecffdeadc3
2026-08-02,id,Indonesia,112,13,Body Pata Pata - Thailand Edit,COPACABANA,7C7XI2lMHGvTDNLv8vFfpY,0bKzjP0DzD02Zmcm9qNoJQ,https://i.scdn.co/image/ab67616d00001e02237417df6350f060adace45f
2026-08-02,id,Indonesia,113,7,Abadi - Indo Version,Dendi Nata,509YLwDnYeTaVfX0Kl6Jdn,2d49CYzYWkjPawTzcR7Z5z,https://i.scdn.co/image/ab67616d00001e0254afdd66acda854318e75df2
2026-08-02,id,Indonesia,114,35,hate that i made you love me,Ariana Grande,66CXWjxzNUsdJxJ2JdwvnR,3iy2QuCtCzpWnR6tia39AB,https://i.scdn.co/image/ab67616d00001e028baf677ee2d8dda6cc9fcbd7
2026-08-02,id,Indonesia,115,10,Negoro Angin,Denny Caknan,3Gr3opnAGpJiTowsTyJFWG,3kfVlzPUsy7x1MiPHRuFr0,https://i.scdn.co/image/ab67616d00001e02c5377f09143561fcc489b5ef
2026-08-02,id,Indonesia,116,10,Gemilang,Perunggu,0NbKRRBuiIUwS9irPvi7wD,7EPJbZ3UygY2fqhOdqOSaT,https://i.scdn.co/image/ab67616d00001e0287221ad6b867ad30afdf048c
2026-08-02,id,Indonesia,117,7,Satu Bulan,Bernadya,47z98pKd71yIbgXwe9LPVC,7zOVh5fGpEwSbZd0g9z80B,https://i.scdn.co/image/ab67616d00001e02cb1e5f7d0942bf9196c1e711
2026-08-02,id,Indonesia,118,9,Membasuh,Hindia; Rara Sekar,51kyrUsAVqUBcoDEMFkX12; 6mJII5SJlWEYnf7DY4Uywl,3CBxVM0zGj41BQtE6m7gwb,https://i.scdn.co/image/ab67616d00001e02d623688488865906052ef96b
2026-08-02,id,Indonesia,119,7,Amin Paling Serius,Sal Priadi; Nadin Amizah,1NjxFrpEGZTV2Ny0OJxeWu; 20zafXaLhm5IcXnSU93rNn,1q1dsfckKMgjfr8DfdeKfs,https://i.scdn.co/image/ab67616d00001e0283b0105f3ea493fcf0da7443
2026-08-02,id,Indonesia,120,19,Kenangan Terindah,SAMSONS,6HHje5tfmzWK8PsSaoJ9Xp,5TtmfZaNSYEcTR49cureT0,https://i.scdn.co/image/ab67616d00001e02607aaef4f806cb926096f1ae
2026-08-02,id,Indonesia,121,2,Resah Jadi Luka,Daun Jatuh,3EaScgA3zh2rORlbrAL8RI,2sULdMKWdBdK2ZtntuFvSb,https://i.scdn.co/image/ab67616d00001e0226458812554408283d9e2bd1
2026-08-02,id,Indonesia,122,7,Kasih Putih,Yovie Widianto; Glenn Fredly,7Ln5yumFjHCkeZ8bAzHUcp; 4rUYk0fV0Z4pOtwVbEAyK9,2sjA4DTYveWwXo9aC62vWd,https://i.scdn.co/image/ab67616d00001e021ce2ae44de421c5852ef7eeb
2026-08-02,id,Indonesia,123,1,Die With A Smile,Lady Gaga; Bruno Mars,1HY2Jd0NmPuamShAr6KMms; 0du5cEVh5yTK9QJze8zA0C,7so0lgd0zP2Sbgs2d7a1SZ,https://i.scdn.co/image/ab67616d00001e02b0860cf0a98e09663c82290c
2026-08-02,id,Indonesia,124,3,Pura Pura Lupa,Mahen,5Ag6luL11YrL1Znq0xsVuh,48x5fpsRMinILFWmbidU10,https://i.scdn.co/image/ab67616d00001e02a1d20ea063bdfe3f4989bdee
2026-08-02,id,Indonesia,125,7,Teganya Kau,Lyodra,6Sv2jkzH9sWQjwghW5ArMG,7BVtNEGHh8O2kLyciokFyl,https://i.scdn.co/image/ab67616d00001e02ab5d3c815265b9b11b51ed86
2026-08-02,id,Indonesia,126,23,"o,Tuan",.Feast,7Gy1PxqrgsiqWF6JNYPHeB,2WXXgjU6foIi4FBIPDMf9t,https://i.scdn.co/image/ab67616d00001e02c800b90e2092a5328f699117
2026-08-02,id,Indonesia,127,4,I'd like to watch you sleeping,Sal Priadi,1NjxFrpEGZTV2Ny0OJxeWu,0Y7dCFSIdB9vJ8nnVIAfuv,https://i.scdn.co/image/ab67616d00001e02686acaaa87bfc6ebb42b3bd2
2026-08-02,id,Indonesia,128,18,SO ASU,Naykilla,79omf4LgzaVAnXIRWPkJUq,56TRhAB4SqpRn5NdqHSAFy,https://i.scdn.co/image/ab67616d00001e02bc3ac83da4a6bda98247e694
2026-08-02,id,Indonesia,129,24,Pupus,Dewa,35dWPb7Tmq0WESp6KAUJ8w,7ADK1rnMzP6PGWhoqWirBJ,https://i.scdn.co/image/92d39f39010bdd678d3e974ef016c7893a77c9e8
2026-08-02,id,Indonesia,130,1,Rayuan Perempuan Gila,Nadin Amizah,20zafXaLhm5IcXnSU93rNn,0zAtj0BEvpulETGrk95NPQ,https://i.scdn.co/image/ab67616d00001e0294847679fe7b10e27d9803f5
2026-08-02,id,Indonesia,131,1,Heaven,Bryan Adams,3Z02hBLubJxuFJfhacLSDc,7Ewz6bJ97vUqk5HdkvguFQ,https://i.scdn.co/image/ab67616d00001e02cf1fee2a55e98e22bf358512
2026-08-02,id,Indonesia,132,11,Cinta Sejati - Remastered 2024,Bunga Citra Lestari,30qVSJGhPhrZLKG0H9DMA9,6rFCBIXeCU0xyhMsw8NsF0,https://i.scdn.co/image/ab67616d00001e0270e16648de8862370538b704
2026-08-02,id,Indonesia,133,12,Mencintaimu,Sal Priadi,1NjxFrpEGZTV2Ny0OJxeWu,26aNjbOgTVrFZEx7was69A,https://i.scdn.co/image/ab67616d00001e02489cd3228dbaa5552e5ed8c9
2026-08-02,id,Indonesia,134,6,Firasat,Marcell,0JvUFDnuWPbuyRa6ptVkLk,3cHjFfvxo7ZIz9Px32V9aA,https://i.scdn.co/image/ab67616d00001e02df28df674016bb665fec81ef
2026-08-02,id,Indonesia,135,10,Love Me Not,Ravyn Lenae,5RTLRtXjbXI2lSXc6jxlAz,4WFgvKVfEhb3IUAFGrutTR,https://i.scdn.co/image/ab67616d00001e020e62daaea2c7b94053e1c142
2026-08-02,id,Indonesia,136,19,Rahasia Hati,Element,053tL050frPJyo9lPXTUFb,1X80KdFJpedU4as4WGIgYM,https://i.scdn.co/image/ab67616d00001e025764299de24a6d0a74237ce9
2026-08-02,id,Indonesia,137,37,Secukupnya,Hindia,51kyrUsAVqUBcoDEMFkX12,5drW6PGRxkE6MxttzVLNk5,https://i.scdn.co/image/ab67616d00001e02d623688488865906052ef96b
2026-08-02,id,Indonesia,138,14,Tak Segampang Itu,Anggi Marito,1JvbNeV9zG9Sew1JyaWsyx,0Y0xIGcTjb5EFHHYrJIGIk,https://i.scdn.co/image/ab67616d00001e02a1d74b65a15714b66bcc6cb5
2026-08-02,id,Indonesia,139,7,Bunga Abadi,Rio Clappy,16B3ICSQCPu4C6L5TEHXQe,4HtnRLeRu7N7sTGtwOvdjY,https://i.scdn.co/image/ab67616d00001e0276d805fb6b4fdb20b348b0e1
2026-08-02,id,Indonesia,140,29,Kita,Sheila On 7,6q87vizIEdEN4NvlR6mjfT,0HiNUFD2ovdPC2p5tbnzCG,https://i.scdn.co/image/ab67616d00001e0254270208627aa8061a8abe21
2026-08-02,id,Indonesia,141,1,Backburner,NIKI,2kxP07DLgs4xlWz8YHlvfh,4x2PkqSLtuwv53hLqq4GiY,https://i.scdn.co/image/ab67616d00001e0289aa3d00d339b8948374782b
2026-08-02,id,Indonesia,142,17,Takkan Terganti,Marcell,0JvUFDnuWPbuyRa6ptVkLk,0T4t1PywlNmJGcveGH5spB,https://i.scdn.co/image/ab67616d00001e025f95864c2e8b42d4253b90db
2026-08-02,id,Indonesia,143,Re-Entry,Terlalu Lama,Vierra,1WX2v0BiEW19Vw7xmznLdZ,64004K6OpNt3gI3LtXYC7n,https://i.scdn.co/image/ab67616d00001e0218c5ae00eb3bee52e169d232
2026-08-02,id,Indonesia,144,47,"Kesayanganku (feat. Chelsea Shania) [From ""Samudra Cinta""]",Al-Ghazali; Chelsea Shania,574Sftrqpo7OKHWPXprSMx; 7JfIJzVgNyB2KytMWjXZiM,2B7ucTNtRDkKXCTf6vcxmL,https://i.scdn.co/image/ab67616d00001e0210c6e64061a6e21801541402
2026-08-02,id,Indonesia,145,8,You'll Be in My Heart,NIKI,2kxP07DLgs4xlWz8YHlvfh,1UPB5rYJ0bzn6mNSoAHrZC,https://i.scdn.co/image/ab67616d00001e027cd329ea4a204a8a47caf3d5
2026-08-02,id,Indonesia,146,3,Taruh,Nadin Amizah,20zafXaLhm5IcXnSU93rNn,6Dh1zHQjEaOp29VW9pp3xG,https://i.scdn.co/image/ab67616d00001e026d57a5c60decaa8fb39d5afb
2026-08-02,id,Indonesia,147,3,terima kasih,Halstage,5vTG3EyFrsARtIGDWZNRzu,2m1ozXAKFam3YQXRPDnEfE,https://i.scdn.co/image/ab67616d00001e027c535da8b21c3a5c055b4202
2026-08-02,id,Indonesia,148,12,Sialan,Adrian Khalif; Juicy Luicy,6X28gNASnalAWseUA8uI4X; 3tMTXQyRrPmMyHv5SoC0TV,6cChz3Pak7UtjuVJJRZmCm,https://i.scdn.co/image/ab67616d00001e029670851bed73df294eee9111
2026-08-02,id,Indonesia,149,6,we can't be friends (wait for your love),Ariana Grande,66CXWjxzNUsdJxJ2JdwvnR,51ZQ1vr10ffzbwIjDCwqm4,https://i.scdn.co/image/ab67616d00001e028b58d20f1b77295730db15b4
2026-08-02,id,Indonesia,150,21,Tak Ada Ujungnya,Rony Parulian,13y29W8mEcA2gKqUr1SPLJ,12clal6pCQGwrFWQ5TccDN,https://i.scdn.co/image/ab67616d00001e0257124131195ac118b99d2042
2026-08-02,id,Indonesia,151,5,Die On This Hill,SIENNA SPIRO,02gSuSAWEdWa5UOvqzjX6v,7gkZNvBHfI30qG7hA0eopT,https://i.scdn.co/image/ab67616d00001e02b09eea420767969b6729962b
2026-08-02,id,Indonesia,152,14,Iris,The Goo Goo Dolls,2sil8z5kiy4r76CRTXxBCA,6Qyc6fS4DsZjB2mRW9DsQs,https://i.scdn.co/image/ab67616d00001e02eda9478c39a21e1cdc6609ca
2026-08-02,id,Indonesia,153,3,Labirin,Tulus,2iDVt6mFbtbDEZG5ax0dTi,0pDmW5AOpl1Wi58Ob0xXB8,https://i.scdn.co/image/ab67616d00001e02b45389e5c90048351ad42039
2026-08-02,id,Indonesia,154,22,Jikalau Kau Cinta,Judika,5fS7aONqrIhiw6YzgKVOsd,29gdEEyeHC9ypmvQkohY4N,https://i.scdn.co/image/ab67616d00001e025b62afbc418eea4fa94727cc
2026-08-02,id,Indonesia,155,13,"Berdansalah, Karir Ini Tak Ada Artinya",Hindia,51kyrUsAVqUBcoDEMFkX12,2SmKwCCSiUTjtR8I8rv6MS,https://i.scdn.co/image/ab67616d00001e0249bdf0e981cbba25d48b44e0
2026-08-02,id,Indonesia,156,20,Risalah Hati,Pamungkas,7d86ERlvO5UG44j7Va0Y0C,0pDVCQpK0jAjhWYrzrz91x,https://i.scdn.co/image/ab67616d00001e02e15ac0d90ad533c2dc21008a
2026-08-02,id,Indonesia,157,Re-Entry,Aku Yang Jatuh Cinta,Dudy Oris,6YPfs6tdZXvnlzgZNU3SYT,1NFUHFlL8UbyIiwxDfbokL,https://i.scdn.co/image/ab67616d00001e02b37f9f71cadcc9c8aa2af290
2026-08-02,id,Indonesia,158,Re-Entry,Beranjak Dewasa,Nadin Amizah,20zafXaLhm5IcXnSU93rNn,3FPlY1uqTe1oFfIgI0BnoA,https://i.scdn.co/image/ab67616d00001e026d57a5c60decaa8fb39d5afb
2026-08-02,id,Indonesia,159,11,Just the Way You Are,Bruno Mars,0du5cEVh5yTK9QJze8zA0C,7BqBn9nzAq8spo5e7cZ0dJ,https://i.scdn.co/image/ab67616d00001e027039c1c841fc3dfa2ad8a0d8
2026-08-02,id,Indonesia,160,19,Demi Cinta,Kerispatih,73OtDyghUEJ9QfGtu1pkaJ,2SscarnRY3zdkORvPu9JGZ,https://i.scdn.co/image/ab67616d00001e02899fb8089df3acdc70fc2459
2026-08-02,id,Indonesia,161,10,Alamak,Rizky Febian; Adrian Khalif,28DdkLhrzQNizZ0ExQpyku; 6X28gNASnalAWseUA8uI4X,1vkwlZncsYqFukl2Q7M6Fe,https://i.scdn.co/image/ab67616d00001e0201b9750a33d771645d7f043a
2026-08-02,id,Indonesia,162,5,Talking to the Moon,Bruno Mars,0du5cEVh5yTK9QJze8zA0C,161DnLWsx1i3u1JT05lzqU,https://i.scdn.co/image/ab67616d00001e027039c1c841fc3dfa2ad8a0d8
2026-08-02,id,Indonesia,163,1,It Will Rain,Bruno Mars,0du5cEVh5yTK9QJze8zA0C,4rMNgxEwGWoPHIUcvB5BrB,https://i.scdn.co/image/ab67616d00001e02dec2e6bae5062b94fc4eeb84
2026-08-02,id,Indonesia,164,6,When I Was Your Man,Bruno Mars,0du5cEVh5yTK9QJze8zA0C,0B7wvvmu9EISAwZnOpjhNI,https://i.scdn.co/image/ab67616d00001e02926f43e7cce571e62720fd46
2026-08-02,id,Indonesia,165,16,Separuh Nafas,Dewa 19,48bKH1ugFBhERC1rdojP9d,6JusI70TeT9M2O1MXyXRRv,https://i.scdn.co/image/ab67616d00001e0269222d0908ecf5d22cc9d960
2026-08-02,id,Indonesia,166,33,Ruang Baru,Barsena Bestandhi,5vZpfzIdyiutGngkSKEb8i,1hY73ezlX6Lv9egJv2vaTn,https://i.scdn.co/image/ab67616d00001e021492171cba5bd7087eb9fa94
2026-08-02,id,Indonesia,167,17,Who Knows,Daniel Caesar,20wkVLutqVOYrc0kxFs7rA,6DH13QYXK7lKkYHSU88N48,https://i.scdn.co/image/ab67616d00001e022bad6e56e77d5bef0aa3f2dc
2026-08-02,id,Indonesia,168,Re-Entry,"Berakhir di Aku - Original Soundtrack From ""Home Sweet Loan""",Idgitaf,7pFWMC2E7h8eL3SZyHRsRq,3KcfLN50nMGR4uH1T0QVxL,https://i.scdn.co/image/ab67616d00001e024ae1c2813cfa6d10c73f4661
2026-08-02,id,Indonesia,169,8,Tak Ingin Usai,Keisya Levronka,4EiSzlOeMnJcp2U8ayCQ3a,0OHr74BS1CEwyZsyY9kml2,https://i.scdn.co/image/ab67616d00001e02d640e180e7cb9909fc3d4092
2026-08-02,id,Indonesia,170,27,Satu,Dewa,35dWPb7Tmq0WESp6KAUJ8w,6LVz9rEORZOXopyaXN9FXp,https://i.scdn.co/image/05d0fa0bad7a6ac9413f282d7fa7f1856dc377b7
2026-08-02,id,Indonesia,171,1,Januari,Glenn Fredly,4rUYk0fV0Z4pOtwVbEAyK9,3h3BXv7Iq5CTTiN9CHgkNe,https://i.scdn.co/image/ab67616d00001e02a408bda7831f7e7ec050ba32
2026-08-02,id,Indonesia,172,Re-Entry,Cinta Dan Rahasia,Yura Yunita; Glenn Fredly,02Tq76MwpeoRu3BHIAiaio; 4rUYk0fV0Z4pOtwVbEAyK9,4HXUMRdT6s6Am6YHcWmuib,https://i.scdn.co/image/ab67616d00001e021e4e95c4e26e1f04580e374d
2026-08-02,id,Indonesia,173,8,TABOLA BALE,Silet Open Up; Jacson Seran; Juan Reza; Diva Aurel,5naPJsWUJ6y22yKXA6dX36; 7sGSFhUe26nmXPxw3KuXrj; 0eYCIajsbVsMjVUIkcomIY; 5aOpLMYo7aOOxoXBFkiJ4u,7mqG8I1JG0iQAejC53qpbU,https://i.scdn.co/image/ab67616d00001e02f6f7d0c06b8b2bd22ba3eae4
2026-08-02,id,Indonesia,174,10,Photograph,Ed Sheeran,6eUKZXaKkcviH0Ku9w2n3V,6fxVffaTuwjgEk5h9QyRjy,https://i.scdn.co/image/ab67616d00001e0213b3e37318a0c247b550bccd
2026-08-02,id,Indonesia,175,–,Ours To Keep,Kendis; adis,5HLrlI5LdULY9s740CsAFZ; 0VuHd7oPpsTBa4Bd4LYyOs,7dYCEAlx57P9Cv4inX7ckM,https://i.scdn.co/image/ab67616d00001e0255ef6f780167954cf1259c8e
2026-08-02,id,Indonesia,176,22,End of Beginning,Djo,5p9HO3XC5P3BLxJs5Mtrhm,3qhlB30KknSejmIvZZLjOD,https://i.scdn.co/image/ab67616d00001e02fddfffec51b4580acae727c1
2026-08-02,id,Indonesia,177,30,Kita Usahakan Lagi,Batas Senja,4AhHkaGz7W2bKKJK90IaV2,1wfbqUSPWbnPjkiBA9UmoF,https://i.scdn.co/image/ab67616d00001e02246e30c4bef2c5336465aca7
2026-08-02,id,Indonesia,178,2,Diri,Tulus,2iDVt6mFbtbDEZG5ax0dTi,2qgjqbi96IAOBzZFC6H57U,https://i.scdn.co/image/ab67616d00001e02d34a0632f6861e8875d6899b
2026-08-02,id,Indonesia,179,3,To the Bone,Pamungkas,7d86ERlvO5UG44j7Va0Y0C,5pvlSx0s2w3nKuyfrFnYBZ,https://i.scdn.co/image/ab67616d00001e02c5c5edb34e1c9b8a7c3af581
2026-08-02,id,Indonesia,180,12,Kebutuhan Hati,Kaleb J,3sMsWkApnc6yPyMUsNHQlb,5IpsVW4bsFjOTX1I96KiIJ,https://i.scdn.co/image/ab67616d00001e02a283d3ac66cf68f434ffcaa7
2026-08-02,id,Indonesia,181,17,Multo,Cup of Joe,61nn6nOoLWjVC1ER2qFAvN,5tlb0AxuzsMWL2GtEppXGX,https://i.scdn.co/image/ab67616d00001e0285a7fd707d00e5d255807add
2026-08-02,id,Indonesia,182,11,Babak Terakhir,Raim Laode,5LcNPa8f8bRmZqELgoRFkN,5sK7FfRZpTIy6fkvCPdZgk,https://i.scdn.co/image/ab67616d00001e02a9d1f9b5d3275b0625e13e79
2026-08-02,id,Indonesia,183,Re-Entry,"Yang Patah Tumbuh, Yang Hilang Berganti",Banda Neira,3f49JTIdjQTVVx2Y6ifVLc,0hzIdk9dIvDablVS6UW7Vi,https://i.scdn.co/image/ab67616d00001e027a173b7767ca05f9bb17464e
2026-08-02,id,Indonesia,184,15,Usik,Feby Putri,66NmU5epI0ONGmdCRbLpmW,5GgRntbjr23OK9MMST02di,https://i.scdn.co/image/ab67616d00001e02b43accd449468d819918efea
2026-08-02,id,Indonesia,185,–,Baby,Justin Bieber; Ludacris,1uNFoZAHBGtllmzznpCI3s; 3ipn9JLAPI5GUEo4y4jcoi,6epn3r7S14KUqlReYr77hA,https://i.scdn.co/image/ab67616d00001e02629dc9e2e3bc20bbd7d92e4a
2026-08-02,id,Indonesia,186,4,Lampu Kuning,Juicy Luicy,3tMTXQyRrPmMyHv5SoC0TV,6Npkwd5gv61SR6QZbTyNf9,https://i.scdn.co/image/ab67616d00001e02fadca79809c06f6afe7de0d9
2026-08-02,id,Indonesia,187,4,Send My Love (To Your New Lover),Adele,4dpARuHxo51G3z768sgnrY,563SfWAHJs4FBZMkRN0IFN,https://i.scdn.co/image/ab67616d00001e027b9888dc365b8f957c63df14
2026-08-02,id,Indonesia,188,Re-Entry,Mantan Terindah,Kahitna,2WhoMc7XqIzVXWbQqSoqe7,5cCZ0z71pleBJTPLrHCfNx,https://i.scdn.co/image/ab67616d00001e02c657a717d8957efe80692cb5
2026-08-02,id,Indonesia,189,6,the cure,Olivia Rodrigo,1McMsnEElThX1knmY4oliG,55pBIZO1cqoldeqpp5WR7H,https://i.scdn.co/image/ab67616d00001e025cf234eeb7a2edf44bf64a46
2026-08-02,id,Indonesia,190,20,Let Down,Radiohead,4Z8W4fKeB5YxbusRsdQVPb,2fuYa3Lx06QQJAm0MjztKr,https://i.scdn.co/image/ab67616d00001e02c8b444df094279e70d0ed856
2026-08-02,id,Indonesia,191,Re-Entry,Asal Kau Bahagia,Armada,6H857CtcaYMSxOB4jvSIZf,79AlxPlv70kuRlsi2eZsnV,https://i.scdn.co/image/ab67616d00001e0299b893bbb0fb9244c2601c2b
2026-08-02,id,Indonesia,192,46,Kenangan Manis,Pamungkas,7d86ERlvO5UG44j7Va0Y0C,5jLzpxUOnCsX5tfq7TGY9v,https://i.scdn.co/image/ab67616d00001e023e2cf96ce4558b8f2376b79a
2026-08-02,id,Indonesia,193,3,I Wanna Be Yours,Arctic Monkeys,7Ln80lUS6He07XvHI8qqHH,5XeFesFbtLpXzIVDNQP22n,https://i.scdn.co/image/ab67616d00001e024ae1c4c5c45aabe565499163
2026-08-02,id,Indonesia,194,Re-Entry,Andai Aku Bisa,Chrisye,2NteKKMj3takKR3ABTd279,6mmVZerWyj5gO83hSpeZJG,https://i.scdn.co/image/ab67616d00001e02604a25ca6825471b4a74b69d
2026-08-02,id,Indonesia,195,Re-Entry,Mesin Waktu,Budi Doremi,6Ifk2cbxyVzT41jLexYCas,7LLrmkgbmuYxuX1PFMuSiU,https://i.scdn.co/image/ab67616d00001e02894bd06bf161cefdbbb2c6c8
2026-08-02,id,Indonesia,196,Re-Entry,Kelingan Mantan,NDX A.K.A.,1IDBhlpDyKr53UKKxXRHXD,3w09eeWmgkLz5BISaqcpgm,https://i.scdn.co/image/ab67616d00001e02d5d3451105870cb1e065160f
2026-08-02,id,Indonesia,197,Re-Entry,"Bernaung - From ""Setetes Embun Cinta Niyala""",Feby Putri,66NmU5epI0ONGmdCRbLpmW,16Q9MOCDYgrgjEHx6Hx2rv,https://i.scdn.co/image/ab67616d00001e02cf113d0a02a80a88ebe9c12c
2026-08-02,id,Indonesia,198,19,Garam & Madu (Sakit Dadaku),Tenxi; Naykilla; Jemsii,6vP4azTCk053nGL0xAYnVH; 79omf4LgzaVAnXIRWPkJUq; 5PTw7KmM8c9QfBjU5caHWs,3jJkB9wdKpwxnkjgUBnE4c,https://i.scdn.co/image/ab67616d00001e02ebdd8446bacd87dc7796cede
2026-08-02,id,Indonesia,199,6,The Night We Met,Lord Huron,6ltzsmQQbmdoHHbLZ4ZN25,5yJaXWIErrrsjQ3J0eR5aK,https://i.scdn.co/image/ab67616d00001e02b4916183f769aca218acb85f
2026-08-02,id,Indonesia,200,Re-Entry,One Last Time,Ariana Grande,66CXWjxzNUsdJxJ2JdwvnR,7xoUc6faLbCqZO6fQEYprd,https://i.scdn.co/image/ab67616d00001e02deec12a28d1e336c5052e9aa
2026-08-02,th,Thailand,1,–,SWIM,BTS,3Nrfpe0tUJi4K4DXYWgMUX,68lbSrXDORS51pmyjZv712,https://i.scdn.co/image/ab67616d00001e02dfa17fad7f190c901603270e
2026-08-02,th,Thailand,2,–,If You Don’t Mean It (ถ้าไม่คิด อย่าทำให้คิด),TEN,3Q5Qep7ytrjVleNnMnntgQ,2d3fZAlYyt6xqPkL9U9h1f,https://i.scdn.co/image/ab67616d00001e02c28e386522dea30cf757654c
2026-08-02,th,Thailand,3,1,นาฬิกาทราย (sign),BOWKYLION,2SWWw5uB9cO5m7zJQZqwmr,4S0zJwuiJF9ImbGYUbGrNT,https://i.scdn.co/image/ab67616d00001e02730b2376db7c593147c5f870
2026-08-02,th,Thailand,4,1,เมื่อไหร่จะมี (มีใจให้กัน),BLVCKHEART,3Ld1g6LjfR2ILDB6SD8aJV,7L3sb4eqF8zfQU8nAekHPm,https://i.scdn.co/image/ab67616d00001e02867017bcc32c6a32fa7d94b3
2026-08-02,th,Thailand,5,–,กลัวว่าฉันจะไม่เสียใจ (Fear),PURPEECH,3xlC7Dw0uiwprXDHCU9SAu,4ntIPuXf6DpvrZExXrn5QA,https://i.scdn.co/image/ab67616d00001e02d40ab8c072495fa960817cdd
2026-08-02,th,Thailand,6,1,Living Death,PUN,6HEMZkIMQAPnd36iLsUlTx,0ze2gwpSfT2leQALslUXId,https://i.scdn.co/image/ab67616d00001e02fa0eba8392217e6b1d061791
2026-08-02,th,Thailand,7,1,ขี้แง (Boys Don't Cry),PROXIE,4tNPboeMQnpoUX7IEbPLdF,04nwoRnWqFYhFLaRNWuNw5,https://i.scdn.co/image/ab67616d00001e02eb508df0affe01b473e70300
2026-08-02,th,Thailand,8,–,ขึ้นใจ (3am call),Mirrr; BLVCKHEART,5zSQoNQ9o2dnT1LPTzDxg7; 3Ld1g6LjfR2ILDB6SD8aJV,36OWvhv70Cu3LGC92N79qs,https://i.scdn.co/image/ab67616d00001e02c94c223bcd576d2ca2c02a6e
2026-08-02,th,Thailand,9,1,ดาวตก (Wish) [feat. Z9],WANYAi; Z9,3yLZtAIGm6Eq4WSfnimZad; 4CuVt3p02OaWu4klQuJoDP,4YkPsxVBXkM4jBgMTAxtFz,https://i.scdn.co/image/ab67616d00001e02b82d5332a7a169def634827f
2026-08-02,th,Thailand,10,3,รักให้เธอได้รู้ (Proof.),PUN,6HEMZkIMQAPnd36iLsUlTx,0jmSojJLnjiQpGGM3HHlYS,https://i.scdn.co/image/ab67616d00001e02aa8d481dd7dc1824b900dd67
2026-08-02,th,Thailand,11,–,ได้แค่เดินมาส่ง (The Last Walk),GAVIN:D; BLVCKHEART,6gYafDbRgLFc6zFKxKCP22; 3Ld1g6LjfR2ILDB6SD8aJV,1FhxX1Su9kwKFEqM4qqEJ6,https://i.scdn.co/image/ab67616d00001e02dff3f8fad5c3c0a439f14547
2026-08-02,th,Thailand,12,3,คืนจันทร์,Loso,68ASbzKA9iG2gd7JRfPD71,5G9QIsPENzaSjyipcQQAqL,https://i.scdn.co/image/ab67616d00001e021b26cfd1418671d9131c3634
2026-08-02,th,Thailand,13,4,รักมือสอง,Bedroom Audio,5NTMa7YJCseQqw70zgF7b5,6FngEZyo8Gg5P4fzckJeX4,https://i.scdn.co/image/ab67616d00001e02c4437eb590c34989f940374d
2026-08-02,th,Thailand,14,2,Winter Ahead (with PARK HYO SHIN),V; Park Hyo Shin,3JsHnjpbhX4SnySpvpa9DK; 57htMBtzpppc1yoXgjbslj,7G7mSV4BebkoHWwKTDvXu9,https://i.scdn.co/image/ab67616d00001e0216ba2a3622bd0d0d985e3234
2026-08-02,th,Thailand,15,4,คำยินดี,KLEAR,2PfxoKmrvMLvTAkn5azNZ6,1ur8R3ThdEg3BdD844G6Mw,https://i.scdn.co/image/ab67616d00001e02e44a6c1b09844f232da0872b
2026-08-02,th,Thailand,16,–,FRI(END)S,V,3JsHnjpbhX4SnySpvpa9DK,0PBTlQ84CBJF0tBnKGmQa6,https://i.scdn.co/image/ab67616d00001e02377ee031d0a3da40db19ccf4
2026-08-02,th,Thailand,17,3,ความรัก,Bodyslam,76VTagPgPgPlFE7hfjT0Zt,5djtarcayWp2DK6DQ1Z9P6,https://i.scdn.co/image/ab67616d00001e029a7514703bbd3b230399d942
2026-08-02,th,Thailand,18,2,อยากจะกอดเธอนาน ๆ (HAVE A GOOD TIME),BLVCKHEART,3Ld1g6LjfR2ILDB6SD8aJV,63oA4hG0SqvsUFfaEhgqVX,https://i.scdn.co/image/ab67616d00001e02dc679b969c81ebc604b1e7da
2026-08-02,th,Thailand,19,1,กลัวความเสียใจ,Saran; Pearpilincys,3moR9d0X97NAtZRhHWOta5; 3Htj1ew5zqwv3nJNNFfXxP,52ijTzD9HujnkPswlVPGrF,https://i.scdn.co/image/ab67616d00001e028cef18173b59380b5129b23c
2026-08-02,th,Thailand,20,2,จากกันโดยสมบูรณ์,guncharlie,1qveov8f3HXFhDIWtFO5tG,7LSUaVDiEO3W6Fp67yKumm,https://i.scdn.co/image/ab67616d00001e02afbae55931618ecd661b6db0
2026-08-02,th,Thailand,21,6,ขอแค่นี้ (Forever n ever),PUN,6HEMZkIMQAPnd36iLsUlTx,6uS1yKSfktHNN7o4AradRV,https://i.scdn.co/image/ab67616d00001e02556a0b3b538f6d7cf5a5b057
2026-08-02,th,Thailand,22,7,hate that i made you love me,Ariana Grande,66CXWjxzNUsdJxJ2JdwvnR,3iy2QuCtCzpWnR6tia39AB,https://i.scdn.co/image/ab67616d00001e028baf677ee2d8dda6cc9fcbd7
2026-08-02,th,Thailand,23,5,9 นาฬิกา,SPF,3ZUdKB3VGo26BxRSmnv5n2,1RIcNj56JKuH0WB9AyNARB,https://i.scdn.co/image/ab67616d00001e025fed9088f057bcec9ef9f25a
2026-08-02,th,Thailand,24,–,Earrings,Malcolm Todd,7eKkW1zo5uzW8kUntiiBvz,0eAuGrXyGFYwur9ARUe7LJ,https://i.scdn.co/image/ab67616d00001e022c1f34ecc1929fb59908aad1
2026-08-02,th,Thailand,25,–,ที่คั่นหนังสือ (Sometimes),BOWKYLION; NONT TANONT,2SWWw5uB9cO5m7zJQZqwmr; 6chmC6o0wvACYVGTITw3Pz,6vn8nzgxByxZDKLmIKYAkn,https://i.scdn.co/image/ab67616d00001e0293078ffbe895d3504ccd9881
2026-08-02,th,Thailand,26,5,รักมักยาก (Lover Loser),BUS,5kU6FKYW7YBB2ikPQnk8cS,746ratCSSeCGRVZVoy6lLA,https://i.scdn.co/image/ab67616d00001e028c6014e2a87c000ad1de4234
2026-08-02,th,Thailand,27,9,ฝากให้เขารัก,Yes'sir Days,5fWMZzHHJQmCVt3W2ejVbV,198pPjDG0juHRjechZrWer,https://i.scdn.co/image/ab67616d00001e02b324274fba21a713c650259f
2026-08-02,th,Thailand,28,2,กอดไม่ได้,Bedroom Audio,5NTMa7YJCseQqw70zgF7b5,6OtTqu9t1RitlU1RjUfEXe,https://i.scdn.co/image/ab67616d00001e02420440a036c4a1a64e7eb421
2026-08-02,th,Thailand,29,8,ที่เดิม,PUN,6HEMZkIMQAPnd36iLsUlTx,4KZRjuldIGTS7AQUPbUvbs,https://i.scdn.co/image/ab67616d00001e02cc05ec584ca006c1a29e54f0
2026-08-02,th,Thailand,30,12,เจิดจรัส,YOUNGOHM,0AvGycOEDZTaBFLCaiGd9S,756CfCm14O6NqBUld3CWv3,https://i.scdn.co/image/ab67616d00001e0289010986807175896f24855e
2026-08-02,th,Thailand,31,2,Rain Zone,Maiyarap; Z9,4QLlbZcntdcWpm40NooC2M; 4CuVt3p02OaWu4klQuJoDP,7nSkSqb1WDtZ7hY2dVEvWY,https://i.scdn.co/image/ab67616d00001e0290518e881786f10df122a475
2026-08-02,th,Thailand,32,1,สายไป,9tokyo; BLVCKHEART,3FxGLtMGpuO4myzWo0gktr; 3Ld1g6LjfR2ILDB6SD8aJV,45VmbHRJywi2mNaIGvHs44,https://i.scdn.co/image/ab67616d00001e02904c18125aeb753e3aeb8d87
2026-08-02,th,Thailand,33,5,LEMONADE,aespa,6YVMFz59CuY7ngCxTxjpxE,6vjt2smGK75oc9r2OGFfgp,https://i.scdn.co/image/ab67616d00001e025f0171c63cceb32ccff8b9a9
2026-08-02,th,Thailand,34,–,ใจฉันตามเธอไป,YOUNGOHM,0AvGycOEDZTaBFLCaiGd9S,75mFrseCKSI6Nz8WANXq90,https://i.scdn.co/image/ab67616d00001e0289010986807175896f24855e
2026-08-02,th,Thailand,35,3,รู้ตัวอีกที,Sexski; 2T FLOW,6QeYcD1n2YcWygCScfLhRE; 1ymRpNPlxJRVT00kmJk8AZ,7kiPXq1mQ8yakcIYmqrw6t,https://i.scdn.co/image/ab67616d00001e02ee931143f33a710ca40c3236
2026-08-02,th,Thailand,36,5,ลบไม่ได้ช่วยให้ลืม (LIVE SESSION),BILLKIN; Ink Waruntorn,2a727ekkPaUHk0bMifk7fj; 1Twi7NfmUzbXF7lEMaGCqF,1LHSjq4rMOXJ2ldQ1uUDYw,https://i.scdn.co/image/ab67616d00001e02ba88f47523d8dfe21480e45e
2026-08-02,th,Thailand,37,9,สาธุ (Sathu) [feat. ปลาย กนกพร],ASIA7; ปลาย กนกพร,5ghOUzxpnQmnPQDwC1thIz; 5UtsnPxhjHtOM6cyv8iqVN,0pa70WIyVyI3DY4bcL2vZo,https://i.scdn.co/image/ab67616d00001e02b563a468b0dde8b8fbecdc2a
2026-08-02,th,Thailand,38,15,ความทรงจำ,Musketeers,0OjRa6r1EIPF5RZPy1SGz9,24VfUtHxbkCrscWC00toom,https://i.scdn.co/image/ab67616d00001e02b0f744fa9ec23266c747a606
2026-08-02,th,Thailand,39,4,บทสรุปสุดท้าย,Z9,4CuVt3p02OaWu4klQuJoDP,0gpFtSxhDc1gC7kYJ927fJ,https://i.scdn.co/image/ab67616d00001e0205c3fb79c77c600a45e9c992
2026-08-02,th,Thailand,40,–,ก่อนตาย,Big Ass,0GsileCtd1UjaVh4OpW7Qv,5pqAbpHRuFhcACwvVBi69V,https://i.scdn.co/image/ab67616d00001e0252e0c225cf0eb353812294c7
2026-08-02,th,Thailand,41,6,ใจบาง,LUMMUN,6Qk2g62cWGo8Ji8hSBoriS,1znP3iOktHkMy0P8ZFPFe9,https://i.scdn.co/image/ab67616d00001e0270048701303d388430a9977f
2026-08-02,th,Thailand,42,3,อะไรก็ยอม,Loso,68ASbzKA9iG2gd7JRfPD71,6mGIzdCMlkuvBpZ8LhXmJS,https://i.scdn.co/image/ab67616d00001e020007002951207d7647323b4a
2026-08-02,th,Thailand,43,13,รักใครไม่ไหว,Three Man Down,1qAOsY7jv9GFTv4HoVof5P,3ZxGBncHdyXG7Mxa7d429r,https://i.scdn.co/image/ab67616d00001e02b665b01883c990a870e2a99c
2026-08-02,th,Thailand,44,11,ใจเหลือเหลือ,Dr.Fuu,5ksYtzE6rgRhlJPw0GTvy6,5mcCatVvcUeNQpli4Mpaxl,https://i.scdn.co/image/ab67616d00001e02bc6833fe0c8989d7a901e36e
2026-08-02,th,Thailand,45,1,PLEASE,atom chanakan,2iLCiSxdwUMDEfqyfkuLEw,3Ohb6hLc9rdw63nq8NMC17,https://i.scdn.co/image/ab67616d00001e0225d799cdc59ad352e6d7e7ae
2026-08-02,th,Thailand,46,23,Who,Jimin,1oSPZhvZMIrWW5I41kPkkY,7tI8dRuH2Yc6RuoTjxo4dU,https://i.scdn.co/image/ab67616d00001e02f02c451189a709b9a952aaec
2026-08-02,th,Thailand,47,2,DAY ONE,PUN,6HEMZkIMQAPnd36iLsUlTx,5QxNmQBXpLPemzpDvsuiLM,https://i.scdn.co/image/ab67616d00001e02cc05ec584ca006c1a29e54f0
2026-08-02,th,Thailand,48,23,นาฬิกาตาย,Bodyslam,76VTagPgPgPlFE7hfjT0Zt,5XhAqG6dRhLYJb2QF6WhL4,https://i.scdn.co/image/ab67616d00001e02f049f5c0135c1d77045eea7a
2026-08-02,th,Thailand,49,18,Less than a Lover,JENNIE,250b0Wlc5Vk0CoUsaCY84M,19UnXjpLshSLobPspdyxlD,https://i.scdn.co/image/ab67616d00001e021568796289f10031724bc780
2026-08-02,th,Thailand,50,2,ผมมีหัวใจจริงๆ (For The Girl...),T!NE,325C5PNmvA8luRIOYy1dmQ,0yKr4gsqBjdZqrWhQp5Kny,https://i.scdn.co/image/ab67616d00001e0260f235eab5f77c9176c0715d
2026-08-02,th,Thailand,51,13,สองรัก,Zeal,6f1tNwK04d6t8jFSOXGvrY,7sWVkwBJ8J1JPS1hmLwIYL,https://i.scdn.co/image/ab67616d00001e02b448b1e4583d32e699a49634
2026-08-02,th,Thailand,52,8,ซมซาน,Loso,68ASbzKA9iG2gd7JRfPD71,77VHyliZJz9BScxzMsplFs,https://i.scdn.co/image/ab67616d00001e020007002951207d7647323b4a
2026-08-02,th,Thailand,53,1,ถามเพื่ออะไร,KLEAR,2PfxoKmrvMLvTAkn5azNZ6,5U6PMPTcwsRtYc2CdXsCb7,https://i.scdn.co/image/ab67616d00001e0222dd7e75a10777057b9bd6ea
2026-08-02,th,Thailand,54,4,Sunset In Pattaya,YOUNGOHM,0AvGycOEDZTaBFLCaiGd9S,3xAsJQO4g5ZBUL6U6k5CzW,https://i.scdn.co/image/ab67616d00001e0289010986807175896f24855e
2026-08-02,th,Thailand,55,4,ไม่บอกเธอ,Bedroom Audio,5NTMa7YJCseQqw70zgF7b5,7F9ptErLnyt0r4Q0azfqDG,https://i.scdn.co/image/ab67616d00001e02420440a036c4a1a64e7eb421
2026-08-02,th,Thailand,56,38,"สิ่งที่มันกำลังเกิด (feat. วง PAUSE) - From ""อันโกะ กลรักสตรอว์เบอร์รี่""",เอ๊ะ จิรากร,6ZUgOx8eTvViWVR2EmyeJD,0JG4BZohRtuj6AE09xW7AC,https://i.scdn.co/image/ab67616d00001e027267c0eac4cdfabba1117ea1
2026-08-02,th,Thailand,57,5,UP - KARINA Solo,aespa,6YVMFz59CuY7ngCxTxjpxE,5sjnkOfTLCLNfkkchI2re2,https://i.scdn.co/image/ab67616d00001e02253096eda3b7826c11c7fab8
2026-08-02,th,Thailand,58,9,สมดุลรัก (Balance),SEA.; Sexski,0uu4cmaCJaaVOiUHQUG2ZC; 6QeYcD1n2YcWygCScfLhRE,2luYdyxKSSxuC3cSW8N6A0,https://i.scdn.co/image/ab67616d00001e020da22efb6e8336eefd57e979
2026-08-02,th,Thailand,59,–,ซาโยนาระ,Mild,2fLbT474RKQfdWHLw8Bf0G,1MkgN3lRBf5mXbxY6CWU9s,https://i.scdn.co/image/ab67616d00001e028e104724f24489a06887b626
2026-08-02,th,Thailand,60,3,เมื่อถูกค้นพบ (Finally She Found.),FREEHAND,5zBAiLz5CVwrgeA7UGQZli,7q9cMJ0oDZFZSnqatZNabo,https://i.scdn.co/image/ab67616d00001e02c57a351eb9777e70862c2b9a
2026-08-02,th,Thailand,61,4,เล่นของสูง,Big Ass,0GsileCtd1UjaVh4OpW7Qv,5ILPWem0xm3v85WeXqrTKP,https://i.scdn.co/image/ab67616d00001e0226ba7a5193907558a7b8e290
2026-08-02,th,Thailand,62,6,สาหัส,Loso,68ASbzKA9iG2gd7JRfPD71,1sjiQsNatr158lrSidleY2,https://i.scdn.co/image/ab67616d00001e021b26cfd1418671d9131c3634
2026-08-02,th,Thailand,63,16,One Of My Life,BLVCKHEART; K6Y,3Ld1g6LjfR2ILDB6SD8aJV; 0QxCgzdTynqgvj1OWRllYt,6Mm77XGJld1QxvKyMrYbFj,https://i.scdn.co/image/ab67616d00001e024574863ddb40a0a5c9941ed1
2026-08-02,th,Thailand,64,8,I Just Wanna Know,PUN,6HEMZkIMQAPnd36iLsUlTx,2a78JDp7YVCyEydtRiHOn7,https://i.scdn.co/image/ab67616d00001e02cc05ec584ca006c1a29e54f0
2026-08-02,th,Thailand,65,15,สลักจิต (feat. ดา เอ็นโดรฟิน),Pop Pongkool; ดา เอ็นโดรฟิน,1C6qssOWal7Sii2guMg0mx; 2hmi6s1Fv2lxH8OurBfLVZ,151RFTqNBV4hcJLOAux0FR,https://i.scdn.co/image/ab67616d00001e02b27b12278e96d3a750492569
2026-08-02,th,Thailand,66,16,รออยู่อย่างนั้น,Saran; Z9; SIMON,3moR9d0X97NAtZRhHWOta5; 4CuVt3p02OaWu4klQuJoDP; 6gL6AwaRQKqK9VGBqi5zDo,24wXz2WuaF02y0mrKNPMsN,https://i.scdn.co/image/ab67616d00001e02f36dd862442eeb4f2eb53223
2026-08-02,th,Thailand,67,1,สารภาพลดโทษกึ่งหนึ่ง,MaxMillor; PORZAX,4Yk2QTFYbKN55vfo8ghH63; 4ykAAPcxGHz8z6N0muxbIP,5TO9QdzAiAw9fBTiDpiNcg,https://i.scdn.co/image/ab67616d00001e0236cd6d6518528219e4e7f148
2026-08-02,th,Thailand,68,–,ขี้หึง,Silly Fools,2xjp1njSsecnNhjgKZ35Ok,1nmdJTwB575vxvNm6PdXHq,https://i.scdn.co/image/ab67616d00001e022e05fd2e7fa984c228bdd637
2026-08-02,th,Thailand,69,4,นครดารา,YOUNGOHM,0AvGycOEDZTaBFLCaiGd9S,1x0rPOZKfNKkfWETw4nB6K,https://i.scdn.co/image/ab67616d00001e0289010986807175896f24855e
2026-08-02,th,Thailand,70,1,Hurry up!,JayQ; 7Vibes,5SLXYrzObBv7IrLzo4I4S6; 1WJ1KSMt6Yuf1cQ0MVtqTC,6i03vhoaUZxi3MfICeF3s9,https://i.scdn.co/image/ab67616d00001e024c9e28bf31822294a9684ade
2026-08-02,th,Thailand,71,10,Yours Ever (feat. Q Flure),Cocktail; Q Flure,6JrR3zrG0NQiXb9N9XSyGb; 2F8QVTDDHb8n0cwR9ftxFs,5W2IYA5Su42XiI90GDdscj,https://i.scdn.co/image/ab67616d00001e02a85ceab01b0f0a26275d2893
2026-08-02,th,Thailand,72,27,ขอ (WARM EYES),Lomosonic,3RnRECOTd7fAWTPgmwRYMc,5MZe9NqyaSvtoaZKCeyGee,https://i.scdn.co/image/ab67616d00001e02e526774be56912b327398dbe
2026-08-02,th,Thailand,73,3,Benz ดำ,YOUNGOHM,0AvGycOEDZTaBFLCaiGd9S,3RPiQqgZbe4jFNMIZtGoaU,https://i.scdn.co/image/ab67616d00001e0289010986807175896f24855e
2026-08-02,th,Thailand,74,26,ใจสั่งมา,Loso,68ASbzKA9iG2gd7JRfPD71,1RqIHW6YAOdDKzrRs9Cgll,https://i.scdn.co/image/ab67616d00001e021b26cfd1418671d9131c3634
2026-08-02,th,Thailand,75,5,ไม่มีวันไหนที่ไม่คิดถึง (starlost.),PURPEECH,3xlC7Dw0uiwprXDHCU9SAu,2L54tWSpB5yeAYvienaKTT,https://i.scdn.co/image/ab67616d00001e029a22294e4da9735d6f8d743f
2026-08-02,th,Thailand,76,1,เคยรัก,9tokyo; 2K,3FxGLtMGpuO4myzWo0gktr; 7w08uJNZmg9HTsS6XeHX9E,5kphwAzHksSZrkrQbQdfXy,https://i.scdn.co/image/ab67616d00001e02d2ecaeebd58adf1196b62d83
2026-08-02,th,Thailand,77,7,ไฟเย็น,YOUNGOHM,0AvGycOEDZTaBFLCaiGd9S,4ZU069vAYkr7soRzdzNdjF,https://i.scdn.co/image/ab67616d00001e028c8ef01ec2df170143555605
2026-08-02,th,Thailand,78,7,ทิ้งไป,Only Monday,2zByTMDKM5g76Kbz4huf0A,4MEn5CNtwf4VVEfmZVcpTC,https://i.scdn.co/image/ab67616d00001e0215ef96619aef22d39355760c
2026-08-02,th,Thailand,79,5,1 OF 1,P6ICK; SURIYA MQT,52IxFzldfmZmsLcF078dnY; 47VCMoQZJ0SycPle77t12P,7wEWayecQuw6YBcWZLukM0,https://i.scdn.co/image/ab67616d00001e029dbce78cb31f5ef5ebfd4250
2026-08-02,th,Thailand,80,3,เพลงรัก,Three Man Down,1qAOsY7jv9GFTv4HoVof5P,35wMKn5IxX8DYnCuyIEdQq,https://i.scdn.co/image/ab67616d00001e02b665b01883c990a870e2a99c
2026-08-02,th,Thailand,81,15,BU,SURIYA MQT; P6ICK,47VCMoQZJ0SycPle77t12P; 52IxFzldfmZmsLcF078dnY,3X5Kco6l9HuvtO9CLCtzzq,https://i.scdn.co/image/ab67616d00001e02b397057eefe809f360993648
2026-08-02,th,Thailand,82,22,ฉันจะรีบบอกรักเธอ,T!NE,325C5PNmvA8luRIOYy1dmQ,0VOIQcLeVfauNE0uwmIWD6,https://i.scdn.co/image/ab67616d00001e02f59cff9c7f5a9e8e7aeb3aff
2026-08-02,th,Thailand,83,5,สิ้นสุดความพยายาม,PORZAX,4ykAAPcxGHz8z6N0muxbIP,0eHTM1Udi2NLiOJ3ja63nh,https://i.scdn.co/image/ab67616d00001e02a83f0a0fa2ba5f4962b62917
2026-08-02,th,Thailand,84,16,วิงวอน (ex-change),BOWKYLION,2SWWw5uB9cO5m7zJQZqwmr,4XaJuCQuIPM4Xz8O6csrdZ,https://i.scdn.co/image/ab67616d00001e028ace3e29045e35179313e68a
2026-08-02,th,Thailand,85,6,คิด(แต่ไม่)ถึง (Same Page?),Tilly Birds,4esoPgrgPKbWa6gwU8EGmH,6zZsio19rHayse0WDDLboq,https://i.scdn.co/image/ab67616d00001e028bdbd90bed616e60e47bfc07
2026-08-02,th,Thailand,86,13,คิดถึงฉันไหมเวลาที่เธอ...,Taxi,7GYGQbPxBVlemT6gxPs8Yk,0NrdH75exgYJWrF5M7fblm,https://i.scdn.co/image/ab67616d00001e028d1b8340518df37271d4fced
2026-08-02,th,Thailand,87,20,The One That Got Away,Katy Perry,6jJ0s89eD6GaHleKKya26X,2009X8GyWTqyxIdzAEYW6N,https://i.scdn.co/image/ab67616d00001e021d955011a3ed477dc77865ad
2026-08-02,th,Thailand,88,7,เสียดายของ,Basher,5R4RoARrqvWRT5GEjYHcWp,2yDEfRpX5tRUcAo4VM0wFA,https://i.scdn.co/image/ab67616d00001e02d6f1a81512f909d4dfe42c9c
2026-08-02,th,Thailand,89,–,คืนที่ดาวเต็มฟ้า,Pramote Vilepana,5ymrPYlQszvpBHwIVHGPcQ,5JoSLllHkOdE56kpHU4fi6,https://i.scdn.co/image/ab67616d00001e02d51e8ee26a1710b58d8502fa
2026-08-02,th,Thailand,90,4,เพลงของเรา,Tattoo Colour,5pxvW2nJ0a77b9oX24Unwi,6j0ptBWgkaFwOtK4rhUVsW,https://i.scdn.co/image/ab67616d00001e02e8578c2848a32c674776291f
2026-08-02,th,Thailand,91,6,ช่างมัน,Cocktail,6JrR3zrG0NQiXb9N9XSyGb,3sKlbOuJnyz5g019B8jTk8,https://i.scdn.co/image/ab67616d00001e02edb7b68c0c956b02b71e5823
2026-08-02,th,Thailand,92,5,อาจเป็นเพราะฉันเอง (me.),PURPEECH,3xlC7Dw0uiwprXDHCU9SAu,1QbP49w60Db4mrhYbsQ8bg,https://i.scdn.co/image/ab67616d00001e02bbff1471b24e1f5a7c50b658
2026-08-02,th,Thailand,93,3,มือเปล่า (PUT THE GUN DOWN),ALIE BLACKCOBRA,2kGEcklZxkQPpESUB3QZ0q,0bHItXcLtqCnlVx6dlflQi,https://i.scdn.co/image/ab67616d00001e0279a12d3970999cff5d6dfbe7
2026-08-02,th,Thailand,94,23,STORY,P6ICK; SURIYA MQT; YUNGTARR,52IxFzldfmZmsLcF078dnY; 47VCMoQZJ0SycPle77t12P; 1KXxfYnhxzq9xBkhFZaYxX,5I34mmT2bCukrXK2EwkfC1,https://i.scdn.co/image/ab67616d00001e02dc859b7884ebd8ff68bfd707
2026-08-02,th,Thailand,95,11,"สนิทใจ - เพลงจากละคร ""รักร้าย""",Palmy,3yfUy4dhvq5DwrSMsEE6od,1XdaaI0bz0ILJzl1oBq2In,https://i.scdn.co/image/ab67616d00001e021050a005ed305489e4c7018f
2026-08-02,th,Thailand,96,6,เงา (Silhouette),WANYAi,3yLZtAIGm6Eq4WSfnimZad,1O1MTazGw4u7MOUQpagofb,https://i.scdn.co/image/ab67616d00001e025c0add12c47ff8e30e6d3ba7
2026-08-02,th,Thailand,97,19,โปรดอย่าย้ำคนช้ำใจ,เก่ง นิยุต,1gDMuVA8lqj7Nq6d1wIeZW,4AZ2pBwA15pElmEcSv2egE,https://i.scdn.co/image/ab67616d00001e02812c242f7ad4ad82679075df
2026-08-02,th,Thailand,98,25,ไกล,Musketeers,0OjRa6r1EIPF5RZPy1SGz9,07ZIrtR00m3t9AcmeRZ7vQ,https://i.scdn.co/image/ab67616d00001e02b0f744fa9ec23266c747a606
2026-08-02,th,Thailand,99,2,เวลาเธอยิ้ม (You Had Me At Hello),Polycat,1ssEwBiz4ZKrbgR6o8vOeg,06DPpk0hUJEgpzl5cuWNI6,https://i.scdn.co/image/ab67616d00001e02d35e746a33990773fa9a7fb9
2026-08-02,th,Thailand,100,5,ไม่ได้ลืมแค่ไม่ได้เจอ - Flashback,guncharlie,1qveov8f3HXFhDIWtFO5tG,2m7as7aD1JAEUSOJCNoeHT,https://i.scdn.co/image/ab67616d00001e029dedb6067d94a4ae1aadffa4
2026-08-02,th,Thailand,101,13,แค่คุณ,Musketeers,0OjRa6r1EIPF5RZPy1SGz9,5u8iqPNTa3ryOqeiNdgi6o,https://i.scdn.co/image/ab67616d00001e02e4bd381e15ab140ef2076c93
2026-08-02,th,Thailand,102,9,ไม่คิดนอกใจ,Loso,68ASbzKA9iG2gd7JRfPD71,1Uq8lyMmWfsvmWx9SRO5Vn,https://i.scdn.co/image/ab67616d00001e0233754915131be02d2a2a3bea
2026-08-02,th,Thailand,103,19,ส่วนผสมลับ (Secret ingredient),Jh4y,01yGyVB1FyqBdpe7usXZ9o,55Dh103Y9ZkRG3MuFJSoyg,https://i.scdn.co/image/ab67616d00001e02c373f7471eaff4e90f226cac
2026-08-02,th,Thailand,104,26,NORMAL,BTS,3Nrfpe0tUJi4K4DXYWgMUX,4B4Q7zfd0aHcuhQBfCRnH5,https://i.scdn.co/image/ab67616d00001e02dfa17fad7f190c901603270e
2026-08-02,th,Thailand,105,7,อยู่ได้แล้ว,Lipta; Mirrr,2DaMrZndfGgM3yd9ivadRC; 5zSQoNQ9o2dnT1LPTzDxg7,7b6fnnFEurhwq7E38VJBJP,https://i.scdn.co/image/ab67616d00001e02dc73047ca46754847db8a76d
2026-08-02,th,Thailand,106,9,ใจเย็น,Pancake,47FfXpy7XLVK5guGnK8NTL,6YbOPV8Of3AptlrNDsyCNf,https://i.scdn.co/image/ab67616d00001e02f04ec196330b19335b72cee5
2026-08-02,th,Thailand,107,15,Loop (ฉันจึงวนกลับมา),ASIA7,5ghOUzxpnQmnPQDwC1thIz,2wyMhqD3UtR8Ucg59UZhZd,https://i.scdn.co/image/ab67616d00001e02b563a468b0dde8b8fbecdc2a
2026-08-02,th,Thailand,108,–,ไร้รัก,Highhot,7clhNqbmk9enpeaBH9ACiZ,0ZapAgVfHzTxqDPweLPUyu,https://i.scdn.co/image/ab67616d00001e02abaaf313326b36ef2cf0e5ba
2026-08-02,th,Thailand,109,10,ไอ้ทุย,L.กฮ.,4iIIXXfJzSIdsaqdEPpuOm,6M9vzeNTO4N9Yw3txkD3ji,https://i.scdn.co/image/ab67616d00001e0225b0ae3b1380d9af77cd9d94
2026-08-02,th,Thailand,110,4,นิโคติน,Mirrr,5zSQoNQ9o2dnT1LPTzDxg7,6R9YzJHkfYoN6PianPhTdB,https://i.scdn.co/image/ab67616d00001e0208eafe276970bb6d24654ed9
2026-08-02,th,Thailand,111,15,Sunflower - Spider-Man: Into the Spider-Verse,Post Malone; Swae Lee,246dkjvS1zLTtiykXe5h60; 1zNqQNIdeOUZHb8zbZRFMX,0RiRZpuVRbi7oqRdSMwhQY,https://i.scdn.co/image/ab67616d00001e029478c87599550dd73bfa7e02
2026-08-02,th,Thailand,112,2,ทางของฝุ่น (Dust),atom chanakan,2iLCiSxdwUMDEfqyfkuLEw,0jxzVn8rr59knZFALDokLy,https://i.scdn.co/image/ab67616d00001e0225d799cdc59ad352e6d7e7ae
2026-08-02,th,Thailand,113,10,Love Me Harder,Ariana Grande; The Weeknd,66CXWjxzNUsdJxJ2JdwvnR; 1Xyo4u8uXC1ZmMpatF05PJ,5J4ZkQpzMUFojo1CtAZYpn,https://i.scdn.co/image/ab67616d00001e02deec12a28d1e336c5052e9aa
2026-08-02,th,Thailand,114,21,BOTH SIDES,NCT JNJM,1LljMyYd0jLd4Q7z1iDR5H,3b8RmBMHKwhVzsn3EMGqpK,https://i.scdn.co/image/ab67616d00001e029b659dbf40eb1fe9be4594dc
2026-08-02,th,Thailand,115,9,เลือกเองกับมือ (Bad Choices),Season Five,2DWxd6CkiJVMnTqSbtd56H,4gHm2mJ5WC9nPomTXuwg3c,https://i.scdn.co/image/ab67616d00001e0237cfacd2bf590411cfe36c3c
2026-08-02,th,Thailand,116,25,เธอ,Cocktail,6JrR3zrG0NQiXb9N9XSyGb,3HlTt5df6OrvtwTvO6iFla,https://i.scdn.co/image/ab67616d00001e020a770590da24ef0f70fc0155
2026-08-02,th,Thailand,117,36,ไม่ให้ไป,Three Man Down,1qAOsY7jv9GFTv4HoVof5P,70sb4kxm9A4fDw8ZltDpW2,https://i.scdn.co/image/ab67616d00001e02b665b01883c990a870e2a99c
2026-08-02,th,Thailand,118,9,back to friends,sombr,4G9NDjRyZFDlJKMRL8hx3S,7qjZnBKE73H4Oxkopwulqe,https://i.scdn.co/image/ab67616d00001e024229702de91cb3d3a4383302
2026-08-02,th,Thailand,119,1,จากตรงนี้ที่(เคย)สวยงาม [La La Bye],AYLA's,2XiaPu2j4nBMhF8pIlt6Bk,0D9lpJts3mXxe0fvovYUFv,https://i.scdn.co/image/ab67616d00001e021356d4a5234ea1fbbce47ff2
2026-08-02,th,Thailand,120,54,Kryptonite,PUN,6HEMZkIMQAPnd36iLsUlTx,1Gsxe1ulIVg3q9GASfmoD6,https://i.scdn.co/image/ab67616d00001e02ce8155d7fabcb7a3b3492141
2026-08-02,th,Thailand,121,4,ฤดูร้อน,Paradox,32bq0Oy4ygWPR5ItUM5J5M,5ak9IDTCRglXNw34wASfXs,https://i.scdn.co/image/ab67616d00001e0290ba65f12b0c0c09d6e91578
2026-08-02,th,Thailand,122,10,Rockstar,LISA,5L1lO4eRHmJ7a0Q6csE5cT,65ZihkVQO3KqPj7ZKxmcev,https://i.scdn.co/image/ab67616d00001e0295ce3d848f4e452489d4a12c
2026-08-02,th,Thailand,123,4,Baddie,IRONBOY; Justmine JMNK,7GLqyoZnu5jGVWvGBulrne; 69MqPYz20C7qW5AiSkScRc,4jn8qhYieA36a0fiyBqWFC,https://i.scdn.co/image/ab67616d00001e021b2130539fdae59fc4f08293
2026-08-02,th,Thailand,124,15,อะไรฉันก็ยอม,Saran; Pondering; WHALJAY; SLOWVXNZ,3moR9d0X97NAtZRhHWOta5; 5vzCTzMec4uL6JCNkOFcZ2; 00DQn2x4PUykmPHF8EVpYy; 4MkjSVbVHB4IsCH37XhBH6,1Uirva9dJEp3Ctq3p6ejFQ,https://i.scdn.co/image/ab67616d00001e023e9253a9a65c7c50a0438da0
2026-08-02,th,Thailand,125,14,"จะรักหรือจะร้าย - เพลงประกอบละคร ""กุหลาบเหนือเมฆ""",KLEAR,2PfxoKmrvMLvTAkn5azNZ6,2BnBKN87iznBjdLo0ap9n2,https://i.scdn.co/image/ab67616d00001e0255096d182653f68e1757f4d2
2026-08-02,th,Thailand,126,3,petal,Ariana Grande,66CXWjxzNUsdJxJ2JdwvnR,70pVCVMGjmIWPbWXDwf11e,https://i.scdn.co/image/ab67616d00001e028baf677ee2d8dda6cc9fcbd7
2026-08-02,th,Thailand,127,20,Unfriend,Helmetheads,5aiaFB4rhv39gS3KvwHgaF,1jMt6e5lYXEONJKoIG92H6,https://i.scdn.co/image/ab67616d00001e02cdeff23b9aaaee77246fb128
2026-08-02,th,Thailand,128,4,จางหาย,Goy Arachaporn,08i92Xw2ejoxy4D1agyMPC,6pTSm2Sw6fEEO4iKfOJqTL,https://i.scdn.co/image/ab67616d00001e02ba31a6129ecef21073431a15
2026-08-02,th,Thailand,129,9,BIRDS OF A FEATHER,Billie Eilish,6qqNVTkY8uBg9cP3Jd7DAH,6dOtVTDdiauQNBQEDOtlAB,https://i.scdn.co/image/ab67616d00001e0271d62ea7ea8a5be92d3c1f62
2026-08-02,th,Thailand,130,55,เพราะพี่รักจริง,หนึ่ง บีเคแบนด์,3dtOcZSdprwtsRmuzcmIKM,1E0SzeEoYoitXeSu3cTXtR,https://i.scdn.co/image/ab67616d00001e02ac638fc5c1e1429f6569a061
2026-08-02,th,Thailand,131,48,เจ็บไปรักไป,Yes'sir Days,5fWMZzHHJQmCVt3W2ejVbV,5vXnRpMVm83Gl14gIMpech,https://i.scdn.co/image/ab67616d00001e02512c484f91ed9b8010739fca
2026-08-02,th,Thailand,132,11,พยายามกี่ครั้งก็ตามแต่...,HANGMAN,4kTSU70JFddHShDyYIBxZN,3georCIpP8OEGQkggOhuZw,https://i.scdn.co/image/ab67616d00001e02662102715c4137a678519412
2026-08-02,th,Thailand,133,21,เรื่องราวความรักในตำนาน,YOUNGOHM; GAVIN:D,0AvGycOEDZTaBFLCaiGd9S; 6gYafDbRgLFc6zFKxKCP22,4JVHa8eTUOEN0zS1zrA2j5,https://i.scdn.co/image/ab67616d00001e028c8ef01ec2df170143555605
2026-08-02,th,Thailand,134,1,CURSE (รักใครไม่เป็น),Z9; 2K; Saran,4CuVt3p02OaWu4klQuJoDP; 7w08uJNZmg9HTsS6XeHX9E; 3moR9d0X97NAtZRhHWOta5,77rZWogLvZ2NOf248oMd6N,https://i.scdn.co/image/ab67616d00001e02963e6fa67ad2f23d93eca930
2026-08-02,th,Thailand,135,1,หลุมอากาศ,Palmy,3yfUy4dhvq5DwrSMsEE6od,75FEJ1dyr39vGXC20EyQYb,https://i.scdn.co/image/ab67616d00001e02373f9a429a9567752b199cf7
2026-08-02,th,Thailand,136,8,อ๊ะป่าว?,The 38 Years Ago,2SA48aCaiOpXDVgoLQNWX8,38fifVNFjaZJqoI4ZSHSHN,https://i.scdn.co/image/ab67616d00001e0208c44ff0658a39aac6fdce73
2026-08-02,th,Thailand,137,Re-Entry,ดอกไม้กับหัวใจ,I-Zax,2qPwQcHdnoKhMYehUOt7EM,1JHQ4rCY6gFdHE5AGmv7uP,https://i.scdn.co/image/ab67616d00001e02cfdc8d1fbd48d2d14d3dae55
2026-08-02,th,Thailand,138,Re-Entry,Don’t Say You Love Me,Jin,5vV3bFXnN6D6N3Nj4xRvaV,27xkOIER6uDLKALIelHylZ,https://i.scdn.co/image/ab67616d00001e0289228504f700641956e29f5d
2026-08-02,th,Thailand,139,2,Faded - Special Version,2Ectasy; Z9,4WXkCBHyUCfIPPZrZFcP5m; 4CuVt3p02OaWu4klQuJoDP,5b2OC2aaioNReqHlQs1TbR,https://i.scdn.co/image/ab67616d00001e024a3961fa1cd17f29f671fbfa
2026-08-02,th,Thailand,140,22,คนไม่เอาถ่าน,Big Ass,0GsileCtd1UjaVh4OpW7Qv,14Y7RH7bzQa5vrqhL53ukc,https://i.scdn.co/image/ab67616d00001e0226ba7a5193907558a7b8e290
2026-08-02,th,Thailand,141,24,ฝนตกที่หน้าต่าง,Loso,68ASbzKA9iG2gd7JRfPD71,42PdVPQB1TM8jRyNNHT62i,https://i.scdn.co/image/ab67616d00001e0233754915131be02d2a2a3bea
2026-08-02,th,Thailand,142,30,ครองโลก,YUNGTARR,1KXxfYnhxzq9xBkhFZaYxX,76j0uitplft5gODYnoQ62V,https://i.scdn.co/image/ab67616d00001e029cbf10ca43831dbd536a7073
2026-08-02,th,Thailand,143,13,ทุกความทรงจำ,Only Monday,2zByTMDKM5g76Kbz4huf0A,1fBIWQh21BNWLhuhXDMog1,https://i.scdn.co/image/ab67616d00001e0215ef96619aef22d39355760c
2026-08-02,th,Thailand,144,8,Beauty And A Beat,Justin Bieber; Nicki Minaj,1uNFoZAHBGtllmzznpCI3s; 0hCNtLu0JehylgoiP8L4Gh,6QFCMUUq1T2Vf5sFUXcuQ7,https://i.scdn.co/image/ab67616d00001e02f1d02a6cec967f8b6b78f76e
2026-08-02,th,Thailand,145,5,Very Very Small,YOUNGOHM,0AvGycOEDZTaBFLCaiGd9S,2aOKroYzVYSkKetUpWvrkt,https://i.scdn.co/image/ab67616d00001e0293ad90b97deda6e1c3b83bc7
2026-08-02,th,Thailand,146,15,สักวันฉันจะหายดี,Ink Waruntorn,1Twi7NfmUzbXF7lEMaGCqF,1us1N0XEToufNnmzyhJPm5,https://i.scdn.co/image/ab67616d00001e02f98d5234dd9f3ca68abca0d0
2026-08-02,th,Thailand,147,3,"One Of The Girls (with JENNIE, Lily Rose Depp)",The Weeknd; JENNIE; Lily-Rose Depp,1Xyo4u8uXC1ZmMpatF05PJ; 250b0Wlc5Vk0CoUsaCY84M; 1pBLC0qVRTB5zVMuteQ9jJ,7CyPwkp0oE8Ro9Dd5CUDjW,https://i.scdn.co/image/ab67616d00001e02b0dd6a5cd1dec96c4119c262
2026-08-02,th,Thailand,148,73,ฝนตกไหม,Three Man Down,1qAOsY7jv9GFTv4HoVof5P,28LO3kx9x3fPRbXfAHprp2,https://i.scdn.co/image/ab67616d00001e022bff7ebac2ac29d107d284e7
2026-08-02,th,Thailand,149,4,ไปได้ดี (So Long),WANYAi,3yLZtAIGm6Eq4WSfnimZad,5iXqJk5DSfS5l57s0x8dTV,https://i.scdn.co/image/ab67616d00001e025c0add12c47ff8e30e6d3ba7
2026-08-02,th,Thailand,150,25,wanna be yours (อยากให้เธอรัก),Violette Wautier,0XkEUMM4lJHAzfTK9vR0cu,2PP99Q3WvAlEongTB8PlLS,https://i.scdn.co/image/ab67616d00001e023ac0a9c94fa535f754372a47
2026-08-02,th,Thailand,151,20,Animal,KATSEYE,3c0gDdb9lhnHGFtP4prQpn,3ouNEk0tv5TTi8VWMe1xbX,https://i.scdn.co/image/ab67616d00001e029e8d48f27391ce383862b8e8
2026-08-02,th,Thailand,152,28,พูดแล้วอยากจะร้องไห้,Dr.Fuu,5ksYtzE6rgRhlJPw0GTvy6,1ScnC2q4xnTeUfB2awBFX1,https://i.scdn.co/image/ab67616d00001e02ac534903a3f46c4abc8ea09a
2026-08-02,th,Thailand,153,7,KISS N TELL,aespa,6YVMFz59CuY7ngCxTxjpxE,3Fse9qXqMNey4TL5mLy8IF,https://i.scdn.co/image/ab67616d00001e02304c46fde5f5244a66f7317b
2026-08-02,th,Thailand,154,5,ใจพัง,Saran; GTK,3moR9d0X97NAtZRhHWOta5; 2xe3fpDD81re4J0NN3S8LV,30ho6wAl9w53sCtcqzHVMA,https://i.scdn.co/image/ab67616d00001e02780f6db09cc2ef1e3d27f702
2026-08-02,th,Thailand,155,34,บอกตัวเอง,Room 39; โป่ง หินเหล็กไฟ,3lHykUJhLCSYsiUaOQhIy4; 4EVFhcIKSAr2dtcOv6EzZa,7mx20wpMx3Flwh3GglnZPs,https://i.scdn.co/image/ab67616d00001e02149892a5816e3909902ec2be
2026-08-02,th,Thailand,156,4,กอดกัน,K6Y; Lazyloxy; Jayrun,0QxCgzdTynqgvj1OWRllYt; 58Kuf8Ek5vheq5IRLiWjXO; 7dlpPQzVIOAtowgO59cxL7,1X3VD4oXVFe314hJ9AcvVy,https://i.scdn.co/image/ab67616d00001e02cd3db014ab1e239c9cc1c807
2026-08-02,th,Thailand,157,39,ดาวนำทาง (Quiet Night),loserpop,4BI5Vr4SPJSKI0ofzhlsLV,4ZuflCpdf22z8J94WPIGrp,https://i.scdn.co/image/ab67616d00001e02bb03b72b7916b00c09f7c337
2026-08-02,th,Thailand,158,12,ฟีโรโมน,BLVCKHEART; 2TFLOW,3Ld1g6LjfR2ILDB6SD8aJV; 5gPpLgNHI1brQiqNmgN5bd,03Pc18Z9L1n2LcyBb6SKZ1,https://i.scdn.co/image/ab67616d00001e020228cb9fdef88e2ae56748b1
2026-08-02,th,Thailand,159,Re-Entry,พบกันใหม่ (So Long),Polycat,1ssEwBiz4ZKrbgR6o8vOeg,4IKn1t0eZZzF5mji1vraVI,https://i.scdn.co/image/ab67616d00001e02d35e746a33990773fa9a7fb9
2026-08-02,th,Thailand,160,18,Love Me Not,Ravyn Lenae,5RTLRtXjbXI2lSXc6jxlAz,4WFgvKVfEhb3IUAFGrutTR,https://i.scdn.co/image/ab67616d00001e020e62daaea2c7b94053e1c142
2026-08-02,th,Thailand,161,7,เดินมาส่ง (BYE),First Anuwat; Saran,4KjqrvqKO5fbI5yDR5yzny; 3moR9d0X97NAtZRhHWOta5,6j3Nhz3FGomL4UJoJQI9Pc,https://i.scdn.co/image/ab67616d00001e025e8d3a23e61b6f62fcb67cd8
2026-08-02,th,Thailand,162,7,ต่อยให้,Txrbo,45pQix6T07syL9LwzOoRNg,2cn4X3qXv6KcQYHr67st6T,https://i.scdn.co/image/ab67616d00001e02be8f24ca7ca95cc21e2412a1
2026-08-02,th,Thailand,163,–,REDRED,CORTIS,1ebt9HnXdyYA6KgLXr1n4P,2fCwv2ppU5nTRTckomIGsd,https://i.scdn.co/image/ab67616d00001e0224ace1518851b27e9983f739
2026-08-02,th,Thailand,164,35,กรุงเทพมหานคร,YOUNGOHM,0AvGycOEDZTaBFLCaiGd9S,4sQjVDas1lw04lj3NGsoDC,https://i.scdn.co/image/ab67616d00001e0289010986807175896f24855e
2026-08-02,th,Thailand,165,23,ไม่ใช่ไม่รัก,PORZAX,4ykAAPcxGHz8z6N0muxbIP,44lw3KVZGVZF4RvCTtLYTN,https://i.scdn.co/image/ab67616d00001e02d210682600f9dbdfaba06abb
2026-08-02,th,Thailand,166,7,ดาวหางฮัลเลย์,fellow fellow,1aEKvjRnbf1laB7DVXFqsG,0cHtr7i0P0TpEODZr2WZDE,https://i.scdn.co/image/ab67616d00001e02b5eddea0d396d32199abfabf
2026-08-02,th,Thailand,167,Re-Entry,เทวดาเดินดิน,Danupol Kaewkarn,22aNKwafgEkMFibodyxoeb,6bNubnrKqws8eWzGOYKAAy,https://i.scdn.co/image/ab67616d00001e02ff9aac0849a9988fadaf0e61
2026-08-02,th,Thailand,168,15,หวั่นไหว,Bodyslam,76VTagPgPgPlFE7hfjT0Zt,7DcEmL0QxWfj9VHqMkU3d5,https://i.scdn.co/image/ab67616d00001e02025b641b85943a04d980a285
2026-08-02,th,Thailand,169,7,ศิโรราป,BLVCKHEART,3Ld1g6LjfR2ILDB6SD8aJV,4b6a08DBaPoMB0aFEvZ391,https://i.scdn.co/image/ab67616d00001e0277a46d9df1f5d63ed013bbbe
2026-08-02,th,Thailand,170,–,Perfect,PUN; 1MILL,6HEMZkIMQAPnd36iLsUlTx; 18VUKXPiyznwK6LEULTUco,3wpyleeYFfRIiYByecGeUW,https://i.scdn.co/image/ab67616d00001e02cab5a8715f1cbb951148bf1d
2026-08-02,th,Thailand,171,5,ที่ว่าง (Empty Space),Pause,1pTiPuAABytFjsXsUwgsNE,4l7LboEqEOMV1UPHoZ0KA9,https://i.scdn.co/image/ab67616d00001e02991f6275c8a245262fc799b3
2026-08-02,th,Thailand,172,17,ฝากไว้ให้ Kiss (feat. BLVCKHEART),JayQ; BLVCKHEART,5SLXYrzObBv7IrLzo4I4S6; 3Ld1g6LjfR2ILDB6SD8aJV,4psph4gNDqUnGvBSq6UwwE,https://i.scdn.co/image/ab67616d00001e024da3e4620641c41ad66f6d97
2026-08-02,th,Thailand,173,2,"พิง - เพลงประกอบละคร ""กระเช้าสีดา""",NONT TANONT,6chmC6o0wvACYVGTITw3Pz,5H9T1CPfiIKZ9b7uKcLQ64,https://i.scdn.co/image/ab67616d00001e02196c67567173ce9951e1bfe9
2026-08-02,th,Thailand,174,17,ครั้งสุดท้าย,OG-ANIC; GAVIN:D; NINO,1OXHqAK6r5mF0FV94nc0pD; 6gYafDbRgLFc6zFKxKCP22; 34pSpkZ0UQ8X0woG8FyOqj,1DPrXncHEnR0141ct0DF06,https://i.scdn.co/image/ab67616d00001e02e93c6730764464cfce9d4522
2026-08-02,th,Thailand,175,Re-Entry,วันนี้ปีที่แล้ว,MEYOU,4G5OlxtrOm9ADmu3VZgFbG,2HY5NVPfvygwTBM1x6jwvH,https://i.scdn.co/image/ab67616d00001e02f2c071dd119781dee1e809c9
2026-08-02,th,Thailand,176,20,โทรมาที่เบอร์นี้ (Phone Number),BLVCKHEART,3Ld1g6LjfR2ILDB6SD8aJV,4XcbpTFSnuADlw3ZgE3sYM,https://i.scdn.co/image/ab67616d00001e025a0a4f369973c1e611002d5c
2026-08-02,th,Thailand,177,4,เธอทิ้งฉันไว้,KRK; N/A; HK,69jmffWjz5TWglZkReTYJC; 4oPYazJJ1o4rWBrTw9lm40; 3ox1cmzcE21qMaFHqHKowu,6aQNOo0RlmFUx2yfDXBkiT,https://i.scdn.co/image/ab67616d00001e0274fa0664a9ece4b813b0a679
2026-08-02,th,Thailand,178,12,ความคิดถึงที่เต็มไปด้วยน้ำตา,โชเล่ย์ ชคัทพล,1anYjqWlOJQsVlJOr9VlVg,4IzwklthzAkGVI7llK0qKU,https://i.scdn.co/image/ab67616d00001e028767fd69795074b9e09f401d
2026-08-02,th,Thailand,179,17,TOO YOUNG 2 LOVE,YOUNGOHM,0AvGycOEDZTaBFLCaiGd9S,2MDwiy5E60hUKXUSN9ScLH,https://i.scdn.co/image/ab67616d00001e0293ad90b97deda6e1c3b83bc7
2026-08-02,th,Thailand,180,12,คำตอบสุดท้าย,AirBorne,2uPPduOPqzYiWESkxR1SpB,6d9rWFahtOYiNblK9dvqK2,https://i.scdn.co/image/ab67616d00001e02ea73b55de73a09c21c2a6464
2026-08-02,th,Thailand,181,Re-Entry,เพื่อนเล่น ไม่เล่นเพื่อน (Just Being Friendly) [feat. MILLI],Tilly Birds; MILLI,4esoPgrgPKbWa6gwU8EGmH; 1eVPKI2R4NlX6P5FIuMXis,1sh04eulApho8oOmv2YYeX,https://i.scdn.co/image/ab67616d00001e0270a01ebd111e82b726f64050
2026-08-02,th,Thailand,182,18,จำนน,NONT TANONT,6chmC6o0wvACYVGTITw3Pz,2L29trtaHseFzdw22gMTiz,https://i.scdn.co/image/ab67616d00001e02fbc348557597656fcc80c974
2026-08-02,th,Thailand,183,11,ไกลแค่ไหน คือ ใกล้,getsunova,6vFz8SAf3JBH0kdz8UMSOh,49W9S1UPuhAEGG6rwOOdD7,https://i.scdn.co/image/ab67616d00001e0281518e6c14406a34ad587c30
2026-08-02,th,Thailand,184,Re-Entry,มีทุกอย่าง,ZENTYARB; Saran,4Wv4SEO2ZQAOBl4yJcjdxi; 3moR9d0X97NAtZRhHWOta5,5jLcPRNQIxMKcJLFbOfJZo,https://i.scdn.co/image/ab67616d00001e025aaad3b2bd0296d948b71278
2026-08-02,th,Thailand,185,Re-Entry,Promethazine - Hidden World Live Session,Saran; BLVCKHEART; DIAMOND MQT,3moR9d0X97NAtZRhHWOta5; 3Ld1g6LjfR2ILDB6SD8aJV; 0O6y1pr1YIKq65c6N3sI9c,0DrbzBvi4h8HZBpmtJqq0J,https://i.scdn.co/image/ab67616d00001e02ede9fc29ae3037ee8ca5a4ae
2026-08-02,th,Thailand,186,7,หนึ่งคนตรงนี้ (I'm here),PURPEECH,3xlC7Dw0uiwprXDHCU9SAu,5GwXBrY91rDCB18cwpjsBz,https://i.scdn.co/image/ab67616d00001e026557b9b4ce41d95bac522542
2026-08-02,th,Thailand,187,29,อกหัก,Bodyslam,76VTagPgPgPlFE7hfjT0Zt,5ZGvHFeaWQYSDTbA2RL3CL,https://i.scdn.co/image/ab67616d00001e02f049f5c0135c1d77045eea7a
2026-08-02,th,Thailand,188,2,รักรักรักรักรักรักรัก (Talk Less),D Gerrard,1k7MP2tMC43vM0b0wg8HHg,1LV7y6Foa5JFMOUc0qyj4b,https://i.scdn.co/image/ab67616d00001e02621b40910493a0abfcd46dda
2026-08-02,th,Thailand,189,2,อาวรณ์,Polycat,1ssEwBiz4ZKrbgR6o8vOeg,4egcuK8qzq7DXeU4YfpEBR,https://i.scdn.co/image/ab67616d00001e0246f19ad1f6fd32baa3e1abe9
2026-08-02,th,Thailand,190,Re-Entry,ถ้าฉันเป็นเขา,Indigo,5505l53fTUi5P0uWQbRT0w,5kWEorPV6WHYf5htPXONcL,https://i.scdn.co/image/ab67616d00001e02764bbc099b3bf1fc8b15212e
2026-08-02,th,Thailand,191,7,หมดชีวิต(ฉันให้เธอ),Zeal; Buachompoo Ford,6f1tNwK04d6t8jFSOXGvrY; 7nXSDVE7Q2j4LEPIyj8wEP,3O5GVtYsxomJEPLPn3U6tZ,https://i.scdn.co/image/ab67616d00001e02997d75a297542a8680f3f9a5
2026-08-02,th,Thailand,192,3,"เจ็บแค่ไหนก็ยังรักอยู่ (feat. ฟิล์ม บงกช) - เพลงประกอบละคร ""อย่าลืมฉัน""",Yes'sir Days; Fymme Bongkot,5fWMZzHHJQmCVt3W2ejVbV; 5DU5PyU8u0JZSRyJdMWgsl,1ewNGqNQEfkZj9Wm4VqLuY,https://i.scdn.co/image/ab67616d00001e0284121406ae8995503a3df708
2026-08-02,th,Thailand,193,Re-Entry,ดอกไม้ที่รอฝน (spring),THE TOYS; NONT TANONT,5pokGZ1K9Hr6etaKPDxSG8; 6chmC6o0wvACYVGTITw3Pz,510TKpbFquRZzk80oLgbaM,https://i.scdn.co/image/ab67616d00001e027009ce6b416c810cb36a08d3
2026-08-02,th,Thailand,194,Re-Entry,เจ็บจนพอ (Enough),WANYAi,3yLZtAIGm6Eq4WSfnimZad,0PcRPlZnFo0ifZeHo5sbhD,https://i.scdn.co/image/ab67616d00001e025c0add12c47ff8e30e6d3ba7
2026-08-02,th,Thailand,195,Re-Entry,ลามปาม (circus),BOWKYLION; Jeff Satur,2SWWw5uB9cO5m7zJQZqwmr; 5xq3BK55BJmutN0X7eTyQB,30CRjTYAXaJf5YBsNQHIvG,https://i.scdn.co/image/ab67616d00001e02977d3582882c2bd839bf7639
2026-08-02,th,Thailand,196,3,I Thought I Saw Your Face Today,She & Him,3CIRif6ZAedT7kZSPvj2A4,0myRViRgmQ3J8izICXEAVO,https://i.scdn.co/image/ab67616d00001e02a47c6d8a934b4833c0916cc9
2026-08-02,th,Thailand,197,Re-Entry,งมงาย,Bodyslam,76VTagPgPgPlFE7hfjT0Zt,2nBnVtHo6UVYyk1vx94tBj,https://i.scdn.co/image/ab67616d00001e02b8ff243ecbfa301a569c8b26
2026-08-02,th,Thailand,198,9,Babydoll,Dominic Fike,6USv9qhCn6zfxlBQIYJ9qs,7yNf9YjeO5JXUE3JEBgnYc,https://i.scdn.co/image/ab67616d00001e027b1b6f41c1645af9757d5616
2026-08-02,th,Thailand,199,51,คู่ชีวิต,Cocktail,6JrR3zrG0NQiXb9N9XSyGb,6L6MkqgAgCdlEMAXUE9j3V,https://i.scdn.co/image/ab67616d00001e020a770590da24ef0f70fc0155
2026-08-02,th,Thailand,200,Re-Entry,ถ้าเธอรักฉันจริง,Three Man Down,1qAOsY7jv9GFTv4HoVof5P,0CNElNCOYVyMX5ZX8NvJCI,https://i.scdn.co/image/ab67616d00001e022bff7ebac2ac29d107d284e7
2026-08-02,kr,South Korea,1,–,REDRED,CORTIS,1ebt9HnXdyYA6KgLXr1n4P,2fCwv2ppU5nTRTckomIGsd,https://i.scdn.co/image/ab67616d00001e0224ace1518851b27e9983f739
2026-08-02,kr,South Korea,2,–,LOVE ATTACK,RESCENE,5deOsjuFTKrNMJW3rKuL8S,6uosenLUNFZtOIih5T0qfV,https://i.scdn.co/image/ab67616d00001e02831c0d124fc7c7a3ad0618ab
2026-08-02,kr,South Korea,3,–,Less than a Lover,JENNIE,250b0Wlc5Vk0CoUsaCY84M,19UnXjpLshSLobPspdyxlD,https://i.scdn.co/image/ab67616d00001e021568796289f10031724bc780
2026-08-02,kr,South Korea,4,–,Pretty Girl,RESCENE,5deOsjuFTKrNMJW3rKuL8S,26GehcyfHwgzfS0ok9yDYk,https://i.scdn.co/image/ab67616d00001e0277d32118586f2e1053262fce
2026-08-02,kr,South Korea,5,–,LEMONADE,aespa,6YVMFz59CuY7ngCxTxjpxE,6vjt2smGK75oc9r2OGFfgp,https://i.scdn.co/image/ab67616d00001e025f0171c63cceb32ccff8b9a9
2026-08-02,kr,South Korea,6,–,It's Me,ILLIT,36cgvBn0aadzOijnjjwqMN,1D5L58KLBbceOynTP4DQnY,https://i.scdn.co/image/ab67616d00001e0261eea484e31bca065904f1c6
2026-08-02,kr,South Korea,7,–,Who,Jimin,1oSPZhvZMIrWW5I41kPkkY,7tI8dRuH2Yc6RuoTjxo4dU,https://i.scdn.co/image/ab67616d00001e02f02c451189a709b9a952aaec
2026-08-02,kr,South Korea,8,–,Lemon Tang,Hearts2Hearts,1ZLU77nRzQIaP23mVSYpCQ,4vaC50FUEn6H8pPalM6jVA,https://i.scdn.co/image/ab67616d00001e02391fce8d3ef22f778a8c5c54
2026-08-02,kr,South Korea,9,1,0+0,HANRORO,5wVJpXzuKV6Xj7Yhsf2uYx,3sOAwRg5esaxDcWnUigWPv,https://i.scdn.co/image/ab67616d00001e02afda752d5db59e06d3f86e3b
2026-08-02,kr,South Korea,10,1,BAD,ATEEZ,68KmkJeZGfwe1OUaivBa2L,55UDXtbNJBAdTdUdbRu8T3,https://i.scdn.co/image/ab67616d00001e027e77585ffef632e51313b3e0
2026-08-02,kr,South Korea,11,1,Suddenly,I.O.I,6RKnXXyprPjhBdCvL802Ku,7u0yW2XPSJozIGdUSRET19,https://i.scdn.co/image/ab67616d00001e02244aed7ce852aedf2097fed9
2026-08-02,kr,South Korea,12,2,Landing in Love,HANRORO,5wVJpXzuKV6Xj7Yhsf2uYx,3WvM2dIR9iIxMGNMP7WsNw,https://i.scdn.co/image/ab67616d00001e02041c2df6c6417db26f4133d4
2026-08-02,kr,South Korea,13,2,Sunflower - Spider-Man: Into the Spider-Verse,Post Malone; Swae Lee,246dkjvS1zLTtiykXe5h60; 1zNqQNIdeOUZHb8zbZRFMX,0RiRZpuVRbi7oqRdSMwhQY,https://i.scdn.co/image/ab67616d00001e029478c87599550dd73bfa7e02
2026-08-02,kr,South Korea,14,3,RUDE!,Hearts2Hearts,1ZLU77nRzQIaP23mVSYpCQ,0WA27lZzPKFJKAbiDRmQDc,https://i.scdn.co/image/ab67616d00001e02d505bec2fbfee5857725d333
2026-08-02,kr,South Korea,15,2,Deja Vu,RESCENE,5deOsjuFTKrNMJW3rKuL8S,1pBUzZE9PoKLoPxo6QxsG6,https://i.scdn.co/image/ab67616d00001e022d3d7a09566b6d612c890824
2026-08-02,kr,South Korea,16,–,Vitamin ME,fromis_9,24nUVBIlCGi4twz4nYxJum,70RQYCjVacuJgeYAmU2sXd,https://i.scdn.co/image/ab67616d00001e025e0c6f72c2e7d712f34b01e2
2026-08-02,kr,South Korea,17,2,404 (New Era),KiiiKiii,63sat2XSMKdwKfqspmYQKP,24rDDbSlFY9OHrlJb48CRh,https://i.scdn.co/image/ab67616d00001e020cc65398388cbc486fa4fff7
2026-08-02,kr,South Korea,18,2,Catch Catch,YENA,49muoiIu4uea4PO8vueUNN,2O9bMJticxbQ8FH3NiQ7Xh,https://i.scdn.co/image/ab67616d00001e029687ef1de31954cfdeac2f5a
2026-08-02,kr,South Korea,19,2,Drowning,WOODZ,6y9nlaoynxSvoTGY09Vdcy,4xeugB5MqWh0jwvXZPxahq,https://i.scdn.co/image/ab67616d00001e02e87a41550ee1b24be3e6e1fb
2026-08-02,kr,South Korea,20,1,Seven (feat. Latto) (Explicit Ver.),Jung Kook; Latto,6HaGTQPmzraVmaVxvz6EUc; 3MdXrJWsbVzdn6fe5JYkSQ,2HRgqmZQC0MC7GeNuDIXHN,https://i.scdn.co/image/ab67616d00001e02741fd4807f442af3f7359316
2026-08-02,kr,South Korea,21,3,Let Me Love My Youth,HANRORO,5wVJpXzuKV6Xj7Yhsf2uYx,4KA9VMFIKUUMjEcnwiylr1,https://i.scdn.co/image/ab67616d00001e0226a40856fec5db78306ba3c0
2026-08-02,kr,South Korea,22,1,If I have you only (My love X Nerd Connection),Nerd Connection,5WKUZJPvN1SScyggtPFShK,3TQHPUEVdvdq8ejwEcHUlL,https://i.scdn.co/image/ab67616d00001e0220daf4f9c25cbe0bc384e606
2026-08-02,kr,South Korea,23,3,Forever Has Always Been,Redoor,5xhi1KB7WkPiTYb5Fm3YvS,3tbHqU6PKS2bIGWx9cn082,https://i.scdn.co/image/ab67616d00001e02149023dcdf178cffc8b994c3
2026-08-02,kr,South Korea,24,–,Don’t Say You Love Me,Jin,5vV3bFXnN6D6N3Nj4xRvaV,27xkOIER6uDLKALIelHylZ,https://i.scdn.co/image/ab67616d00001e0289228504f700641956e29f5d
2026-08-02,kr,South Korea,25,–,SWIM,BTS,3Nrfpe0tUJi4K4DXYWgMUX,68lbSrXDORS51pmyjZv712,https://i.scdn.co/image/ab67616d00001e02dfa17fad7f190c901603270e
2026-08-02,kr,South Korea,26,4,hate that i made you love me,Ariana Grande,66CXWjxzNUsdJxJ2JdwvnR,3iy2QuCtCzpWnR6tia39AB,https://i.scdn.co/image/ab67616d00001e028baf677ee2d8dda6cc9fcbd7
2026-08-02,kr,South Korea,27,–,Pretender,OFFICIAL HIGE DANDISM,5Vo1hnCRmCM6M4thZCInCj,15HNdxGKNCIO9pgaY4n7FU,https://i.scdn.co/image/ab67616d00001e02fc273337d7aafc7e907c383d
2026-08-02,kr,South Korea,28,5,for lovers who hesitate,JANNABI,2SY6OktZyMLdOnscX3DCyS,5BqwC9kOBbqYkzdOKeXFFk,https://i.scdn.co/image/ab67616d00001e02f694adfa02990eaca79fec1b
2026-08-02,kr,South Korea,29,–,Bansanka,TAEYEON,3qNVuliS40BLgXGxhdBdqu,0KgetoSLg8qfJWIwoAQxBf,https://i.scdn.co/image/ab67616d00001e02ec70b6ceac2050be19c87cfb
2026-08-02,kr,South Korea,30,2,Heavy Serenade,NMIXX,28ot3wh4oNmoFOdVajibBl,1Sjs93mMgi9bX06FFU9Mcv,https://i.scdn.co/image/ab67616d00001e02d179b01c0b9baac10170d1ad
2026-08-02,kr,South Korea,31,–,Love Love Love,Epik High,5snNHNlYT2UrtZo5HCJkiw,7hlEhmg5h9XuFtaGfgvqjF,https://i.scdn.co/image/ab67616d00001e024c71e80a8f580184ba910222
2026-08-02,kr,South Korea,32,6,We Are,Woo; Loco; GRAY,5a8EJtOEbUJDF4RX3mKK02; 2e4G04F77jxVuDYo44TCSm; 3kPEBSt7qgVoRZSbIXMr7W,2SMq0lOqCTHayWa9juoI0d,https://i.scdn.co/image/ab67616d00001e0280af1bc4fa047ba0e2f17c04
2026-08-02,kr,South Korea,33,1,Runaway,RESCENE,5deOsjuFTKrNMJW3rKuL8S,1x0mG2CyQW5mjBX17ZfTUG,https://i.scdn.co/image/ab67616d00001e02e5fd56cd91d38d69aec9a5a2
2026-08-02,kr,South Korea,34,4,Paradise of Rumors,AKMU,6OwKE9Ez6ALxpTaKcT5ayv,5dxiriLgC9mu2FbSNqudld,https://i.scdn.co/image/ab67616d00001e02bd15713cf9824b7842bcd290
2026-08-02,kr,South Korea,35,2,yours,데이먼스 이어 Damons year,2T5KKZuEEudb7alCJ1pCus,7JQH2lBMZ10ztDnpoeq6Ki,https://i.scdn.co/image/ab67616d00001e02cccd0bf2843a65a3d45ea190
2026-08-02,kr,South Korea,36,2,STYLE,Hearts2Hearts,1ZLU77nRzQIaP23mVSYpCQ,5EoV2HmAlkqN1XvsIjOBZZ,https://i.scdn.co/image/ab67616d00001e02610f16f9c84e85158baa0384
2026-08-02,kr,South Korea,37,2,FOCUS,Hearts2Hearts,1ZLU77nRzQIaP23mVSYpCQ,6jYiHr12NVKLzn0X7K8aSK,https://i.scdn.co/image/ab67616d00001e027c887828b1a67202f0219857
2026-08-02,kr,South Korea,38,3,晩餐歌 - Bansanka,tuki.,1Y5vJqABeI6QI6R95EDV6o,075HUD50Nuea3rNaABIsNZ,https://i.scdn.co/image/ab67616d00001e022d68ffbcaeaa5e6fbe102202
2026-08-02,kr,South Korea,39,1,GO!,CORTIS,1ebt9HnXdyYA6KgLXr1n4P,6OWWZtNQORY1McaZmOrwhc,https://i.scdn.co/image/ab67616d00001e024b56a34b0c2b3798fd46f855
2026-08-02,kr,South Korea,40,4,‎Good Night Good Dream,Nerd Connection,5WKUZJPvN1SScyggtPFShK,3s761CQaziQ0GEN1yUkIsG,https://i.scdn.co/image/ab67616d00001e024d082eca2a31873a3622408e
2026-08-02,kr,South Korea,41,1,Magnetic,ILLIT,36cgvBn0aadzOijnjjwqMN,1aKvZDoLGkNMxoRYgkckZG,https://i.scdn.co/image/ab67616d00001e02f037c5fb9de6c78726cb8e2c
2026-08-02,kr,South Korea,42,7,Please Summer!,BOL4,4k5fFEYgkWYrYvtOK3zVBl,2D5IrHXQhnltOsi0gE9YqV,https://i.scdn.co/image/ab67616d00001e02224571aa7884b5c07ed1e790
2026-08-02,kr,South Korea,43,4,Animal,KATSEYE,3c0gDdb9lhnHGFtP4prQpn,3ouNEk0tv5TTi8VWMe1xbX,https://i.scdn.co/image/ab67616d00001e029e8d48f27391ce383862b8e8
2026-08-02,kr,South Korea,44,1,Eternal Moment,Lim Young Woong,75MOYjGEyyH5U4ZFHOPvxR,2aSfmbpproCPOe2j01WT2a,https://i.scdn.co/image/ab67616d00001e02f207933160e8018901f665b2
2026-08-02,kr,South Korea,45,4,ACAI,CORTIS,1ebt9HnXdyYA6KgLXr1n4P,7Ldcvhcl4Xj4eOTSWpZus5,https://i.scdn.co/image/ab67616d00001e027a702a4c3a18c1439fdc29ff
2026-08-02,kr,South Korea,46,2,Endangered Love,LEE CHANHYUK,4RkTSLr5Qf79FfUkeaDKbl,06o2o3TpyR8eGU2ANK21Lp,https://i.scdn.co/image/ab67616d00001e02c675edee6479e3f798d90716
2026-08-02,kr,South Korea,47,14,Zankokuna Tenshino Teeze (Korean Ver.),HANRORO,5wVJpXzuKV6Xj7Yhsf2uYx,1JXTGQBCf19wY5LxLZI8ay,https://i.scdn.co/image/ab67616d00001e0210cf31bcc4c8b192016e6fd9
2026-08-02,kr,South Korea,48,2,FLYING HIGH WITH U,VINXEN,4T6xiCykTP9rCNaEPU7D4q,4iZIvaus7v4wSjFvdF83NA,https://i.scdn.co/image/ab67616d00001e024c013b35958a8538181b41c4
2026-08-02,kr,South Korea,49,1,KISS KISS KISS (Feat. SUNWOO (THE BOYZ)) (Prod. by Hukky Shibaseki),NOWIMYOUNG; Royal 44; SUNWOO,66LxteaHD7NvxCnkQoyw2G; 6I5eyZiVUpuPwE8mTXp7hC; 27Uaxd3EmAW0Hl3Atpf74q,1alWuqrk1v7xzECNR8ovRo,https://i.scdn.co/image/ab67616d00001e026ac4312a155a95bb06fc6532
2026-08-02,kr,South Korea,50,5,Beauty And A Beat,Justin Bieber; Nicki Minaj,1uNFoZAHBGtllmzznpCI3s; 0hCNtLu0JehylgoiP8L4Gh,6QFCMUUq1T2Vf5sFUXcuQ7,https://i.scdn.co/image/ab67616d00001e02f1d02a6cec967f8b6b78f76e
2026-08-02,kr,South Korea,51,14,Be Mine,Jimin,1oSPZhvZMIrWW5I41kPkkY,3LWVXp636uLT356Rj08Jaz,https://i.scdn.co/image/ab67616d00001e02f02c451189a709b9a952aaec
2026-08-02,kr,South Korea,52,4,What Would Have Been? (Feat. Lena Park),PSY; Lena Park,2dd5mrQZvg6SmahdgVKDzh; 7MNyflLAWpaH0EPw1fdORD,5Kbpcd3hOqu4ZRAJNAjIcg,https://i.scdn.co/image/ab67616d00001e028cacbdd7305b0651b4c0fec4
2026-08-02,kr,South Korea,53,1,Hype Boy,NewJeans,6HvZYsbFfjnjFrWF950C9d,0a4MMyCrzT0En247IhqZbD,https://i.scdn.co/image/ab67616d00001e029d28fd01859073a3ae6ea209
2026-08-02,kr,South Korea,54,4,아크라포빅 (Akrapovic),hamo,7bQHemX2QBqGaERdrfraNW,3YVcnTV3v6DEFJeAnxGTBj,https://i.scdn.co/image/ab67616d00001e02627a75fc4d9bfa9bc45a8b58
2026-08-02,kr,South Korea,55,3,KISS N TELL,aespa,6YVMFz59CuY7ngCxTxjpxE,3Fse9qXqMNey4TL5mLy8IF,https://i.scdn.co/image/ab67616d00001e02304c46fde5f5244a66f7317b
2026-08-02,kr,South Korea,56,5,FaSHioN,CORTIS,1ebt9HnXdyYA6KgLXr1n4P,4ecdsGz3Hg6TKPwQ0ZOdJz,https://i.scdn.co/image/ab67616d00001e024b56a34b0c2b3798fd46f855
2026-08-02,kr,South Korea,57,5,petal,Ariana Grande,66CXWjxzNUsdJxJ2JdwvnR,70pVCVMGjmIWPbWXDwf11e,https://i.scdn.co/image/ab67616d00001e028baf677ee2d8dda6cc9fcbd7
2026-08-02,kr,South Korea,58,5,애상,COOL,0w3PsroIezW7uRTNxEJLb9,5LCxeObb3oj4m2lUCm0OJW,https://i.scdn.co/image/ab67616d00001e021a44ad7d3f3141bbdf8f1985
2026-08-02,kr,South Korea,59,–,벌써 일년,Brown Eyes,6O7LgtO6NKOOOudzRayUfJ,373fb3tsAbcShtD2RZ8edv,https://i.scdn.co/image/ab67616d00001e02d04eaf92f704aaf61c686b48
2026-08-02,kr,South Korea,60,5,BOOMPALA,LE SSERAFIM,4SpbR6yFEvexJuaBpgAU5p,41d2WjuL0ikRKVjxmL7ZFz,https://i.scdn.co/image/ab67616d00001e023fba33983638fcf9704c965d
2026-08-02,kr,South Korea,61,4,A Letter For You,Kim Na Young,4dvmLXorXADxVq8EcySEWk,4vfO4uu5VObHhGSrdV6TC5,https://i.scdn.co/image/ab67616d00001e020021471c9466ace33cd8c1b8
2026-08-02,kr,South Korea,62,4,Ling Ling,The Black Skirts,6WeDO4GynFmK4OxwkBzMW8,5BGxDtIEw8zxoP29Fid69a,https://i.scdn.co/image/ab67616d00001e029c3a4e471c5e82a457dce2c0
2026-08-02,kr,South Korea,63,8,Every moment of you,Sung Si Kyung,7jFUYMpMUBDL4JQtMZ5ilc,6piGysTzX1hCj2l0mygEl9,https://i.scdn.co/image/ab67616d00001e026b3a05b16a6d0114727b6f65
2026-08-02,kr,South Korea,64,10,To Reach You,10CM,6zn0ihyAApAYV51zpXxdEp,20QI1DhCFz7pN8rATkNguv,https://i.scdn.co/image/ab67616d00001e0258c6956da5fa380b67986551
2026-08-02,kr,South Korea,65,2,STAY (with Justin Bieber),The Kid LAROI; Justin Bieber,2tIP7SsRs7vjIcLrU85W8J; 1uNFoZAHBGtllmzznpCI3s,567e29TDzLwZwfDuEpGTwo,https://i.scdn.co/image/ab67616d00001e02b4d59e6fa7e5e7cbc57ac33a
2026-08-02,kr,South Korea,66,6,Blue Valentine,NMIXX,28ot3wh4oNmoFOdVajibBl,4OmhROPSFf2CGU1iFza4rC,https://i.scdn.co/image/ab67616d00001e02ee26bd5ae483fc54e6ef9e74
2026-08-02,kr,South Korea,67,1,Babydoll,Dominic Fike,6USv9qhCn6zfxlBQIYJ9qs,7yNf9YjeO5JXUE3JEBgnYc,https://i.scdn.co/image/ab67616d00001e027b1b6f41c1645af9757d5616
2026-08-02,kr,South Korea,68,1,"How can I love the heartbreak, you're the one I love",AKMU,6OwKE9Ez6ALxpTaKcT5ayv,0hqj5JBnFt1BHEz2UCFwrl,https://i.scdn.co/image/ab67616d00001e02d41cdd1f3e033a0ea1642112
2026-08-02,kr,South Korea,69,5,L[ ]VE,CHOIJUNSEONG (Jun S),2RPo7pzzve2r1LufIxrPeR,4c9CHyzibRaogeupFGzsFW,https://i.scdn.co/image/ab67616d00001e02b377c03efdcea46e526086ca
2026-08-02,kr,South Korea,70,–,Die With A Smile,Lady Gaga; Bruno Mars,1HY2Jd0NmPuamShAr6KMms; 0du5cEVh5yTK9QJze8zA0C,7so0lgd0zP2Sbgs2d7a1SZ,https://i.scdn.co/image/ab67616d00001e02b0860cf0a98e09663c82290c
2026-08-02,kr,South Korea,71,3,Whiplash,aespa,6YVMFz59CuY7ngCxTxjpxE,7Cnpb1vBbC46RgVyyKLH7p,https://i.scdn.co/image/ab67616d00001e02e467a8e8d7b0aa92d354aa75
2026-08-02,kr,South Korea,72,14,Unread Message,Lim Young Woong,75MOYjGEyyH5U4ZFHOPvxR,4CRhJHHbH9Awx7z7xRAdPP,https://i.scdn.co/image/ab67616d00001e02f207933160e8018901f665b2
2026-08-02,kr,South Korea,73,5,Antifreeze,Yerin Baek,6dhfy4ByARPJdPtMyrUYJK,1osW08ygBwopWmjWzqWbfJ,https://i.scdn.co/image/ab67616d00001e02627b4da419bddabfce86f98e
2026-08-02,kr,South Korea,74,9,NOT CUTE ANYMORE,ILLIT,36cgvBn0aadzOijnjjwqMN,1k0JAiH11gHL9dc5dfQjQr,https://i.scdn.co/image/ab67616d00001e023d09075f6c7fabe9a7234cb3
2026-08-02,kr,South Korea,75,8,"TICK TOCK (Feat. ZICO) (Prod. by ZICO, Crush)",HAON; Nosun; Raf Sandou; Marv; Jung Junhyuk; ZICO,2krUNMgFZYm5s4Nn0g91W9; 0BHYZCuuyLl53LVgeC3pUa; 4FBKTurCVdtC6Fq8mSQgj8; 1V2ep7618bYgCcTVyDKPcW; 3AfvvgMrTONEdoXOfWrBoS; 4XpUIb8uuNlIWVKmgKZXC0,3m08yeqLjXsqblRU3KXPAp,https://i.scdn.co/image/ab67616d00001e023745e2d4fd21e243eca7d36c
2026-08-02,kr,South Korea,76,46,MOTION (feat. Juicy J),CORTIS; Juicy J,1ebt9HnXdyYA6KgLXr1n4P; 5gCRApTajqwbnHHPbr2Fpi,15EbINtnOI4c2jPXXskywy,https://i.scdn.co/image/ab67616d00001e02eca615c30cc2bba6191d1544
2026-08-02,kr,South Korea,77,2,Ditto,NewJeans,6HvZYsbFfjnjFrWF950C9d,3r8RuvgbX9s7ammBn07D3W,https://i.scdn.co/image/ab67616d00001e02edf5b257be1d6593e81bb45f
2026-08-02,kr,South Korea,78,2,IRIS OUT,Kenshi Yonezu,1snhtMLeb2DYoMOcVbb8iB,59hVbgr8rfYkDbHfr8RcGI,https://i.scdn.co/image/ab67616d00001e026d1d4e875e2424cdd07f3232
2026-08-02,kr,South Korea,79,7,Pinball,RESCENE,5deOsjuFTKrNMJW3rKuL8S,7FzDMnwPhj6qdTT2PRaSYi,https://i.scdn.co/image/ab67616d00001e02831c0d124fc7c7a3ad0618ab
2026-08-02,kr,South Korea,80,2,ULSSIGU,Lim Young Woong,75MOYjGEyyH5U4ZFHOPvxR,651GMkAaR0JbpzZXRvdQ3D,https://i.scdn.co/image/ab67616d00001e02f207933160e8018901f665b2
2026-08-02,kr,South Korea,81,7,Sadder Than Yesterday,Woody,37ZY7eIcTT28id2jfq8WYw,4PBtSN6dNFXA9RUkx5e3W9,https://i.scdn.co/image/ab67616d00001e02aeb8b7088ef8325117beae8a
2026-08-02,kr,South Korea,82,1,toxic till the end,ROSÉ,3eVa5w3URK5duf6eyVDbu9,1z5ebC9238uGoBgzYyvGpQ,https://i.scdn.co/image/ab67616d00001e027be65ce6672ed7e5aac6e966
2026-08-02,kr,South Korea,83,1,"Joy, Sorrow, A Beautiful Heart",AKMU,6OwKE9Ez6ALxpTaKcT5ayv,3yKUJbZjAWlteUSjnNv3UK,https://i.scdn.co/image/ab67616d00001e02bd15713cf9824b7842bcd290
2026-08-02,kr,South Korea,84,4,Good Goodbye,HWASA,7bmYpVgQub656uNTu6qGNQ,3cLXrotzCjYCkN73PewALM,https://i.scdn.co/image/ab67616d00001e02f7ec5c454a78dfb0086c0c97
2026-08-02,kr,South Korea,85,10,And July,Heize; DEAN; dj friz,5dCvSnVduaFleCnyy98JMo; 3eCd0TZrBPm2n9cDG6yWfF; 0js3wKXyi7RL11sfOykRt1,0Yz3F0UGDibDe8uU69zmjn,https://i.scdn.co/image/ab67616d00001e027f22ff3c2da84dfc06101e23
2026-08-02,kr,South Korea,86,9,Supernatural,NewJeans,6HvZYsbFfjnjFrWF950C9d,5ocSQW5sIUIOFojwXEz9Ki,https://i.scdn.co/image/ab67616d00001e027e1eeb0d7cc374a168369c80
2026-08-02,kr,South Korea,87,10,1:05,The Black Skirts,6WeDO4GynFmK4OxwkBzMW8,4bjNOhOMvqFPflwHIaS7Fw,https://i.scdn.co/image/ab67616d00001e0210b3ebc65d2f65964cf461d8
2026-08-02,kr,South Korea,88,11,Time of Our Life -Japanese ver.- - Japanese ver.,DAY6,5TnQc2N1iKlFjYD7CPGvFc,18x0Z8JUwLA2LhgsIHbNy3,https://i.scdn.co/image/ab67616d00001e022ecc00c9a71f5d72ce87958e
2026-08-02,kr,South Korea,89,9,Billyeoon Goyangi (Do the Dance),ILLIT,36cgvBn0aadzOijnjjwqMN,4p0uVFAXKUISu8yp9gNtWE,https://i.scdn.co/image/ab67616d00001e02f24755716ee6789fa094112c
2026-08-02,kr,South Korea,90,3,사랑의 바보,The NuTs,56NKtypwi90dIOb5ZQZwHb,3wYDgvDi82GUU1NPy2roYp,https://i.scdn.co/image/ab67616d00001e020b66d2c29d697c27f25c51c3
2026-08-02,kr,South Korea,91,2,Wild flower,Lim Young Woong,75MOYjGEyyH5U4ZFHOPvxR,0CWk3LG8MXMA3TE61y5zPB,https://i.scdn.co/image/ab67616d00001e02f207933160e8018901f665b2
2026-08-02,kr,South Korea,92,4,YOUNGCREATORCREW,CORTIS,1ebt9HnXdyYA6KgLXr1n4P,2vKNzC9T3kdU2JECcvob3V,https://i.scdn.co/image/ab67616d00001e027a702a4c3a18c1439fdc29ff
2026-08-02,kr,South Korea,93,8,CROOKED,G-DRAGON,30b9WulBM8sFuBo17nNq9c,4EwNWRBWdZ6bgvxRHlZ8OO,https://i.scdn.co/image/ab67616d00001e023dbdbd0023f1e1c08cd5a6c9
2026-08-02,kr,South Korea,94,20,How Sweet,NewJeans,6HvZYsbFfjnjFrWF950C9d,38tXZcL1gZRfbqfOG0VMTH,https://i.scdn.co/image/ab67616d00001e02b657fbb27b17e7bd4691c2b2
2026-08-02,kr,South Korea,95,6,Lemon,Kenshi Yonezu,1snhtMLeb2DYoMOcVbb8iB,04TshWXkhV1qkqHzf31Hn6,https://i.scdn.co/image/ab67616d00001e02775e8184725e0fb89337dd9a
2026-08-02,kr,South Korea,96,19,Left in the Rain,Lim Young Woong,75MOYjGEyyH5U4ZFHOPvxR,1TPHGTbSlEiZh9MvQDpMcY,https://i.scdn.co/image/ab67616d00001e02f207933160e8018901f665b2
2026-08-02,kr,South Korea,97,6,Body to Body,BTS,3Nrfpe0tUJi4K4DXYWgMUX,2rKkfc4VZ74FQDc1FF1Zo6,https://i.scdn.co/image/ab67616d00001e02dfa17fad7f190c901603270e
2026-08-02,kr,South Korea,98,8,No Make Up,Zion.T,5HenzRvMtSrgtvU16XAoby,4ppKRxity3jJd2hGoVyD4u,https://i.scdn.co/image/ab67616d00001e0204b20cc263631b9af21fcb61
2026-08-02,kr,South Korea,99,26,112,HEEDAE; C JAMM; BlackNut,6J4oB6UcxVwsI6jmjmeMGA; 2ZT3bnHPOdErwCLdP5aHqR; 0T8sqjCB5w57zxvW5lp3qJ,3ewkk2oDhpmhz0geDTlnLI,https://i.scdn.co/image/ab67616d00001e0201d3ed091ef286d919cde7c1
2026-08-02,kr,South Korea,100,6,비행기,Turtles,7HtP6hIBf2xk5L5vqWqj22,3GcTcXCJLVdy7iYhSKPGUp,https://i.scdn.co/image/ab67616d00001e02930f9bd187cb13e17f8600e8
2026-08-02,kr,South Korea,101,54,The time of walking on remembrance,NELL,5WY88tCMFA6J6vqSN3MmDZ,0LSmb1eo894EJ7eIWPaAgQ,https://i.scdn.co/image/ab67616d00001e0248dbdbc6b9eacca1cc668ef4
2026-08-02,kr,South Korea,102,6,Supersonic,fromis_9,24nUVBIlCGi4twz4nYxJum,6oNLSQX8bcAdbCElZYju3v,https://i.scdn.co/image/ab67616d00001e020490e8ab48790ca6e5add267
2026-08-02,kr,South Korea,103,36,Vancouver,BIG Naughty,7cEaNXXTHx3LokbjUUyHal,4p4yxplNCSmt9xfaAMpcd5,https://i.scdn.co/image/ab67616d00001e02f9607048dfb6b1915026be72
2026-08-02,kr,South Korea,104,32,When I stop thinking,Choi Yu Ree,6qvVoPGEqNCyYSjYCgfV1v,2lC9w6JGMzBkiQrx8Wy6uM,https://i.scdn.co/image/ab67616d00001e02a76b5a6300ab748cc470778a
2026-08-02,kr,South Korea,105,13,The Chase,Hearts2Hearts,1ZLU77nRzQIaP23mVSYpCQ,68UrZQUuO3O6eUiD226xHg,https://i.scdn.co/image/ab67616d00001e02d346fc1102eb417305b5358b
2026-08-02,kr,South Korea,106,18,응급실,Izi,4PPkRMbw2jIs7flJkl4okf,5XVEx1pTUR4T7ABtXoGGxx,https://i.scdn.co/image/ab67616d00001e023188f838e26ff0d3fc10009c
2026-08-02,kr,South Korea,107,5,Heavenly fate,LEECHANGSUB,1rp5HzWaNwgauM5W5YmZ3U,4mqfe9XrgEOSsofvq5MyjR,https://i.scdn.co/image/ab67616d00001e0292144c5952844a7c0086b141
2026-08-02,kr,South Korea,108,6,Melody for You,Lim Young Woong,75MOYjGEyyH5U4ZFHOPvxR,7hYI4QprQ3hMqp56ul6uEv,https://i.scdn.co/image/ab67616d00001e02f207933160e8018901f665b2
2026-08-02,kr,South Korea,109,3,EVERYTHING,The Black Skirts,6WeDO4GynFmK4OxwkBzMW8,19Hg1UCZaCdpHB37L7x63X,https://i.scdn.co/image/ab67616d00001e0210b3ebc65d2f65964cf461d8
2026-08-02,kr,South Korea,110,1,OMG,NewJeans,6HvZYsbFfjnjFrWF950C9d,65FftemJ1DbbZ45DUfHJXE,https://i.scdn.co/image/ab67616d00001e02d70036292d54f29e8b68ec01
2026-08-02,kr,South Korea,111,–,Guilty,Dynamicduo,4nvFFLtv7ZqoTr83387uK4,0SPZ7y0fJiozsuWLSAocOl,https://i.scdn.co/image/ab67616d00001e02c6b31f5f1ce2958380fdb9b0
2026-08-02,kr,South Korea,112,1,Attention,NewJeans,6HvZYsbFfjnjFrWF950C9d,2pIUpMhHL6L9Z5lnKxJJr9,https://i.scdn.co/image/ab67616d00001e029d28fd01859073a3ae6ea209
2026-08-02,kr,South Korea,113,22,HAPPY,DAY6,5TnQc2N1iKlFjYD7CPGvFc,1k68vKHNQXU5CHqcM7Yp7N,https://i.scdn.co/image/ab67616d00001e020309970945710645006b9c9e
2026-08-02,kr,South Korea,114,2,TOMBOY,HYUKOH,57okaLdCtv3nVBSn5otJkp,6DA7kCWYMggJjqPM84V2Ng,https://i.scdn.co/image/ab67616d00001e026b0b72f94905f2321564a20f
2026-08-02,kr,South Korea,115,15,거리에서,Sung Si Kyung,7jFUYMpMUBDL4JQtMZ5ilc,3om54iJe5sfQiUvSRQXyPZ,https://i.scdn.co/image/ab67616d00001e02be63f726b5e816bc5ce3926c
2026-08-02,kr,South Korea,116,14,Sunset Glow,BIGBANG,4Kxlr1PRlDKEB0ekOCyHgX,3qHBjPdFZeS0tfXywAxOKq,https://i.scdn.co/image/ab67616d00001e02a1fbc93f1f424d133e22cce8
2026-08-02,kr,South Korea,117,–,JUMP,BLACKPINK,41MozSoPIsD1dJM0CLPjZF,5H1sKFMzDeMtXwND3V6hRY,https://i.scdn.co/image/ab67616d00001e026224d1236b0e0a0e1586efbb
2026-08-02,kr,South Korea,118,1,2.0,BTS,3Nrfpe0tUJi4K4DXYWgMUX,3bmpXHVie1GTy37OkXJ7Vc,https://i.scdn.co/image/ab67616d00001e02dfa17fad7f190c901603270e
2026-08-02,kr,South Korea,119,16,BANG BANG,IVE,6RHTUrRF63xao58xh9FXYJ,7pBE8YpFoZ9ankC2Ci5z9X,https://i.scdn.co/image/ab67616d00001e02ad80a9aabc17535c5eeb5317
2026-08-02,kr,South Korea,120,13,NORMAL,BTS,3Nrfpe0tUJi4K4DXYWgMUX,4B4Q7zfd0aHcuhQBfCRnH5,https://i.scdn.co/image/ab67616d00001e02dfa17fad7f190c901603270e
2026-08-02,kr,South Korea,121,4,Boat,george,2pRZp2WxvnWWiSPcSSYkNV,34HSEUn4YGAFBW9OHGIkU7,https://i.scdn.co/image/ab67616d00001e023d0b7e069c048966d4862787
2026-08-02,kr,South Korea,122,15,Here With Me,d4vd,5y8tKLUfMvliMe8IKamR32,0dS2u2UFd88TIzDDaZDLvS,https://i.scdn.co/image/ab67616d00001e02e5ff1941799cd30cb2aa072b
2026-08-02,kr,South Korea,123,5,A Letter,BUMJIN,3vljSA6N2aSE8U3OhNFkPy,0VdwOoAKPe9aGahkpllfkH,https://i.scdn.co/image/ab67616d00001e02392694f88c4df7367d0641f0
2026-08-02,kr,South Korea,124,20,Cruel Summer,Taylor Swift,06HL4z0CvFAxyc27GXpf02,1BxfuPKGuaTgP7aM0Bbdwr,https://i.scdn.co/image/ab67616d00001e02e787cffec20aa2a396a61647
2026-08-02,kr,South Korea,125,28,My whole world,"Car, the garden",7c1HgFDe8ogy5NOZ1ANCJQ,55pCe0UgAeaeWKKSQqdiWh,https://i.scdn.co/image/ab67616d00001e02572c3481841c6f020cfa80cc
2026-08-02,kr,South Korea,126,16,Jasmine,DPR LIVE,0siBQaURCli5wn2lqv8WZg,2IgbYlOlFpiSFYnsqB39lM,https://i.scdn.co/image/ab67616d00001e021b75dffa6331e7ae8333cb69
2026-08-02,kr,South Korea,127,26,Closely Far Away,"Car, the garden",7c1HgFDe8ogy5NOZ1ANCJQ,7wLJ4xzxNss5abZ1kXs242,https://i.scdn.co/image/ab67616d00001e025715142fe7cecb7729304426
2026-08-02,kr,South Korea,128,1,You and I,HANRORO,5wVJpXzuKV6Xj7Yhsf2uYx,35kftu3tYZnhWFBuKGyS1p,https://i.scdn.co/image/ab67616d00001e0280c5ccced5c30276dddcc12c
2026-08-02,kr,South Korea,129,37,Don’t look back at me,Lim Young Woong,75MOYjGEyyH5U4ZFHOPvxR,7ohibqc88AbCOYqCqjcE1a,https://i.scdn.co/image/ab67616d00001e02f207933160e8018901f665b2
2026-08-02,kr,South Korea,130,1,Super Shy,NewJeans,6HvZYsbFfjnjFrWF950C9d,5sdQOyqq2IDhvmx2lHOpwd,https://i.scdn.co/image/ab67616d00001e023d98a0ae7c78a3a9babaf8af
2026-08-02,kr,South Korea,131,11,Prince of the sea,박명수,1aCvTvFylQbGlKetfucVJY,3OTSFhD4vXLOH10i0FUPgA,https://i.scdn.co/image/ab67616d00001e02727b047a50910d42780c5602
2026-08-02,kr,South Korea,132,31,Johnny (Feat. Dynamicduo),Primary; Dynamicduo,4QDcs3XrA8uHUZ7Xt9Ytep; 4nvFFLtv7ZqoTr83387uK4,4OHq2ao4pXmGq9OOuP3lxb,https://i.scdn.co/image/ab67616d00001e02308e46cf4811ea55fa815c65
2026-08-02,kr,South Korea,133,–,Ice Cream,YEONJUN,2Mo2yHjmrDRZW7yRuJwR2w,10aWlzB6sD6iF58yKPMgVB,https://i.scdn.co/image/ab67616d00001e02507b4d02c0225d567b3871f4
2026-08-02,kr,South Korea,134,30,Heavenly Ever After,Lim Young Woong,75MOYjGEyyH5U4ZFHOPvxR,7kjVCymE7vn0HizmGCGFWQ,https://i.scdn.co/image/ab67616d00001e028959826653e37902d6413ab9
2026-08-02,kr,South Korea,135,3,There's Nothing Holdin' Me Back,Shawn Mendes,7n2wHs1TKAczGzO7Dd2rGr,7JJmb5XwzOO8jgpou264Ml,https://i.scdn.co/image/ab67616d00001e02ea3ef7697cfd5705b8f47521
2026-08-02,kr,South Korea,136,15,Wonderful Life,Lim Young Woong,75MOYjGEyyH5U4ZFHOPvxR,2penachGpHAHaMQGo1j1Tz,https://i.scdn.co/image/ab67616d00001e02f207933160e8018901f665b2
2026-08-02,kr,South Korea,137,14,Antifreeze,The Black Skirts,6WeDO4GynFmK4OxwkBzMW8,745W6tNeXVKjskHoCsMJvV,https://i.scdn.co/image/ab67616d00001e02c8f015ee928bda54c29301fd
2026-08-02,kr,South Korea,138,11,Shape of You,Ed Sheeran,6eUKZXaKkcviH0Ku9w2n3V,7qiZfU4dY1lWllzX7mPBI3,https://i.scdn.co/image/ab67616d00001e02ba5db46f4b838ef6027e6f96
2026-08-02,kr,South Korea,139,5,Baby I Need You,JANNABI,2SY6OktZyMLdOnscX3DCyS,4KU23Zay3Q1W0c0yJCNczH,https://i.scdn.co/image/ab67616d00001e0254e3efd22eca2b999f6cc07b
2026-08-02,kr,South Korea,140,12,Aqua Man,Beenzino,7IrDIIq3j04exsiF3Z7CPg,5tEouf2s1SPwAIkOHnvWtQ,https://i.scdn.co/image/ab67616d00001e02fce4d97a91b1d51a64ec8a97
2026-08-02,kr,South Korea,141,8,가시,BUZZ,4SdXXEHKFa5NSoh10QxeN2,7csMuPqdOPaFKby0AoRYL5,https://i.scdn.co/image/ab67616d00001e02b1b79c8d3dd18607fe573f18
2026-08-02,kr,South Korea,142,1,New Jeans,NewJeans,6HvZYsbFfjnjFrWF950C9d,6rdkCkjk6D12xRpdMXy0I2,https://i.scdn.co/image/ab67616d00001e023d98a0ae7c78a3a9babaf8af
2026-08-02,kr,South Korea,143,3,Love Yourself,Justin Bieber,1uNFoZAHBGtllmzznpCI3s,50kpGaPAhYJ3sGmk6vplg0,https://i.scdn.co/image/ab67616d00001e02f46b9d202509a8f7384b90de
2026-08-02,kr,South Korea,144,12,Say Yes,Loco; Punch,2e4G04F77jxVuDYo44TCSm; 2FgZrgTMX6Sk0VNcOsEPmm,27zrFrtUtWl2urlvjOn5xc,https://i.scdn.co/image/ab67616d00001e02cb95963709806e12d93128d4
2026-08-02,kr,South Korea,145,9,Standing Next to You,Jung Kook,6HaGTQPmzraVmaVxvz6EUc,2KslE17cAJNHTsI2MI0jb2,https://i.scdn.co/image/ab67616d00001e02741fd4807f442af3f7359316
2026-08-02,kr,South Korea,146,15,Blinding Lights,The Weeknd,1Xyo4u8uXC1ZmMpatF05PJ,0VjIjW4GlUZAMYd2vXMi3b,https://i.scdn.co/image/ab67616d00001e028863bc11d2aa12b54f5aeb36
2026-08-02,kr,South Korea,147,24,Passionate Goodbye (Feat. Sung Si Kyung),PSY; Sung Si Kyung,2dd5mrQZvg6SmahdgVKDzh; 7jFUYMpMUBDL4JQtMZ5ilc,6tesMK7YkPOig4yPffZNEP,https://i.scdn.co/image/ab67616d00001e028cacbdd7305b0651b4c0fec4
2026-08-02,kr,South Korea,148,9,I’m HERO,Lim Young Woong,75MOYjGEyyH5U4ZFHOPvxR,2TOpItg5NsMsFV58nZm5XN,https://i.scdn.co/image/ab67616d00001e02f207933160e8018901f665b2
2026-08-02,kr,South Korea,149,2,love.,wave to earth,5069JTmv5ZDyPeZaCCXiCg,5mtTAScDytxMMqZj14NmlN,https://i.scdn.co/image/ab67616d00001e0224f8c3ad20b7c6cfecb5832e
2026-08-02,kr,South Korea,150,5,Die For You,The Weeknd,1Xyo4u8uXC1ZmMpatF05PJ,2LBqCSwhJGcFQeTHMVGwy3,https://i.scdn.co/image/ab67616d00001e02a048415db06a5b6fa7ec4e1a
2026-08-02,kr,South Korea,151,3,Hooligan,BTS,3Nrfpe0tUJi4K4DXYWgMUX,20dAJsyno9ZoBLJtqgQnUI,https://i.scdn.co/image/ab67616d00001e02dfa17fad7f190c901603270e
2026-08-02,kr,South Korea,152,32,ベテルギウス,Yuuri,0ixzjrK1wkN2zWBXt3VW3W,4JK1kDUdH9RTBQrrSO1QfR,https://i.scdn.co/image/ab67616d00001e02d0bd51668da5629aa0cc77d8
2026-08-02,kr,South Korea,153,25,WDA (Whole Different Animal) (feat. G-DRAGON),aespa; G-DRAGON,6YVMFz59CuY7ngCxTxjpxE; 30b9WulBM8sFuBo17nNq9c,6QkyFjUMmncXzu6oSWKwHQ,https://i.scdn.co/image/ab67616d00001e029a022a3fd08f159b189df50a
2026-08-02,kr,South Korea,154,11,"I’m sorry, But…",Lim Young Woong,75MOYjGEyyH5U4ZFHOPvxR,5qCu3KDSEoojJ4Rh5OzHm3,https://i.scdn.co/image/ab67616d00001e02f207933160e8018901f665b2
2026-08-02,kr,South Korea,155,29,HER,Block B,4RnezwRV7VBJUCI1S0AE5u,4jQDaI7FRGaDB0llURpnNf,https://i.scdn.co/image/ab67616d00001e029b5b9760a4d371d2253f4d6f
2026-08-02,kr,South Korea,156,51,TIME CAPSULE,DAVICHI,4z6yrDz5GfKXkeQZjOaZdq,3CQw6HqsBu12wUj89vUQ5M,https://i.scdn.co/image/ab67616d00001e0242f191e863eb9f2c9325a6e6
2026-08-02,kr,South Korea,157,1,Officially Missing You,Geeks,5VxfguafjfSdJcN10ACVZe,7CkjU55ROZSwb95dzGan0o,https://i.scdn.co/image/ab67616d00001e02a2983d364025534e7d2609bf
2026-08-02,kr,South Korea,158,18,나무,"Car, the garden",7c1HgFDe8ogy5NOZ1ANCJQ,30tYWTkLIQtZWnRIOqcHnJ,https://i.scdn.co/image/ab67616d00001e0264eea0085a043b52217179cb
2026-08-02,kr,South Korea,159,18,Skrr (feat. GISELLE),HAON; GISELLE,2krUNMgFZYm5s4Nn0g91W9; 2P1id80CMwR5R5cwcyIIAi,21IVUjbu1ms4ZISGt74NCy,https://i.scdn.co/image/ab67616d00001e020ab54ce9be8cc71deb33343f
2026-08-02,kr,South Korea,160,18,A Song For Us,Lim Young Woong,75MOYjGEyyH5U4ZFHOPvxR,1gSYptPgZodmxwSXqeCKSF,https://i.scdn.co/image/ab67616d00001e02f207933160e8018901f665b2
2026-08-02,kr,South Korea,161,3,The Snowman,Jung Seung Hwan,7l8rOFwZFQ3G0sgZ7gjGng,6HgeeiHqVpxxFCB0bjBRT6,https://i.scdn.co/image/ab67616d00001e02dec4d6dd3add76484226a051
2026-08-02,kr,South Korea,162,2,double take,Dhruv,70NcAr4ZtA3FAqU16iQZSb,0QzuaeCEEOV40Pn7IvKEny,https://i.scdn.co/image/ab67616d00001e026f04e53cb5309f8e88286842
2026-08-02,kr,South Korea,163,31,instagram,DEAN,3eCd0TZrBPm2n9cDG6yWfF,6z1kLsntE7FuzKZHZWrXYN,https://i.scdn.co/image/ab67616d00001e024ee9dc60013d5648d0f23bcc
2026-08-02,kr,South Korea,164,1,"Every day, Every Moment",Paul Kim,4qRXrzUmdy3p33lgvJEzdv,3Ml2s37uS9jqRM2R3bfDiB,https://i.scdn.co/image/ab67616d00001e0290a98780fb70dde769f9e61a
2026-08-02,kr,South Korea,165,10,DAISIES,Justin Bieber,1uNFoZAHBGtllmzznpCI3s,5BZsQlgw21vDOAjoqkNgKb,https://i.scdn.co/image/ab67616d00001e02d65c4773bc5061fd27facc5b
2026-08-02,kr,South Korea,166,Re-Entry,Winter Ahead (with PARK HYO SHIN),V; Park Hyo Shin,3JsHnjpbhX4SnySpvpa9DK; 57htMBtzpppc1yoXgjbslj,7G7mSV4BebkoHWwKTDvXu9,https://i.scdn.co/image/ab67616d00001e0216ba2a3622bd0d0d985e3234
2026-08-02,kr,South Korea,167,10,踊り子,Vaundy,2IUl3m1H1EQ7QfNbNWvgru,1YXot2MLAG9sttepCtBRM7,https://i.scdn.co/image/ab67616d00001e02e0c3a68b9981c2e7b25f9737
2026-08-02,kr,South Korea,168,12,actually,ZICO,4XpUIb8uuNlIWVKmgKZXC0,7u2fcMmCUvboH1G2nYQFRP,https://i.scdn.co/image/ab67616d00001e0224deb6c031c068f1f3a6324b
2026-08-02,kr,South Korea,169,3,Y (Please Tell Me Why),freestyle,0LigV2SSsRZaeX2htEFXV9,1nk9moKBnrWMsXoHxnaeJd,https://i.scdn.co/image/ab67616d00001e02c85c7840e616339d7322f2c2
2026-08-02,kr,South Korea,170,3,JANE DOE,Kenshi Yonezu; Hikaru Utada,1snhtMLeb2DYoMOcVbb8iB; 7lbSsjYACZHn1MSDXPxNF2,4oE7MyJhqSD3BaHRpNs8Nl,https://i.scdn.co/image/ab67616d00001e028131aa99fb87ff0e9c511851
2026-08-02,kr,South Korea,171,21,Miniskirt,AOA,54gWVQFHf8IIqbjxAoOarN,6Yj8kVuVR3UPxx9r5eFEoV,https://i.scdn.co/image/ab67616d00001e0236adcea4e93245f1fec547df
2026-08-02,kr,South Korea,172,10,Come Over,BTS,3Nrfpe0tUJi4K4DXYWgMUX,6uvw8GFIqdqaJ4Nr3kN8Rs,https://i.scdn.co/image/ab67616d00001e02df7118c4f396e50961cc0e74
2026-08-02,kr,South Korea,173,4,Dynamite,BTS,3Nrfpe0tUJi4K4DXYWgMUX,5QDLhrAOJJdNAmCTJ8xMyW,https://i.scdn.co/image/ab67616d00001e02c07d5d2fdc02ae252fcd07e5
2026-08-02,kr,South Korea,174,9,Trip,Leellamarz; Hannah,79g2STpP2iV1xfgHuhrhX0; 2XHuhBOiADOIR91vFkNq6Q,11fB0pRXSdxOgoM8ity2D4,https://i.scdn.co/image/ab67616d00001e0242f77ead5ea888c6e011200c
2026-08-02,kr,South Korea,175,Re-Entry,ETA,NewJeans,6HvZYsbFfjnjFrWF950C9d,56v8WEnGzLByGsDAXDiv4d,https://i.scdn.co/image/ab67616d00001e020744690248ef3ba7b776ea7b
2026-08-02,kr,South Korea,176,2,VIRAL,BOYNEXTDOOR,4hnHLgMSOiqERWBL4jINP1,0NqmROY1BA3g9A7ZqF8D6O,https://i.scdn.co/image/ab67616d00001e025d7b9ba3a4a1e7aa5acbec20
2026-08-02,kr,South Korea,177,13,Haru Haru,BIGBANG,4Kxlr1PRlDKEB0ekOCyHgX,5Jz2gbiZ4CL1MmNEPsqmY5,https://i.scdn.co/image/ab67616d00001e02256b86508bfdc54899e4685e
2026-08-02,kr,South Korea,178,2,ICONIC BY MISTAKE,LE SSERAFIM; ILLIT; KATSEYE,4SpbR6yFEvexJuaBpgAU5p; 36cgvBn0aadzOijnjjwqMN; 3c0gDdb9lhnHGFtP4prQpn,6fl4Gu0lJm5hc8FM5JzCZD,https://i.scdn.co/image/ab67616d00001e0255886e2f0784a2b7b62b7fe7
2026-08-02,kr,South Korea,179,11,Still With You,Jung Kook,6HaGTQPmzraVmaVxvz6EUc,0eFMbKCRw8KByXyWBw8WO7,https://i.scdn.co/image/ab67616d00001e02a7f42c375578df426b37638d
2026-08-02,kr,South Korea,180,5,OHAYO MY NIGHT,D-Hack; PATEKO,6Ycj4hhpz2nOfsYCU1gHqR; 0J372uvAXbRjLFSoAVE2lp,4iJprGt1rt5iy0sxXXaRWn,https://i.scdn.co/image/ab67616d00001e024f10712c9170e737a7c212ce
2026-08-02,kr,South Korea,181,Re-Entry,Born Savage,PLAVE,0k2zyzGq6HX383VlMBOvRG,715UWzMdUnVbU30ZppNDYx,https://i.scdn.co/image/ab67616d00001e021485d9178821f0e0b8224122
2026-08-02,kr,South Korea,182,Re-Entry,사랑은 봄비처럼...이별은 겨울비처럼,Lim Hyun Jung,7qUALZhWSQIwqTw1auwwCc,2cCC4S226r1tws0d2vDDdO,https://i.scdn.co/image/ab67616d00001e022c8ba0a91829187cd7f27870
2026-08-02,kr,South Korea,183,17,"헤어지지 못하는 여자, 떠나가지 못하는 남자 Can't Breakup Girl, Can't Breakaway Boy (feat. 정인 Jung In)",Leessang; Jung In,0JGN9XIqm3vfg7hhPHjExI; 0CO7rEbHBtpqgY9QPYJgPM,3Gpdzw72aBVJSrm5J1leVK,https://i.scdn.co/image/ab67616d00001e02dc7284b710f1e8612d6dc71f
2026-08-02,kr,South Korea,184,5,I Love You So,The Walters,027TpXKGwdXP7iwbjUSpV8,4SqWKzw0CbA05TGszDgMlc,https://i.scdn.co/image/ab67616d00001e02a9ab24f62c01f4bd4a08571e
2026-08-02,kr,South Korea,185,6,Till The End of Time,The Black Skirts,6WeDO4GynFmK4OxwkBzMW8,03YtYSkpHqqY3EBmHJkTjP,https://i.scdn.co/image/ab67616d00001e02182cbc21b48737ef5def008e
2026-08-02,kr,South Korea,186,35,Coming Of Age Story,LEE MU JIN,4Xj0peBt3EZHbdF20JmdWC,2ZTU8atPwouhoQSvxv9aQj,https://i.scdn.co/image/ab67616d00001e022d8020a415ad2df89d4b6c54
2026-08-02,kr,South Korea,187,14,Aliens,BTS,3Nrfpe0tUJi4K4DXYWgMUX,5tg21NdePCn5m8F9BXOEeJ,https://i.scdn.co/image/ab67616d00001e02dfa17fad7f190c901603270e
2026-08-02,kr,South Korea,188,Re-Entry,Attraction (feat.Dynamic Duo),BUMKEY; Dynamicduo,3vhZuZdMksbnJwoE3AwpXq; 4nvFFLtv7ZqoTr83387uK4,3aB6czyTVQavHa1fz1x3HZ,https://i.scdn.co/image/ab67616d00001e025df4381f22df5d67eba2aee0
2026-08-02,kr,South Korea,189,5,Episode,LEE MU JIN,4Xj0peBt3EZHbdF20JmdWC,29MHN4pjwkSSKsGowRETGW,https://i.scdn.co/image/ab67616d00001e02240ab752af13134992e65b53
2026-08-02,kr,South Korea,190,Re-Entry,Glow Up,RESCENE,5deOsjuFTKrNMJW3rKuL8S,12tWYSmupB8x0B4HyalBAm,https://i.scdn.co/image/ab67616d00001e029538990ec50c597ab78adfcf
2026-08-02,kr,South Korea,191,Re-Entry,NIGHT DANCER,imase,4TaSvnT5o4REFwhqfrmK27,3gmn76fCtpDazGMnN0QMHX,https://i.scdn.co/image/ab67616d00001e024b062591b6a5c15652dd2bb5
2026-08-02,kr,South Korea,192,4,As If It's Your Last,BLACKPINK,41MozSoPIsD1dJM0CLPjZF,4ZxOuNHhpyOj4gv52MtQpT,https://i.scdn.co/image/ab67616d00001e02ac93d8b1bd84fa6b5291ba21
2026-08-02,kr,South Korea,193,Re-Entry,3D (feat. Jack Harlow),Jung Kook; Jack Harlow,6HaGTQPmzraVmaVxvz6EUc; 2LIk90788K0zvyj2JJVwkJ,01qFKNWq73UfEslI0GvumE,https://i.scdn.co/image/ab67616d00001e0299583bb32b47e87d55c6064b
2026-08-02,kr,South Korea,194,6,사랑했나봐,Yoon Do Hyun,6KsmQPHXE3qhzNNBPSZ0eB,1w2hClDL1xH4FPZIipZ1FJ,https://i.scdn.co/image/ab67616d00001e0232ed5b9137093ce828e02f22
2026-08-02,kr,South Korea,195,3,High Hopes,Panic! At The Disco,20JZFwl6HVl6yg8a4H3ZqK,1rqqCSm0Qe4I9rUvWncaom,https://i.scdn.co/image/ab67616d00001e02c5148520a59be191eea16989
2026-08-02,kr,South Korea,196,Re-Entry,Bubble Gum,NewJeans,6HvZYsbFfjnjFrWF950C9d,19D8LNpWwIPpi6hs9BG7dq,https://i.scdn.co/image/ab67616d00001e02b657fbb27b17e7bd4691c2b2
2026-08-02,kr,South Korea,197,Re-Entry,Never Ending Story,BOOHWAL,2LtEDRKi75vGtsfdy205jX,0yamqkAFAmpdLNVcmJLSo8,https://i.scdn.co/image/ab67616d00001e02908bb97fac4b58cc51c13716
2026-08-02,kr,South Korea,198,1,Spring Is Gone by chance,Loco; YUJU,2e4G04F77jxVuDYo44TCSm; 7Bu0r4MCDX3sbhcFD5IXyx,5rZN0PP6xZsf5SWxkpMm7k,https://i.scdn.co/image/ab67616d00001e02f60ebb0dff372aa4eff38e39
2026-08-02,kr,South Korea,199,29,Wi Ing Wi Ing,HYUKOH,57okaLdCtv3nVBSn5otJkp,66UcQu5LBo2A7AC0A5r0lI,https://i.scdn.co/image/ab67616d00001e021ca37e9bcd0cc377a82aec48
2026-08-02,kr,South Korea,200,Re-Entry,TNT,CORTIS,1ebt9HnXdyYA6KgLXr1n4P,7diH1qnFziArYzynk3vkr6,https://i.scdn.co/image/ab67616d00001e027a702a4c3a18c1439fdc29ff
2026-08-02,tw,Taiwan,1,–,Less than a Lover,JENNIE,250b0Wlc5Vk0CoUsaCY84M,19UnXjpLshSLobPspdyxlD,https://i.scdn.co/image/ab67616d00001e021568796289f10031724bc780
2026-08-02,tw,Taiwan,2,–,沒有人像我一樣 (影集《欠妳的那場婚禮》主題曲),Cosmos People,0tNjyz75Px29Yuf1sjs25G,5ZIAawvVz8fr74vIk8wX6l,https://i.scdn.co/image/ab67616d00001e02fff8abd389864784b3f599d4
2026-08-02,tw,Taiwan,3,47,Winter Ahead (with PARK HYO SHIN),V; Park Hyo Shin,3JsHnjpbhX4SnySpvpa9DK; 57htMBtzpppc1yoXgjbslj,7G7mSV4BebkoHWwKTDvXu9,https://i.scdn.co/image/ab67616d00001e0216ba2a3622bd0d0d985e3234
2026-08-02,tw,Taiwan,4,1,hate that i made you love me,Ariana Grande,66CXWjxzNUsdJxJ2JdwvnR,3iy2QuCtCzpWnR6tia39AB,https://i.scdn.co/image/ab67616d00001e028baf677ee2d8dda6cc9fcbd7
2026-08-02,tw,Taiwan,5,1,BAD,ATEEZ,68KmkJeZGfwe1OUaivBa2L,55UDXtbNJBAdTdUdbRu8T3,https://i.scdn.co/image/ab67616d00001e027e77585ffef632e51313b3e0
2026-08-02,tw,Taiwan,6,3,All For You - 《蜘蛛人：重生日》電影片尾曲,Eric Chou,5fEQLwq1BWWQNR8GzhOIvi,7nDEuBtwQmqv2tQm7EREyb,https://i.scdn.co/image/ab67616d00001e02e4a8db443d3743d30436d7a7
2026-08-02,tw,Taiwan,7,1,玻璃,Gareth.T,6R57JlNKlnNrYaji0vw8xx,4lZVYNSHy3bKN1pqTxw9Zl,https://i.scdn.co/image/ab67616d00001e02d6e4227850346a74a114c0f7
2026-08-02,tw,Taiwan,8,2,太陽與地球,Crowd Lu,2JBUyLiFvpFPWdZGqIGYLD,0bQSWXtpau3VkNI1ZcXTQA,https://i.scdn.co/image/ab67616d00001e021b1fb50eec98ff61b9fdbda2
2026-08-02,tw,Taiwan,9,4,Beauty And A Beat,Justin Bieber; Nicki Minaj,1uNFoZAHBGtllmzznpCI3s; 0hCNtLu0JehylgoiP8L4Gh,6QFCMUUq1T2Vf5sFUXcuQ7,https://i.scdn.co/image/ab67616d00001e02f1d02a6cec967f8b6b78f76e
2026-08-02,tw,Taiwan,10,1,甲乙丙丁 - 你我怎么两清,Jess Lee,02Cz717BTulFiQXUuIXH6n,629FqLOdjtsXh5b45FTk43,https://i.scdn.co/image/ab67616d00001e02da4b1beb6d3520f8e1dbfad9
2026-08-02,tw,Taiwan,11,4,海屿你,马也_Crabbit,1V6Bl7Ny5loHozQUalAd6M,6UO9nrihAk6sFGvVHDVTz8,https://i.scdn.co/image/ab67616d00001e027d721d0483ccd72e6581e858
2026-08-02,tw,Taiwan,12,4,不愛就不愛,艾薇 Ivy,0RaC2hXyniYsju0mCSNz90,3ZILOOFldKtW2C7sD3MYXi,https://i.scdn.co/image/ab67616d00001e020c91704919ddcd53229744b9
2026-08-02,tw,Taiwan,13,1,若無你我欲去佗位,黃奇斌,7td0pZH6CpEX2f36bU1H2D,63uBr7KrsE4dUHCjFTzn3W,https://i.scdn.co/image/ab67616d00001e029473ea3673fe674b522ffa94
2026-08-02,tw,Taiwan,14,1,一個人想著一個人,Pets Tseng,1he19XnDUahODrmRwKlC8w,3n3zzFH7zzO0gJNaw4RKSm,https://i.scdn.co/image/ab67616d00001e022bc290220b16df50c6324586
2026-08-02,tw,Taiwan,15,7,離開我的依賴,Evangeline Wong,7sEIHkZXRzGa3OBUCCxzU5,28VBdtYc5Cpmey4Cpvcrby,https://i.scdn.co/image/ab67616d00001e02bc2f8151c384496d34c683df
2026-08-02,tw,Taiwan,16,3,petal,Ariana Grande,66CXWjxzNUsdJxJ2JdwvnR,70pVCVMGjmIWPbWXDwf11e,https://i.scdn.co/image/ab67616d00001e028baf677ee2d8dda6cc9fcbd7
2026-08-02,tw,Taiwan,17,3,特別的人,Khalil Fong,1YrtUPrWcPfgdl9BaD9nhd,0VTzUEuHYD8s7CgQ15cDPo,https://i.scdn.co/image/ab67616d00001e02e71979c121400469d76350cf
2026-08-02,tw,Taiwan,18,3,LEMONADE,aespa,6YVMFz59CuY7ngCxTxjpxE,6vjt2smGK75oc9r2OGFfgp,https://i.scdn.co/image/ab67616d00001e025f0171c63cceb32ccff8b9a9
2026-08-02,tw,Taiwan,19,3,Animal,KATSEYE,3c0gDdb9lhnHGFtP4prQpn,3ouNEk0tv5TTi8VWMe1xbX,https://i.scdn.co/image/ab67616d00001e029e8d48f27391ce383862b8e8
2026-08-02,tw,Taiwan,20,8,擱淺,Jay Chou,2elBjNSdBE2Y3f0j1mjrql,0cOMncRq4cmDLO4tPQnkBF,https://i.scdn.co/image/ab67616d00001e0200b976d1df4243e5318a7712
2026-08-02,tw,Taiwan,21,12,我懷念的,Stefanie Sun,0SIXZXJCAhNU8sxK0qm7hn,7z2M7DsEjZjwXBkWG3zd21,https://i.scdn.co/image/ab67616d00001e02a44d8e316d4c30aa03bba052
2026-08-02,tw,Taiwan,22,3,幾分之幾 - 電影<花甲大人轉男孩>主題曲,Crowd Lu,2JBUyLiFvpFPWdZGqIGYLD,4F7ZAsndEIJXyFzJUHNlRu,https://i.scdn.co/image/ab67616d00001e02d861b9b3ba2ad6370d09e30d
2026-08-02,tw,Taiwan,23,1,離開的一路上,Bestards,0Awqm7GXGiBp8fJNGvywra,1NoDTQhJsrd5rnpb6PQthK,https://i.scdn.co/image/ab67616d00001e02d6440a0195afdb56353be153
2026-08-02,tw,Taiwan,24,3,REDRED,CORTIS,1ebt9HnXdyYA6KgLXr1n4P,2fCwv2ppU5nTRTckomIGsd,https://i.scdn.co/image/ab67616d00001e0224ace1518851b27e9983f739
2026-08-02,tw,Taiwan,25,2,愛你但說不出口,Karencici,6v6qfXRvTRGGsmGfDvtMIK,5CCV2xxYnI7b1wFkP1gElh,https://i.scdn.co/image/ab67616d00001e02323d0063533bcabc9ae5927b
2026-08-02,tw,Taiwan,26,6,Good Goodbye,HWASA,7bmYpVgQub656uNTu6qGNQ,3cLXrotzCjYCkN73PewALM,https://i.scdn.co/image/ab67616d00001e02f7ec5c454a78dfb0086c0c97
2026-08-02,tw,Taiwan,27,10,愛情的大壞蛋,Amazing Show,3n16EAnJtz6SZGx2zJssrI,5HVq8nS0pbM6G7YK8M7DY4,https://i.scdn.co/image/ab67616d00001e025e186c6cd94001e56c635af4
2026-08-02,tw,Taiwan,28,2,第八大洋,陳華,5ZxRmJ21NzjxD2ZGBxi7um,2k1pmgxA5wttMfSWR1khKY,https://i.scdn.co/image/ab67616d00001e024411c034579d7bbd70e512bc
2026-08-02,tw,Taiwan,29,3,CHOOM,BABYMONSTER,1SIocsqdEefUTE6XKGUiVS,6gunPOwkADFspLkQtmVuZT,https://i.scdn.co/image/ab67616d00001e020fbcc1d9dc6a647af4ebdfee
2026-08-02,tw,Taiwan,30,3,開始懂了,Stefanie Sun,0SIXZXJCAhNU8sxK0qm7hn,68tZwwRuo9ip5gRQFG1XWF,https://i.scdn.co/image/ab67616d00001e021d210622badaad3d869038ef
2026-08-02,tw,Taiwan,31,2,閣愛妳一擺,EggPlantEgg,6g641431O1Xkl7HAs2yFEg,4Zwn8WxD61diTwqv9hyTQA,https://i.scdn.co/image/ab67616d00001e0234a5cfe817584ad8fc38981c
2026-08-02,tw,Taiwan,32,1,It's Me,ILLIT,36cgvBn0aadzOijnjjwqMN,1D5L58KLBbceOynTP4DQnY,https://i.scdn.co/image/ab67616d00001e0261eea484e31bca065904f1c6
2026-08-02,tw,Taiwan,33,15,Who,Jimin,1oSPZhvZMIrWW5I41kPkkY,7tI8dRuH2Yc6RuoTjxo4dU,https://i.scdn.co/image/ab67616d00001e02f02c451189a709b9a952aaec
2026-08-02,tw,Taiwan,34,7,晴天,Jay Chou,2elBjNSdBE2Y3f0j1mjrql,5pIcwtJYNJx93l420oR2Vm,https://i.scdn.co/image/ab67616d00001e026850b3307853e0753ed53cc5
2026-08-02,tw,Taiwan,35,1,過了幾天(合唱版),郭家瑋; DIOR 大穎,5EZkv9iiDdCJvhSQaRMj2X; 0czbvTRVGHfCdRsJLxbBGQ,4GEWZ1vDFVkmhG55zpKFLO,https://i.scdn.co/image/ab67616d00001e021638625acf2084cca7630e8f
2026-08-02,tw,Taiwan,36,1,STAY (with Justin Bieber),The Kid LAROI; Justin Bieber,2tIP7SsRs7vjIcLrU85W8J; 1uNFoZAHBGtllmzznpCI3s,567e29TDzLwZwfDuEpGTwo,https://i.scdn.co/image/ab67616d00001e02b4d59e6fa7e5e7cbc57ac33a
2026-08-02,tw,Taiwan,37,7,愛 請問怎麼走,A-Lin,28gf2piFx6cAKOMIwcky5a,2mqHMawyHWU5B5f2wA299P,https://i.scdn.co/image/ab67616d00001e02065ed77585ec7c2b792df59d
2026-08-02,tw,Taiwan,38,9,MOTION (feat. Juicy J),CORTIS; Juicy J,1ebt9HnXdyYA6KgLXr1n4P; 5gCRApTajqwbnHHPbr2Fpi,15EbINtnOI4c2jPXXskywy,https://i.scdn.co/image/ab67616d00001e02eca615c30cc2bba6191d1544
2026-08-02,tw,Taiwan,39,3,陪你到這,陳華,5ZxRmJ21NzjxD2ZGBxi7um,26zxMDfNVe4lAfx1VRmqSt,https://i.scdn.co/image/ab67616d00001e021ff6eee33b2ea4e89aef2583
2026-08-02,tw,Taiwan,40,–,失重前幸福,艾薇 Ivy,0RaC2hXyniYsju0mCSNz90,3SJgTyb8a7z66suw0kBZ0T,https://i.scdn.co/image/ab67616d00001e02c7dd9f3f5921f3ad7a558eda
2026-08-02,tw,Taiwan,41,9,SWIM,BTS,3Nrfpe0tUJi4K4DXYWgMUX,68lbSrXDORS51pmyjZv712,https://i.scdn.co/image/ab67616d00001e02dfa17fad7f190c901603270e
2026-08-02,tw,Taiwan,42,3,綿綿無絕期,黃奇斌,7td0pZH6CpEX2f36bU1H2D,2s00UudzwUn1i16mO3zjVw,https://i.scdn.co/image/ab67616d00001e029473ea3673fe674b522ffa94
2026-08-02,tw,Taiwan,43,5,遇見,Stefanie Sun,0SIXZXJCAhNU8sxK0qm7hn,3xJK8ywApYVEYIDhymYMC6,https://i.scdn.co/image/ab67616d00001e02df729ce08f51ac7cbab07e39
2026-08-02,tw,Taiwan,44,5,ICONIC BY MISTAKE,LE SSERAFIM; ILLIT; KATSEYE,4SpbR6yFEvexJuaBpgAU5p; 36cgvBn0aadzOijnjjwqMN; 3c0gDdb9lhnHGFtP4prQpn,6fl4Gu0lJm5hc8FM5JzCZD,https://i.scdn.co/image/ab67616d00001e0255886e2f0784a2b7b62b7fe7
2026-08-02,tw,Taiwan,45,21,偷偷愛,Amazing Show,3n16EAnJtz6SZGx2zJssrI,0L7R4dmkwk46DEZgqx1fF7,https://i.scdn.co/image/ab67616d00001e025e186c6cd94001e56c635af4
2026-08-02,tw,Taiwan,46,4,浪人的…,Zhang Zhen Yue,6PNEi9i2MxUgRufqYr76Xt,4cOagvJS8xGFU4VLpcp0gK,https://i.scdn.co/image/ab67616d00001e029bbeefa122298cbab6bf1cbd
2026-08-02,tw,Taiwan,47,10,小半,陳粒,3SyC3U06X0DjdWd2Jf6V8Q,3QxWTqyIT4O9bokIZlNDpo,https://i.scdn.co/image/ab67616d00001e025108846a5856e34da7892064
2026-08-02,tw,Taiwan,48,1,kiss me,Ariana Grande,66CXWjxzNUsdJxJ2JdwvnR,0lok0VDJn0zRvHLBCITSSw,https://i.scdn.co/image/ab67616d00001e028baf677ee2d8dda6cc9fcbd7
2026-08-02,tw,Taiwan,49,3,左轉燈 (1000 Times+1),Patrick Brasca; mac ova seas,1xCrrnnj9xif5G0y3ie5dM; 1a3bTQmBNmgiY3U7sMh9pf,6KX7sIYgW6bk2hwlcYm6fO,https://i.scdn.co/image/ab67616d00001e02cb96e5aa990343a259e36ad5
2026-08-02,tw,Taiwan,50,1,幸福在歌唱 - 電影《陽光女子合唱團》幸福版主題曲,A-Lin,28gf2piFx6cAKOMIwcky5a,3VHi5bCUek6XdiDmqqrirs,https://i.scdn.co/image/ab67616d00001e020c46b9e7e5d28f9bc1cbe892
2026-08-02,tw,Taiwan,51,8,多遠都要在一起,G.E.M.,7aRC4L63dBn3CiLDuWaLSI,55d0jw269HE9pbOt5ntCo8,https://i.scdn.co/image/ab67616d00001e02a40897c721bbc3afded61669
2026-08-02,tw,Taiwan,52,2,不是因為天氣晴朗才愛你,Bestards,0Awqm7GXGiBp8fJNGvywra,2VEt42QSQxILgEf9B50xxm,https://i.scdn.co/image/ab67616d00001e022ea4b848296468f759304331
2026-08-02,tw,Taiwan,53,3,Golden,HUNTR/X; EJAE; AUDREY NUNA; REI AMI; KPop Demon Hunters Cast,2yNNYQBChuox9A5Ka93BIn; 0RMJOzHDhAKY1o2j0W0vxY; 0Wwji82sLA0Hcvtuak3omb; 6U1dV7aL68N7Gb0Naq34V5; 7mW7Tv7NvywKKXqafZo0Lc,1CPZ5BxNNd0n0nF4Orb9JS,https://i.scdn.co/image/ab67616d00001e024dcb6c5df15cf74596ab25a4
2026-08-02,tw,Taiwan,54,7,演员,Joker Xue,1cg0bYpP5e2DNG0RgK2CMN,5Sib99jpYybZAicUMETb3h,https://i.scdn.co/image/ab67616d00001e02b561e8f785c92e136f37cd08
2026-08-02,tw,Taiwan,55,2,連名帶姓,A-Mei Chang,6noxsCszBEEK04kCehugOp,3LlQoKvVnkVvq3KC8anUn8,https://i.scdn.co/image/ab67616d00001e02e56be6db20760f34831f7170
2026-08-02,tw,Taiwan,56,19,Don’t Say You Love Me,Jin,5vV3bFXnN6D6N3Nj4xRvaV,27xkOIER6uDLKALIelHylZ,https://i.scdn.co/image/ab67616d00001e0289228504f700641956e29f5d
2026-08-02,tw,Taiwan,57,–,在加納共和國離婚,Firdhaus; DIOR 大穎,6fOqdhRNsMQqtwRwgo3NUv; 0czbvTRVGHfCdRsJLxbBGQ,6GyUt7yJ0sOktc5HjvVnFh,https://i.scdn.co/image/ab67616d00001e02bd7cdd9987dede8f59e62ec6
2026-08-02,tw,Taiwan,58,6,如果我很平庸,陳華,5ZxRmJ21NzjxD2ZGBxi7um,0o0yzV24yRsgFE1xstBeeV,https://i.scdn.co/image/ab67616d00001e02886a886681fa2a20938f2360
2026-08-02,tw,Taiwan,59,1,oh well,Ariana Grande,66CXWjxzNUsdJxJ2JdwvnR,5DZOKNtaoVEssXu9ltcMjx,https://i.scdn.co/image/ab67616d00001e028baf677ee2d8dda6cc9fcbd7
2026-08-02,tw,Taiwan,60,14,顏色,Gareth.T,6R57JlNKlnNrYaji0vw8xx,0M7YiMq9KiC9rW3GapANfL,https://i.scdn.co/image/ab67616d00001e0201de4c20ff710824726c1db8
2026-08-02,tw,Taiwan,61,3,慢冷,Fish Leong,3aIDSTKS9yH745GUQBxDcS,3NNDJfWMGHuNpvHWTImmlW,https://i.scdn.co/image/ab67616d00001e0270a002a07c7e78abbe128abb
2026-08-02,tw,Taiwan,62,14,toxic till the end,ROSÉ,3eVa5w3URK5duf6eyVDbu9,1z5ebC9238uGoBgzYyvGpQ,https://i.scdn.co/image/ab67616d00001e027be65ce6672ed7e5aac6e966
2026-08-02,tw,Taiwan,63,1,stay,Ariana Grande,66CXWjxzNUsdJxJ2JdwvnR,0QltPqkR4dnhbINyBOU5SY,https://i.scdn.co/image/ab67616d00001e028baf677ee2d8dda6cc9fcbd7
2026-08-02,tw,Taiwan,64,5,數到十,Pets Tseng,1he19XnDUahODrmRwKlC8w,6RN4rGtDTTx9orufM72pC4,https://i.scdn.co/image/ab67616d00001e02ff9e519c3bf77721b9319969
2026-08-02,tw,Taiwan,65,–,back to friends,sombr,4G9NDjRyZFDlJKMRL8hx3S,7qjZnBKE73H4Oxkopwulqe,https://i.scdn.co/image/ab67616d00001e024229702de91cb3d3a4383302
2026-08-02,tw,Taiwan,66,3,RUDE!,Hearts2Hearts,1ZLU77nRzQIaP23mVSYpCQ,0WA27lZzPKFJKAbiDRmQDc,https://i.scdn.co/image/ab67616d00001e02d505bec2fbfee5857725d333
2026-08-02,tw,Taiwan,67,39,七里香,Jay Chou,2elBjNSdBE2Y3f0j1mjrql,57w29bSwdIZ6gr6xXOqwc1,https://i.scdn.co/image/ab67616d00001e0200b976d1df4243e5318a7712
2026-08-02,tw,Taiwan,68,9,Without You,高爾宣 OSN,4TcOznbEZBqev21LzAH4KE,0KWnRv3wxjltYVB3MqjNd2,https://i.scdn.co/image/ab67616d00001e02643c4fb91404d250686fa4ed
2026-08-02,tw,Taiwan,69,10,愛情你比我想的閣較偉大 (《當男人戀愛時》電影主題曲),EggPlantEgg,6g641431O1Xkl7HAs2yFEg,6m2I6ZyWRkxjBrrLVQILfl,https://i.scdn.co/image/ab67616d00001e027556c994436a3b274394fe81
2026-08-02,tw,Taiwan,70,25,我喜歡你,芒果醬 Mango Jump,1t1GIb4bb1lARAXwWEekUN,6FpUCVpLvO0QXwsovSfWEa,https://i.scdn.co/image/ab67616d00001e02c4406bdc7db01dffa88ff27a
2026-08-02,tw,Taiwan,71,7,看着我的眼睛说,张远,4Q6r8rqOodVCDkbAYm7F18,5cOXSOo4olhVLVSpQBvQaP,https://i.scdn.co/image/ab67616d00001e02623da38934771207c19756d1
2026-08-02,tw,Taiwan,72,5,痴心絕對,Sam Lee,7ya3wFqG9X35S7L7XSrE2i,0D0n4q2o54VTOmDJdL6ikY,https://i.scdn.co/image/ab67616d00001e02e34baf069252392938495697
2026-08-02,tw,Taiwan,73,72,珊瑚海,Jay Chou; Lara Liang,2elBjNSdBE2Y3f0j1mjrql; 4VgfrD5wuAoN428fBZNSyW,3Qj9Fy8BPbWmICTiNkuqB7,https://i.scdn.co/image/ab67616d00001e022625625847482492f9e2e665
2026-08-02,tw,Taiwan,74,13,Jumping Machine (跳楼机),LBI利比,1xMn0bhYRWHDV01mU8gP1J,1XZE0InCx3SdCnLpVsPpZl,https://i.scdn.co/image/ab67616d00001e0265bcb498250d15917f92464f
2026-08-02,tw,Taiwan,75,4,SUGAR HONEY ICE TEA,BABYMONSTER,1SIocsqdEefUTE6XKGUiVS,227IgqbtZJtyODxqJ4wazb,https://i.scdn.co/image/ab67616d00001e02365e11a819dd404520d288e1
2026-08-02,tw,Taiwan,76,12,愛我別走,Zhang Zhen Yue,6PNEi9i2MxUgRufqYr76Xt,2fc2vUA5H3mTAr9rQoBDKt,https://i.scdn.co/image/ab67616d00001e0268c82f09326ad31bb08132fd
2026-08-02,tw,Taiwan,77,3,Love Yourself,Justin Bieber,1uNFoZAHBGtllmzznpCI3s,50kpGaPAhYJ3sGmk6vplg0,https://i.scdn.co/image/ab67616d00001e02f46b9d202509a8f7384b90de
2026-08-02,tw,Taiwan,78,3,"如果可以 - 電影""月老""主題曲",WeiBird,7y3HnWCFEvWj4KM9GFSkiX,72OVnXDzugvrCU25lMi9au,https://i.scdn.co/image/ab67616d00001e02e7e0b58b56d99f8f704c6760
2026-08-02,tw,Taiwan,79,7,天后,Andrew Tan,5AhK8gDgOZT7lE1UlbyF1c,4D0KlK4Fl8lotvsoys1bYQ,https://i.scdn.co/image/ab67616d00001e02c45593710081f6364e42960d
2026-08-02,tw,Taiwan,80,25,浪流連,EggPlantEgg,6g641431O1Xkl7HAs2yFEg,1IS0WFyiVpwsATeSzjEvpI,https://i.scdn.co/image/ab67616d00001e028c7e976070d78efcda06f7bc
2026-08-02,tw,Taiwan,81,2,嘉賓,张远,4Q6r8rqOodVCDkbAYm7F18,5jAmIkIpskwu2hRz2YaEHi,https://i.scdn.co/image/ab67616d00001e02c74b8ff07fe68b72b31c852e
2026-08-02,tw,Taiwan,82,3,freak,Ariana Grande,66CXWjxzNUsdJxJ2JdwvnR,6QhsCYcFdfyMbPWCiViI8K,https://i.scdn.co/image/ab67616d00001e028baf677ee2d8dda6cc9fcbd7
2026-08-02,tw,Taiwan,83,5,Baby,Justin Bieber; Ludacris,1uNFoZAHBGtllmzznpCI3s; 3ipn9JLAPI5GUEo4y4jcoi,6epn3r7S14KUqlReYr77hA,https://i.scdn.co/image/ab67616d00001e02629dc9e2e3bc20bbd7d92e4a
2026-08-02,tw,Taiwan,84,16,一夜一夜一夜,Crowd Lu,2JBUyLiFvpFPWdZGqIGYLD,3wofqqt5YJWdhLI9IFaX39,https://i.scdn.co/image/ab67616d00001e021b1fb50eec98ff61b9fdbda2
2026-08-02,tw,Taiwan,85,20,刻在我心底的名字 (Your Name Engraved Herein) - 電影<刻在你心底的名字>主題曲,Crowd Lu,2JBUyLiFvpFPWdZGqIGYLD,3OC84eKMxRJ4x0Hcwl9i4i,https://i.scdn.co/image/ab67616d00001e02a09d99cdbfdb0fafee0c2318
2026-08-02,tw,Taiwan,86,15,BIRDS OF A FEATHER,Billie Eilish,6qqNVTkY8uBg9cP3Jd7DAH,6dOtVTDdiauQNBQEDOtlAB,https://i.scdn.co/image/ab67616d00001e0271d62ea7ea8a5be92d3c1f62
2026-08-02,tw,Taiwan,87,6,DAISIES,Justin Bieber,1uNFoZAHBGtllmzznpCI3s,5BZsQlgw21vDOAjoqkNgKb,https://i.scdn.co/image/ab67616d00001e02d65c4773bc5061fd27facc5b
2026-08-02,tw,Taiwan,88,6,big feelings,Ariana Grande,66CXWjxzNUsdJxJ2JdwvnR,6MFSqc8pzXlwfzXqWZEKd4,https://i.scdn.co/image/ab67616d00001e028baf677ee2d8dda6cc9fcbd7
2026-08-02,tw,Taiwan,89,39,給我一個理由忘記,A-Lin,28gf2piFx6cAKOMIwcky5a,2DcmVSLAg0ZzfOQxDshZHY,https://i.scdn.co/image/ab67616d00001e02e2b0c00178975b04b23691dc
2026-08-02,tw,Taiwan,90,7,Die With A Smile,Lady Gaga; Bruno Mars,1HY2Jd0NmPuamShAr6KMms; 0du5cEVh5yTK9QJze8zA0C,7so0lgd0zP2Sbgs2d7a1SZ,https://i.scdn.co/image/ab67616d00001e02b0860cf0a98e09663c82290c
2026-08-02,tw,Taiwan,91,6,人質,A-Mei Chang,6noxsCszBEEK04kCehugOp,6OAUhxFZzaRHHC8XiuIkvb,https://i.scdn.co/image/ab67616d00001e02657284accb75e6b683ebd59a
2026-08-02,tw,Taiwan,92,6,APT.,ROSÉ; Bruno Mars,3eVa5w3URK5duf6eyVDbu9; 0du5cEVh5yTK9QJze8zA0C,4wJ5Qq0jBN4ajy7ouZIV1c,https://i.scdn.co/image/ab67616d00001e027be65ce6672ed7e5aac6e966
2026-08-02,tw,Taiwan,93,9,愛上你不是我決定 (feat. A-Lin),Jam Hsiao; A-Lin,4AJcTAMOLkRl3vf4syay8Q; 28gf2piFx6cAKOMIwcky5a,3F6EVsPTrU7MYCQhVOmDcg,https://i.scdn.co/image/ab67616d00001e02d081b26b79f946857b2a098b
2026-08-02,tw,Taiwan,94,60,少一點天份,Shi Shi,4XKp9GFAQfsh2NflSRnHQi,7lCLZlVt6g4ifoHXpXEHZm,https://i.scdn.co/image/ab67616d00001e026b03c0327f4742c8a2ef49c3
2026-08-02,tw,Taiwan,95,19,愛愛愛,Khalil Fong,1YrtUPrWcPfgdl9BaD9nhd,59lBAMCis4C6NsPdUV35Vz,https://i.scdn.co/image/ab67616d00001e0242198488aba710a12dd43064
2026-08-02,tw,Taiwan,96,28,Heavy Serenade,NMIXX,28ot3wh4oNmoFOdVajibBl,1Sjs93mMgi9bX06FFU9Mcv,https://i.scdn.co/image/ab67616d00001e02d179b01c0b9baac10170d1ad
2026-08-02,tw,Taiwan,97,3,一半一半,Top Barry; INDEcompany,3CSQfCUHVB3sZBfUfdWuph; 3bFdBTYErmHlLmdRZZxffh,21x0N6lu6D9kO8rVtTU3mH,https://i.scdn.co/image/ab67616d00001e02b581842eaf194382c21a30da
2026-08-02,tw,Taiwan,98,25,Dai Dai,Shakira; Burna Boy,0EmeFodog0BfCgMzAIvKQp; 3wcj11K77LjEY1PkEazffa,0kosUz0jePvjiz4ctmR6wL,https://i.scdn.co/image/ab67616d00001e0203cadf1b3fe324c1dc710ed4
2026-08-02,tw,Taiwan,99,10,Closer,The Chainsmokers; Halsey,69GGBxA162lTqCwzJG5jLp; 26VFTg2z8YR0cCuwLzESi2,7BKLCZ1jbUBVqRi2FVlTVw,https://i.scdn.co/image/ab67616d00001e02495ce6da9aeb159e94eaa453
2026-08-02,tw,Taiwan,100,12,Magnetic,ILLIT,36cgvBn0aadzOijnjjwqMN,1aKvZDoLGkNMxoRYgkckZG,https://i.scdn.co/image/ab67616d00001e02f037c5fb9de6c78726cb8e2c
2026-08-02,tw,Taiwan,101,2,DRIP,BABYMONSTER,1SIocsqdEefUTE6XKGUiVS,1MUZitHRpmng5NevrvNx4T,https://i.scdn.co/image/ab67616d00001e02119800c5fc88785ee3ed1524
2026-08-02,tw,Taiwan,102,13,Payphone,Maroon 5; Wiz Khalifa,04gDigrS5kc9YWfZHwBETP; 137W8MRPWKqSmrBGDBFSop,1XGmzt0PVuFgQYYnV2It7A,https://i.scdn.co/image/ab67616d00001e02fc8633e22a7dba6aab817bff
2026-08-02,tw,Taiwan,103,19,无人之岛,Ren Ran,6f4srX54JFrLNK4aTJe2Sc,4wrX3x09Z41EoqFT6BtcFi,https://i.scdn.co/image/ab67616d00001e025456964d25cb52abd0dd3768
2026-08-02,tw,Taiwan,104,39,妥協,JOLIN,1r9DuPTHiQ7hnRRZ99B8nL,0m1cI6aV1jq537JamnL592,https://i.scdn.co/image/ab67616d00001e020b7942064ed301cf678f6974
2026-08-02,tw,Taiwan,105,15,能不能和我留在台北（陪我幾天）,icyball 冰球樂團,4GsjZQZJ3viOq4Uw8wZDbW,63N9fNPJ5kkbvtntCwgIbm,https://i.scdn.co/image/ab67616d00001e0225924b289c5bca087d494fd2
2026-08-02,tw,Taiwan,106,45,我們的愛,F.I.R.,5oqLnVZzJJXE3YnzzZfRKu,0Q4YuuiCuxIIKUw2fb1cmV,https://i.scdn.co/image/ab67616d00001e02f475bb027a3f2f9aef2e7940
2026-08-02,tw,Taiwan,107,12,心悶,Amazing Show,3n16EAnJtz6SZGx2zJssrI,5PpuqQ7vLG2e66SUpjUVYg,https://i.scdn.co/image/ab67616d00001e0221ab32cbb8ca07c0789dccf5
2026-08-02,tw,Taiwan,108,1,愛錯,Leehom Wang,2F5W6Rsxwzg0plQ0w8dSyt,4vdX5mQE0oXkflFqsqQkUP,https://i.scdn.co/image/ab67616d00001e0265fce5eb1fbdcdeb5ca55b34
2026-08-02,tw,Taiwan,109,55,愛你,Kimberley Chen,1dVbVQZjRGDjQmHD8oiS8k,0n7Ij8XEDfYYFRgBQjNjnf,https://i.scdn.co/image/ab67616d00001e0230065f9a53fbeae1556d5129
2026-08-02,tw,Taiwan,110,20,GO!,CORTIS,1ebt9HnXdyYA6KgLXr1n4P,6OWWZtNQORY1McaZmOrwhc,https://i.scdn.co/image/ab67616d00001e024b56a34b0c2b3798fd46f855
2026-08-02,tw,Taiwan,111,2,stupid song,Olivia Rodrigo,1McMsnEElThX1knmY4oliG,49j6SvuvWfbEKZKzsHCdLJ,https://i.scdn.co/image/ab67616d00001e026949b83f85d782b21ce70583
2026-08-02,tw,Taiwan,112,2,SPOTLIGHT,頑童Mj116,7aMQdNM05rPkcHS1ethHUx,4M7VP5IiIj1saXNFINmxt3,https://i.scdn.co/image/ab67616d00001e0205570f9f5557d730d86a777f
2026-08-02,tw,Taiwan,113,Re-Entry,倒帶,JOLIN,1r9DuPTHiQ7hnRRZ99B8nL,4XipvtwRgtUrGb2j2l0wNG,https://i.scdn.co/image/ab67616d00001e028067ec8cf1e676beeb817686
2026-08-02,tw,Taiwan,114,39,愚人節快樂,Crowd Lu,2JBUyLiFvpFPWdZGqIGYLD,3bQeHxH1x4pVUfsRpuLAlH,https://i.scdn.co/image/ab67616d00001e021b1fb50eec98ff61b9fdbda2
2026-08-02,tw,Taiwan,115,17,Whiplash,aespa,6YVMFz59CuY7ngCxTxjpxE,7Cnpb1vBbC46RgVyyKLH7p,https://i.scdn.co/image/ab67616d00001e02e467a8e8d7b0aa92d354aa75
2026-08-02,tw,Taiwan,116,30,思念是一種病,Zhang Zhen Yue; 蔡健雅,6PNEi9i2MxUgRufqYr76Xt; 2kddrh4vYO09lJ4yqu5hFv,5JaPBs2aQjEfLwM5kVb4jq,https://i.scdn.co/image/ab67616d00001e02f06f6d1dc27b1be121e5ae7e
2026-08-02,tw,Taiwan,117,7,那天下雨了,Jay Chou,2elBjNSdBE2Y3f0j1mjrql,0bWGqfaEeTIvrnKGPJFD18,https://i.scdn.co/image/ab67616d00001e024ccab3d7484963c55e110586
2026-08-02,tw,Taiwan,118,22,愛我還是他,David Tao,40tNK2YedBV2jRFAHxpifB,13bw75oRjvxMv9VGIeM32i,https://i.scdn.co/image/ab67616d00001e02110af1ee291450d9e86a05a4
2026-08-02,tw,Taiwan,119,36,What is Love?,TWICE,7n2Ycct7Beij7Dj7meI4X0,5Ek40FyMPprcvtyZDjqylX,https://i.scdn.co/image/ab67616d00001e0240d7efd2594a2b6bda60ea18
2026-08-02,tw,Taiwan,120,12,NIGHT DANCER,imase,4TaSvnT5o4REFwhqfrmK27,3gmn76fCtpDazGMnN0QMHX,https://i.scdn.co/image/ab67616d00001e024b062591b6a5c15652dd2bb5
2026-08-02,tw,Taiwan,121,58,迷途羔羊,G.U.T.S,1BhfLtbUmju5XfwMQ9TJdQ,7L4WcYnU9KhCqfzYTaKenr,https://i.scdn.co/image/ab67616d00001e0278021c474c194882348e5785
2026-08-02,tw,Taiwan,122,20,Sunflower - Spider-Man: Into the Spider-Verse,Post Malone; Swae Lee,246dkjvS1zLTtiykXe5h60; 1zNqQNIdeOUZHb8zbZRFMX,0RiRZpuVRbi7oqRdSMwhQY,https://i.scdn.co/image/ab67616d00001e029478c87599550dd73bfa7e02
2026-08-02,tw,Taiwan,123,15,We Don't Talk Anymore (feat. Selena Gomez),Charlie Puth; Selena Gomez,6VuMaDnrHyPL1p4EHjYLi7; 0C8ZW7ezQVs4URX5aX7Kqx,54PbBpquVfhfrwRwvjSXbI,https://i.scdn.co/image/ab67616d00001e0215145482a542a9adb282250b
2026-08-02,tw,Taiwan,124,Re-Entry,掉了,A-Mei Chang,6noxsCszBEEK04kCehugOp,4yLirljV93Y0vIoERjeTv5,https://i.scdn.co/image/ab67616d00001e02da6368ffadcd4c761a1b4744
2026-08-02,tw,Taiwan,125,33,捲菸,Amazing Show,3n16EAnJtz6SZGx2zJssrI,7ks6KrwN2DKhEm06X85qEK,https://i.scdn.co/image/ab67616d00001e0217db15a71504cc2bcab8c44c
2026-08-02,tw,Taiwan,126,12,Seven (feat. Latto) (Explicit Ver.),Jung Kook; Latto,6HaGTQPmzraVmaVxvz6EUc; 3MdXrJWsbVzdn6fe5JYkSQ,2HRgqmZQC0MC7GeNuDIXHN,https://i.scdn.co/image/ab67616d00001e02741fd4807f442af3f7359316
2026-08-02,tw,Taiwan,127,7,KISS N TELL,aespa,6YVMFz59CuY7ngCxTxjpxE,3Fse9qXqMNey4TL5mLy8IF,https://i.scdn.co/image/ab67616d00001e02304c46fde5f5244a66f7317b
2026-08-02,tw,Taiwan,128,29,天使借的溫柔,艾薇 Ivy,0RaC2hXyniYsju0mCSNz90,4wj25C5zOleCoNpW6wHKkR,https://i.scdn.co/image/ab67616d00001e02c1194a6510563cab926a4da8
2026-08-02,tw,Taiwan,129,8,雨愛,Rainie Yang,0MEchSWR9pJvw1S5CV3Kuk,553GNiNqcudWfsF55RBDqz,https://i.scdn.co/image/ab67616d00001e027781cc488fb3aeca4a1c5a5c
2026-08-02,tw,Taiwan,130,20,Just Believe,頑童Mj116,7aMQdNM05rPkcHS1ethHUx,1qrpfAFspxxhghnPeRHSsQ,https://i.scdn.co/image/ab67616d00001e02d4fe063729ca5dccd58d685f
2026-08-02,tw,Taiwan,131,13,怎麼了,Eric Chou,5fEQLwq1BWWQNR8GzhOIvi,5cU1O9P0EDA0rPkPDykhIm,https://i.scdn.co/image/ab67616d00001e02540dd1971439c343972a92b7
2026-08-02,tw,Taiwan,132,15,Something Just Like This,The Chainsmokers; Coldplay,69GGBxA162lTqCwzJG5jLp; 4gzpq5DPGxSnKTe4SA8HAU,6RUKPb4LETWmmr3iAEQktW,https://i.scdn.co/image/ab67616d00001e020c13d3d5a503c84fcc60ae94
2026-08-02,tw,Taiwan,133,15,楓,Jay Chou,2elBjNSdBE2Y3f0j1mjrql,1pALOIA4ytESmhl7Fxjdic,https://i.scdn.co/image/ab67616d00001e022625625847482492f9e2e665
2026-08-02,tw,Taiwan,134,38,不該,Jay Chou; A-Mei Chang,2elBjNSdBE2Y3f0j1mjrql; 6noxsCszBEEK04kCehugOp,5miH0BWhRVTvHAwmnoeyXH,https://i.scdn.co/image/ab67616d00001e02db1172ca038c6818b6ae8bf2
2026-08-02,tw,Taiwan,135,21,浪子回頭,EggPlantEgg,6g641431O1Xkl7HAs2yFEg,301mxTHzMyFOVUXl6U22sf,https://i.scdn.co/image/ab67616d00001e0271feed027741391dba78fde7
2026-08-02,tw,Taiwan,136,29,愛存在,Diana Wang,6qMCbcnBinopCiiCrKQlF3,20eQ3szxVA3Ulq9Mgvu3yM,https://i.scdn.co/image/ab67616d00001e022eb6d7d3f9dd1b6061844c97
2026-08-02,tw,Taiwan,137,4,月牙灣,F.I.R.,5oqLnVZzJJXE3YnzzZfRKu,1b5IRT3iraxjHOsKZx93sW,https://i.scdn.co/image/ab67616d00001e023653891f79d36296182d5b15
2026-08-02,tw,Taiwan,138,59,如果你也聽說,A-Mei Chang,6noxsCszBEEK04kCehugOp,2JH8WubSk2IWYUDBUguSQv,https://i.scdn.co/image/ab67616d00001e020b498d921e43f090eeb31e23
2026-08-02,tw,Taiwan,139,40,想見你想見你想見你 - 電視劇《想見你》片尾曲,831,3TtgOeQcNkf9WVDA4xPBJM,69zgyr5HVKdInjeKpq1qHa,https://i.scdn.co/image/ab67616d00001e0271eb1e21d6b443885815abe8
2026-08-02,tw,Taiwan,140,34,小情歌,sodagreen,3WYT2b8pOLsLsqSaoWYr7U,4FhJ7YSRxATHnaRg4nGs6t,https://i.scdn.co/image/ab67616d00001e02f455f6b17df809e48fad7379
2026-08-02,tw,Taiwan,141,12,你沒等我去的舊金山,Patrick Brasca; 陳華,1xCrrnnj9xif5G0y3ie5dM; 5ZxRmJ21NzjxD2ZGBxi7um,5OS7eerznHr2equPXgGBqD,https://i.scdn.co/image/ab67616d00001e02cb96e5aa990343a259e36ad5
2026-08-02,tw,Taiwan,142,Re-Entry,情歌,Fish Leong,3aIDSTKS9yH745GUQBxDcS,5oL7vOxCz2eJKAX6G4Yluh,https://i.scdn.co/image/ab67616d00001e02fc2f156e25ccc00efa3dfbc8
2026-08-02,tw,Taiwan,143,Re-Entry,Hold On,高爾宣 OSN; Patrick Brasca,4TcOznbEZBqev21LzAH4KE; 1xCrrnnj9xif5G0y3ie5dM,580BvW3DyUNoYFgQgoD2GI,https://i.scdn.co/image/ab67616d00001e02ebda96af44dfa483d78599f4
2026-08-02,tw,Taiwan,144,12,Ghost,Justin Bieber,1uNFoZAHBGtllmzznpCI3s,6I3mqTwhRpn34SLVafSH7G,https://i.scdn.co/image/ab67616d00001e02e6f407c7f3a0ec98845e4431
2026-08-02,tw,Taiwan,145,19,like JENNIE,JENNIE,250b0Wlc5Vk0CoUsaCY84M,0fK7ie6XwGxQTIkpFoWkd1,https://i.scdn.co/image/ab67616d00001e02dcf27dec5e479b2e39c4c993
2026-08-02,tw,Taiwan,146,38,年少有為,Ronghao Li,0rTP0x4vRFSDbhtqcCqc8K,6XY80Ofqd8j0SGiEdRLwCp,https://i.scdn.co/image/ab67616d00001e024ed5351deda71982d6f1ab4d
2026-08-02,tw,Taiwan,147,21,無垢,李浩瑋 Howard Lee,7EkkWNWPiWFQ0rA9IEmMXs,08VBl78Lgs7VIEzCL1Btyv,https://i.scdn.co/image/ab67616d00001e02ea3657d519d84d8860541dcd
2026-08-02,tw,Taiwan,148,4,她已不再是那個女孩,DIOR 大穎,0czbvTRVGHfCdRsJLxbBGQ,49T3qI4iMo0lAzJq1CWjA3,https://i.scdn.co/image/ab67616d00001e0240d8dd6417b6b5c6d569dc12
2026-08-02,tw,Taiwan,149,79,我不難過,Stefanie Sun,0SIXZXJCAhNU8sxK0qm7hn,4XrWar13kLO1jr535AzKrQ,https://i.scdn.co/image/ab67616d00001e0284dfb5e38d967ab0bd2b2190
2026-08-02,tw,Taiwan,150,8,Self Aware,Temper City,5mHUmlJWkcoOk1NbjfrXWz,4qW3BbQAwZsrnu8a3ZRdyT,https://i.scdn.co/image/ab67616d00001e02d6c26d2ae723f7ab553d64cc
2026-08-02,tw,Taiwan,151,4,I LIKE IT,BABYMONSTER,1SIocsqdEefUTE6XKGUiVS,0PVC2O65Ux1aQ2PyIgeDAP,https://i.scdn.co/image/ab67616d00001e020fbcc1d9dc6a647af4ebdfee
2026-08-02,tw,Taiwan,152,48,不在乎,icyball 冰球樂團,4GsjZQZJ3viOq4Uw8wZDbW,1t2mpO9GpLjRHDDX6SFWRn,https://i.scdn.co/image/ab67616d00001e02db733eaddfc8f5c52f41dad8
2026-08-02,tw,Taiwan,153,37,bad thing (bunny hop),Ariana Grande,66CXWjxzNUsdJxJ2JdwvnR,4zmXWmILSBkn7gTvIyCiNi,https://i.scdn.co/image/ab67616d00001e028baf677ee2d8dda6cc9fcbd7
2026-08-02,tw,Taiwan,154,27,一個人,A-Lin,28gf2piFx6cAKOMIwcky5a,5Vxi8yyujUP3tw8hfR6abp,https://i.scdn.co/image/ab67616d00001e02a19f46e222d927c2c80383c2
2026-08-02,tw,Taiwan,155,18,Lemon Tang,Hearts2Hearts,1ZLU77nRzQIaP23mVSYpCQ,4vaC50FUEn6H8pPalM6jVA,https://i.scdn.co/image/ab67616d00001e02391fce8d3ef22f778a8c5c54
2026-08-02,tw,Taiwan,156,25,Cruel Summer,Taylor Swift,06HL4z0CvFAxyc27GXpf02,1BxfuPKGuaTgP7aM0Bbdwr,https://i.scdn.co/image/ab67616d00001e02e787cffec20aa2a396a61647
2026-08-02,tw,Taiwan,157,21,Gimme Dat Love,i-dle,2AfmfGFbe0A0WsTYm0SDTx,2qMgzYVUR7JRWoZeknYfRp,https://i.scdn.co/image/ab67616d00001e02068f50412a462f651a95dbcb
2026-08-02,tw,Taiwan,158,33,Wui229,陳嫺靜,4wbipbaGeTXkuF5paNuJqB,6ys5ZWv1RTBlwBs1vRFyd1,https://i.scdn.co/image/ab67616d00001e024724cc14fed25d41fe86bed8
2026-08-02,tw,Taiwan,159,7,後來的我們,Mayday,16s0YTFcyjP4kgFwt7ktrY,13AruKdh8wJhWx6i5dV8X1,https://i.scdn.co/image/ab67616d00001e021403df7a7de5cd45df3ae3db
2026-08-02,tw,Taiwan,160,49,like i do,Ariana Grande,66CXWjxzNUsdJxJ2JdwvnR,3d1oTMjtfVySbAYQp3v4MU,https://i.scdn.co/image/ab67616d00001e028baf677ee2d8dda6cc9fcbd7
2026-08-02,tw,Taiwan,161,Re-Entry,後來,Rene Liu,6qzfo7jiO4OrhxrvPFPlWX,2wzXhxWPX0aODraKNXoJYY,https://i.scdn.co/image/ab67616d00001e02794c74a4950a105ffe3be4ed
2026-08-02,tw,Taiwan,162,1,PSYCHO,BABYMONSTER,1SIocsqdEefUTE6XKGUiVS,491ca80N1C63tpoLvAsLKb,https://i.scdn.co/image/ab67616d00001e028fbb6ffdf0fad1623c8e95f8
2026-08-02,tw,Taiwan,163,4,淚橋,Wu Bai,5H8TJITZE1sPjVR2ACzXNS,0NAcDn6U2GB2Arhspmh38S,https://i.scdn.co/image/ab67616d00001e02574541164c6e7f7f849e3b27
2026-08-02,tw,Taiwan,164,51,never get over me,Ariana Grande,66CXWjxzNUsdJxJ2JdwvnR,55srcWA7TioKV0LZVNXltY,https://i.scdn.co/image/ab67616d00001e028baf677ee2d8dda6cc9fcbd7
2026-08-02,tw,Taiwan,165,26,Counting Stars,OneRepublic,5Pwc4xIPtQLFEnJriah9YJ,2tpWsVSb9UEmDRxAl1zhX1,https://i.scdn.co/image/ab67616d00001e029e2f95ae77cf436017ada9cb
2026-08-02,tw,Taiwan,166,5,Eenie Meenie,Sean Kingston; Justin Bieber,6S0dmVVn4udvppDhZIWxCr; 1uNFoZAHBGtllmzznpCI3s,4vVTI94F9uJ8lHNDWKv0i2,https://i.scdn.co/image/ab67616d00001e024dea4c1cdf30c359dbaec318
2026-08-02,tw,Taiwan,167,Re-Entry,修煉愛情,JJ Lin,7Dx7RhX0mFuXhCOUgB01uM,101iWa6yaODTI0RWewMK1B,https://i.scdn.co/image/ab67616d00001e02d007039d7dbb3ac88b4c5686
2026-08-02,tw,Taiwan,168,33,飞鸟和蝉,Ren Ran,6f4srX54JFrLNK4aTJe2Sc,4cDVX9pSt4UQEVbbXKodW6,https://i.scdn.co/image/ab67616d00001e022d643cf8abd73155ea906bf9
2026-08-02,tw,Taiwan,169,9,下輩子,玖壹壹,3w8fdvgPp2aKgy125EBgVg,73Ijz3vN9KP1W5qrfNeWMI,https://i.scdn.co/image/ab67616d00001e02dbe6794a4afcafc06291b751
2026-08-02,tw,Taiwan,170,11,NORMAL,BTS,3Nrfpe0tUJi4K4DXYWgMUX,4B4Q7zfd0aHcuhQBfCRnH5,https://i.scdn.co/image/ab67616d00001e02dfa17fad7f190c901603270e
2026-08-02,tw,Taiwan,171,Re-Entry,魚仔 - 電視劇<花甲男孩轉大人>主題曲,Crowd Lu,2JBUyLiFvpFPWdZGqIGYLD,2sb6AZQLeoD3VgA4zglQB6,https://i.scdn.co/image/ab67616d00001e02ebd7d3e4537ed9425406a61b
2026-08-02,tw,Taiwan,172,6,失戀無罪,A-Lin,28gf2piFx6cAKOMIwcky5a,2s96YKKpfBUbQP3lJuhkfX,https://i.scdn.co/image/ab67616d00001e02477599cfd11f3b0d31727288
2026-08-02,tw,Taiwan,173,Re-Entry,有些,颜人中,5PNcqs6EtD6gSXgUiiJIUU,4bDJJr7yG31MApWuvEasAo,https://i.scdn.co/image/ab67616d00001e02dbc44cb806214a1372ff98d0
2026-08-02,tw,Taiwan,174,1,你，好不好？ - TVBS連續劇【遺憾拼圖】片尾曲,Eric Chou,5fEQLwq1BWWQNR8GzhOIvi,2gug6MRv4xQFYi9LA3PJCS,https://i.scdn.co/image/ab67616d00001e0205e895059be31891a3e0f01d
2026-08-02,tw,Taiwan,175,35,說好的幸福呢,Jay Chou,2elBjNSdBE2Y3f0j1mjrql,4OoExItZJ0jePoCZDbHx4t,https://i.scdn.co/image/ab67616d00001e02c2321adb9887902f0c5bd8f1
2026-08-02,tw,Taiwan,176,14,嚣张,en王翊恩,7z7tLLiBfmH0kZ2lNVs8LW,1vfUASvUGt3gxQ1x3T3u1C,https://i.scdn.co/image/ab67616d00001e029ca65a2abe7108fd00ffe9fb
2026-08-02,tw,Taiwan,177,54,Lydia,F.I.R.,5oqLnVZzJJXE3YnzzZfRKu,4D4KVgVNxed4Hd3rGWlCo2,https://i.scdn.co/image/ab67616d00001e02f475bb027a3f2f9aef2e7940
2026-08-02,tw,Taiwan,178,Re-Entry,we can't be friends (wait for your love),Ariana Grande,66CXWjxzNUsdJxJ2JdwvnR,51ZQ1vr10ffzbwIjDCwqm4,https://i.scdn.co/image/ab67616d00001e028b58d20f1b77295730db15b4
2026-08-02,tw,Taiwan,179,9,像晴天像雨天（电视剧《难哄》心动曲）,Silence Wang,0PdNEiQ3MsJGCEgE13Tz60,298LjjcBvuQCAlwUWb9dKb,https://i.scdn.co/image/ab67616d00001e02e315e968f364d79e460d8f62
2026-08-02,tw,Taiwan,180,3,Sorry,Justin Bieber,1uNFoZAHBGtllmzznpCI3s,09CtPGIpYB4BrO8qb1RGsF,https://i.scdn.co/image/ab67616d00001e02f46b9d202509a8f7384b90de
2026-08-02,tw,Taiwan,181,4,Catch Catch,YENA,49muoiIu4uea4PO8vueUNN,2O9bMJticxbQ8FH3NiQ7Xh,https://i.scdn.co/image/ab67616d00001e029687ef1de31954cfdeac2f5a
2026-08-02,tw,Taiwan,182,9,我只能离开,瑞; 猫先生,7MfvSRNtsRsv9iwaMkwJCE; 235Hx9NNE1l1HgMqijDnwH,3Qg0zqpAGNFZwagu18NMtJ,https://i.scdn.co/image/ab67616d00001e028059cf3ab5d5d8ec8573e57b
2026-08-02,tw,Taiwan,183,49,"nowhere, nobody",Ariana Grande,66CXWjxzNUsdJxJ2JdwvnR,5JbnupagBhD0AanbkCELdH,https://i.scdn.co/image/ab67616d00001e028baf677ee2d8dda6cc9fcbd7
2026-08-02,tw,Taiwan,184,35,The Fate of Ophelia,Taylor Swift,06HL4z0CvFAxyc27GXpf02,53iuhJlwXhSER5J2IYYv1W,https://i.scdn.co/image/ab67616d00001e02d7812467811a7da6e6a44902
2026-08-02,tw,Taiwan,185,Re-Entry,晚安,颜人中,5PNcqs6EtD6gSXgUiiJIUU,34M0W5H5mj7e0D83ptYbhd,https://i.scdn.co/image/ab67616d00001e02e83ca6a74d11a222a80c2fdb
2026-08-02,tw,Taiwan,186,Re-Entry,Ditto,NewJeans,6HvZYsbFfjnjFrWF950C9d,3r8RuvgbX9s7ammBn07D3W,https://i.scdn.co/image/ab67616d00001e02edf5b257be1d6593e81bb45f
2026-08-02,tw,Taiwan,187,Re-Entry,好朋友的祝福,A-Lin,28gf2piFx6cAKOMIwcky5a,171nl2rmUtU9qHwJSATijn,https://i.scdn.co/image/ab67616d00001e02f34965970a1b4ef2643be518
2026-08-02,tw,Taiwan,188,36,WE GO UP,BABYMONSTER,1SIocsqdEefUTE6XKGUiVS,1tonXoW6dcb7GGNpec3PTl,https://i.scdn.co/image/ab67616d00001e028fbb6ffdf0fad1623c8e95f8
2026-08-02,tw,Taiwan,189,Re-Entry,披星戴月的想你,告五人,6xErgeZYatiaQ36SB5bvi8,7tgzj2IqzSgUpxUhjmcF5m,https://i.scdn.co/image/ab67616d00001e027a2aff746e4093fecd950130
2026-08-02,tw,Taiwan,190,Re-Entry,瞬,郑润泽,6KKqrrPtPB4eR1T5DT6dJ4,6rh39M79viLf2jvH46f1GB,https://i.scdn.co/image/ab67616d00001e0206ed66880dac8a092712e1ae
2026-08-02,tw,Taiwan,191,11,BOOMPALA,LE SSERAFIM,4SpbR6yFEvexJuaBpgAU5p,41d2WjuL0ikRKVjxmL7ZFz,https://i.scdn.co/image/ab67616d00001e023fba33983638fcf9704c965d
2026-08-02,tw,Taiwan,192,2,普通朋友,David Tao,40tNK2YedBV2jRFAHxpifB,7CTitzr4eVIDCPUJi5Dr4B,https://i.scdn.co/image/ab67616d00001e020aee670b96c585c15ec6d127
2026-08-02,tw,Taiwan,193,Re-Entry,幸福了 然後呢,A-Lin,28gf2piFx6cAKOMIwcky5a,6G2IcPtB3fvF4RLyanDBQQ,https://i.scdn.co/image/ab67616d00001e02f34965970a1b4ef2643be518
2026-08-02,tw,Taiwan,194,18,JUMP,BLACKPINK,41MozSoPIsD1dJM0CLPjZF,5H1sKFMzDeMtXwND3V6hRY,https://i.scdn.co/image/ab67616d00001e026224d1236b0e0a0e1586efbb
2026-08-02,tw,Taiwan,195,64,手放開,Sam Lee,7ya3wFqG9X35S7L7XSrE2i,2Dd9EXYXI2NNrLG61OtWQv,https://i.scdn.co/image/ab67616d00001e022023a1b36b009bda06165b9a
2026-08-02,tw,Taiwan,196,6,Ice Cream,YEONJUN,2Mo2yHjmrDRZW7yRuJwR2w,10aWlzB6sD6iF58yKPMgVB,https://i.scdn.co/image/ab67616d00001e02507b4d02c0225d567b3871f4
2026-08-02,tw,Taiwan,197,8,drop dead,Olivia Rodrigo,1McMsnEElThX1knmY4oliG,3fRCAPMMZ8l8P9YKI6OCzD,https://i.scdn.co/image/ab67616d00001e026949b83f85d782b21ce70583
2026-08-02,tw,Taiwan,198,16,慢慢喜歡你,Karen Mok,6jlz5QSUqbKE4vnzo2qfP1,79LVKCDq5n3N2k6dtWP4gP,https://i.scdn.co/image/ab67616d00001e023ca1981b111f175cfe6a7a9d
2026-08-02,tw,Taiwan,199,Re-Entry,一念 (影视剧《逐玉》插曲),张紫宁 / 李鑫一,2OL7dKjcDZjMiPjFohbmAZ,1iZVXRo5IcIradUoVYymRW,https://i.scdn.co/image/ab67616d00001e02e273383859cd02ba247b5d96
2026-08-02,tw,Taiwan,200,Re-Entry,戀人,Amazing Show,3n16EAnJtz6SZGx2zJssrI,0FeNHq2UAbJQ2qBLiJEXBN,https://i.scdn.co/image/ab67616d00001e02a0a953876f815e754336bda8
2026-08-02,my,Malaysia,1,–,Teh Hijau,Tulus,2iDVt6mFbtbDEZG5ax0dTi,4R9G7azXaZe93KTX65P9fU,https://i.scdn.co/image/ab67616d00001e02e4086e5f9d79cf18ed601015
2026-08-02,my,Malaysia,2,–,hate that i made you love me,Ariana Grande,66CXWjxzNUsdJxJ2JdwvnR,3iy2QuCtCzpWnR6tia39AB,https://i.scdn.co/image/ab67616d00001e028baf677ee2d8dda6cc9fcbd7
2026-08-02,my,Malaysia,3,2,The One That Got Away,Katy Perry,6jJ0s89eD6GaHleKKya26X,2009X8GyWTqyxIdzAEYW6N,https://i.scdn.co/image/ab67616d00001e021d955011a3ed477dc77865ad
2026-08-02,my,Malaysia,4,1,iqro',Raim Laode,5LcNPa8f8bRmZqELgoRFkN,2ImWVGyYTRMi64861WCCcq,https://i.scdn.co/image/ab67616d00001e02a9d1f9b5d3275b0625e13e79
2026-08-02,my,Malaysia,5,1,Astaga Bercanda,Akbar Chalay; Mingse,0dIJRlr9m4hUwdBYmKUTjW; 7n6UYi8ahl0SOStLqjWf6I,03fkIoNyruY4N2Pa5CqTvv,https://i.scdn.co/image/ab67616d00001e02db45ed33946536fd099548b0
2026-08-02,my,Malaysia,6,–,MMG (My Mine Gueh),Naykilla,79omf4LgzaVAnXIRWPkJUq,2AtJq58CHh4qBUqTpU75vU,https://i.scdn.co/image/ab67616d00001e02671059f40b6662d84ea412d9
2026-08-02,my,Malaysia,7,1,Bahagia Lagi,Piche Kota,5zAYPlhV1TirCul0R4NKGM,5tZaKZPJtiHh6teQfVEHB5,https://i.scdn.co/image/ab67616d00001e025bd00b369e89c5cbc74d827b
2026-08-02,my,Malaysia,8,1,Risk It All,Bruno Mars,0du5cEVh5yTK9QJze8zA0C,5y2ijHECwFYWqcAHKTZgzD,https://i.scdn.co/image/ab67616d00001e023eb8dc748f7efb1470f74395
2026-08-02,my,Malaysia,9,–,Beauty And A Beat,Justin Bieber; Nicki Minaj,1uNFoZAHBGtllmzznpCI3s; 0hCNtLu0JehylgoiP8L4Gh,6QFCMUUq1T2Vf5sFUXcuQ7,https://i.scdn.co/image/ab67616d00001e02f1d02a6cec967f8b6b78f76e
2026-08-02,my,Malaysia,10,–,Ada titik-titik di ujung doa,Sal Priadi,1NjxFrpEGZTV2Ny0OJxeWu,1E7zLPDdqo0OvzVmGj5aoV,https://i.scdn.co/image/ab67616d00001e02686acaaa87bfc6ebb42b3bd2
2026-08-02,my,Malaysia,11,–,kota ini tak sama tanpamu,Nadhif Basalamah,6UgERnTHmjk3qXM9x5vzyO,13CwOTXUgBugeBByE9oIWb,https://i.scdn.co/image/ab67616d00001e02f3e3f888fbfcc916ecce50a9
2026-08-02,my,Malaysia,12,–,bergema sampai selamanya,Nadhif Basalamah,6UgERnTHmjk3qXM9x5vzyO,0ql6fgz8qk0pAEKrGeSppJ,https://i.scdn.co/image/ab67616d00001e02f3e3f888fbfcc916ecce50a9
2026-08-02,my,Malaysia,13,–,Animal,KATSEYE,3c0gDdb9lhnHGFtP4prQpn,3ouNEk0tv5TTi8VWMe1xbX,https://i.scdn.co/image/ab67616d00001e029e8d48f27391ce383862b8e8
2026-08-02,my,Malaysia,14,2,Treat You Better,Shawn Mendes,7n2wHs1TKAczGzO7Dd2rGr,3QGsuHI8jO1Rx4JWLUh9jd,https://i.scdn.co/image/ab67616d00001e021376b4b16f4bfcba02dc571b
2026-08-02,my,Malaysia,15,1,Jangan Paksa Rindu - Beda,Ifan Seventeen,2vbWy0ntJGJ2H1erLJFMZZ,79tbBuciPV221EozY3RKQv,https://i.scdn.co/image/ab67616d00001e02b1f0e17d6a48da664cbdcbe5
2026-08-02,my,Malaysia,16,1,Sesi Potret,eńau; Ari Lesmana,0agUNq8PH1QSgm88EuhM1u; 3MMDw11m6HJrXlGOE3honc,4xoY4lZNoTjEuHsSmhgF1G,https://i.scdn.co/image/ab67616d00001e02172768978c7f929803ad7e8b
2026-08-02,my,Malaysia,17,2,Less than a Lover,JENNIE,250b0Wlc5Vk0CoUsaCY84M,19UnXjpLshSLobPspdyxlD,https://i.scdn.co/image/ab67616d00001e021568796289f10031724bc780
2026-08-02,my,Malaysia,18,1,Dunia Yang Nanti,Raim Laode,5LcNPa8f8bRmZqELgoRFkN,1sVQuuvFDKu6vklPVeiUXT,https://i.scdn.co/image/ab67616d00001e02a9d1f9b5d3275b0625e13e79
2026-08-02,my,Malaysia,19,3,petal,Ariana Grande,66CXWjxzNUsdJxJ2JdwvnR,70pVCVMGjmIWPbWXDwf11e,https://i.scdn.co/image/ab67616d00001e028baf677ee2d8dda6cc9fcbd7
2026-08-02,my,Malaysia,20,2,"Masa ini, Nanti, dan Masa Indah Lainnya",Nuca,5x3nSujruZLuB6xBicI6Ai,3TTZfjYqhTowNALncAmY5v,https://i.scdn.co/image/ab67616d00001e0272efdd27a433732ba1ab6269
2026-08-02,my,Malaysia,21,1,penjaga hati,Nadhif Basalamah,6UgERnTHmjk3qXM9x5vzyO,6i9Ci0IN1q1GcnhdbKU7kZ,https://i.scdn.co/image/ab67616d00001e0225001f594384ffb7fb952347
2026-08-02,my,Malaysia,22,6,Die With A Smile,Lady Gaga; Bruno Mars,1HY2Jd0NmPuamShAr6KMms; 0du5cEVh5yTK9QJze8zA0C,7so0lgd0zP2Sbgs2d7a1SZ,https://i.scdn.co/image/ab67616d00001e02b0860cf0a98e09663c82290c
2026-08-02,my,Malaysia,23,–,drop dead,Olivia Rodrigo,1McMsnEElThX1knmY4oliG,3fRCAPMMZ8l8P9YKI6OCzD,https://i.scdn.co/image/ab67616d00001e026949b83f85d782b21ce70583
2026-08-02,my,Malaysia,24,3,Earrings,Malcolm Todd,7eKkW1zo5uzW8kUntiiBvz,0eAuGrXyGFYwur9ARUe7LJ,https://i.scdn.co/image/ab67616d00001e022c1f34ecc1929fb59908aad1
2026-08-02,my,Malaysia,25,5,Kita Lewati Berdua,Overnight,0ZkNSRvBK767bNOCdXKeYK,5Enpui55il1ZW0HgwRTSds,https://i.scdn.co/image/ab67616d00001e02d05559e98f982b79eb508dcc
2026-08-02,my,Malaysia,26,1,Foto kita blur,Sal Priadi,1NjxFrpEGZTV2Ny0OJxeWu,5POrnkQAprvkordH0kB25O,https://i.scdn.co/image/ab67616d00001e02686acaaa87bfc6ebb42b3bd2
2026-08-02,my,Malaysia,27,5,Mangu,Fourtwnty; Charita Utami,46cVq2dwPgzPE3X1VR9TMj; 48yQuRfvklyupKmridU1du,4e6TmHCC4PRUj75knNplNP,https://i.scdn.co/image/ab67616d00001e0232ab17f5515e51490841f648
2026-08-02,my,Malaysia,28,1,back to friends,sombr,4G9NDjRyZFDlJKMRL8hx3S,7qjZnBKE73H4Oxkopwulqe,https://i.scdn.co/image/ab67616d00001e024229702de91cb3d3a4383302
2026-08-02,my,Malaysia,29,4,Romancinta,Mojo,1nxfzZDDm0a0msuLz0W4lx,5XCNHa4uhsI3zYdbVHZaGE,https://i.scdn.co/image/ab67616d00001e023f65b7a1a57401ae8f966c19
2026-08-02,my,Malaysia,30,6,Sayang Orang Sama,Adira Suhaimi,3BwdkvUUHLP8pZj9hN4FiF,1pkemoTIuhFJrX3GLKGf9y,https://i.scdn.co/image/ab67616d00001e02555e83aabbd7bff9b3bb9681
2026-08-02,my,Malaysia,31,2,WILDFLOWER,Billie Eilish,6qqNVTkY8uBg9cP3Jd7DAH,3QaPy1KgI7nu9FJEQUgn6h,https://i.scdn.co/image/ab67616d00001e0271d62ea7ea8a5be92d3c1f62
2026-08-02,my,Malaysia,32,4,BIRDS OF A FEATHER,Billie Eilish,6qqNVTkY8uBg9cP3Jd7DAH,6dOtVTDdiauQNBQEDOtlAB,https://i.scdn.co/image/ab67616d00001e0271d62ea7ea8a5be92d3c1f62
2026-08-02,my,Malaysia,33,1,we can't be friends (wait for your love),Ariana Grande,66CXWjxzNUsdJxJ2JdwvnR,51ZQ1vr10ffzbwIjDCwqm4,https://i.scdn.co/image/ab67616d00001e028b58d20f1b77295730db15b4
2026-08-02,my,Malaysia,34,3,Love Me Not,Ravyn Lenae,5RTLRtXjbXI2lSXc6jxlAz,4WFgvKVfEhb3IUAFGrutTR,https://i.scdn.co/image/ab67616d00001e020e62daaea2c7b94053e1c142
2026-08-02,my,Malaysia,35,5,Berapa Kali Kita Akan Saling Memaafkan,Pamungkas,7d86ERlvO5UG44j7Va0Y0C,7c03QS94XIfcetKSNDhUdd,https://i.scdn.co/image/ab67616d00001e02867cbccc3fb739a46797ad04
2026-08-02,my,Malaysia,36,9,stupid song,Olivia Rodrigo,1McMsnEElThX1knmY4oliG,49j6SvuvWfbEKZKzsHCdLJ,https://i.scdn.co/image/ab67616d00001e026949b83f85d782b21ce70583
2026-08-02,my,Malaysia,37,5,Bersenja Gurau,Raim Laode,5LcNPa8f8bRmZqELgoRFkN,4DrJqdZgPBHoMNVG5iOLlG,https://i.scdn.co/image/ab67616d00001e02a9d1f9b5d3275b0625e13e79
2026-08-02,my,Malaysia,38,3,REDRED,CORTIS,1ebt9HnXdyYA6KgLXr1n4P,2fCwv2ppU5nTRTckomIGsd,https://i.scdn.co/image/ab67616d00001e0224ace1518851b27e9983f739
2026-08-02,my,Malaysia,39,4,That Should Be Me,Justin Bieber,1uNFoZAHBGtllmzznpCI3s,0aPZbnkMoWJaJ5CNVLCj8S,https://i.scdn.co/image/ab67616d00001e02629dc9e2e3bc20bbd7d92e4a
2026-08-02,my,Malaysia,40,1,Pulang,Insomniacks,3uSnvyMAFJTm7XkZJFo0xP,1DVHCvTwuwtZrpYDV4irH5,https://i.scdn.co/image/ab67616d00001e020a1f83fe0ff9c9ff1a366d5d
2026-08-02,my,Malaysia,41,8,the cure,Olivia Rodrigo,1McMsnEElThX1knmY4oliG,55pBIZO1cqoldeqpp5WR7H,https://i.scdn.co/image/ab67616d00001e025cf234eeb7a2edf44bf64a46
2026-08-02,my,Malaysia,42,4,Monolog,Pamungkas,7d86ERlvO5UG44j7Va0Y0C,1zu5ZpnrSArdoaT6Qq3yo9,https://i.scdn.co/image/ab67616d00001e023e2cf96ce4558b8f2376b79a
2026-08-02,my,Malaysia,43,6,Lesung Pipi,Raim Laode,5LcNPa8f8bRmZqELgoRFkN,4GSwtvjwdbUmb4blyUyCnD,https://i.scdn.co/image/ab67616d00001e02a9d1f9b5d3275b0625e13e79
2026-08-02,my,Malaysia,44,18,Baldu Biru,Ella; Awie,2ZQY8HKMtEjGdxgcuW2574; 312w29rqto67W0NTxD91gz,4ByQKS6qRP2E22XMcjot0u,https://i.scdn.co/image/ab67616d00001e02db85b300d55693310143e1ea
2026-08-02,my,Malaysia,45,2,Gila Bayang,Ammar Haikal,6vBShxc5LR2M7DS6YYk9Yh,2IuAckXwlp3GUOD812FDSC,https://i.scdn.co/image/ab67616d00001e026145e180a712e75f2ff53017
2026-08-02,my,Malaysia,46,2,Locked out of Heaven,Bruno Mars,0du5cEVh5yTK9QJze8zA0C,5g7sDjBhZ4I3gcFIpkrLuI,https://i.scdn.co/image/ab67616d00001e02926f43e7cce571e62720fd46
2026-08-02,my,Malaysia,47,1,We Don't Talk Anymore (feat. Selena Gomez),Charlie Puth; Selena Gomez,6VuMaDnrHyPL1p4EHjYLi7; 0C8ZW7ezQVs4URX5aX7Kqx,54PbBpquVfhfrwRwvjSXbI,https://i.scdn.co/image/ab67616d00001e0215145482a542a9adb282250b
2026-08-02,my,Malaysia,48,2,"One Of The Girls (with JENNIE, Lily Rose Depp)",The Weeknd; JENNIE; Lily-Rose Depp,1Xyo4u8uXC1ZmMpatF05PJ; 250b0Wlc5Vk0CoUsaCY84M; 1pBLC0qVRTB5zVMuteQ9jJ,7CyPwkp0oE8Ro9Dd5CUDjW,https://i.scdn.co/image/ab67616d00001e02b0dd6a5cd1dec96c4119c262
2026-08-02,my,Malaysia,49,2,P Ramlee Saloma,Alpha,0s2MtYt7PZx0kP8CqLt38t,7totacaqk0aGyO8evCjzOh,https://i.scdn.co/image/ab67616d00001e022ece326ad7dea11e2719fb8a
2026-08-02,my,Malaysia,50,3,honeybee,Olivia Rodrigo,1McMsnEElThX1knmY4oliG,4kX7xkopoXZCfE1D6fNwl2,https://i.scdn.co/image/ab67616d00001e026949b83f85d782b21ce70583
2026-08-02,my,Malaysia,51,3,Siapa Di Hatimu,Rahmat,1yhQJRu5vlBqwwTrvYSg1L,1nPkL63Uxaw84801K23KNr,https://i.scdn.co/image/ab67616d00001e02564670dccc0817192c2d89ec
2026-08-02,my,Malaysia,52,–,SWIM,BTS,3Nrfpe0tUJi4K4DXYWgMUX,68lbSrXDORS51pmyjZv712,https://i.scdn.co/image/ab67616d00001e02dfa17fad7f190c901603270e
2026-08-02,my,Malaysia,53,1,Night Changes,One Direction,4AK6F7OLvEQ5QYCBNiQWHq,5O2P9iiztwhomNh8xkR9lJ,https://i.scdn.co/image/ab67616d00001e0234a29f220057810cce98e1b4
2026-08-02,my,Malaysia,54,3,The Fate of Ophelia,Taylor Swift,06HL4z0CvFAxyc27GXpf02,53iuhJlwXhSER5J2IYYv1W,https://i.scdn.co/image/ab67616d00001e02d7812467811a7da6e6a44902
2026-08-02,my,Malaysia,55,6,Beautiful (feat. Camila Cabello),Bazzi; Camila Cabello,4GvEc3ANtPPjt1ZJllr5Zl; 4nDoRrQiYLoBzwC5BhVJzF,4VUwkH455At9kENOfzTqmF,https://i.scdn.co/image/ab67616d00001e026e3291f3c9b3cef7bc70f75f
2026-08-02,my,Malaysia,56,4,Payphone,Maroon 5; Wiz Khalifa,04gDigrS5kc9YWfZHwBETP; 137W8MRPWKqSmrBGDBFSop,1XGmzt0PVuFgQYYnV2It7A,https://i.scdn.co/image/ab67616d00001e02fc8633e22a7dba6aab817bff
2026-08-02,my,Malaysia,57,1,Cinderella (feat. Ty Dolla $ign),Mac Miller; Ty Dolla $ign,4LLpKhyESsyAXpc4laK94U; 7c0XG5cIJTrrAgEC3ULPiq,2lpygKqzPFtItQ4ss3cgfb,https://i.scdn.co/image/ab67616d00001e022e92f776279eaf45d14a33fd
2026-08-02,my,Malaysia,58,5,Die On This Hill,SIENNA SPIRO,02gSuSAWEdWa5UOvqzjX6v,7gkZNvBHfI30qG7hA0eopT,https://i.scdn.co/image/ab67616d00001e02b09eea420767969b6729962b
2026-08-02,my,Malaysia,59,6,Cinta Ini Membunuhku,D’MASIV,1hioeMAsVwJ3bvcb9lxBpB,3jqOKTYh4XH9khpOXQp89Y,https://i.scdn.co/image/ab67616d00001e027a53bc0dfa374c632d394e98
2026-08-02,my,Malaysia,60,11,Sailor Song,Gigi Perez,1iCnM8foFssWlPRLfAbIwo,21IYMdzTrzSe191Cy5eMap,https://i.scdn.co/image/ab67616d00001e0249c26270052e1671add569c1
2026-08-02,my,Malaysia,61,2,Bahagiamu Deritaku,Hafiz Suip,08nApps9ThD6cZD2jXC4vW,5vNhfRa1WTzUDZcU8DAO1a,https://i.scdn.co/image/ab67616d00001e028fea0786d4aa86948156e799
2026-08-02,my,Malaysia,62,7,SO ASU,Naykilla,79omf4LgzaVAnXIRWPkJUq,56TRhAB4SqpRn5NdqHSAFy,https://i.scdn.co/image/ab67616d00001e02bc3ac83da4a6bda98247e694
2026-08-02,my,Malaysia,63,15,Sempurna,Insomniacks,3uSnvyMAFJTm7XkZJFo0xP,67C6LHREqmytK923Ak6R0I,https://i.scdn.co/image/ab67616d00001e02ddb1b2c929f06a2484ab9522
2026-08-02,my,Malaysia,64,4,I Wanna Be Yours,Arctic Monkeys,7Ln80lUS6He07XvHI8qqHH,5XeFesFbtLpXzIVDNQP22n,https://i.scdn.co/image/ab67616d00001e024ae1c4c5c45aabe565499163
2026-08-02,my,Malaysia,65,2,Just the Way You Are,Bruno Mars,0du5cEVh5yTK9QJze8zA0C,7BqBn9nzAq8spo5e7cZ0dJ,https://i.scdn.co/image/ab67616d00001e027039c1c841fc3dfa2ad8a0d8
2026-08-02,my,Malaysia,66,22,Who Knows,Daniel Caesar,20wkVLutqVOYrc0kxFs7rA,6DH13QYXK7lKkYHSU88N48,https://i.scdn.co/image/ab67616d00001e022bad6e56e77d5bef0aa3f2dc
2026-08-02,my,Malaysia,67,5,Raindance (feat. Tems),Dave; Tems,6Ip8FS7vWT1uKkJSweANQK; 687cZJR45JO7jhk1LHIbgq,3oTuTpF1F3A7rEC6RKsMRz,https://i.scdn.co/image/ab67616d00001e02fecaa7826bb0cbe139a8cb83
2026-08-02,my,Malaysia,68,2,The Man Who Can't Be Moved,The Script,3AQRLZ9PuTAozP28Skbq8V,3nqqDo8CcCLke3ZoTgiOKf,https://i.scdn.co/image/ab67616d00001e02f33a9f529c12f79b116eb218
2026-08-02,my,Malaysia,69,11,Talking to the Moon,Bruno Mars,0du5cEVh5yTK9QJze8zA0C,161DnLWsx1i3u1JT05lzqU,https://i.scdn.co/image/ab67616d00001e027039c1c841fc3dfa2ad8a0d8
2026-08-02,my,Malaysia,70,13,Pasti,Cherpen,0mIwHAnTvHsfd3055G7gaQ,7MtGrAL5mPrTuYuqgkDodI,https://i.scdn.co/image/ab67616d00001e0290ab8c787a038dbed3652a98
2026-08-02,my,Malaysia,71,7,Garam & Madu (Sakit Dadaku),Tenxi; Naykilla; Jemsii,6vP4azTCk053nGL0xAYnVH; 79omf4LgzaVAnXIRWPkJUq; 5PTw7KmM8c9QfBjU5caHWs,3jJkB9wdKpwxnkjgUBnE4c,https://i.scdn.co/image/ab67616d00001e02ebdd8446bacd87dc7796cede
2026-08-02,my,Malaysia,72,50,Takkan Pergi,Hyper Act,0zo8fkOQyrawuBfIhy99jb,4RpBCmAFDHmUGGrYKMySQI,https://i.scdn.co/image/ab67616d00001e024dcff9cef4f883ddb2f1940c
2026-08-02,my,Malaysia,73,3,Confident,Justin Bieber; Chance the Rapper,1uNFoZAHBGtllmzznpCI3s; 1anyVhU62p31KFi8MEzkbf,6czM6UMQD9qE5GAUp68oud,https://i.scdn.co/image/ab67616d00001e0258ae8fddecbd2630005409c9
2026-08-02,my,Malaysia,74,5,Self Aware,Temper City,5mHUmlJWkcoOk1NbjfrXWz,4qW3BbQAwZsrnu8a3ZRdyT,https://i.scdn.co/image/ab67616d00001e02d6c26d2ae723f7ab553d64cc
2026-08-02,my,Malaysia,75,8,Starboy,The Weeknd; Daft Punk,1Xyo4u8uXC1ZmMpatF05PJ; 4tZwfgrHOc3mvqYlEYSvVi,7MXVkk9YMctZqd1Srtv4MB,https://i.scdn.co/image/ab67616d00001e024718e2b124f79258be7bc452
2026-08-02,my,Malaysia,76,3,ICONIC BY MISTAKE,LE SSERAFIM; ILLIT; KATSEYE,4SpbR6yFEvexJuaBpgAU5p; 36cgvBn0aadzOijnjjwqMN; 3c0gDdb9lhnHGFtP4prQpn,6fl4Gu0lJm5hc8FM5JzCZD,https://i.scdn.co/image/ab67616d00001e0255886e2f0784a2b7b62b7fe7
2026-08-02,my,Malaysia,77,23,Memori Sekuntum Rindu,Spoon,2rk0koEOYpAL7pGGWleyxn,5xs9OMUxjOu8bKRd7bnHcl,https://i.scdn.co/image/ab67616d00001e023cd96a3db0e265a5884618f9
2026-08-02,my,Malaysia,78,16,kiss me,Ariana Grande,66CXWjxzNUsdJxJ2JdwvnR,0lok0VDJn0zRvHLBCITSSw,https://i.scdn.co/image/ab67616d00001e028baf677ee2d8dda6cc9fcbd7
2026-08-02,my,Malaysia,79,13,Komang,Raim Laode,5LcNPa8f8bRmZqELgoRFkN,3blvSatB9XD5i705K4j2yP,https://i.scdn.co/image/ab67616d00001e02a9d1f9b5d3275b0625e13e79
2026-08-02,my,Malaysia,80,14,Sunflower - Spider-Man: Into the Spider-Verse,Post Malone; Swae Lee,246dkjvS1zLTtiykXe5h60; 1zNqQNIdeOUZHb8zbZRFMX,0RiRZpuVRbi7oqRdSMwhQY,https://i.scdn.co/image/ab67616d00001e029478c87599550dd73bfa7e02
2026-08-02,my,Malaysia,81,10,Anugerah Terindah,Andmesh,6IDsZZ4IHgs9VblBgQQSmt,6gjkHuMOR0CrN7Vb2NoEdg,https://i.scdn.co/image/ab67616d00001e023b83fd19945daf89d7cbfc00
2026-08-02,my,Malaysia,82,7,End of Beginning,Djo,5p9HO3XC5P3BLxJs5Mtrhm,3qhlB30KknSejmIvZZLjOD,https://i.scdn.co/image/ab67616d00001e02fddfffec51b4580acae727c1
2026-08-02,my,Malaysia,83,4,Reminisensi,Insomniacks,3uSnvyMAFJTm7XkZJFo0xP,0TRKtVvsVmOkXCvnq5AgNE,https://i.scdn.co/image/ab67616d00001e02fa18e23520c6e919b7fc6a24
2026-08-02,my,Malaysia,84,45,Separuh Aku,Noah,31aMmlq8isIAgojvmIwiS4,4sJmv194lQKWjytpaxH1Vj,https://i.scdn.co/image/ab67616d00001e02ef9c61634ef59e7ee439dacc
2026-08-02,my,Malaysia,85,1,Baby,Justin Bieber; Ludacris,1uNFoZAHBGtllmzznpCI3s; 3ipn9JLAPI5GUEo4y4jcoi,6epn3r7S14KUqlReYr77hA,https://i.scdn.co/image/ab67616d00001e02629dc9e2e3bc20bbd7d92e4a
2026-08-02,my,Malaysia,86,–,Shape of My Heart,Backstreet Boys,5rSXSAkZ67PYJSvpUpkOr7,35o9a4iAfLl5jRmqMX9c1D,https://i.scdn.co/image/ab67616d00001e02cf871e6326e334bfa92cff20
2026-08-02,my,Malaysia,87,12,One Last Time,Ariana Grande,66CXWjxzNUsdJxJ2JdwvnR,7xoUc6faLbCqZO6fQEYprd,https://i.scdn.co/image/ab67616d00001e02deec12a28d1e336c5052e9aa
2026-08-02,my,Malaysia,88,32,Kurnia,Slam,6ZK1l84rj8SLSn2tXVgCsf,3laq7JhdnCAwLBIh9EGLf3,https://i.scdn.co/image/ab67616d00001e02336ea81f3b522fb59cc7b989
2026-08-02,my,Malaysia,89,15,Blank Space,Taylor Swift,06HL4z0CvFAxyc27GXpf02,1u8c2t2Cy7UBoG4ArRcF5g,https://i.scdn.co/image/ab67616d00001e0252b2a3824413eefe9e33817a
2026-08-02,my,Malaysia,90,13,Attention,Charlie Puth,6VuMaDnrHyPL1p4EHjYLi7,5cF0dROlMOK5uNZtivgu50,https://i.scdn.co/image/ab67616d00001e02897f73256b9128a9d70eaf66
2026-08-02,my,Malaysia,91,42,Dan...,Sheila On 7,6q87vizIEdEN4NvlR6mjfT,1MdjZzEInrmDBXf8zs0nKS,https://i.scdn.co/image/ab67616d00001e0254270208627aa8061a8abe21
2026-08-02,my,Malaysia,92,11,Bourgenvilla,Spring,2DHROEfQ05NhnciQxReWk6,3tw15uN1CSWXjx9X6D8cIp,https://i.scdn.co/image/ab67616d00001e02a8564ef5ab5aa2cfdf70e25c
2026-08-02,my,Malaysia,93,14,stay,Ariana Grande,66CXWjxzNUsdJxJ2JdwvnR,0QltPqkR4dnhbINyBOU5SY,https://i.scdn.co/image/ab67616d00001e028baf677ee2d8dda6cc9fcbd7
2026-08-02,my,Malaysia,94,13,About You,The 1975,3mIj9lX2MWuHmhNCA7LSCW,3hEfpBHxgieRLz4t3kLNEg,https://i.scdn.co/image/ab67616d00001e0200702474f8e0e2b6155d48e3
2026-08-02,my,Malaysia,95,5,Babydoll,Dominic Fike,6USv9qhCn6zfxlBQIYJ9qs,7yNf9YjeO5JXUE3JEBgnYc,https://i.scdn.co/image/ab67616d00001e027b1b6f41c1645af9757d5616
2026-08-02,my,Malaysia,96,6,Love Yourself,Justin Bieber,1uNFoZAHBGtllmzznpCI3s,50kpGaPAhYJ3sGmk6vplg0,https://i.scdn.co/image/ab67616d00001e02f46b9d202509a8f7384b90de
2026-08-02,my,Malaysia,97,46,Bawaku Pergi,Zizan Razak; Kaka Azraff,7GkUskIBOKpJRyzpE7WQBD; 4a6rcjvQs6YOwK5sVlybKV,3gnWZtlLKqYQeBPuFDwFbd,https://i.scdn.co/image/ab67616d00001e02ae4f1868ec32b657aa68b0ca
2026-08-02,my,Malaysia,98,8,Nanti Kita Seperti Ini,Batas Senja,4AhHkaGz7W2bKKJK90IaV2,3y8RcMPYG22fRnrOi4oFJ1,https://i.scdn.co/image/ab67616d00001e02c6092bd9b2579479e5fa9891
2026-08-02,my,Malaysia,99,18,oh well,Ariana Grande,66CXWjxzNUsdJxJ2JdwvnR,5DZOKNtaoVEssXu9ltcMjx,https://i.scdn.co/image/ab67616d00001e028baf677ee2d8dda6cc9fcbd7
2026-08-02,my,Malaysia,100,7,Rumah Ke Rumah,Hindia,51kyrUsAVqUBcoDEMFkX12,2wAiFWjRupWmnDkQcu91MF,https://i.scdn.co/image/ab67616d00001e02d623688488865906052ef96b
2026-08-02,my,Malaysia,101,19,Bunga Maaf,The Lantis,1REvGGP2H7cFLGZgK2sStO,26KhLgFuPymkm1uiZkc6Rv,https://i.scdn.co/image/ab67616d00001e027536908067a37708c3f5ff35
2026-08-02,my,Malaysia,102,6,Love Me Harder,Ariana Grande; The Weeknd,66CXWjxzNUsdJxJ2JdwvnR; 1Xyo4u8uXC1ZmMpatF05PJ,5J4ZkQpzMUFojo1CtAZYpn,https://i.scdn.co/image/ab67616d00001e02deec12a28d1e336c5052e9aa
2026-08-02,my,Malaysia,103,29,Dai Dai,Shakira; Burna Boy,0EmeFodog0BfCgMzAIvKQp; 3wcj11K77LjEY1PkEazffa,0kosUz0jePvjiz4ctmR6wL,https://i.scdn.co/image/ab67616d00001e0203cadf1b3fe324c1dc710ed4
2026-08-02,my,Malaysia,104,12,Di Akhir Perang,Nadin Amizah,20zafXaLhm5IcXnSU93rNn,1tqPw8Hf88h24Bpt2SzuYE,https://i.scdn.co/image/ab67616d00001e0294847679fe7b10e27d9803f5
2026-08-02,my,Malaysia,105,13,Tapi Bukan Aku,Kerispatih,73OtDyghUEJ9QfGtu1pkaJ,0BrH4b7su9uLELM1h5Xlzw,https://i.scdn.co/image/ab67616d00001e024986516d6ce56f0d19cdc41d
2026-08-02,my,Malaysia,106,17,Closer,The Chainsmokers; Halsey,69GGBxA162lTqCwzJG5jLp; 26VFTg2z8YR0cCuwLzESi2,7BKLCZ1jbUBVqRi2FVlTVw,https://i.scdn.co/image/ab67616d00001e02495ce6da9aeb159e94eaa453
2026-08-02,my,Malaysia,107,75,Kenangan Terindah,SAMSONS,6HHje5tfmzWK8PsSaoJ9Xp,5TtmfZaNSYEcTR49cureT0,https://i.scdn.co/image/ab67616d00001e02607aaef4f806cb926096f1ae
2026-08-02,my,Malaysia,108,7,FREAKED OUT,Fat Papi; prodshushy,6bemHySK6oqDAPZZzt61ov; 6aQnbm7k0VsmUqfU9cfwoA,7pBzCp7qNLlsH6rzEFkSwN,https://i.scdn.co/image/ab67616d00001e02dae2db6b9b0a2d5ef298075f
2026-08-02,my,Malaysia,109,42,Telepati,Aziz Harun,1dmuM6bG5J8sDFyp26x9Nf,2VM0RoNs889vw5c1sFunfB,https://i.scdn.co/image/ab67616d00001e0247f1f63c4236de61b71f26ac
2026-08-02,my,Malaysia,110,20,Let Me Love You,DJ Snake; Justin Bieber,540vIaP2JwjQb9dm3aArA4; 1uNFoZAHBGtllmzznpCI3s,0lYBSQXN6rCTvUZvg9S0lU,https://i.scdn.co/image/ab67616d00001e02212d776c31027c511f0ee3bc
2026-08-02,my,Malaysia,111,5,Die For You,The Weeknd,1Xyo4u8uXC1ZmMpatF05PJ,2LBqCSwhJGcFQeTHMVGwy3,https://i.scdn.co/image/ab67616d00001e02a048415db06a5b6fa7ec4e1a
2026-08-02,my,Malaysia,112,26,There's Nothing Holdin' Me Back,Shawn Mendes,7n2wHs1TKAczGzO7Dd2rGr,7JJmb5XwzOO8jgpou264Ml,https://i.scdn.co/image/ab67616d00001e02ea3ef7697cfd5705b8f47521
2026-08-02,my,Malaysia,113,2,Perfect,Ed Sheeran,6eUKZXaKkcviH0Ku9w2n3V,0tgVpDi06FyKpA1z0VMD4v,https://i.scdn.co/image/ab67616d00001e02ba5db46f4b838ef6027e6f96
2026-08-02,my,Malaysia,114,9,BAD,ATEEZ,68KmkJeZGfwe1OUaivBa2L,55UDXtbNJBAdTdUdbRu8T3,https://i.scdn.co/image/ab67616d00001e027e77585ffef632e51313b3e0
2026-08-02,my,Malaysia,115,29,Apocalypse,Cigarettes After Sex,1QAJqy2dA3ihHBFIHRphZj,1oAwsWBovWRIp7qLMGPIet,https://i.scdn.co/image/ab67616d00001e02dfed999f959177dfc4f33cdc
2026-08-02,my,Malaysia,116,47,Terakhir,Sufian Suhaimi,6KEEEdAqmCL7PYOrjZCnEa,4LeP389CNcbrQX8ZECZlPw,https://i.scdn.co/image/ab67616d00001e023d5d2fb9ce449eb563ace97a
2026-08-02,my,Malaysia,117,3,Runtuh,Feby Putri; Fiersa Besari,66NmU5epI0ONGmdCRbLpmW; 06QVnTCdjs4jPKO0487EGV,6Hii26x3qDErVitnGW8QtO,https://i.scdn.co/image/ab67616d00001e024788f7886c01b9b2ee95cbdd
2026-08-02,my,Malaysia,118,32,Di Matamu,Sufian Suhaimi,6KEEEdAqmCL7PYOrjZCnEa,5jAqkM00R41cm1Y2T0mGzb,https://i.scdn.co/image/ab67616d00001e02df738f0f699dc72745e937fc
2026-08-02,my,Malaysia,119,46,Sempurna,Andra & The Backbone,4ucwey7FxkHXkLK7jSfevU,2UgCs0i0rNHUH2jKE5NZHE,https://i.scdn.co/image/ab67616d00001e020df7dec70511dd4f2e69dc34
2026-08-02,my,Malaysia,120,11,When I Was Your Man,Bruno Mars,0du5cEVh5yTK9QJze8zA0C,0B7wvvmu9EISAwZnOpjhNI,https://i.scdn.co/image/ab67616d00001e02926f43e7cce571e62720fd46
2026-08-02,my,Malaysia,121,7,Sesal Separuh Nyawa,Alyah,2bUKiCTlseN47NCfkpDTEZ,6Kqc2T2YiYLkzW6zD0GO8y,https://i.scdn.co/image/ab67616d00001e0275ce82fa538fadf1f9deb913
2026-08-02,my,Malaysia,122,10,玻璃,Gareth.T,6R57JlNKlnNrYaji0vw8xx,4lZVYNSHy3bKN1pqTxw9Zl,https://i.scdn.co/image/ab67616d00001e02d6e4227850346a74a114c0f7
2026-08-02,my,Malaysia,123,12,Terpukau,Astrid,6GxmlugWFw4hmhUQ5uP93l,0irPA8LmsoQYkqE5I7v3aj,https://i.scdn.co/image/ab67616d00001e0205d8a1a7ebb27bdd2fbdc685
2026-08-02,my,Malaysia,124,29,Alasanmu,Exists,1ibFtPHzpqHJKA0PdAC8TH,6UdHL1HgSBwo1Vxx4ys5uS,https://i.scdn.co/image/ab67616d00001e0259dd3992df6c55c6830a4d17
2026-08-02,my,Malaysia,125,40,Biarkanlah,Drama Band,5NWfEZx5XGbVCAQTjhSxlR,0TbxuF4pkOZBfdBipPorYQ,https://i.scdn.co/image/ab67616d00001e02956f6207e1817d7a7b9c7365
2026-08-02,my,Malaysia,126,2,Jatuh Suka,Tulus,2iDVt6mFbtbDEZG5ax0dTi,6PqWdGIYq5xdLaa4zCZfRp,https://i.scdn.co/image/ab67616d00001e02d34a0632f6861e8875d6899b
2026-08-02,my,Malaysia,127,30,Eenie Meenie,Sean Kingston; Justin Bieber,6S0dmVVn4udvppDhZIWxCr; 1uNFoZAHBGtllmzznpCI3s,4vVTI94F9uJ8lHNDWKv0i2,https://i.scdn.co/image/ab67616d00001e024dea4c1cdf30c359dbaec318
2026-08-02,my,Malaysia,128,3,Gabriela,KATSEYE,3c0gDdb9lhnHGFtP4prQpn,1xOqGUkyxGQRdCvGpvWKmL,https://i.scdn.co/image/ab67616d00001e02f8d4d00ffe09373efb13ce29
2026-08-02,my,Malaysia,129,7,Ghost,Justin Bieber,1uNFoZAHBGtllmzznpCI3s,6I3mqTwhRpn34SLVafSH7G,https://i.scdn.co/image/ab67616d00001e02e6f407c7f3a0ec98845e4431
2026-08-02,my,Malaysia,130,Re-Entry,Jiwa Yang Bersedih,Ghea Indrawari,3qL7BzwJOXq3EzAio36aLX,0sV01d2keik5bwCuW9EQpk,https://i.scdn.co/image/ab67616d00001e029798fbe1bd1cdf2915bd0394
2026-08-02,my,Malaysia,131,3,Menjaga Jodoh Orang Lain,Ara Johari,0xuL8l2qakTAyURbZb1gtc,2CneKWpjKErzqZhHID0avV,https://i.scdn.co/image/ab67616d00001e0201c8234d472a85cc65702dd7
2026-08-02,my,Malaysia,132,6,Sedia Aku Sebelum Hujan,Idgitaf,7pFWMC2E7h8eL3SZyHRsRq,64bauCjHAIiDNkcHiOJW1r,https://i.scdn.co/image/ab67616d00001e02ac44521bc2da938d92b422f9
2026-08-02,my,Malaysia,133,20,mejikuhibiniu,Tenxi; Suisei; Jemsii,6vP4azTCk053nGL0xAYnVH; 2Iw3yPRqjz5Xh4veKj7oqi; 5PTw7KmM8c9QfBjU5caHWs,13KXgSl4vs7h8y2G7V6GrB,https://i.scdn.co/image/ab67616d00001e02ebdd8446bacd87dc7796cede
2026-08-02,my,Malaysia,134,54,Asal Kau Bahagia,Armada,6H857CtcaYMSxOB4jvSIZf,79AlxPlv70kuRlsi2eZsnV,https://i.scdn.co/image/ab67616d00001e0299b893bbb0fb9244c2601c2b
2026-08-02,my,Malaysia,135,11,Dan Bila Esok,Sofaz,4EWTiE61XKSdCi3DwW8fee,1xMeSSPoaUivQJqOdH5r12,https://i.scdn.co/image/ab67616d00001e020f0fa33950e98919923aca79
2026-08-02,my,Malaysia,136,15,Rindukanlah,Encik Mimpi,68ZxreefosizfgpXo2JCFm,7mOsJUfxgKn6I1Nlgrv9ke,https://i.scdn.co/image/ab67616d00001e029520dfb39b2157d34f66208f
2026-08-02,my,Malaysia,137,30,Bawa Dia Kembali,Mahalini,3wOsYKZM0zcKNasi3I7fP4,25M9piWxSsq0xLcjQW5yz6,https://i.scdn.co/image/ab67616d00001e026f713eb92ebf7ca05a562542
2026-08-02,my,Malaysia,138,41,Stitches,Shawn Mendes,7n2wHs1TKAczGzO7Dd2rGr,5jsw9uXEGuKyJzs0boZ1bT,https://i.scdn.co/image/ab67616d00001e02d26246b23c8bfa8ce543b3bb
2026-08-02,my,Malaysia,139,9,Rahsia Pohon Cemara,Exists,1ibFtPHzpqHJKA0PdAC8TH,2fhJz1j47ej9lYLU4GNbRg,https://i.scdn.co/image/ab67616d00001e02d59f73aa8478cac301212b44
2026-08-02,my,Malaysia,140,18,Ku Yang Berjuang,Danial Kifli,1M0tSSp60yHTRB36GTofGx,6vESiRXG0vOpUgI5pt3eOb,https://i.scdn.co/image/ab67616d00001e0273cf7e999a55009d3d8edabe
2026-08-02,my,Malaysia,141,15,Ingat,ALYPH,3qeuv2ijwaAcbX3KVMJfuj,0QnyIDSjy366dQZjcHS2yF,https://i.scdn.co/image/ab67616d00001e02aeaf0ac1f551769d707e2ea8
2026-08-02,my,Malaysia,142,23,Bintang,Budak Kacamata,4thhnp2dS6gYcYMUvEGqOw,7n37fKTB2qjMg2Jps2nDPw,https://i.scdn.co/image/ab67616d00001e0239a724905598615d075f34e4
2026-08-02,my,Malaysia,143,45,Hati-Hati di Jalan,Tulus,2iDVt6mFbtbDEZG5ax0dTi,2hHeGD57S0BcopfVcmehdl,https://i.scdn.co/image/ab67616d00001e02d34a0632f6861e8875d6899b
2026-08-02,my,Malaysia,144,27,That's What I Like,Bruno Mars,0du5cEVh5yTK9QJze8zA0C,0KKkJNfGyhkQ5aFogxQAPU,https://i.scdn.co/image/ab67616d00001e02232711f7d66a1e19e89e28c5
2026-08-02,my,Malaysia,145,32,kota ini tak sama tanpamu (with Aziz Harun & Aisha Retno),Nadhif Basalamah; Aziz Harun; Aisha Retno,6UgERnTHmjk3qXM9x5vzyO; 1dmuM6bG5J8sDFyp26x9Nf; 1eizIry8svwmH0cSjLUEYy,75DnXTAoFiorMrqkPVbjSH,https://i.scdn.co/image/ab67616d00001e0287e7224938aa91019b17b791
2026-08-02,my,Malaysia,146,28,Cinnamon Girl,Lana Del Rey,00FQb4jTyendYWaN8pK0wa,2mdEsXPu8ZmkHRRtAdC09e,https://i.scdn.co/image/ab67616d00001e02879e9318cb9f4e05ee552ac9
2026-08-02,my,Malaysia,147,16,Monokrom,Tulus,2iDVt6mFbtbDEZG5ax0dTi,4GfK1qOF3uBWidbPlTCQRL,https://i.scdn.co/image/ab67616d00001e0271c65edbeed32af70b900637
2026-08-02,my,Malaysia,148,29,Those Eyes,New West,69bG9tC62d8oTFC9aTTosn,2psRActEWsTlYYd7EDoyVR,https://i.scdn.co/image/ab67616d00001e02aacd27a096e6e59ff555b46c
2026-08-02,my,Malaysia,149,4,TABOLA BALE,Silet Open Up; Jacson Seran; Juan Reza; Diva Aurel,5naPJsWUJ6y22yKXA6dX36; 7sGSFhUe26nmXPxw3KuXrj; 0eYCIajsbVsMjVUIkcomIY; 5aOpLMYo7aOOxoXBFkiJ4u,7mqG8I1JG0iQAejC53qpbU,https://i.scdn.co/image/ab67616d00001e02f6f7d0c06b8b2bd22ba3eae4
2026-08-02,my,Malaysia,150,15,everything u are,Hindia,51kyrUsAVqUBcoDEMFkX12,5WOSNVChcadlsCRiqXE45K,https://i.scdn.co/image/ab67616d00001e0205898628baab6ef07a0a4d03
2026-08-02,my,Malaysia,151,8,No One Noticed,The Marías,2sSGPbdZJkaSE2AbcGOACx,3siwsiaEoU4Kuuc9WKMUy5,https://i.scdn.co/image/ab67616d00001e028aa339341a0b0c813909c831
2026-08-02,my,Malaysia,152,6,NORMAL,BTS,3Nrfpe0tUJi4K4DXYWgMUX,4B4Q7zfd0aHcuhQBfCRnH5,https://i.scdn.co/image/ab67616d00001e02dfa17fad7f190c901603270e
2026-08-02,my,Malaysia,153,7,Sweater Weather,The Neighbourhood,77SW9BnxLY8rJ0RciFqkHh,0cQVqPuHQP4KEwc7ZUQmj6,https://i.scdn.co/image/ab67616d00001e028265a736a1eb838ad5a0b921
2026-08-02,my,Malaysia,154,24,Bayangan Gurauan,Mega,5KJO8SHDZrO7mvLq0FKu7b,1HhYpYlr9sxxxQr0chKreu,https://i.scdn.co/image/ab67616d00001e0242e498060ba60afebe29f8c2
2026-08-02,my,Malaysia,155,–,It Will Rain,Bruno Mars,0du5cEVh5yTK9QJze8zA0C,4rMNgxEwGWoPHIUcvB5BrB,https://i.scdn.co/image/ab67616d00001e02dec2e6bae5062b94fc4eeb84
2026-08-02,my,Malaysia,156,16,Memburu Rindu,Dato Hattan,64nU5o4jwljVGiKYAym1Lb,3u3bQzCET7oAKEsqfTTP5j,https://i.scdn.co/image/ab67616d00001e024221109013ef646c7e0cfeea
2026-08-02,my,Malaysia,157,11,"thank u, next",Ariana Grande,66CXWjxzNUsdJxJ2JdwvnR,3e9HZxeyfWwjeyPAMmWSSQ,https://i.scdn.co/image/ab67616d00001e0256ac7b86e090f307e218e9c8
2026-08-02,my,Malaysia,158,9,Iris,The Goo Goo Dolls,2sil8z5kiy4r76CRTXxBCA,6Qyc6fS4DsZjB2mRW9DsQs,https://i.scdn.co/image/ab67616d00001e02eda9478c39a21e1cdc6609ca
2026-08-02,my,Malaysia,159,7,Yellow,Coldplay,4gzpq5DPGxSnKTe4SA8HAU,3AJwUDP919kvQ9QcozQPxg,https://i.scdn.co/image/ab67616d00001e029164bafe9aaa168d93f4816a
2026-08-02,my,Malaysia,160,13,Dracula - JENNIE Remix,Tame Impala; JENNIE,5INjqkS1o8h1imAzPqGZBb; 250b0Wlc5Vk0CoUsaCY84M,5yvVYFDUpbnjcnRBgjwTzM,https://i.scdn.co/image/ab67616d00001e02c7c031ce9d06b131f8563676
2026-08-02,my,Malaysia,161,20,Best Part (feat. H.E.R.),Daniel Caesar; H.E.R.,20wkVLutqVOYrc0kxFs7rA; 3Y7RZ31TRPVadSFVy1o8os,1Q7EgiMOuwDcB0PJC6AzON,https://i.scdn.co/image/ab67616d00001e027aa8783ad8def37cc548a9cf
2026-08-02,my,Malaysia,162,39,Wonderwall - Remastered,Oasis,2DaxqgrOhkeH0fpeiQq2f4,5qqabIl2vWzo9ApSC317sa,https://i.scdn.co/image/ab67616d00001e0285e5dcc05cc216a10f141480
2026-08-02,my,Malaysia,163,3,Lantas,Juicy Luicy,3tMTXQyRrPmMyHv5SoC0TV,1ZPVEo8RfmrEz8YAD5n6rW,https://i.scdn.co/image/ab67616d00001e02b1d3ef29ee15a18842973471
2026-08-02,my,Malaysia,164,27,Rayuan Perempuan Gila,Nadin Amizah,20zafXaLhm5IcXnSU93rNn,0zAtj0BEvpulETGrk95NPQ,https://i.scdn.co/image/ab67616d00001e0294847679fe7b10e27d9803f5
2026-08-02,my,Malaysia,165,26,Cry,Cigarettes After Sex,1QAJqy2dA3ihHBFIHRphZj,3p4hRhMcb6ch8OLtATMaLw,https://i.scdn.co/image/ab67616d00001e028324db1ae37be249aed887e7
2026-08-02,my,Malaysia,166,Re-Entry,Sandiwara Cinta,Repvblik,7tohsn2AQCjic6ktgTbhU4,4xaqNVfko96qe2ubO4LT8f,https://i.scdn.co/image/ab67616d00001e02dcb3d7e0ce48901646170cb3
2026-08-02,my,Malaysia,167,16,Pesan Terakhir,Lyodra,6Sv2jkzH9sWQjwghW5ArMG,3FwQ3RYYEekzjEeL3jdpUZ,https://i.scdn.co/image/ab67616d00001e02d00e5994b61f1d93dafe9221
2026-08-02,my,Malaysia,168,Re-Entry,Kekasih Bayangan,Cakra Khan,6pZzHAdfBLIEkQVRUhB8ps,3PeIxOLCSZtpMCo24EcapU,https://i.scdn.co/image/ab67616d00001e0235a51a2b14ca1a3caa1e0bef
2026-08-02,my,Malaysia,169,31,Aku Yang Tersakiti,Judika,5fS7aONqrIhiw6YzgKVOsd,5pzblRSSo6YWd2dQR3sp2m,https://i.scdn.co/image/ab67616d00001e025f14b2386437640366a1e6de
2026-08-02,my,Malaysia,170,9,So Easy (To Fall In Love),Olivia Dean,00x1fYSGhdqScXBRpSj3DW,6sGIMrtIzQjdzNndVxe397,https://i.scdn.co/image/ab67616d00001e029a336bfb6d40bbd90a507417
2026-08-02,my,Malaysia,171,9,Snooze,SZA,7tYKF4w9nC0nq9CsPZTHyP,4iZ4pt7kvcaH6Yo8UoZ4s2,https://i.scdn.co/image/ab67616d00001e02bc18bdade69ec5ef0bb25b17
2026-08-02,my,Malaysia,172,8,Kepuraanmu,Luqman Faiz,2ZhUfT19cZKRi7sayQcEZH,5tNfSGN2zQ6y3E5pl5Wggy,https://i.scdn.co/image/ab67616d00001e02efdcbd8345ac34c3d21e0a14
2026-08-02,my,Malaysia,173,1,Dandelions,Ruth B.,2WzaAvm2bBCf4pEhyuDgCY,2eAvDnpXP5W0cVtiI0PUxV,https://i.scdn.co/image/ab67616d00001e02b09403f05bc0c306cf96990f
2026-08-02,my,Malaysia,174,Re-Entry,Kasih,Hyper Act,0zo8fkOQyrawuBfIhy99jb,0gBdh0evtxMT4txKqf3nh7,https://i.scdn.co/image/ab67616d00001e027b9f69606c8dd2fc64cedc40
2026-08-02,my,Malaysia,175,22,Heart Attack,Demi Lovato,6S2OmqARrzebs0tKUEyXyp,1V6gIisPpYqgFeWbMLI0bA,https://i.scdn.co/image/ab67616d00001e02aadb13ae608f6af20528409b
2026-08-02,my,Malaysia,176,22,Kasih Aba Aba,Naykilla; Tenxi; Jemsii,79omf4LgzaVAnXIRWPkJUq; 6vP4azTCk053nGL0xAYnVH; 5PTw7KmM8c9QfBjU5caHWs,5rhwXZP0luMucnEPnYJpbI,https://i.scdn.co/image/ab67616d00001e028afa25403ff8a518ee7a9f94
2026-08-02,my,Malaysia,177,Re-Entry,Young And Beautiful,Lana Del Rey,00FQb4jTyendYWaN8pK0wa,2nMeu6UenVvwUktBCpLMK9,https://i.scdn.co/image/ab67616d00001e02d7fb3e4c63020039d1cff6b2
2026-08-02,my,Malaysia,178,14,Bertaut,Nadin Amizah,20zafXaLhm5IcXnSU93rNn,630DpnzdfjdVqv2yLfPbAX,https://i.scdn.co/image/ab67616d00001e026d57a5c60decaa8fb39d5afb
2026-08-02,my,Malaysia,179,Re-Entry,Sembilu,Ella,2ZQY8HKMtEjGdxgcuW2574,4mSrdNN00DC9t0rF41Qy93,https://i.scdn.co/image/ab67616d00001e024bf92b5afce039deb9e9193d
2026-08-02,my,Malaysia,180,4,Rumah Singgah,Fabio Asher,6FTLayBxjkQeanFdUusk1I,0f0GcqppZTmAYaAZA7GkhQ,https://i.scdn.co/image/ab67616d00001e02d53761dea5571fab6a7dd145
2026-08-02,my,Malaysia,181,1,DAISIES,Justin Bieber,1uNFoZAHBGtllmzznpCI3s,5BZsQlgw21vDOAjoqkNgKb,https://i.scdn.co/image/ab67616d00001e02d65c4773bc5061fd27facc5b
2026-08-02,my,Malaysia,182,7,SLOW DANCING IN THE DARK,Joji,3MZsBdqDrRTJihTHQrO6Dq,6rY5FAWxCdAGllYEOZMbjW,https://i.scdn.co/image/ab67616d00001e024cc52cd7a712842234e4fce2
2026-08-02,my,Malaysia,183,29,Serana,For Revenge,0f6TyESD8E1mD2oLJ4TGv1,0PtJbtW50jcvvswNPn3QGd,https://i.scdn.co/image/ab67616d00001e02322ce4ba8eb959ebee609fd8
2026-08-02,my,Malaysia,184,Re-Entry,Disana Menanti Di Sini Menunggu,Ukays,7y3tizrdDAAfh7BWCYLXcI,6UWA9siLss5zSdfT0JmtwS,https://i.scdn.co/image/ab67616d00001e02640c578aeffcfe00cb436d7f
2026-08-02,my,Malaysia,185,77,freak,Ariana Grande,66CXWjxzNUsdJxJ2JdwvnR,6QhsCYcFdfyMbPWCiViI8K,https://i.scdn.co/image/ab67616d00001e028baf677ee2d8dda6cc9fcbd7
2026-08-02,my,Malaysia,186,29,STAY (with Justin Bieber),The Kid LAROI; Justin Bieber,2tIP7SsRs7vjIcLrU85W8J; 1uNFoZAHBGtllmzznpCI3s,567e29TDzLwZwfDuEpGTwo,https://i.scdn.co/image/ab67616d00001e02b4d59e6fa7e5e7cbc57ac33a
2026-08-02,my,Malaysia,187,2,Sang Badut,Raim Laode,5LcNPa8f8bRmZqELgoRFkN,3psZu1wcmAoyWrL9RB3y08,https://i.scdn.co/image/ab67616d00001e02f26773f6fedf911fa80877bc
2026-08-02,my,Malaysia,188,61,like i do,Ariana Grande,66CXWjxzNUsdJxJ2JdwvnR,3d1oTMjtfVySbAYQp3v4MU,https://i.scdn.co/image/ab67616d00001e028baf677ee2d8dda6cc9fcbd7
2026-08-02,my,Malaysia,189,Re-Entry,1000X,Ghea Indrawari,3qL7BzwJOXq3EzAio36aLX,5pXN7iV11PrazlIh8bzA2K,https://i.scdn.co/image/ab67616d00001e0214814de2da42fd2273d0fcff
2026-08-02,my,Malaysia,190,–,I Thought I Saw Your Face Today,She & Him,3CIRif6ZAedT7kZSPvj2A4,0myRViRgmQ3J8izICXEAVO,https://i.scdn.co/image/ab67616d00001e02a47c6d8a934b4833c0916cc9
2026-08-02,my,Malaysia,191,Re-Entry,Señorita,Shawn Mendes; Camila Cabello,7n2wHs1TKAczGzO7Dd2rGr; 4nDoRrQiYLoBzwC5BhVJzF,6v3KW9xbzN5yKLt9YKDYA2,https://i.scdn.co/image/ab67616d00001e02c820f033bd82bef4355d1563
2026-08-02,my,Malaysia,192,50,MALU MALU,dia; INDAHKUS,6WgjNWwGACXaBy7NZripBu; 1O4yyjVsY0VUpGMZiK7zNB,4nx5dujfgjriMeQg1OWMsp,https://i.scdn.co/image/ab67616d00001e025c157ac76f31ba099cdd6993
2026-08-02,my,Malaysia,193,Re-Entry,Permaisuri,DATA,4kFPGIhw9ra8vS19pPr19x,5pPOzQys6TQbv6cby5e7cG,https://i.scdn.co/image/ab67616d00001e02b10176c9b1c65e7f685197b3
2026-08-02,my,Malaysia,194,24,Photograph,Ed Sheeran,6eUKZXaKkcviH0Ku9w2n3V,6fxVffaTuwjgEk5h9QyRjy,https://i.scdn.co/image/ab67616d00001e0213b3e37318a0c247b550bccd
2026-08-02,my,Malaysia,195,Re-Entry,Yank,Wali,5pnSNZZRyYViu2n58Zlw1J,0C3xZJueyBvvMSsl0cETA6,https://i.scdn.co/image/ab67616d00001e0233362fc53eb178af1f5e5bcb
2026-08-02,my,Malaysia,196,86,big feelings,Ariana Grande,66CXWjxzNUsdJxJ2JdwvnR,6MFSqc8pzXlwfzXqWZEKd4,https://i.scdn.co/image/ab67616d00001e028baf677ee2d8dda6cc9fcbd7
2026-08-02,my,Malaysia,197,Re-Entry,Dirimu Yang Dulu,Anggis Devaki,7lXTU6VtJQWfiN2vuZyzqf,3GIiXoibZNOxoB4QJ0b8UR,https://i.scdn.co/image/ab67616d00001e02d7105ffabf2ff9ddd265eab1
2026-08-02,my,Malaysia,198,27,Just Give Me a Reason (feat. Nate Ruess),P!nk; Nate Ruess,1KCSPY1glIKqW2TotWuXOR; 1qUjOF5fzrpoNycD36b2jZ,1mKXFLRA179hdOWQBwUk9e,https://i.scdn.co/image/ab67616d00001e0224a1ac503b55e6eef9a7bb8c
2026-08-02,my,Malaysia,199,Re-Entry,I Like Me Better,LAUV,5JZ7CnR6gTvEMKX4g70Amv,4MagTPnkPiDuIa4P8GtW1b,https://i.scdn.co/image/ab67616d00001e029ed5fcf212f05d55b1e61eae
2026-08-02,my,Malaysia,200,15,Into You,Ariana Grande,66CXWjxzNUsdJxJ2JdwvnR,76FZM38RC8XaAjJ77CVTNe,https://i.scdn.co/image/ab67616d00001e0233342c57a9b2c4e04c97b3f5
2026-08-02,in,India,1,–,Arz Kiya Hai | Coke Studio Bharat,Anuv Jain,4gdMJYnopf2nEUcanAwstx,1bMkimTb47umgNP6xCi4A1,https://i.scdn.co/image/ab67616d00001e0225fa2d19b2363a9520a34409
2026-08-02,in,India,2,–,Bairan,Banjaare,7IbxsPdlYelceWNyHAor55,0RsH8g8DxdYZgdGcod5I36,https://i.scdn.co/image/ab67616d00001e02cdce9a38222807fa703b4396
2026-08-02,in,India,3,–,Khat,Navjot Ahuja,7pVf872VEuJQBwiuRFSg4w,3gixnmepHSsyAuho34rprN,https://i.scdn.co/image/ab67616d00001e02d421c37d9cf4bbee71844c24
2026-08-02,in,India,4,–,KALYANI (with Shreya Ghoshal) - Remix,ARJN; KDS; FIFTY4; Shreya Ghoshal,5j2JTk8JqepIgv1zxYOuIi; 41opZo9bHh8CZoIdR3IgP7; 1NApv6DzDP19uLuxJ0CuuP; 0oOet2f43PA68X5RxKobEy,2y8mkajKikV5S1PRCMQ5WL,https://i.scdn.co/image/ab67616d00001e029aa819fdf84c78fc1976391d
2026-08-02,in,India,5,–,Gehra Hua,Shashwat Sachdev; Arijit Singh; Irshad Kamil; Armaan Khan,465OXuCU8YZNmVG1leLwQ9; 4YRxDV8wJFPHPTeXepOstw; 3GdSQUH1BRtl9UrrtuwJlP; 68CFADZWUwvJMqkCeqmxMJ,5MCbGWnNLLjoHpbDO3BOgi,https://i.scdn.co/image/ab67616d00001e027838ccbef3fb712228e23fc5
2026-08-02,in,India,6,–,Mann Mera,Gajendra Verma,1yzgJmZf5CxtFfGfRFm4Si,0mwAlZqPUWpZJIut93y40W,https://i.scdn.co/image/ab67616d00001e02f2d0db770d8cd316f760a2f2
2026-08-02,in,India,7,1,Barsaat,Banjaare; Roni,7IbxsPdlYelceWNyHAor55; 2yCnfrc4kI0XxzqLUMPiBk,0DpUQ3mpAGy3bYsEKVy6t5,https://i.scdn.co/image/ab67616d00001e02a0b110307ee3dc10a74e3562
2026-08-02,in,India,8,1,"Tum Ho Toh (From ""Saiyaara"")",Vishal Mishra; Hansika Pareek; Raj Shekhar,5wJ1H6ud777odtZl5gG507; 0RVfcqug2nB820dxIGycIW; 2DFCHTDIA0t638a4mm37dK,6G8vN5EUtcDxOXOXadF6kp,https://i.scdn.co/image/ab67616d00001e02d998c880f085f08c7ddeeafc
2026-08-02,in,India,9,1,Sahiba,Aditya Rikhari,3ozYqVCLohfpXIhalkhM8D,0eLtIxPRNJfsmehITZ1qaJ,https://i.scdn.co/image/ab67616d00001e020a47bbe7141fdfe0eb2cdba7
2026-08-02,in,India,10,1,Finding Her,Kushagra; Bharath; Saaheal,2IKfr1JgPRXmXKAWwrABc6; 1zD9gVg8wPOmVfYxTjMHaT; 29S4JzoFUP1MCyMgKd83zM,5ThyDv6aRVU8AH4vXQNldF,https://i.scdn.co/image/ab67616d00001e02292341cd3e621d7f9171331f
2026-08-02,in,India,11,1,Tere Liye,Atif Aslam; Shreya Ghoshal; Sachin Gupta; Sameer Anjaan,2oSONSC9zQ4UonDKnLqksx; 0oOet2f43PA68X5RxKobEy; 34R6DQd8ErBy1xyOyMHFrq; 5sifufajls8Q6k04Y4F8mH,0xlWd9o8yjKpJ02WJy79kZ,https://i.scdn.co/image/ab67616d00001e02af932ac943c7afa6b74659f7
2026-08-02,in,India,12,3,Samjhawan,Jawad Ahmad; Shaarib Toshi; Arijit Singh; Shreya Ghoshal,2gXOOKY8mmJG6iwHrTq9gp; 0FJz7XR37hH69traaHLijA; 4YRxDV8wJFPHPTeXepOstw; 0oOet2f43PA68X5RxKobEy,0rk2X5TAhraBC5aCIXK2Rq,https://i.scdn.co/image/ab67616d00001e028a7ae7092464f6685355dc3c
2026-08-02,in,India,13,1,Udi Udi,Aneesh; Sarkar; Hruday,2K1yi9M4TJ3cEEO6hFG1z2; 2R4yA8DlTWiUCpYlC0NMZh; 5LAR3fyRELNNXHIfnptaXF,4ROldgaRDDAI2VP8rWkjat,https://i.scdn.co/image/ab67616d00001e0221d6e1053df28c5a33208c1a
2026-08-02,in,India,14,3,Jo Tum Mere Ho,Anuv Jain,4gdMJYnopf2nEUcanAwstx,0eCajpR75pDW0r64U6hP2x,https://i.scdn.co/image/ab67616d00001e0272a77d038887cdc425f5ee55
2026-08-02,in,India,15,2,Darkhaast,Mithoon; Arijit Singh; Sunidhi Chauhan; Sayeed Quadri,09UmIX92EUH9hAK4bxvHx6; 4YRxDV8wJFPHPTeXepOstw; 3eDT9fwXKuHWFvgZaaYC5v; 2pGRniGOJSOvYoK3dGaBb8,1awtp7rf6ajhGY9BgzCHeZ,https://i.scdn.co/image/ab67616d00001e02e7fe7d656750737e8d369f95
2026-08-02,in,India,16,–,Sheesha - Aakhya Mai Aakh Ghali Jo Bairan,Mitta Ror; Swara Verma,3qWCWW0lyHpnj6E1cYwtKV; 1p8AG9V0Y60vhvdYdRbxqn,412poAqbwD8OC0dYD1nBkV,https://i.scdn.co/image/ab67616d00001e02190b5b394a6fc5574ceea4da
2026-08-02,in,India,17,2,Ishq de Fanniyar - Female Version,Jyotica Tangri; Shaarib Toshi; Kumaar,5wQDQFm7Ku8WWGi5xqJ9lp; 0FJz7XR37hH69traaHLijA; 0m3D4grap8VFSzbJMqgNVk,0KpdEdrrlqV9X58YAbSsY9,https://i.scdn.co/image/ab67616d00001e02003336d02e4fb8741a203315
2026-08-02,in,India,18,1,"Barbaad (From ""Saiyaara"")",The Rish; Jubin Nautiyal,0Eb38FY9vOjiRA10iXPGHI; 1tqysapcCh1lWEAc9dIFpa,7Csa4PStpuYIfUqNMKQ4V8,https://i.scdn.co/image/ab67616d00001e02148a06ae24e68c088d8d2954
2026-08-02,in,India,19,1,"Pavazha Malli - From ""Think Indie""",Sai Abhyankkar; Shruti Haasan; Vivek,5jJrJU7VVmxQQLcLAmmxXc; 06vOoTzj6cIac9FMbNXz9h; 25Pa1Vz1ZuTHmXPiYeMcgx,4yur1GSBfuS1VADyUYocqd,https://i.scdn.co/image/ab67616d00001e02f5f2a6705dfe3c2fe11028c8
2026-08-02,in,India,20,2,Ishq,Faheem Abdullah; Rauhan Malik; Amir Ameer,05etL4pzWd6TSv1x5WrlG3; 22UtphG4LcwxlhhV0aP4js; 6MPuzz9hPrs4TwxeHh4cEj,1hlbywc8Jhl1FFqJxAMabE,https://i.scdn.co/image/ab67616d00001e020de04fd2c7c3bdc0a1d765f5
2026-08-02,in,India,21,4,Aarzu,Noor; Khan; Madhurxo,7F5LO6TFFBGkRhsQdCcLVm; 6Pw5uJLhqmspnTuHchPnmS; 0o5KaItv2mU6ACmRP19Qc2,0wHYuCTWPntEgWiUVED4wB,https://i.scdn.co/image/ab67616d00001e020c28f02f30c669201ac4471d
2026-08-02,in,India,22,1,Jaiye Sajana,Shashwat Sachdev; Jasmine Sandlas; Satinder Sartaaj,465OXuCU8YZNmVG1leLwQ9; 0mJDQBWytBhOh5JB1DOQ1c; 4rgw8A5vcYinpZLDKHrEdV,6xwKNAUHeo2DbWNAPi8aEy,https://i.scdn.co/image/ab67616d00001e024c3eeb98521e02693a46d6db
2026-08-02,in,India,23,4,"Tu Thodi Der Aur Thehar Ja - From ""Half Girlfriend""",Shreya Ghoshal; Farhan Saeed; Kumaar,0oOet2f43PA68X5RxKobEy; 1W67L8OH9z7C3b9YJJbVYq; 0m3D4grap8VFSzbJMqgNVk,2Rz2F6KoLH6TtbX4TZ2qcP,https://i.scdn.co/image/ab67616d00001e02fdfdfb32ce2dae56c62c8ac7
2026-08-02,in,India,24,4,Inaam (Ft. Badshah),Jasleen Royal; Badshah; Ansh Chahal,74OaRjmyh0XyRZsQQQ5l7c; 0y59o4v8uw5crbN9M3JiL1; 2vaV6Tzkkt5r8OUpyAYzpz,5haZbtveqI9v1svcc5IDx6,https://i.scdn.co/image/ab67616d00001e02974c87c4d1b73970e0f45f70
2026-08-02,in,India,25,1,Dooron Dooron,Paresh Pahuja; Shiv Tandan; Meghdeep Bose,0DHOOKfXu4aU7LsWjTdrIN; 74wYoI5DV3XZGJri7l9cOP; 1e3Yx1PLC5EP8lz0OFOHda,0q5e5KtUOhYQujmhLP0pKd,https://i.scdn.co/image/ab67616d00001e029fd839ed5ae2fd87ee8ac923
2026-08-02,in,India,26,5,Saiyaara,Tanishk Bagchi; Faheem Abdullah; Arslan Nizami; Irshad Kamil,4f7KfxeHq9BiylGmyXepGt; 05etL4pzWd6TSv1x5WrlG3; 5yzqUq3vXrMkmfcOwMY203; 3GdSQUH1BRtl9UrrtuwJlP,5SSZtFWdrmFV4MxtlRA13N,https://i.scdn.co/image/ab67616d00001e022fc1f0e56f80b5e7cc388b3c
2026-08-02,in,India,27,3,"Sitaare (From ""Ikkis"")",Arijit Singh; Sachin-Jigar; Amitabh Bhattacharya,4YRxDV8wJFPHPTeXepOstw; 1mBydYMVBECdDmMfE2sEUO; 2fMqTqiTxUDlmcOEPaQSsx,6WlARP6h4CDVOcY386wW0W,https://i.scdn.co/image/ab67616d00001e02dccd4f11c8ac8e1f2c8dfc51
2026-08-02,in,India,28,2,Zaalima,Arijit Singh; Harshdeep Kaur,4YRxDV8wJFPHPTeXepOstw; 3xU8YsNNkmWSPewlB18NUz,4MU4Kfkd9EnkArK2ocQyqK,https://i.scdn.co/image/ab67616d00001e02627b5b17cb48f6e6956b842e
2026-08-02,in,India,29,–,Apna Bana Le,Sachin-Jigar; Arijit Singh; Amitabh Bhattacharya,1mBydYMVBECdDmMfE2sEUO; 4YRxDV8wJFPHPTeXepOstw; 2fMqTqiTxUDlmcOEPaQSsx,1hA697u7e1jX2XM8sWA6Uy,https://i.scdn.co/image/ab67616d00001e02b85b4e8fb6ba961aedfde386
2026-08-02,in,India,30,8,Boom Shaka,KR$NA; Dhanda Nyoliwala,5C1S9XwxMuuCciutwMhp5t; 2rN8LHqK4TBI7y3d9POvJb,1g6nQTE5x7eLJX7tXCTiSz,https://i.scdn.co/image/ab67616d00001e0213dcb5da9470852eb67f1783
2026-08-02,in,India,31,1,"Agar Tum Saath Ho (From ""Tamasha"")",Alka Yagnik; Arijit Singh,3gBKY0y3dFFVRqicLnVZYz; 4YRxDV8wJFPHPTeXepOstw,6kYoY0PhBelP64UMnhsEZx,https://i.scdn.co/image/ab67616d00001e0225f7621c3c70dd1f868b61bc
2026-08-02,in,India,32,17,For A Reason,Karan Aujla; Ikky,6DARBhWbfcS9E4yJzcliqQ; 3nqS8jzqmsPKFJTp0BOIel,0cYohCh24y1aMjJmcS9RBl,https://i.scdn.co/image/ab67616d00001e0289e8f71cb6f3b6cc60944858
2026-08-02,in,India,33,2,O Sanam,Akhil Sachdeva,3TOhzLRYnkkul71yRBxIoM,7HuuShTJs1tf6rFLDElyik,https://i.scdn.co/image/ab67616d00001e02a81f7cd4177159051ac9bbfc
2026-08-02,in,India,34,13,Boyfriend,Karan Aujla; Ikky,6DARBhWbfcS9E4yJzcliqQ; 3nqS8jzqmsPKFJTp0BOIel,3ExgWVPWOQts9RVBkqpdic,https://i.scdn.co/image/ab67616d00001e0289e8f71cb6f3b6cc60944858
2026-08-02,in,India,35,1,Shararat,Shashwat Sachdev; Madhubanti Bagchi; Jasmine Sandlas,465OXuCU8YZNmVG1leLwQ9; 4ojkMVHjuDZgDXSJy5qs2h; 0mJDQBWytBhOh5JB1DOQ1c,0R7grQWU1dRxiOQGIqZm0Z,https://i.scdn.co/image/ab67616d00001e027838ccbef3fb712228e23fc5
2026-08-02,in,India,36,1,"Mast Magan (From ""2 States)",Arijit Singh; Chinmayi,4YRxDV8wJFPHPTeXepOstw; 5UJ2sHO2ELrgW6aXeRLTQQ,5bVmOD7UKfP2iLFUGMtdnS,https://i.scdn.co/image/ab67616d00001e022d2263486e48ab1b41ae2466
2026-08-02,in,India,37,2,Ye Tune Kya Kiya,Pritam; Javed Bashir; Rajat Arora,1wRPtKGflJrBx9BmLsSwlU; 5diMmmNkRVfgUnXJrzXzjZ; 6Ahs12ksf1lju6bHwuX4X2,2cPUB8EOT6AfJ8oxhyoNXL,https://i.scdn.co/image/ab67616d00001e02fe77bd21eb38ff74b5f21524
2026-08-02,in,India,38,5,Hale Dil,Harshit Saxena; Sayeed Quadri,4auibajZua9Ld8sPMOmPYc; 2pGRniGOJSOvYoK3dGaBb8,6GQK4G5o60E8YA18DGpAzv,https://i.scdn.co/image/ab67616d00001e022432edc97b465e6db54d356b
2026-08-02,in,India,39,3,Aarzu (with Asim Azhar),Asim Azhar; Noor; Khan; Madhurxo,1ZChN8G1Y7CJ0TXbrvblwS; 7F5LO6TFFBGkRhsQdCcLVm; 6Pw5uJLhqmspnTuHchPnmS; 0o5KaItv2mU6ACmRP19Qc2,1GnZH0wek1fkGCQnUsK6D0,https://i.scdn.co/image/ab67616d00001e0223163367c297997eaa635b66
2026-08-02,in,India,40,2,Ehsaas,Faheem Abdullah; Duha Shah; Vaibhav Pani; Hyder Dar,05etL4pzWd6TSv1x5WrlG3; 3l1qBa4ZTuNfYOap9WGbDQ; 6FedIS4fevWR5JdQQvviFB; 7Khu2sHjq6VFAfiRLql5tt,5PetOhEX9N0oyBB0Keqobv,https://i.scdn.co/image/ab67616d00001e02e80fd38e3f7025158e40a3ae
2026-08-02,in,India,41,2,Majboor,Sheheryar Rehan; Zoha Waseem,4uulqSsU6e7BdsYYos6kfS; 20DlRoUeIcVHGEEgYuvvZ8,0lp3WWhjxFVUht81AQmWX8,https://i.scdn.co/image/ab67616d00001e02ba7861fdb5826a0038078c23
2026-08-02,in,India,42,6,Ishq Bulaava,Vishal-Shekhar; Sanam Puri; Shipra Goyal,6Mv8GjQa7LKUGCAqa9qqdb; 5kiKQJrz4BT7vFWVECAmHH; 7gOZcXPfLtLbFgUyHGV7cZ,1fkjRQA8wXPPyxqYLbxuqy,https://i.scdn.co/image/ab67616d00001e022025db071cd9dd7e8023e01e
2026-08-02,in,India,43,2,"Raanjhan (From ""Do Patti"")",Sachet-Parampara; Parampara Tandon; Kausar Munir,1SyKki7JI1AZNKwgNMkn25; 1E6arsXf5Fgsnv9YpSzjpE; 3GBSge8pq7mpezUQl0GAOA,4vHRQnzGcKEtqsLH70tAms,https://i.scdn.co/image/ab67616d00001e02773c5f60bcb309ef8802e4ef
2026-08-02,in,India,44,4,LAAVAN,Jasmine Sandlas; Mofusion,0mJDQBWytBhOh5JB1DOQ1c; 3JXcjiMGfbPsp7deM1JYIv,0RWLe6Dx5cWyPuB1sw6eWf,https://i.scdn.co/image/ab67616d00001e0285b1cf1e8e5879a440eecf1f
2026-08-02,in,India,45,1,"Chahun Main Ya Naa (From ""Aashiqui 2"")",Palak Muchhal; Arijit Singh,3yMmYEklQ7gLOZXEFNd3xr; 4YRxDV8wJFPHPTeXepOstw,7Imk0IG6S5GA5iYWkjmMW5,https://i.scdn.co/image/ab67616d00001e02808542d48ec7021a0577f4f5
2026-08-02,in,India,46,9,Jo Tere Sang,Jeet Gannguli; Mustafa Zahid; Sayeed Quadri,2kkQthS9OLpK4UqNWYqoVl; 71oGOxg5ez52Hh1Ye41A98; 2pGRniGOJSOvYoK3dGaBb8,0kYBzFJ5a2Jozi6cI4y9Bp,https://i.scdn.co/image/ab67616d00001e020ccca2f49bcdac5491e47b1a
2026-08-02,in,India,47,1,Amsham - അംശം,Aksomaniac; M.H.R; Bhumi; Circle Tone,12tOFlQDhU4Jx6wNb9XO87; 5A5bbXuMkVh28lxVO4y25g; 6ze415xN4HqPmAhj1P4pRl; 5FLdl3TGJp0xXgUSimW2yQ,0Dt5EqEckM8jcfMYEdlx2Z,https://i.scdn.co/image/ab67616d00001e02530e627d6b4aced65e1ccf4a
2026-08-02,in,India,48,3,"Humsafar (From ""Badrinath Ki Dulhania"")",Akhil Sachdeva; Mansheel Gujral,3TOhzLRYnkkul71yRBxIoM; 7zfceKY7I04Tc0J2o7043h,7aE1lfskJLMHQnzCCP1zsV,https://i.scdn.co/image/ab67616d00001e02dc9563139ebc2a5597254664
2026-08-02,in,India,49,1,Mashooqa - From “Cocktail 2”,Pritam; Mahmood; Raghav Chaitanya; Amitabh Bhattacharya; Ruaa Kayy,1wRPtKGflJrBx9BmLsSwlU; 06nvjg4wBANK6DCHjqtPNd; 3qpyErDI4i90q5EGgSRmNK; 2fMqTqiTxUDlmcOEPaQSsx; 453JLa1zShRo3qMqna91v7,0IfWnsZSHmBf8tVlYEuUQG,https://i.scdn.co/image/ab67616d00001e02adb1a15b21a4b9728285ca94
2026-08-02,in,India,50,4,Tere Bina,A.R. Rahman; Chinmayi; Murtuza Khan; Qadir Khan,1mYsTxnqsietFxj1OgoGbG; 5UJ2sHO2ELrgW6aXeRLTQQ; 3v8isPrc8btWVMF3bnOIcj; 2gTPBFjo3M9rvMSZWTk9nT,4FeczSomVWVyU4FW7xDeAI,https://i.scdn.co/image/ab67616d00001e020504fdf58bae8cd52dd13047
2026-08-02,in,India,51,–,Deewaana Deewaana,A.R. Rahman; Irshad Kamil,1mYsTxnqsietFxj1OgoGbG; 3GdSQUH1BRtl9UrrtuwJlP,47RTQoh3pzjhWLUMllNRRJ,https://i.scdn.co/image/ab67616d00001e02ba52c35bca6b280c7a9233ce
2026-08-02,in,India,52,1,Teri Deewani,Kailash Kher; Paresh Kamath; Naresh Kamath,4oVMLzAqW6qhRpZWt8fNw4; 3PgeUFj9oHU4K4RGaITz2f; 79sho4jpEGoCCC51KHnNSJ,2iNqdCchlUZEgjJbQyZf8T,https://i.scdn.co/image/ab67616d00001e02a853b902decce7830d171841
2026-08-02,in,India,53,5,Kath Lagda,Navaan Sandhu; Dhanda Nyoliwala; Sanya Dandona; RXTRO,6PdJJhJWHFRtoERTQ8JGq1; 2rN8LHqK4TBI7y3d9POvJb; 5Y88j1QhlpI0iUp0uMrXip; 7lGDbXQAFrqSli1Xg28orT,3zoM4v1qTX94ZqfPYRReJh,https://i.scdn.co/image/ab67616d00001e02c6938397eb1e5cb7ba59f09a
2026-08-02,in,India,54,–,Tera Mera Rishta,Pritam; Mustafa Zahid; Sayeed Quadri,1wRPtKGflJrBx9BmLsSwlU; 71oGOxg5ez52Hh1Ye41A98; 2pGRniGOJSOvYoK3dGaBb8,23T4WcVkvuaAEOgXr848i1,https://i.scdn.co/image/ab67616d00001e028f2706d41aa1ec24c04135ba
2026-08-02,in,India,55,2,Raabta,Pritam; Arijit Singh,1wRPtKGflJrBx9BmLsSwlU; 4YRxDV8wJFPHPTeXepOstw,6FjbAnaPRPwiP3sciEYctO,https://i.scdn.co/image/ab67616d00001e02e810a88d506b30bdc0935247
2026-08-02,in,India,56,–,Tum Se Hi,Pritam; Mohit Chauhan; Irshad Kamil,1wRPtKGflJrBx9BmLsSwlU; 5GnnSrwNCGyfAU4zuIytiS; 3GdSQUH1BRtl9UrrtuwJlP,7eQl3Yqv35ioqUfveKHitE,https://i.scdn.co/image/ab67616d00001e0252fe6875028c892308ffc2f7
2026-08-02,in,India,57,8,Jhol,Maanu; Annural Khalid,3scNK8e4mqnP6Rb8a3lwZY; 1nCZUpBIcyOxufOx0lPeIW,4XTgFBxBHN6var1BzAgE1m,https://i.scdn.co/image/ab67616d00001e02da7d1408f8e776063963572f
2026-08-02,in,India,58,3,"Humsafar (From ""Saiyaara"")",Sachet-Parampara; Sachet Tandon; Parampara Tandon; Irshad Kamil; Prashant Pandey,1SyKki7JI1AZNKwgNMkn25; 6WOdPJmexxFINcKMkP2jMG; 1E6arsXf5Fgsnv9YpSzjpE; 3GdSQUH1BRtl9UrrtuwJlP; 7vCsTTACb2iT4fvBMnwp5w,0OLTYqD8FpjkLsxJmdWmgi,https://i.scdn.co/image/ab67616d00001e02dfc5ea836092ec71ca7a5dcb
2026-08-02,in,India,59,1,"Tum Hi Ho (From ""Aashiqui 2)",Arijit Singh,4YRxDV8wJFPHPTeXepOstw,7LfIX3DCzl3AtGJWlCKOKK,https://i.scdn.co/image/ab67616d00001e022d2263486e48ab1b41ae2466
2026-08-02,in,India,60,2,Sang Rahiyo,Jasleen Royal; Ujjwal Kashyap; Neeraj Rajawat,74OaRjmyh0XyRZsQQQ5l7c; 6RzPQpJ5z2JkOJlmsCVxJq; 3yjKvP7LiyIw2dzB5CCGxM,45PA9lW7U5LYnlpGrdTyHY,https://i.scdn.co/image/ab67616d00001e02926450b06294e944ab7af6e8
2026-08-02,in,India,61,2,Jeena Jeena,Sachin-Jigar; Atif Aslam,1mBydYMVBECdDmMfE2sEUO; 2oSONSC9zQ4UonDKnLqksx,5lKE040hUfDAKOR8HLG92p,https://i.scdn.co/image/ab67616d00001e02972a8fa058a13f91a1a46850
2026-08-02,in,India,62,1,"Haareya (From ""Meri Pyaari Bindu "")",Sachin-Jigar; Arijit Singh; Priya Saraiya,1mBydYMVBECdDmMfE2sEUO; 4YRxDV8wJFPHPTeXepOstw; 6q29t5RuXxlBuqIZsOMQss,678JJ0TF3KFkzw6bIFKcew,https://i.scdn.co/image/ab67616d00001e02f2607ce870ebc75e030e0224
2026-08-02,in,India,63,6,Jeene Laga Hoon,Sachin-Jigar; Atif Aslam; Shreya Ghoshal,1mBydYMVBECdDmMfE2sEUO; 2oSONSC9zQ4UonDKnLqksx; 0oOet2f43PA68X5RxKobEy,3t3wsY5IdLVzB9WidegJSU,https://i.scdn.co/image/ab67616d00001e02cab73e6ac9bf4bf3c6931570
2026-08-02,in,India,64,12,Mann Mera - Original Version,Gajendra Verma,1yzgJmZf5CxtFfGfRFm4Si,1As2Jo89VTF9V3D6GuOPr9,https://i.scdn.co/image/ab67616d00001e020be94602b5b22cbe139a366b
2026-08-02,in,India,65,14,KALYANI,ARJN; KDS; FIFTY4; RONN,5j2JTk8JqepIgv1zxYOuIi; 41opZo9bHh8CZoIdR3IgP7; 1NApv6DzDP19uLuxJ0CuuP; 6jw1jO7iGLcrQyXL1Ia0IW,2Uyj6K6mSaFTZsPvov415i,https://i.scdn.co/image/ab67616d00001e028c681e9dd49d13f7d223f8bf
2026-08-02,in,India,66,12,Oorum Blood,Sai Abhyankkar; Paal Dabba; Bhumi; Deepthi Suresh,5jJrJU7VVmxQQLcLAmmxXc; 0cQJg3qKYiogK9Qj1H0Qpx; 6ze415xN4HqPmAhj1P4pRl; 4PY2xnTu90K0hvkgcljRJl,4pCXTYAPgdzMTCsDdDwjy3,https://i.scdn.co/image/ab67616d00001e02712a8e87fa2daf05e7d1ce8c
2026-08-02,in,India,67,6,"Bandhu 2.0 (From ""Cocktail 2"")",Pritam; Kavita Seth; Neeraj Shridhar; Irshad Kamil,1wRPtKGflJrBx9BmLsSwlU; 3nQ125TJobosBH446Dsvvv; 3tHD07u1ON4uHxmnT9rwqZ; 3GdSQUH1BRtl9UrrtuwJlP,4qnFfsCaMe2Nsg1VfFPxq9,https://i.scdn.co/image/ab67616d00001e02f636f602313d09930701de59
2026-08-02,in,India,68,6,Tujhko - From “Cocktail 2”,Pritam; Arijit Singh; Sunidhi Chauhan; Amitabh Bhattacharya,1wRPtKGflJrBx9BmLsSwlU; 4YRxDV8wJFPHPTeXepOstw; 3eDT9fwXKuHWFvgZaaYC5v; 2fMqTqiTxUDlmcOEPaQSsx,34brecMr3yWUJFPcwrAhax,https://i.scdn.co/image/ab67616d00001e02adb1a15b21a4b9728285ca94
2026-08-02,in,India,69,6,Ishqa Ve,Zeeshan Ali; Yuvraj Tung; Sandeep Aulakh; Honey Dhillon,1Bz46nDCMO1UOKp9GJjL92; 7yqoq4MWdw2ZNyAKDqH0fE; 3allL5EVHCpBzNZHN2JCc5; 0d4qS5KvrIwi0l5OMiftsH,0febwTwLDSZzrt46i1RBF5,https://i.scdn.co/image/ab67616d00001e020cfff15d92e2acb5a4b45ef5
2026-08-02,in,India,70,2,Taare,Farak; 10A; Saswat Balan,1gbYkP3zeoGen1itU6pO9a; 1qAdkJbLIPX8QCtNh6EJMh; 32usn7ItgyYDjproXWuZMz,2iVj11OdEBNIGUv9f7jGPK,https://i.scdn.co/image/ab67616d00001e02a81b61a834db74333eb53a2e
2026-08-02,in,India,71,–,"Ve Junoon (From ""Awarapan 2"")",Mithoon; Sayeed Quadri; Subodhh Sharma,09UmIX92EUH9hAK4bxvHx6; 2pGRniGOJSOvYoK3dGaBb8; 1dWf4FUHnUgKHkSNmPofYx,0jfPsVkuCCqz8A9vDkWkMr,https://i.scdn.co/image/ab67616d00001e0288c28c6ce03addf74c775bca
2026-08-02,in,India,72,6,Maahi,Shaarib Toshi; Toshi Sabri; Sayeed Quadri,0FJz7XR37hH69traaHLijA; 0Dr1dEmiBkgZWPsc1j5oHV; 2pGRniGOJSOvYoK3dGaBb8,4bIQXffbALkCC0Xo6aTicP,https://i.scdn.co/image/ab67616d00001e02bf8dad28cba0f3680ee29364
2026-08-02,in,India,73,3,"Kaise Hua (From ""Kabir Singh"")",Vishal Mishra; Manoj Muntashir,5wJ1H6ud777odtZl5gG507; 4cAERazLlAzVGA10ORWaUP,1y1rQTkWmrZdJmjwuK07GC,https://i.scdn.co/image/ab67616d00001e02ce1f4349305971b5beb75fcd
2026-08-02,in,India,74,10,"Dhun (From ""Saiyaara"")",Mithoon; Arijit Singh,09UmIX92EUH9hAK4bxvHx6; 4YRxDV8wJFPHPTeXepOstw,1GFQthxDi4Tqe3wJ5j0G5S,https://i.scdn.co/image/ab67616d00001e02781faf59a3cb980fe3b493f8
2026-08-02,in,India,75,1,Jackpot,Cheema Y; Gur Sidhu,0uOUeC51AxGnP6hB8gurwt; 0QntOArZgiNHoemAzwJPu5,0JOAMHwHFGKbPOwfM26fL7,https://i.scdn.co/image/ab67616d00001e02db055ba83d3809eec4c86527
2026-08-02,in,India,76,8,Tu Jaane Na,Pritam; Atif Aslam,1wRPtKGflJrBx9BmLsSwlU; 2oSONSC9zQ4UonDKnLqksx,4iFPsNzNV7V9KJgcOX7TEO,https://i.scdn.co/image/ab67616d00001e02a200135a2008410280695cb3
2026-08-02,in,India,77,13,Husn,Anuv Jain,4gdMJYnopf2nEUcanAwstx,0TL0LFcwIBF5eX7arDIKxY,https://i.scdn.co/image/ab67616d00001e020d3449f333a83a25feb423f8
2026-08-02,in,India,78,16,Aashiq Tera,Sohail Sen; Altamash Faridi,1bTROl5p3rGTpvKeWnGgrw; 38IHJBGBuaYXHEkIQd4DtF,7FwYs4qSJCJi2Hd6ZV8Q3M,https://i.scdn.co/image/ab67616d00001e0211b260e5bfa1590dc2f3449a
2026-08-02,in,India,79,2,Raga of Revenge,Anirudh Ravichander,4zCH9qm4R2DADamUHMCa6O,6bbJpVAKx6JPAKaMFmaxvC,https://i.scdn.co/image/ab67616d00001e02b90520d9172e8beeaeb6449b
2026-08-02,in,India,80,15,"Pal Pal Dil Ke Paas - From ""Blackmail""",Kishore Kumar,0GF4shudTAFv8ak9eWdd4Y,664I8QIKG0n14vGbRSrGYj,https://i.scdn.co/image/ab67616d00001e02a3249c6d32f69eb242c0cc46
2026-08-02,in,India,81,14,Ishq Sufiyana (Male),Vishal-Shekhar; Kamal Khan,6Mv8GjQa7LKUGCAqa9qqdb; 01DlVvmRpQFutrYzh0HmF8,5zcfnScTSFGCHGY1yeXWke,https://i.scdn.co/image/ab67616d00001e0254ab341c139cfe4dc15d2d39
2026-08-02,in,India,82,17,High On You,Jind Universe,5KmFbbptaZhEtmMibvibUE,2eqUVYJVnlDs8PgOtuOlJm,https://i.scdn.co/image/ab67616d00001e02d968dc9090c04aef184ab00f
2026-08-02,in,India,83,1,Safar,Bayaan; Sherazam,3atMq790wQ7IqjeSO0HFeP; 36BLIKK4GrUzHNiM1t5dqN,51Ggv32i87ei9RYT0mkcVY,https://i.scdn.co/image/ab67616d00001e02dace28f8bd8585a21fc58088
2026-08-02,in,India,84,5,God Mode,Sai Abhyankkar; Gana Muthu; Vishnu Edavan,5jJrJU7VVmxQQLcLAmmxXc; 2oyLpdrvnRrkgwc48UZFSx; 0EESJaBQY5fiBeQOGvDi3T,5IA1BVN8OKwpCxkgeOR8YM,https://i.scdn.co/image/ab67616d00001e0296692a4abb1d828ca444db71
2026-08-02,in,India,85,5,Naal Nachna,Shashwat Sachdev; Afsana Khan; Irshad Kamil; Reble,465OXuCU8YZNmVG1leLwQ9; 4z0z82pXirH1TrygipQlOo; 3GdSQUH1BRtl9UrrtuwJlP; 3MsxNLVtDVGxjEaxgKAoi0,2nnDPEbNxnBKq5RG6sObTg,https://i.scdn.co/image/ab67616d00001e027838ccbef3fb712228e23fc5
2026-08-02,in,India,86,3,Phir Mohabbat,Mohammed Irfan; Arijit Singh; Saim Bhat; Mithoon; Sayeed Quadri,6QtJ6BVdj43aDpgjnVp2tY; 4YRxDV8wJFPHPTeXepOstw; 0HIpVOzrDwqiI5wP56soMK; 09UmIX92EUH9hAK4bxvHx6; 2pGRniGOJSOvYoK3dGaBb8,2b2HutIDmoeBnnKRWDLAtV,https://i.scdn.co/image/ab67616d00001e022432edc97b465e6db54d356b
2026-08-02,in,India,87,1,Dhurandhar - Title Track,Shashwat Sachdev; Hanumankind; Jasmine Sandlas; Sudhir Yaduvanshi; Charanjit Ahuja; Muhammad Sadiq; Ranjit Kaur; Babu Singh Maan,465OXuCU8YZNmVG1leLwQ9; 4nVa6XlBFlIkF6msW57PHp; 0mJDQBWytBhOh5JB1DOQ1c; 586UieDtNlK2F8hEMayYbb; 5jI1jiicLnii7yjSbAj9xj; 0Wrp7P9HV2JVEKAzU3tLSD; 2RB4eCNO29DoHWqjLtPAFY; 0CrZKzYlBaQEXqXGNduM4d,5xKr4HfdnYLMDmAJZkOuBc,https://i.scdn.co/image/ab67616d00001e027838ccbef3fb712228e23fc5
2026-08-02,in,India,88,4,"Ajab Si (From ""Om Shanti Om"")",KK,4fEkbug6kZzzJ8eYX6Kbbp,6pP4YH81WuWHvAwyRvAu8Y,https://i.scdn.co/image/ab67616d00001e02f99cb6f65e480ac900fe3100
2026-08-02,in,India,89,1,"Humdard (From ""Ek Villain"")",Arijit Singh,4YRxDV8wJFPHPTeXepOstw,5ZGtdGwdocDZDniXHkmnVA,https://i.scdn.co/image/ab67616d00001e027569cbe3695608074d9fd389
2026-08-02,in,India,90,1,Yeh Fitoor Mera,Amit Trivedi; Arijit Singh,7HCqGPJcQTyGJ2yqntbuyr; 4YRxDV8wJFPHPTeXepOstw,7kvLAPEnEPlSbhZDlHFv0p,https://i.scdn.co/image/ab67616d00001e02b99c0e6b9bf5ba4da74e816d
2026-08-02,in,India,91,4,Jamaican (Bam Bam),HUGEL; SOLTO (FR),5PlfkPxwCpRRWQJBxCa0By; 0F3tUZeb9dLNEpxCpzEBQt,7e4zDInS6tA2jwzphvs2Ay,https://i.scdn.co/image/ab67616d00001e02450a730dd72f3bf49882ae9d
2026-08-02,in,India,92,11,Humnava Mere,Jubin Nautiyal; Rocky - Shiv; Manoj Muntashir; Rocky Khanna,1tqysapcCh1lWEAc9dIFpa; 5Obu9ifz8EKdm0uL5CvgUY; 4cAERazLlAzVGA10ORWaUP; 706HpBx83UlG2Shf6zTnSC,0loZn1c5heXie7OAtvK6nH,https://i.scdn.co/image/ab67616d00001e02c1cd18ce264a99c525dd88f5
2026-08-02,in,India,93,4,Sadi Sun,Harsh Nussi,3i0OAds0OcYLQl3uuJsaKy,6tFOIy09JZJqwPXck71b21,https://i.scdn.co/image/ab67616d00001e0255ffc6425fc8ea48795374a1
2026-08-02,in,India,94,9,"Raanjhanaa (From ""Raanjhanaa"")",A.R. Rahman; Jaswinder Singh; Shiraz Uppal,1mYsTxnqsietFxj1OgoGbG; 2IP4wcE4hRbDi1zdV8Si6g; 7DcUua74PM7MmBljTTjIyy,5OMUXgfXsSukZ0zxelpC3b,https://i.scdn.co/image/ab67616d00001e020c556f210b927ca230f32241
2026-08-02,in,India,95,18,Be Intehaan,Atif Aslam; Sunidhi Chauhan; Pritam,2oSONSC9zQ4UonDKnLqksx; 3eDT9fwXKuHWFvgZaaYC5v; 1wRPtKGflJrBx9BmLsSwlU,04y4IqZt14y7k7pXYE19Zy,https://i.scdn.co/image/ab67616d00001e02af932ac943c7afa6b74659f7
2026-08-02,in,India,96,20,"Channa Ve - From ""Bhoot - Part One: The Haunted Ship""",Akhil Sachdeva; Mansheel Gujral,3TOhzLRYnkkul71yRBxIoM; 7zfceKY7I04Tc0J2o7043h,2Z6HgNji9cNlFLNORw6wDQ,https://i.scdn.co/image/ab67616d00001e02d3c06cabe1f80f26d369c5ba
2026-08-02,in,India,97,5,Karuppa Kooda Va,Sai Abhyankkar; V.M. Mahalingam; Pa. Vijay,5jJrJU7VVmxQQLcLAmmxXc; 6mHtkNCvRoFV9XMzvjSF1u; 1dg4azP3LshEhi3moXgJQv,0otC5nlgJZ27Q38AA8z6zj,https://i.scdn.co/image/ab67616d00001e0296692a4abb1d828ca444db71
2026-08-02,in,India,98,24,Andaaz e Karam,Madhur Sharma; Moin; ER,2kfi47LWmlXzQ3p3kWonfQ; 7xgtUknw8tyUhWkSnMjhti; 7uhWXYh7CNH1M9Dwko8qll,0qheD9ZwdmVKu5ktHXFbb0,https://i.scdn.co/image/ab67616d00001e029e012a63ed996813dff3435e
2026-08-02,in,India,99,1,Raavana Mavandaa,Anirudh Ravichander; Vivek,4zCH9qm4R2DADamUHMCa6O; 25Pa1Vz1ZuTHmXPiYeMcgx,0uwCHmQINLQI1cuGvHKCt3,https://i.scdn.co/image/ab67616d00001e02b175576e0565a880424bc9a1
2026-08-02,in,India,100,11,Samjho Na,Aditya Rikhari,3ozYqVCLohfpXIhalkhM8D,1d5lpW3gUyq537iuyrb9Lf,https://i.scdn.co/image/ab67616d00001e0261589325f2ee1797c6527512
2026-08-02,in,India,101,9,Saibo,Sachin-Jigar; Shreya Ghoshal; Tochi Raina,1mBydYMVBECdDmMfE2sEUO; 0oOet2f43PA68X5RxKobEy; 6k6dimE4a6OFnD0HWmkIUW,2dDHtDrDaxTB7QR6EoCSne,https://i.scdn.co/image/ab67616d00001e02b85d870860408d980b9d3e32
2026-08-02,in,India,102,22,Lae Dooba,Sunidhi Chauhan; Manoj Muntashir,3eDT9fwXKuHWFvgZaaYC5v; 4cAERazLlAzVGA10ORWaUP,4x4yd51V2SFlaZJXCuT05R,https://i.scdn.co/image/ab67616d00001e02b07f05b2c677061a6bd4ea00
2026-08-02,in,India,103,3,Baarishein,Anuv Jain,4gdMJYnopf2nEUcanAwstx,3WLJ7D5kh44K5eJ1NqZQ6W,https://i.scdn.co/image/ab67616d00001e02d8ca783fa570b57e082f4374
2026-08-02,in,India,104,4,Dil Ibaadat,Pritam; KK; Sayeed Quadri,1wRPtKGflJrBx9BmLsSwlU; 4fEkbug6kZzzJ8eYX6Kbbp; 2pGRniGOJSOvYoK3dGaBb8,3Kl8p2PxVf8eAayLwTxOIm,https://i.scdn.co/image/ab67616d00001e02bcb8ec035de7b2dda0f74660
2026-08-02,in,India,105,45,"Alaakaa Loova (From ""OM Chapter 1: Udhiram - The Blood Wood"") [Tamil]",Sai Abhyankkar; Rokesh,5jJrJU7VVmxQQLcLAmmxXc; 6R33h8YbB5fFg8RdJdQ6bL,0JiGoqPHbvK65rBHadXYoB,https://i.scdn.co/image/ab67616d00001e029bb20c6de754b89e4f4c5da3
2026-08-02,in,India,106,20,Sun Saathiya,Divya Kumar; Priya Saraiya,0NErdIJtuKBjtxKmlqaWdj; 6q29t5RuXxlBuqIZsOMQss,5a2Hoi1wuhCA6Ob7pbOlpW,https://i.scdn.co/image/ab67616d00001e024634da1d297644a35619f4fc
2026-08-02,in,India,107,20,Pal Pal,Afusic; AliSoomroMusic,1pS0qiLG23HMMLFwsQALKx; 2hXbxDaLthfodvgEpP6Xpm,4LMlVCXHJtCE9abhmn0mYo,https://i.scdn.co/image/ab67616d00001e0285c5968be0d0d9c545241124
2026-08-02,in,India,108,7,Kaho Na Kaho,Anu Malik; Amir Jamal,71hjb5G92mGoKRSAW3Cj00; 6fjlehmqzeqeDmRwnbvapd,3zH1P7gc5petyL0sYCF67K,https://i.scdn.co/image/ab67616d00001e02ff6b439f8e29ce783311431b
2026-08-02,in,India,109,26,Low Fade,Karan Aujla; Mxrci,6DARBhWbfcS9E4yJzcliqQ; 5Us2dsq4VHlfLbKOrskg7K,4CZl2BQkGPIFK99cf6jTAz,https://i.scdn.co/image/ab67616d00001e027be686dc1febf2f2957c1fce
2026-08-02,in,India,110,19,Haseen,Talwiinder; NDS; Rippy Grewal,6QoCrBHsojKnOrsGNfRcTN; 5xh6szshoZ0UfZD1x6QzZG; 1RaZAbVB4yopz69N1XlZvj,08GYLNhKthS3arMdXsveRI,https://i.scdn.co/image/ab67616d00001e0205be603d0ab07ff5b195554e
2026-08-02,in,India,111,8,Tera Chehra,Himesh Reshammiya; Arijit Singh,0sSxphmGskGCKlwB9xa6WU; 4YRxDV8wJFPHPTeXepOstw,0fU73va0bnroitbOzudBU4,https://i.scdn.co/image/ab67616d00001e02113ce0ecfc878bbbe4268916
2026-08-02,in,India,112,4,Jaan Se Guzarte Hain,Shashwat Sachdev; Khan Saab; Nusrat Fateh Ali Khan,465OXuCU8YZNmVG1leLwQ9; 5Uo28tAylVBPPW2Cs8LFwN; 5HcunTidTUrOaf8V0iJcvl,4aWTPC6cuebk9zSpW1PY1Y,https://i.scdn.co/image/ab67616d00001e024c3eeb98521e02693a46d6db
2026-08-02,in,India,113,58,Shree Hanuman Chalisa,Hariharan; Lalit Sen; Chander,2NoJ7NuNs9nyj8Thoh1kbu; 5fDnhohLUsWhN7MUXse3QS; 2RY2JQU7jz6KEp04i7TGld,6H7fLdt0AeWpuxUKXuXWrx,https://i.scdn.co/image/ab67616d00001e025182ea98b2ea623977917597
2026-08-02,in,India,114,18,"Tujhe Kitna Chahne Lage (From ""Kabir Singh"")",Arijit Singh; Mithoon,4YRxDV8wJFPHPTeXepOstw; 09UmIX92EUH9hAK4bxvHx6,2Fv2injs4qAm8mJBGaxVKU,https://i.scdn.co/image/ab67616d00001e02ba03ff79dad25f7c3542382f
2026-08-02,in,India,115,8,"Yeh Awarapan (From ""Awarapan 2"")",Amaal Mallik; Arijit Singh; Rashmi Virag,76fuWYgIf3TVIopTs3vaJ6; 4YRxDV8wJFPHPTeXepOstw; 5r2baeTwcCJnuIsDIlxUJo,45WZToFfKWqeN8A9GyBETB,https://i.scdn.co/image/ab67616d00001e02848553dc16f0f7004cf66571
2026-08-02,in,India,116,2,Zara Sa,Pritam; KK; Sayeed Quadri,1wRPtKGflJrBx9BmLsSwlU; 4fEkbug6kZzzJ8eYX6Kbbp; 2pGRniGOJSOvYoK3dGaBb8,18YHbIhrleUkKKj2DvEp79,https://i.scdn.co/image/ab67616d00001e02727d531901c07a499498c544
2026-08-02,in,India,117,6,Tera Hone Laga Hoon,Pritam; Atif Aslam; Alisha Chinai,1wRPtKGflJrBx9BmLsSwlU; 2oSONSC9zQ4UonDKnLqksx; 4mBxoO0pAcMbAwuTcrcLMc,0dLbrlAVPPjpPqnYfmJsWk,https://i.scdn.co/image/ab67616d00001e02a200135a2008410280695cb3
2026-08-02,in,India,118,3,"Bekhayali (From ""Kabir Singh"")",Sachet Tandon; Sachet-Parampara,6WOdPJmexxFINcKMkP2jMG; 1SyKki7JI1AZNKwgNMkn25,1feANd8EfcDP5UqSvbheM3,https://i.scdn.co/image/ab67616d00001e0290d98409f70719daa0dc0421
2026-08-02,in,India,119,15,Ishq Di Baajiyaan,Shankar-Ehsaan-Loy; Diljit Dosanjh,0L5GV6LN8SWWUWIdBbTLTZ; 2FKWNmZWDBZR4dE5KX4plR,7AAap8D4C4pTyNoMkM9vjG,https://i.scdn.co/image/ab67616d00001e02769fdad411a4492e2f63f76e
2026-08-02,in,India,120,22,"Tainu Khabar Nahi - From ""Munjya""",Sachin-Jigar; Arijit Singh,1mBydYMVBECdDmMfE2sEUO; 4YRxDV8wJFPHPTeXepOstw,5npFBWhVs3VVlc0nY5xQMA,https://i.scdn.co/image/ab67616d00001e0267a876fee5cd00ed0f395a9e
2026-08-02,in,India,121,24,Saiyyan,Kailash Kher; Paresh Kamath; Naresh Kamath,4oVMLzAqW6qhRpZWt8fNw4; 3PgeUFj9oHU4K4RGaITz2f; 79sho4jpEGoCCC51KHnNSJ,37AGZMVr5V8mEMcCmGHroZ,https://i.scdn.co/image/ab67616d00001e02cd3f6c3c2f2aa9b76fe635b1
2026-08-02,in,India,122,13,Banjaara,Mohammed Irfan; Mithoon,6QtJ6BVdj43aDpgjnVp2tY; 09UmIX92EUH9hAK4bxvHx6,4eFnk661RcdOuH9ajiTO3j,https://i.scdn.co/image/ab67616d00001e02a2ef89ae0f8d1848081c1449
2026-08-02,in,India,123,30,Mann Ki Lagan,Rahat Fateh Ali Khan,3OLGltG8UPIea8sA4w0yg0,0s8fGVzyn6URNrUVwCE3dV,https://i.scdn.co/image/ab67616d00001e026278f616cbba4e3d1deb30e4
2026-08-02,in,India,124,22,"Shaam O Subah Tu Mera - From ""Gabbar Is Back""",Arijit Singh; Palak Muchhal; Chirantan Bhatt; Manoj Yadav,4YRxDV8wJFPHPTeXepOstw; 3yMmYEklQ7gLOZXEFNd3xr; 1Fp2NbOlCFFrrkc29QbhBC; 0qSfAhYhb7KWEuiLuooBaE,1wx0b8nxhnNZ1gEWMromVg,https://i.scdn.co/image/ab67616d00001e02db17912a8820f893e7edc055
2026-08-02,in,India,125,20,"Itni Si Baat Hain (From ""Azhar"")",Arijit Singh; Antara Mitra,4YRxDV8wJFPHPTeXepOstw; 2UwDJeoMqYers5Jmm75zm2,55TlMMnPJTk9Qq6CrqB6dx,https://i.scdn.co/image/ab67616d00001e027569cbe3695608074d9fd389
2026-08-02,in,India,126,14,On The Floor,Jennifer Lopez; Pitbull,2DlGxzQSjYe5N6G9nkYghR; 0TnOYISbd1XYRBk9myaseg,3C0nOe05EIt1390bVABLyN,https://i.scdn.co/image/ab67616d00001e02d7b2aa3834b82b1cbe899a48
2026-08-02,in,India,127,14,Pehli Dafa,Atif Aslam; Shiraz Uppal; Shakeel Sohail,2oSONSC9zQ4UonDKnLqksx; 7DcUua74PM7MmBljTTjIyy; 50tVmZsA8fsA1Bo5VUcOcA,4Tkb7zsDmsawB7S5TpKQV1,https://i.scdn.co/image/ab67616d00001e02afd2bc3f876235be94c0d36d
2026-08-02,in,India,128,14,Toh Phir Aao,Pritam; Mustafa Zahid; Sayeed Quadri,1wRPtKGflJrBx9BmLsSwlU; 71oGOxg5ez52Hh1Ye41A98; 2pGRniGOJSOvYoK3dGaBb8,10rTRsKQDEke6Dd1Qj57Jd,https://i.scdn.co/image/ab67616d00001e028f2706d41aa1ec24c04135ba
2026-08-02,in,India,129,11,Paaro,Aditya Rikhari,3ozYqVCLohfpXIhalkhM8D,0hFkx6EoIRvNmEVXQIIJtk,https://i.scdn.co/image/ab67616d00001e020961aa2e7a0495294eb329e3
2026-08-02,in,India,130,19,Headliner,Navaan Sandhu; Haakam,6PdJJhJWHFRtoERTQ8JGq1; 1gPdNRLkL8J1nZrck72moJ,6USFWgoM3skctkeaKAsHEd,https://i.scdn.co/image/ab67616d00001e02c6938397eb1e5cb7ba59f09a
2026-08-02,in,India,131,17,Hawayein,Pritam; Arijit Singh,1wRPtKGflJrBx9BmLsSwlU; 4YRxDV8wJFPHPTeXepOstw,0l6g8Z8mqGbGXFOjigYetD,https://i.scdn.co/image/ab67616d00001e02faa6cbca4fd36358245390f7
2026-08-02,in,India,132,1,Kashish,Ashish Bhatia; Omkar Singh; Kashish Ratnani,2msR4dHmBiBa99uLmuqFFk; 6dk4snfeN31dQDbb03Wmmr; 5maYabmLqXL3Y5fhFaD3zk,3anHs4ijBd3Iw0E0fBPwtH,https://i.scdn.co/image/ab67616d00001e0278a554c1a4571acbeb8d4cf0
2026-08-02,in,India,133,5,Mitwa,Shankar-Ehsaan-Loy; Shankar Mahadevan; Caralisa Monteiro; Shafqat Amanat Ali,0L5GV6LN8SWWUWIdBbTLTZ; 1SJOL9HJ08YOn92lFcYf8a; 2Yf4MRVpt0rcAd5y5h5ph1; 5SuRAj1A9FEHj5NxS86YAm,4BTPzhEsyW3blWcxcuhLM0,https://i.scdn.co/image/ab67616d00001e02afbf50bfb7b032b69deabade
2026-08-02,in,India,134,3,Labon Ko,Pritam; KK; Sayeed Quadri,1wRPtKGflJrBx9BmLsSwlU; 4fEkbug6kZzzJ8eYX6Kbbp; 2pGRniGOJSOvYoK3dGaBb8,5WncH5iZ5GFlnXm7jKEXVP,https://i.scdn.co/image/ab67616d00001e024cfe2d352da6d7910961377f
2026-08-02,in,India,135,18,Bin Tere,Vishal-Shekhar; Shafqat Amanat Ali; Sunidhi Chauhan,6Mv8GjQa7LKUGCAqa9qqdb; 5SuRAj1A9FEHj5NxS86YAm; 3eDT9fwXKuHWFvgZaaYC5v,3bZPdEskcnMdepwCaDSJRl,https://i.scdn.co/image/ab67616d00001e021992dd7b33baf5887ea4a1ec
2026-08-02,in,India,136,15,Woh Lamhe Woh Baatein,Roop Kumar Rathod; Mithoon; Naresh Sharma; Atif Aslam,03SZmfKAgYRQKUwy0EoJUa; 09UmIX92EUH9hAK4bxvHx6; 3nFgnEel499wKuPnnSlPs3; 2oSONSC9zQ4UonDKnLqksx,2jw1vFPJnVSjywctRTpVeO,https://i.scdn.co/image/ab67616d00001e02df81def5f819407f1ddf2c30
2026-08-02,in,India,137,24,Thodi Si Daaru,AP Dhillon; Shreya Ghoshal,6LEG9Ld1aLImEFEVHdWNSB; 0oOet2f43PA68X5RxKobEy,3JiLQJmVW7d4O8AQDFB3oj,https://i.scdn.co/image/ab67616d00001e02eb0516ec1c97c3cc97f4cb61
2026-08-02,in,India,138,18,Khuda Jaane,Vishal-Shekhar; KK; Shilpa Rao; Anvita Dutt Guptan,6Mv8GjQa7LKUGCAqa9qqdb; 4fEkbug6kZzzJ8eYX6Kbbp; 19LIHDDSHBD5NyYHI3gpzB; 4GEyPR3J4DYvuTRuPJQ0CW,0gPgdRfB4jdGrlyXS0Vx78,https://i.scdn.co/image/ab67616d00001e02a08c7022ea424b2f048b46e9
2026-08-02,in,India,139,7,California Love,Cheema Y; Gur Sidhu,0uOUeC51AxGnP6hB8gurwt; 0QntOArZgiNHoemAzwJPu5,610keNiNVTIkYD0CqeSerg,https://i.scdn.co/image/ab67616d00001e027a7cc8411fe9e9e3ac5487f5
2026-08-02,in,India,140,1,Tum Hi Ho Bandhu,Pritam; Neeraj Shridhar; Kavita Seth,1wRPtKGflJrBx9BmLsSwlU; 3tHD07u1ON4uHxmnT9rwqZ; 3nQ125TJobosBH446Dsvvv,5MxiAxvsFQIr8JZi8XRntN,https://i.scdn.co/image/ab67616d00001e02347c0ed05d0fc9392c7d883e
2026-08-02,in,India,141,16,Starboy,The Weeknd; Daft Punk,1Xyo4u8uXC1ZmMpatF05PJ; 4tZwfgrHOc3mvqYlEYSvVi,7MXVkk9YMctZqd1Srtv4MB,https://i.scdn.co/image/ab67616d00001e024718e2b124f79258be7bc452
2026-08-02,in,India,142,1,Zigane,Dhanda Nyoliwala; Shevv,2rN8LHqK4TBI7y3d9POvJb; 2EQoFz6owAP4ATr5hGFRok,187plAI0yXdIlU0srDPt18,https://i.scdn.co/image/ab67616d00001e02853bd5bf7c87e7cc19f339de
2026-08-02,in,India,143,7,Main Rang Sharbaton Ka,Atif Aslam; Chinmayi; Pritam,2oSONSC9zQ4UonDKnLqksx; 5UJ2sHO2ELrgW6aXeRLTQQ; 1wRPtKGflJrBx9BmLsSwlU,2IEhtVeM9TVql8fZdKdlo9,https://i.scdn.co/image/ab67616d00001e02af932ac943c7afa6b74659f7
2026-08-02,in,India,144,13,Pani Da Rang - Male,Ayushmann Khurrana; Rochak Kohli,7qHsapL39aTQsPhixtzVvy; 3dN9MQpjIyNxyeRfz4EDZe,0bLCiBR9AOtfp98dk7iCL5,https://i.scdn.co/image/ab67616d00001e020fb8b00733fc3b7ae3105773
2026-08-02,in,India,145,17,Nallaru Po,Sai Abhyankkar; Tippu; Mohit Chauhan; Vivek,5jJrJU7VVmxQQLcLAmmxXc; 0PykiHCcDsMPRV7s67qZ1B; 5GnnSrwNCGyfAU4zuIytiS; 25Pa1Vz1ZuTHmXPiYeMcgx,0OGCIlWSbpGq1u99jfglFI,https://i.scdn.co/image/ab67616d00001e02712a8e87fa2daf05e7d1ce8c
2026-08-02,in,India,146,29,Paro,Aditya Rikhari; UNPLG'd,3ozYqVCLohfpXIhalkhM8D; 3gKTtA1BK4pq1IIHXAyvgO,6nRGPf5tpeJtKpXZO5cgIT,https://i.scdn.co/image/ab67616d00001e025fe9856a449aab589c06b6c8
2026-08-02,in,India,147,23,Pal,Javed-Mohsin; Arijit Singh; Shreya Ghoshal; Kunaal Vermaa; Prashant Ingole,2zvJLk0gTH7r7A5Q6X5Bq8; 4YRxDV8wJFPHPTeXepOstw; 0oOet2f43PA68X5RxKobEy; 52XgeWw24o4klNdfwvB0Vx; 5DNHuR9u8DFVasxQZgREO5,79hQvdTHNBkq2fp2ZrM8b2,https://i.scdn.co/image/ab67616d00001e0291a372450506a59732e145b9
2026-08-02,in,India,148,4,Piche Tere,Kunwarr,6AnFaupnhQD1Ps8DX7Z7mV,4ZWoJ4tRi74mHHnItB3k9h,https://i.scdn.co/image/ab67616d00001e02a04031934c9580bd317e373c
2026-08-02,in,India,149,4,Vaaroon,Anand Bhaskar; Romy; Ginny Diwan,4aykldlxvwj6cRQfhbfNMO; 0bRPtPZQkWHeG7MGk9eWlh; 4EZ6GDVebknxx5Funcp0X2,4sgYmcu4FKb1ZC6qBlxMiw,https://i.scdn.co/image/ab67616d00001e02c33c23574fba0d4f630ca8c5
2026-08-02,in,India,150,10,Bairi,Virat; Pradeep Solanki; Heena; Miss Parul,3uHCE9eimH5dJx7TLslsmE; 5kD46P0iLqWZtITQB9nmAn; 1mgNO6u7VjkWz3wWD7ZnkF; 4dv0ujc6bKpBEEBj7XPUtl,1GfcRba0wGXDTtT4r8C65Z,https://i.scdn.co/image/ab67616d00001e02d5e938b81196c3f19b78dce9
2026-08-02,in,India,151,4,Tu Hi Haqeeqat,Pritam; Javed Ali; Irshan Ashraf; Shadab; Sayeed Quadri,1wRPtKGflJrBx9BmLsSwlU; 4W91bbPB2CTSsHwt7eqNl7; 5OG0IXzIqYPB67VMlEJOo0; 0NeoPmJb4LMYLHhX8OVaNA; 2pGRniGOJSOvYoK3dGaBb8,3OLFqbd9ZeVjaUKTiaLsD6,https://i.scdn.co/image/ab67616d00001e02bcb8ec035de7b2dda0f74660
2026-08-02,in,India,152,11,Othaiyadi Pathayila,Dhibu Ninan Thomas; Anirudh Ravichander; Arunraja Kamaraj,1QHr8p3h0ayWLaaYK0X6bi; 4zCH9qm4R2DADamUHMCa6O; 3jw6WnDlhrKkNjgcp8JGQe,09Z6o1yu596HJAwWZxTz4m,https://i.scdn.co/image/ab67616d00001e02694a5c48a84156db02c9cbfb
2026-08-02,in,India,153,9,Sailor Song,Gigi Perez,1iCnM8foFssWlPRLfAbIwo,21IYMdzTrzSe191Cy5eMap,https://i.scdn.co/image/ab67616d00001e0249c26270052e1671add569c1
2026-08-02,in,India,154,2,Tu Hi Mera,Pritam; Shafqat Amanat Ali; Sayeed Quadri,1wRPtKGflJrBx9BmLsSwlU; 5SuRAj1A9FEHj5NxS86YAm; 2pGRniGOJSOvYoK3dGaBb8,1CVqr5LImdmJ1Upt4z08Pm,https://i.scdn.co/image/ab67616d00001e0271da5e89467bd75d2ed9f1fa
2026-08-02,in,India,155,21,Fakira,Vishal-Shekhar; Sanam Puri; Neeti Mohan,6Mv8GjQa7LKUGCAqa9qqdb; 5kiKQJrz4BT7vFWVECAmHH; 3ZxZ03fj3tXBZHZWzvaLSM,6zfKeRGBzsk6EnJnpoDd6I,https://i.scdn.co/image/ab67616d00001e021500ba98cfa8ee9dd2d4c7de
2026-08-02,in,India,156,5,"Mere Sohneya (From ""Kabir Singh"")",Sachet Tandon; Parampara Tandon; Sachet-Parampara,6WOdPJmexxFINcKMkP2jMG; 1E6arsXf5Fgsnv9YpSzjpE; 1SyKki7JI1AZNKwgNMkn25,2IoZMG3RqiTmsy7Li3zGFg,https://i.scdn.co/image/ab67616d00001e028ae7ce46d1896e3e0fb86e70
2026-08-02,in,India,157,20,Hamari Adhuri Kahani (Title Track),Jeet Gannguli; Arijit Singh; Rashmi Virag,2kkQthS9OLpK4UqNWYqoVl; 4YRxDV8wJFPHPTeXepOstw; 5r2baeTwcCJnuIsDIlxUJo,3HiobOOpSpMsi95WBKPBYk,https://i.scdn.co/image/ab67616d00001e02051fe40d22813af67a3391d7
2026-08-02,in,India,158,23,Jogi,thiarajxtt; Bir,54BjV0qctcWp8xOip7uaJD; 3R1penrqtuKNTeWABjKT5N,1XfBEzVsFJC0X8222Y6unk,https://i.scdn.co/image/ab67616d00001e0218a04f7af1533e15d4c9b1d8
2026-08-02,in,India,159,29,Hasi - Male Version,Ami Mishra; Kunaal Vermaa,5ugsiK49gIkIVh8U93EO0z; 52XgeWw24o4klNdfwvB0Vx,32765xcLM1fd6wQIpkN9A0,https://i.scdn.co/image/ab67616d00001e02051fe40d22813af67a3391d7
2026-08-02,in,India,160,8,Kalank - Title Track,Pritam; Arijit Singh,1wRPtKGflJrBx9BmLsSwlU; 4YRxDV8wJFPHPTeXepOstw,7G5wpuR61ABrT7R1snos7C,https://i.scdn.co/image/ab67616d00001e029eb6c1861d8c058e7052df1e
2026-08-02,in,India,161,14,Toota Jo Kabhi Tara,Sumedha Karmahe; Atif Aslam,4MEdY6uFLSNWHq4kKrDx4j; 2oSONSC9zQ4UonDKnLqksx,2xLaYf6XYIFz3tuUJjELAs,https://i.scdn.co/image/ab67616d00001e028808ea1ba2cfba519e797a14
2026-08-02,in,India,162,18,Baarish,Shashaa Tirupati; Ash King,12CpR4SNDzVIlDoPSeNFeW; 1cfG7UM0OD4O1II1nd15Qo,5VCHlKKMHwlZ7aS3b3HKzW,https://i.scdn.co/image/ab67616d00001e02bfe420f6adf55990db500a2e
2026-08-02,in,India,163,9,"Ucha Lamba Kad Forever (From ""Welcome To The Jungle"")",Anand Raj Anand; Vikram Montrose; Rubai; Meggha Bali,5ixQ5hSywFLUaxoaA0uVaH; 0aXLGxJ65wok0y1bVG6flg; 6tBTqKtxRUei3EWE8sl10r; 7oGJfQzTX3UMsN098bd5mF,7J9m7Heb1kdSVdqRgSIDGq,https://i.scdn.co/image/ab67616d00001e0229b2e81fed40b4c95e906e3a
2026-08-02,in,India,164,5,Sahiba,Jasleen Royal; Stebin Ben; Vijay Deverakonda; Radhikka Madan; Priya Saraiya; Aditya Sharma,74OaRjmyh0XyRZsQQQ5l7c; 1UAzmnFgjizIDvtHvnCdEq; 3k1eCPRO0dE0Q9YsRfh4vn; 2zkXEdYr7MxUFhS9xF48UB; 6q29t5RuXxlBuqIZsOMQss; 70RAfkLNWG5J2bsnJqBpLQ,4ulroyDK6rN73nVkCkWhur,https://i.scdn.co/image/ab67616d00001e02eb2d8a0e6f6f4626af5f66f7
2026-08-02,in,India,165,8,Lutt Le Gaya,Shashwat Sachdev; Simran Chaudhary,465OXuCU8YZNmVG1leLwQ9; 6ZAKAA1WQazgmXkq7qks6m,2dQMisG0lyz6Z8J4zYdAsG,https://i.scdn.co/image/ab67616d00001e027838ccbef3fb712228e23fc5
2026-08-02,in,India,166,20,Aaj Se Teri,Amit Trivedi; Arijit Singh,7HCqGPJcQTyGJ2yqntbuyr; 4YRxDV8wJFPHPTeXepOstw,0EwRpK9wY6lHfcJSt82w4x,https://i.scdn.co/image/ab67616d00001e026b652c887eea91470f495eca
2026-08-02,in,India,167,9,Zara Zara,Bombay Jayashri,5OTt6O4Q22YsqZDaWV6FqC,7wrYBASu0OoxoDErd4Edxd,https://i.scdn.co/image/ab67616d00001e02aedf6f748f73e59cf25bcf25
2026-08-02,in,India,168,22,Sunn Raha Hai,Ankit Tiwari; Sandeep Nath,0E02VcvA5p1ndkLdqWD5JB; 6TSxLBGJLhWIuoKv2vAnVx,5PvwPy5eRO8BPwpRzCHK3D,https://i.scdn.co/image/ab67616d00001e026404721c1943d5069f0805f3
2026-08-02,in,India,169,22,Afsos,Anuv Jain; AP Dhillon,4gdMJYnopf2nEUcanAwstx; 6LEG9Ld1aLImEFEVHdWNSB,4Qm7r3ImER8S2Ori1gLMAf,https://i.scdn.co/image/ab67616d00001e028537cf974af2c408bdd8e1a6
2026-08-02,in,India,170,6,O Meri Laila,Atif Aslam; Jyotica Tangri,2oSONSC9zQ4UonDKnLqksx; 5wQDQFm7Ku8WWGi5xqJ9lp,2iphEAAh75lgFRk1DnPJqT,https://i.scdn.co/image/ab67616d00001e02aa37f80ae246aaebf1f67d55
2026-08-02,in,India,171,19,Dhurandhar The Revenge - Aari Aari,Shashwat Sachdev; Bombay Rockers; Irshad Kamil; Khan Saab; Reble; Token; Jasmine Sandlas; Sudhir Yaduvanshi,465OXuCU8YZNmVG1leLwQ9; 1bLQBuSop3ekE5Qustj5nP; 3GdSQUH1BRtl9UrrtuwJlP; 5Uo28tAylVBPPW2Cs8LFwN; 3MsxNLVtDVGxjEaxgKAoi0; 4cUfFbVZGSsJWdbfmkdxYq; 0mJDQBWytBhOh5JB1DOQ1c; 586UieDtNlK2F8hEMayYbb,157BtwkY54FQ3Xl8DsTso1,https://i.scdn.co/image/ab67616d00001e024c3eeb98521e02693a46d6db
2026-08-02,in,India,172,16,Kabze,Bintu Pabra; Shiva Choudhary; Sihag Muzik,74L1hcSZY4R6mo3yWNflRe; 3KOSRNy74RLnTAFn0u1tmN; 04XbdTO8fkae4s1ExLeYyC,4zJubmn8R2hYZuhR0CGBIr,https://i.scdn.co/image/ab67616d00001e020c822ead82827e4cbff31b9c
2026-08-02,in,India,173,1,"Sajni (From ""Laapataa Ladies"")",Ram Sampath; Arijit Singh; Prashant Pandey,3PpjqSKBer3obW6lDflOBx; 4YRxDV8wJFPHPTeXepOstw; 7vCsTTACb2iT4fvBMnwp5w,5zCnGtCl5Ac5zlFHXaZmhy,https://i.scdn.co/image/ab67616d00001e02d5f4378b1ffc9119fdc7306d
2026-08-02,in,India,174,13,One Love,Shubh,5r3wPya2PpeTTsXsGhQU8O,5ZLkihi6DVsHwDL3B8ym1t,https://i.scdn.co/image/ab67616d00001e02d7eb20034ff1c7b7bb3629de
2026-08-02,in,India,175,4,Die With A Smile,Lady Gaga; Bruno Mars,1HY2Jd0NmPuamShAr6KMms; 0du5cEVh5yTK9QJze8zA0C,7so0lgd0zP2Sbgs2d7a1SZ,https://i.scdn.co/image/ab67616d00001e02b0860cf0a98e09663c82290c
2026-08-02,in,India,176,10,Nashe Si Chadh Gayi,Vishal-Shekhar; Arijit Singh; Caralisa Monteiro; Jaideep Sahni,6Mv8GjQa7LKUGCAqa9qqdb; 4YRxDV8wJFPHPTeXepOstw; 2Yf4MRVpt0rcAd5y5h5ph1; 5kPOMQZvgkAEnRZqwn9SYQ,0biCSADTAblvLTLtJz4pXO,https://i.scdn.co/image/ab67616d00001e02f5dc36d5000145375a41c3b8
2026-08-02,in,India,177,17,Bulleya,Vishal-Shekhar; Papon; Irshad Kamil,6Mv8GjQa7LKUGCAqa9qqdb; 2FPwX3Gh0w4Qr1v3zSTtcT; 3GdSQUH1BRtl9UrrtuwJlP,3tgdOveYac7YMEAQD9sGLf,https://i.scdn.co/image/ab67616d00001e02b2abfd2439b6c23c3664df87
2026-08-02,in,India,178,5,I Wanna Be Yours,Arctic Monkeys,7Ln80lUS6He07XvHI8qqHH,5XeFesFbtLpXzIVDNQP22n,https://i.scdn.co/image/ab67616d00001e024ae1c4c5c45aabe565499163
2026-08-02,in,India,179,12,Sanam Re,Mithoon; Arijit Singh,09UmIX92EUH9hAK4bxvHx6; 4YRxDV8wJFPHPTeXepOstw,0CVfovmUv7BnemOyTtOcbL,https://i.scdn.co/image/ab67616d00001e02be42c9c9b63ed5ace22af441
2026-08-02,in,India,180,16,"Tum Tak (From ""Raanjhanaa"")",A.R. Rahman; Javed Ali; KIRTI SAGATHIA; Pooja AV,1mYsTxnqsietFxj1OgoGbG; 4W91bbPB2CTSsHwt7eqNl7; 42lH1BZdeeLF5LW02tpKgB; 1Ju3SIITQWtyT3SOnONE40,1wnozUBSe7OMpmZiTPJC5j,https://i.scdn.co/image/ab67616d00001e020c556f210b927ca230f32241
2026-08-02,in,India,181,16,Ban Ja Tu,Charan Preet; Badshah,3XpPxH0e3jodx0QyLbHVfD; 0y59o4v8uw5crbN9M3JiL1,1USl5qs5IzNfrUS3sCicNo,https://i.scdn.co/image/ab67616d00001e02e5c835140f84d7cf4c56b275
2026-08-02,in,India,182,2,Soch Na Sake,Amaal Mallik; Arijit Singh; Tulsi Kumar,76fuWYgIf3TVIopTs3vaJ6; 4YRxDV8wJFPHPTeXepOstw; 0T1CMVkqffHlqEk4BcAph1,6mTvwBzWTGDOVeCNQEqtOE,https://i.scdn.co/image/ab67616d00001e026b047c1401c8c18a54e4377d
2026-08-02,in,India,183,24,Ranjheya Ve,Zain Zohaib,0M4wzwZKh9SSHkOXYNvQlP,5J9L7IbadCt0ivs9xmNrr0,https://i.scdn.co/image/ab67616d00001e029876c0fe1a80ecdd1668f886
2026-08-02,in,India,184,Re-Entry,Raat Ke Shikari,Masoom Sharma; Sweta Chauhan; Yash Thukral,36iDrP3UnCxsSH9LuSdkDj; 4TsNgxbxmdUsKIFtqvzRPa; 0Cj3wCMwyxvbP4nQobAj6R,7oFrQLTu7Bi1xmTYLbBxHf,https://i.scdn.co/image/ab67616d00001e0273db28dd510b75b2b676b9b5
2026-08-02,in,India,185,22,Deewana Kar Raha Hai,Javed Ali,4W91bbPB2CTSsHwt7eqNl7,2tva3nN2kQhBjHMC7Zlty6,https://i.scdn.co/image/ab67616d00001e02e108cdcfc16d1c27220fc8dd
2026-08-02,in,India,186,New,"Darmiyaan (From ""Musafir Cafe"")",Rekha Bhardwaj; Raghav Kaushik; Amrita Saluja,3cqeO3muWIW5uSmUDNCmyT; 2NSBUoP14iO3vxm14Slc5H; 75D3MB2b9sz8RiqLDtvkqU,37JOhPdeecNxkqpfcj1XcX,https://i.scdn.co/image/ab67616d00001e02ad3289646d237c156134a74f
2026-08-02,in,India,187,5,Aadat,Jal; Mithoon; Atif Aslam,2f50lwdTtShldrc5JrA5fU; 09UmIX92EUH9hAK4bxvHx6; 2oSONSC9zQ4UonDKnLqksx,2YbKtL9lJBzrjFo4Krld7R,https://i.scdn.co/image/ab67616d00001e02e650df38b751417df3602e82
2026-08-02,in,India,188,Re-Entry,Deewane,Navaan Sandhu; Bir; Daaku,6PdJJhJWHFRtoERTQ8JGq1; 3R1penrqtuKNTeWABjKT5N; 0Gk0DXsojuXvKXROsCbO0e,0S4PcH3EYQYIeLs6nLOpF1,https://i.scdn.co/image/ab67616d00001e02dc037345b1f3908273425840
2026-08-02,in,India,189,6,Malang Sajna,Sachet Tandon; Parampara Tandon; Kumaar; Sachet-Parampara,6WOdPJmexxFINcKMkP2jMG; 1E6arsXf5Fgsnv9YpSzjpE; 0m3D4grap8VFSzbJMqgNVk; 1SyKki7JI1AZNKwgNMkn25,73K33p4Vyz9koXGqmL5eFs,https://i.scdn.co/image/ab67616d00001e02b7db9426744019889da8a856
2026-08-02,in,India,190,Re-Entry,Meri Banogi Kya,Rito Riba; Rajat Nagpal,63QHbwCDdJ50C72D4ojeo1; 4yxICw7joYAxRI2sTRldLB,6gprR0rGv59wALbBU7yZkl,https://i.scdn.co/image/ab67616d00001e022ebd3d368294e9c19696299c
2026-08-02,in,India,191,Re-Entry,Winning Speech,Karan Aujla; Mxrci; Seshnolan,6DARBhWbfcS9E4yJzcliqQ; 5Us2dsq4VHlfLbKOrskg7K; 4QsiFUy1ddAbRb1UnjvUWN,3FqtduiaqnFYvBgKuc6QWQ,https://i.scdn.co/image/ab67616d00001e0258b46d6f1500ead2bbbf9915
2026-08-02,in,India,192,Re-Entry,Yaari,Masoom Sharma; Rohit Lamba,36iDrP3UnCxsSH9LuSdkDj; 6yRD7Sx34bc3IxImNTGeTK,2ZxFXUnvprVMI9IXBcnnAk,https://i.scdn.co/image/ab67616d00001e02ea82c3d0453004e3f7970937
2026-08-02,in,India,193,–,Udaarian,Satinder Sartaaj,4rgw8A5vcYinpZLDKHrEdV,3K3mo4LoxPKk18oqIC3hQC,https://i.scdn.co/image/ab67616d00001e0233dfd8d5678bed894b8a30e7
2026-08-02,in,India,194,Re-Entry,Harleys In Hawaii,Katy Perry,6jJ0s89eD6GaHleKKya26X,3B4etxytImrRKQgV3XHjnR,https://i.scdn.co/image/ab67616d00001e025ebe6cbd74a47a5e8ea88985
2026-08-02,in,India,195,1,Jhol - Acoustic,Maanu; Annural Khalid; Abdullah Siddiqui,3scNK8e4mqnP6Rb8a3lwZY; 1nCZUpBIcyOxufOx0lPeIW; 3PbkSdpJnYRF18jau74b7R,44LaY2y6wRRlSRjsqbKnuU,https://i.scdn.co/image/ab67616d00001e027635812d4fc7d8d094e1d51c
2026-08-02,in,India,196,Re-Entry,Ishq Hai,Anurag Saikia; Raj Shekhar; Romy; Amarabha Banerjee; Varun Jain; Madhubanti Bagchi; Mismatched - Cast,6hzngLO20cX5IGqT0hVv1G; 2DFCHTDIA0t638a4mm37dK; 0bRPtPZQkWHeG7MGk9eWlh; 2780kFYuvbwSLPJZ5faEDw; 4gzrZDyL5gYiROkv27pYKx; 4ojkMVHjuDZgDXSJy5qs2h; 0NbgKDsEHiPzZBZkqZGkXm,3vCzLB6kS2lGcIpm1OOUsy,https://i.scdn.co/image/ab67616d00001e0279f4a87c23143f0abb14c279
2026-08-02,in,India,197,7,Khamoshiyan,Jeet Gannguli; Arijit Singh; Rashmi Virag,2kkQthS9OLpK4UqNWYqoVl; 4YRxDV8wJFPHPTeXepOstw; 5r2baeTwcCJnuIsDIlxUJo,6zCQF5tu7HVwU9shhKqiuF,https://i.scdn.co/image/ab67616d00001e02e46104d82a7ca20d7efc7d97
2026-08-02,in,India,198,Re-Entry,Qaafirana,Amit Trivedi; Arijit Singh; Nikhita Gandhi,7HCqGPJcQTyGJ2yqntbuyr; 4YRxDV8wJFPHPTeXepOstw; 3tPQOjkxO3mrYrrgkTeXgH,7BCp5hEiiDSmXsxsXkvYff,https://i.scdn.co/image/ab67616d00001e02c65eb44f9039e006247ef8f7
2026-08-02,in,India,199,21,Sajde,Faheem Abdullah; Huzaif Nazar,05etL4pzWd6TSv1x5WrlG3; 7bSCXFT0iT4kcgsAZ6h8Qy,4BGfzLrK6lgvKDjKSU7wrN,https://i.scdn.co/image/ab67616d00001e020de04fd2c7c3bdc0a1d765f5
2026-08-02,in,India,200,11,Ucha Lamba Kad,Anand Raj Anand; Kalpana Patowary,5ixQ5hSywFLUaxoaA0uVaH; 1RMmK2dEtVEbhSV7qvSXJ1,0YT1SVUhTE6HFFU4OHRalz,https://i.scdn.co/image/ab67616d00001e0278f17ae0c2997ade3b36d044
2026-08-02,vn,Vietnam,1,1,Tìm Em (feat. Bảo Anh),Hngle; Bảo Anh,7kBsX15IDun9YxuVmKCMYJ; 4fCHhderLwLacsIOIKgu3J,6ELX356o21U28T73ZxruUj,https://i.scdn.co/image/ab67616d00001e0216d614a859798e628354b232
2026-08-02,vn,Vietnam,2,1,Seven (feat. Latto) (Explicit Ver.),Jung Kook; Latto,6HaGTQPmzraVmaVxvz6EUc; 3MdXrJWsbVzdn6fe5JYkSQ,2HRgqmZQC0MC7GeNuDIXHN,https://i.scdn.co/image/ab67616d00001e02741fd4807f442af3f7359316
2026-08-02,vn,Vietnam,3,–,xương rồng (intro),Dangrangto; DONAL,5xY6E5PMZNtz9jDvxTRiGI; 3rSAej8VUifF02zpsGjsRZ,6CTdPSNvUYw7UjerVIkUia,https://i.scdn.co/image/ab67616d00001e02f5ccda42421dd2d34cef2480
2026-08-02,vn,Vietnam,4,–,Không Buông,Hngle; Ari,7kBsX15IDun9YxuVmKCMYJ; 6cV92JqHZPWNfa7T4oAvR9,1ApIGNgp1azc0qB61x4GzG,https://i.scdn.co/image/ab67616d00001e028e2436033be92c06e4afee32
2026-08-02,vn,Vietnam,5,–,dự báo thời tiết hôm nay mưa,GREY D,6d0dLenjy5CnR5ZMn2agiV,7bFFUPBiF15n8m8RziqS4o,https://i.scdn.co/image/ab67616d00001e0212a6bd687aec4105bc06fcdf
2026-08-02,vn,Vietnam,6,–,vết thương,Fishy,7kSmS2G15QIw8rllwGex9r,6mKMGpkgP2cH5gmqILWe7b,https://i.scdn.co/image/ab67616d00001e02cb2a3066584a339e09508520
2026-08-02,vn,Vietnam,7,–,SWIM,BTS,3Nrfpe0tUJi4K4DXYWgMUX,68lbSrXDORS51pmyjZv712,https://i.scdn.co/image/ab67616d00001e02dfa17fad7f190c901603270e
2026-08-02,vn,Vietnam,8,3,Và Thế Giới Đã Mất Đi Một Người Cô Đơn,marzuz; Changg,3y6Lfjkrdn5TgkbgDxbpvM; 1nX1HVIUo1Zfs3e2v3lFb9,6Qwl74olNi1rl65FNxG5We,https://i.scdn.co/image/ab67616d00001e02634fee188263a0d6bd8d822d
2026-08-02,vn,Vietnam,9,1,Exit Sign,HIEUTHUHAI; marzuz,5HZtdKfC4xU0wvhEyYDWiY; 3y6Lfjkrdn5TgkbgDxbpvM,4nXrVH5xwN1w6TpmP7uu8n,https://i.scdn.co/image/ab67616d00001e02c006b0181a3846c1c63e178f
2026-08-02,vn,Vietnam,10,3,In Love,Low G; JustaTee,6TITnFVRcl0AcZ4syE7Toe; 3rjcQ5VIWCN4q7UFetzdeO,7uUuftbcr94tzGOCJSM25u,https://i.scdn.co/image/ab67616d00001e0223cf61113b6f831989e68725
2026-08-02,vn,Vietnam,11,3,Người Im Lặng Gặp Người Hay Nói,HIEUTHUHAI,5HZtdKfC4xU0wvhEyYDWiY,5xVCfx47vCXuLdpfbepqEo,https://i.scdn.co/image/ab67616d00001e029786a600b159da21312fb356
2026-08-02,vn,Vietnam,12,2,Em (feat. SOOBIN),Binz; SOOBIN,2nSO7JYDbJrYbJmP39qUzj; 6CGGvCBHWqQ4HXtn5aLhbh,0a32EBPjqAe47cYDPE5Ia5,https://i.scdn.co/image/ab67616d00001e02113b4bb24fa0898ce579d19c
2026-08-02,vn,Vietnam,13,4,Ngày Rời Chuyến Bay,Minh Huy; Pinny,5zT1Ku9mzzl6RW5y4z0hUK; 3qkLndunlLATOqHJeefh7J,73RcFjiDtStfP3GCW44vJu,https://i.scdn.co/image/ab67616d00001e026710f4e7e1be806c3e31a67d
2026-08-02,vn,Vietnam,14,2,"THẾ GIỚI CỦA ANH (feat. Dương Domic, WEAN, CONGB, buitruonglinh & Van Toan)","TINH HÀ ""SAY HI""; Dương Domic; WEAN; CONGB; buitruonglinh; Van Toan",2dLayz7AThHVFmsIbsvTKh; 4KPyQxL1zqEiBcTwW6c9HE; 30eFAXoU2kTjJPf2cq80B8; 0n5wPsNoNc7w1bElyNzY4Z; 7Cp2hGcriAaDUAWpXnSEwm; 5af1P6XDYgWZSJ8T0Fh5cT,0CY9y1F7RcRSV3raHljdxu,https://i.scdn.co/image/ab67616d00001e02ecbec3da3fc21b7b720f652e
2026-08-02,vn,Vietnam,15,–,"MVP (MƯA VỘI PHÓNG) (feat. Wren Evans, Ali Hoàng Dương, CODYNAMVO, HYO & 2pillz)","TINH HÀ ""SAY HI""; Wren Evans; Ali Hoàng Dương; CODYNAMVO; HYO; 2Pillz",2dLayz7AThHVFmsIbsvTKh; 5M3ffmRiOX9Q8Y4jNeR5wu; 4RPhZ2g5GYff0hKNBlZKXh; 7MtgS1BXZAtslgSSTpdikk; 62W8AjUxG5FSRXzA9rm7sy; 0XtC2d9ZVigYA7iMy5YkW0,4VjLWbQhf8KUPMeuBO5H55,https://i.scdn.co/image/ab67616d00001e02ecbec3da3fc21b7b720f652e
2026-08-02,vn,Vietnam,16,3,Mơ,VCT,7yquVKfxBuNFJbG9cy2R8A,2a5hng9yXtbjtTVVm9UviC,https://i.scdn.co/image/ab67616d00001e028b40ad72aa86e76099297d7b
2026-08-02,vn,Vietnam,17,1,She Neva Knows,JustaTee,3rjcQ5VIWCN4q7UFetzdeO,0NyrI1tMvqcK3vU5z9DMdI,https://i.scdn.co/image/ab67616d00001e023ecc6ca902daf3617c75d336
2026-08-02,vn,Vietnam,18,1,Nếu Ngày Ấy,SOOBIN,6CGGvCBHWqQ4HXtn5aLhbh,4BdB08vuS9r4HOoY7GkAxT,https://i.scdn.co/image/ab67616d00001e0294bae292aed83118570ea86a
2026-08-02,vn,Vietnam,19,3,Vùng An Toàn,B Ray; V#,1WvNgEoB66jmHodcj15Zi9; 3XevJv2rTKu5WYtD0LW6om,6Zoi4ue74UdUeYmHXItXnf,https://i.scdn.co/image/ab67616d00001e024e1566cecfa3c836f48f80f6
2026-08-02,vn,Vietnam,20,68,Nếu Như Ta Chẳng Còn (feat. A$AP Ướt Mi),RPT MCK; A$AP Ướt Mi,1zSv9qZANOWB4HRE8sxeTL; 0b27MQbpjE65gcXwgIN2jw,05kwQNmIvly0VZy3AkfMzs,https://i.scdn.co/image/ab67616d00001e02a2907cc0804151b77ca8667d
2026-08-02,vn,Vietnam,21,2,Chuyện Đôi Ta (feat. Muộii),Emcee L (Da LAB); Da LAB; Muộii (Starry Night),4bPYvyUn1mWwUwIW57oST2; 6zUWZmyi5MLOEynQ5wCI5f; 1Tdy7LZnrufTyuEbgDi1D8,4CUvVaAYuXtvYURLFz7EIL,https://i.scdn.co/image/ab67616d00001e02a400211178f6d590d875f2da
2026-08-02,vn,Vietnam,22,1,bình yên,Vũ.; Binz,57g2v7gJZepcwsuwssIfZs; 2nSO7JYDbJrYbJmP39qUzj,41DlPJXKTCypXdf2eSqa03,https://i.scdn.co/image/ab67616d00001e026f76636916ae7d5d930b1656
2026-08-02,vn,Vietnam,23,5,NORMAL,BTS,3Nrfpe0tUJi4K4DXYWgMUX,4B4Q7zfd0aHcuhQBfCRnH5,https://i.scdn.co/image/ab67616d00001e02dfa17fad7f190c901603270e
2026-08-02,vn,Vietnam,24,8,Âm Thầm Bên Em,Sơn Tùng M-TP,5dfZ5uSmzR7VQK0udbAVpf,2wZAvkgiOE5tyrnqhB69KA,https://i.scdn.co/image/ab67616d00001e02794744c57c9f35db88249842
2026-08-02,vn,Vietnam,25,1,Vết Mưa,VCT,7yquVKfxBuNFJbG9cy2R8A,5cn5oHiXJTLiuthgbgfkMh,https://i.scdn.co/image/ab67616d00001e024992bf290fe8c9f82a0e66e4
2026-08-02,vn,Vietnam,26,6,chẳng phải tình đầu sao đau đến thế,MIN; Dangrangto; antransax,0IdAjS2LRieBR3gzoazdAw; 5xY6E5PMZNtz9jDvxTRiGI; 3E3VtUZsU5Ci439SjOdCd0,3T7XHOdRcyhKU3QCB6kZG3,https://i.scdn.co/image/ab67616d00001e02e1b3669f2b8eba5bb7b10b3b
2026-08-02,vn,Vietnam,27,5,"50 CUỘC GỌI NHỠ (feat. CoolKid, Quang Hùng MasterD, Jaysonlei & CODYNAMVO)","TINH HÀ ""SAY HI""; CoolKid; Quang Hùng MasterD; Jaysonlei; CODYNAMVO",2dLayz7AThHVFmsIbsvTKh; 1Qia4CTwh6x0CZbD0079zi; 0slOzRzTQb1RBBVJbvRITP; 5BQgZQPuGImYR5xgbytUKg; 7MtgS1BXZAtslgSSTpdikk,4HjBeRYorM50d1rCrl853a,https://i.scdn.co/image/ab67616d00001e02c823e4437a4a00db2855f94b
2026-08-02,vn,Vietnam,28,2,id 072019,W/N,6NF9Oa4ThQWCj6mogFSrVD,1o6cYDMHvKOfizi4d9Lqxr,https://i.scdn.co/image/ab67616d00001e02dc031e2429585e32b4ccb69b
2026-08-02,vn,Vietnam,29,3,Đã Lỡ Yêu Em Nhiều,JustaTee,3rjcQ5VIWCN4q7UFetzdeO,3J3nv18iIrOhca1ZWNeuyW,https://i.scdn.co/image/ab67616d00001e02636bd3e9f31e1ea1e7bb389e
2026-08-02,vn,Vietnam,30,5,Bạn Đời,Karik; GDucky,2Bwp23pD4UVsSkchHDZw4F; 3T3DOlgOEkr243zdzFCrXW,0fGJiHH6xSUJU1MAVjxq5m,https://i.scdn.co/image/ab67616d00001e02b37fa6ada1fe1a79194db5a0
2026-08-02,vn,Vietnam,31,7,Nắng có mang em về,Shartnuss; Phankeo; Tr.D,2BoU3GzyaG397l5ci1twa9; 2rv0GwxSEWKhz54nLluNhK; 6jiITlNS4hrm3dq90ZDftJ,6nInHlewtrNKguNKlXt0Ur,https://i.scdn.co/image/ab67616d00001e029e8842387d1017cf5581c4cc
2026-08-02,vn,Vietnam,32,5,SSD,W/N; 267; PAR SG; Nguyenn,6NF9Oa4ThQWCj6mogFSrVD; 1jLM6ulW6ldwRWX9smNYmt; 5yE1xvNIbuEB2kkopCuCVY; 0FflNqUFk4ODtAZuVuqgou,2JZH5Rwp2WCAWzm3hXYzQf,https://i.scdn.co/image/ab67616d00001e02107694dd2971e8b166c9f57d
2026-08-02,vn,Vietnam,33,12,Không Thể Say,HIEUTHUHAI,5HZtdKfC4xU0wvhEyYDWiY,1K0HQ30Wc11okzlcnFA7Ub,https://i.scdn.co/image/ab67616d00001e02c006b0181a3846c1c63e178f
2026-08-02,vn,Vietnam,34,5,Sinh Ra Đã Là Thứ Đối Lập Nhau (feat. Badbies),Emcee L (Da LAB); Da LAB; Badbies,4bPYvyUn1mWwUwIW57oST2; 6zUWZmyi5MLOEynQ5wCI5f; 2ZjO6APYelcHcLd2pWMx8x,5BTzf3doGTigDIYUFtbkI9,https://i.scdn.co/image/ab67616d00001e02d6ebd978c7c460eaf3f75f85
2026-08-02,vn,Vietnam,35,14,Thằng Điên,JustaTee; Phương Ly,3rjcQ5VIWCN4q7UFetzdeO; 5Kh0ta0UY4uJ4g2CIdq9V9,27Z9T0mSWHYWSj9SNOGvyt,https://i.scdn.co/image/ab67616d00001e0202dc41ad81138aa3c53d2b98
2026-08-02,vn,Vietnam,36,8,Có Em,Madihu; Low G,1OIYKbmhG0RxPXvVPNj3NN; 6TITnFVRcl0AcZ4syE7Toe,6Hs2xIgB8nzyGFDvVA8lFa,https://i.scdn.co/image/ab67616d00001e02556e7b75fb148c696f99a709
2026-08-02,vn,Vietnam,37,4,Buông,Hngle,7kBsX15IDun9YxuVmKCMYJ,2ZBi1KpCR0grEWRNgySqwg,https://i.scdn.co/image/ab67616d00001e02a0f799b6e0d1e4edadc98a3a
2026-08-02,vn,Vietnam,38,1,Earrings,Malcolm Todd,7eKkW1zo5uzW8kUntiiBvz,0eAuGrXyGFYwur9ARUe7LJ,https://i.scdn.co/image/ab67616d00001e022c1f34ecc1929fb59908aad1
2026-08-02,vn,Vietnam,39,13,"ex's hate me, Pt.2",AMEE,2aQnC3DbZB9GbauvhAw7ve,5tdz7T4hTxA1ipJMBe24uX,https://i.scdn.co/image/ab67616d00001e02819219f4ea0ad1e11cb78411
2026-08-02,vn,Vietnam,40,3,Wrong Times,Puppy; Dangrangto,2dC1IBU9NOD9xsQJ5RE7j7; 5xY6E5PMZNtz9jDvxTRiGI,6n2xOcqQrNOY0IfgATSwWs,https://i.scdn.co/image/ab67616d00001e02566178ff844ca2b57f959374
2026-08-02,vn,Vietnam,41,1,REDRED,CORTIS,1ebt9HnXdyYA6KgLXr1n4P,2fCwv2ppU5nTRTckomIGsd,https://i.scdn.co/image/ab67616d00001e0224ace1518851b27e9983f739
2026-08-02,vn,Vietnam,42,11,hate that i made you love me,Ariana Grande,66CXWjxzNUsdJxJ2JdwvnR,3iy2QuCtCzpWnR6tia39AB,https://i.scdn.co/image/ab67616d00001e028baf677ee2d8dda6cc9fcbd7
2026-08-02,vn,Vietnam,43,6,một đời,14 Casper; Bon Nghiêm; buitruonglinh,0zo8kCJVktn7oPnzpkbC2p; 6hnfLIkvDl6pjlAe1YRGXY; 7Cp2hGcriAaDUAWpXnSEwm,4gaxEUZE4z9pJAVTSFwgQI,https://i.scdn.co/image/ab67616d00001e0270cb943c9a67b7eda3414366
2026-08-02,vn,Vietnam,44,139,Mắt Môi Tay Chân (feat. Tage),RPT MCK; Tage,1zSv9qZANOWB4HRE8sxeTL; 6kFhNMq6O8P5QKdqlGMUVW,33YTOmyqaQEZrQPLGVi6M8,https://i.scdn.co/image/ab67616d00001e02a2907cc0804151b77ca8667d
2026-08-02,vn,Vietnam,45,12,Less than a Lover,JENNIE,250b0Wlc5Vk0CoUsaCY84M,19UnXjpLshSLobPspdyxlD,https://i.scdn.co/image/ab67616d00001e021568796289f10031724bc780
2026-08-02,vn,Vietnam,46,7,nếu lúc đó,tlinh; 2Pillz,3diftVOq7aEIebXKkC34oR; 0XtC2d9ZVigYA7iMy5YkW0,5ouxRyInSdRBQubu3KTd97,https://i.scdn.co/image/ab67616d00001e02484c56addba0e4dad8be48c9
2026-08-02,vn,Vietnam,47,13,MOTION (feat. Juicy J),CORTIS; Juicy J,1ebt9HnXdyYA6KgLXr1n4P; 5gCRApTajqwbnHHPbr2Fpi,15EbINtnOI4c2jPXXskywy,https://i.scdn.co/image/ab67616d00001e02eca615c30cc2bba6191d1544
2026-08-02,vn,Vietnam,48,13,Ai Ngoài Anh,VSTRA; Tyronee,2aMo0CYbTieTisS0BlWc59; 04xz9bIBYTIqEpmRvQkfvu,6GM4ZOBDcDroldUxI8GZ2B,https://i.scdn.co/image/ab67616d00001e021e3ae4d328b0937f13e52c9f
2026-08-02,vn,Vietnam,49,1,Anh Muốn Nhìn Thấy Em,The Wind; Dangrangto,5mPRDRL2rclNaPJXOg56Jy; 5xY6E5PMZNtz9jDvxTRiGI,5VGOYjxkEaf19LoRPIolD2,https://i.scdn.co/image/ab67616d00001e0291db5c2d5e551d1bb085b20c
2026-08-02,vn,Vietnam,50,15,Dạo Này,Obito,0ZbgKh0FgPYeFP38nVaEGp,4MCP9l0QB9YN2LCkIy8mz4,https://i.scdn.co/image/ab67616d00001e025ec4c60ff0fc01236d2653b0
2026-08-02,vn,Vietnam,51,7,toidaidot,GREY D,6d0dLenjy5CnR5ZMn2agiV,6uA9tUGo5WUhFPUR93F4jO,https://i.scdn.co/image/ab67616d00001e02232febcafd911a1addb774ae
2026-08-02,vn,Vietnam,52,16,Tình Mình Lạ Kì,Lil Zpoet,0T8DkuhhFhdWAMN0bdeLL7,3VkV6L37ub0rtuYQoawAqz,https://i.scdn.co/image/ab67616d00001e02921051f4f50a3d20946afb16
2026-08-02,vn,Vietnam,53,6,24H,Lyly; Magazine,4POahBr8YCPNKGErIiofyx; 6sMgWEav2BrXWMRmP56oRS,4UC3NBjtqbYcqPqRq1s57D,https://i.scdn.co/image/ab67616d00001e02fa10ce68802568a9f53ecb8a
2026-08-02,vn,Vietnam,54,12,2AM,JustaTee; BigDaddy,2ZN2K5xz3BDmfWYaA5dgce; 3Tehj7YghQc7zH0I1faGc6,3DLtPObflLQBodZN8qGODT,https://i.scdn.co/image/ab67616d00001e020b97a73cab024885e9819a9e
2026-08-02,vn,Vietnam,55,4,"IDNAT (IM ĐỢI NGƯỜI ANH THƯƠNG) (feat. Wren Evans, IVAN, CAPTAIN BOY & Thể Thiên)","TINH HÀ ""SAY HI""; Wren Evans; IVAN; CAPTAIN BOY; Thể Thiên",2dLayz7AThHVFmsIbsvTKh; 5M3ffmRiOX9Q8Y4jNeR5wu; 0BaA7hESJdlOMitd8QM7jY; 1pKPrziZw7C4GvOlBIXqP5; 7Icw7iVmCgkKkfRrYvlKZU,5KGa9rEkL3qUNFuIhNo90e,https://i.scdn.co/image/ab67616d00001e02c823e4437a4a00db2855f94b
2026-08-02,vn,Vietnam,56,1,Nơi Này Có Anh,Sơn Tùng M-TP,5dfZ5uSmzR7VQK0udbAVpf,5rSAUmbOg4giDrM29vUyHe,https://i.scdn.co/image/ab67616d00001e02794744c57c9f35db88249842
2026-08-02,vn,Vietnam,57,–,Vì Anh Đâu Có Biết,Madihu; Vũ.,1OIYKbmhG0RxPXvVPNj3NN; 57g2v7gJZepcwsuwssIfZs,6VXVYATpQXEIoZ97NnWCmn,https://i.scdn.co/image/ab67616d00001e022461003df8139247949c8a9d
2026-08-02,vn,Vietnam,58,19,"CÔ ĐƠN ANH CŨNG VUI (feat. WEAN, KIMLONG, Xuân Định K.Y & DILLAN)","TINH HÀ ""SAY HI""; WEAN; KIMLONG; Xuân Định K.Y; DILLAN",2dLayz7AThHVFmsIbsvTKh; 30eFAXoU2kTjJPf2cq80B8; 26GpU9jkhwkZCyWBw6Prbf; 7G5AEkY5idIoHytk72GGyf; 1PR1ZkCybfd7U1TXvjglNq,3bmqUlen7AJeTh3EKCEPHe,https://i.scdn.co/image/ab67616d00001e02c823e4437a4a00db2855f94b
2026-08-02,vn,Vietnam,59,Re-Entry,Nguyễn Văn Mười,RPT MCK,1zSv9qZANOWB4HRE8sxeTL,0j94vdVS5r1b6FT2Yvz92C,https://i.scdn.co/image/ab67616d00001e02a2907cc0804151b77ca8667d
2026-08-02,vn,Vietnam,60,4,Sài Gòn Hôm Nay Mưa,JSOL; Hoàng Duyên,6EybZ5zwPNEtEngfrEMevN; 3LbBKYlyMaATS8IIe7HJ0d,1xoadYaxtOp9gHDwgmPDuz,https://i.scdn.co/image/ab67616d00001e025436229d006af6580dfee6bc
2026-08-02,vn,Vietnam,61,11,vaicaunoicokhiennguoithaydoi,GREY D; tlinh,6d0dLenjy5CnR5ZMn2agiV; 3diftVOq7aEIebXKkC34oR,25h0TqC9H3BcMA7KjK5nHK,https://i.scdn.co/image/ab67616d00001e0294df376aa7f0890380ea4688
2026-08-02,vn,Vietnam,62,16,Từng Là Của Nhau,Bảo Anh; Táo,4fCHhderLwLacsIOIKgu3J; 23xCr75lKvnFvKi8ImHE7S,5KYv3kORBKUmVEoqbRRWxt,https://i.scdn.co/image/ab67616d00001e0267e926bba0c1032a8414fc8c
2026-08-02,vn,Vietnam,63,4,3D (feat. Jack Harlow),Jung Kook; Jack Harlow,6HaGTQPmzraVmaVxvz6EUc; 2LIk90788K0zvyj2JJVwkJ,01qFKNWq73UfEslI0GvumE,https://i.scdn.co/image/ab67616d00001e0299583bb32b47e87d55c6064b
2026-08-02,vn,Vietnam,64,4,Standing Next to You,Jung Kook,6HaGTQPmzraVmaVxvz6EUc,2KslE17cAJNHTsI2MI0jb2,https://i.scdn.co/image/ab67616d00001e02741fd4807f442af3f7359316
2026-08-02,vn,Vietnam,65,–,Từng Ngày Yêu Em,buitruonglinh,7Cp2hGcriAaDUAWpXnSEwm,3Ids3RXurYBgySph53qWnB,https://i.scdn.co/image/ab67616d00001e02fe0cbef064f18008462d29ef
2026-08-02,vn,Vietnam,66,–,Thức Giấc,Da LAB,6zUWZmyi5MLOEynQ5wCI5f,1MiJk3dXC5jzhvLFP0dUM7,https://i.scdn.co/image/ab67616d00001e02fea8333dc89ceb644766ab5b
2026-08-02,vn,Vietnam,67,15,Phép Màu - Đàn Cá Gỗ Original Soundtrack,MAYDAYs; Minh Tốc & Lam,2iYUs3FoNodbZXKf4mkjGM; 27RoKwun6jKycKbH2iYUFU,1DVYafsLmcQySKkJnY4RCs,https://i.scdn.co/image/ab67616d00001e02c51258e41841d5b0365054e7
2026-08-02,vn,Vietnam,68,2,DANCING IN THE DARK,SOOBIN,6CGGvCBHWqQ4HXtn5aLhbh,3x7Hh3zsE1wcXCU2G8l5tP,https://i.scdn.co/image/ab67616d00001e026633cc43560566dbdaa38d99
2026-08-02,vn,Vietnam,69,13,NỢ EM CẢ BẦU TRỜI,Anh Trai Vượt Ngàn Chông Gai; THỎ (Da LAB); Hoàng Tôn; Osad; Hồ Đông Quan; Hà An Huy,1NVwSzuIbuPJEGWhUQRlnv; 1PzGERJ55N7ZAgusauBAFN; 6xRZoWlE9twEkMC5NW4Z9f; 6sJBvMCAi9NuNCxI9RDYDW; 29odnaxmCx4mwOKL4mjEFL; 6cz81gA7fLpRK4qKeLsGIn,1GvilcxzSotX6bFHuwCJiz,https://i.scdn.co/image/ab67616d00001e022970a90780d33bc31f885bd3
2026-08-02,vn,Vietnam,70,4,Bông Hoa Đẹp Nhất,Quân A.P,2NRcG7E1j2sSi8vnUzCcpi,4TyQKEifYDWTfTSRwpxlYI,https://i.scdn.co/image/ab67616d00001e025a0419100f999929e19c6ca7
2026-08-02,vn,Vietnam,71,17,"MỘNG DUYÊN (feat. Quang Hùng MasterD, Song Luân, JSOL, Sơn.K & Emil Vergo)","TINH HÀ ""SAY HI""; Quang Hùng MasterD; Song Luân; JSOL; Sơn.K; Emil Vergo",2dLayz7AThHVFmsIbsvTKh; 0slOzRzTQb1RBBVJbvRITP; 0iqum9KAHh3LkgDhuqvTxM; 6EybZ5zwPNEtEngfrEMevN; 4APAeuMjgVjYGMWVDehJrc; 3Vj8qzsjQaQoZVFrlGsLDF,7DKTqxctuNjAUsU2a8jVv2,https://i.scdn.co/image/ab67616d00001e02ecbec3da3fc21b7b720f652e
2026-08-02,vn,Vietnam,72,10,10 Ngàn Năm,PC,3HD3V1nGFPwepBO7064Ij0,2pm7K14nHj2fLrpU8j9bit,https://i.scdn.co/image/ab67616d00001e0273af43a330332f0ad89d160b
2026-08-02,vn,Vietnam,73,4,tình yêu chậm trễ,MONSTAR; GREY D; NICKY; VƯƠNG BÌNH,2CLdtsyD2NsTOBBOVr7fi8; 6d0dLenjy5CnR5ZMn2agiV; 006RBJU7ScwRg9eouP4kJw; 351mBX7BjjI2plbfozIzqb,6jcLKVmEKAQIXIVHJZ8vzS,https://i.scdn.co/image/ab67616d00001e029f62ee847bc8904b5c2d2343
2026-08-02,vn,Vietnam,74,11,Hôm Nay Tôi Buồn,Phùng Khánh Linh,23Gbd21nBxC1kCtcG2Cd0C,5SzJs9cwYXdSm9G3xcXuA2,https://i.scdn.co/image/ab67616d00001e029cbfe886d191c4c06a132cab
2026-08-02,vn,Vietnam,75,12,Anh Đã Quen Với Cô Đơn,SOOBIN,6CGGvCBHWqQ4HXtn5aLhbh,39KWnPNEvbXt423CzjvBfA,https://i.scdn.co/image/ab67616d00001e022922307c16bb852a0849bea0
2026-08-02,vn,Vietnam,76,23,Text 07 (W/N ft. 267),W/N; 267,6NF9Oa4ThQWCj6mogFSrVD; 1jLM6ulW6ldwRWX9smNYmt,1cVc6XetpYuJRm4R1MhSW7,https://i.scdn.co/image/ab67616d00001e023945315178acc7379d0b917f
2026-08-02,vn,Vietnam,77,10,HONGKONG1,Nguyễn Trọng Tài; Don Raemo; Double X,2UCPMrvFm42t3w5duYfQHl; 4M86uhyARnHypunU4dhRqG; 1mOcX2DsOhhWYDIgeRXkmm,6UFvSmKzCZ16fxsybf4PhE,https://i.scdn.co/image/ab67616d00001e02e6508f2160d972cc736776fe
2026-08-02,vn,Vietnam,78,10,Người Đầu Tiên,Juky San; buitruonglinh,51wGpVg4Z3lv1IjuZAQjXn; 7Cp2hGcriAaDUAWpXnSEwm,3dbfL7nHOZlM4adzLHNnB3,https://i.scdn.co/image/ab67616d00001e029b8f9d96ac892ebf1ad3cc56
2026-08-02,vn,Vietnam,79,1,petal,Ariana Grande,66CXWjxzNUsdJxJ2JdwvnR,70pVCVMGjmIWPbWXDwf11e,https://i.scdn.co/image/ab67616d00001e028baf677ee2d8dda6cc9fcbd7
2026-08-02,vn,Vietnam,80,5,"XOAY VÒNG (feat. HURRYKNG, CONGB, JSOL & VƯƠNG BÌNH)","TINH HÀ ""SAY HI""; HURRYKNG; CONGB; JSOL; VƯƠNG BÌNH",2dLayz7AThHVFmsIbsvTKh; 5ulyphh5uJrH4Gb1JpSMkV; 0n5wPsNoNc7w1bElyNzY4Z; 6EybZ5zwPNEtEngfrEMevN; 351mBX7BjjI2plbfozIzqb,2WLwTRDgtO4vwjZReiOdNB,https://i.scdn.co/image/ab67616d00001e02c823e4437a4a00db2855f94b
2026-08-02,vn,Vietnam,81,9,Nếu Những Tiếc Nuối,Vũ.,57g2v7gJZepcwsuwssIfZs,2dPJtlvoa3GDowCh035M8P,https://i.scdn.co/image/ab67616d00001e026f76636916ae7d5d930b1656
2026-08-02,vn,Vietnam,82,46,đôi mắt kẻ tình si,GREY D; MIN,6d0dLenjy5CnR5ZMn2agiV; 0IdAjS2LRieBR3gzoazdAw,1ordU9Ts6JNRalwVoXgJd6,https://i.scdn.co/image/ab67616d00001e02232febcafd911a1addb774ae
2026-08-02,vn,Vietnam,83,2,Không Yêu Em Thì Yêu Ai?,Vũ.; Low G,57g2v7gJZepcwsuwssIfZs; 6TITnFVRcl0AcZ4syE7Toe,0e6fZkLArSmDIHnZcIua7t,https://i.scdn.co/image/ab67616d00001e026f76636916ae7d5d930b1656
2026-08-02,vn,Vietnam,84,–,giá như,SOOBIN,6CGGvCBHWqQ4HXtn5aLhbh,58ZlEBxBrzISXtmcOPo476,https://i.scdn.co/image/ab67616d00001e026633cc43560566dbdaa38d99
2026-08-02,vn,Vietnam,85,12,Yêu Một Người Có Lẽ,Lou Hoàng; Miu Lê,75Ki5hBCOpDtKGoFyTvLxP; 4e5LAUvM35jleGg8gElTsP,2o4dDfLK6NVI7TjBm5VoMv,https://i.scdn.co/image/ab67616d00001e02d28b4546b16fc8e0000f277e
2026-08-02,vn,Vietnam,86,15,Nói Dối,Ronboogz,0dBcEvEklr1jx4uZuhFX5e,19U8QkwGDiQnYtnNIlspuo,https://i.scdn.co/image/ab67616d00001e026839560afdf58d075d3229bb
2026-08-02,vn,Vietnam,87,4,Một Nửa Sự Thật,24k.Right; Ngắn; Hipz,0hUr8xEtATxbq2OTiJFAP0; 4Xz2dDcMF1DDfwFcr8Xa5P; 3g8l4a4JtYNpYKqSMZMnK0,0pavLg3wbL6PVXAgXoWv4S,https://i.scdn.co/image/ab67616d00001e022b15141481fc025cd0ede7a8
2026-08-02,vn,Vietnam,88,12,hoá ra…,GREY D,6d0dLenjy5CnR5ZMn2agiV,0EGwksIbRx7VflNBzuIBvc,https://i.scdn.co/image/ab67616d00001e02232febcafd911a1addb774ae
2026-08-02,vn,Vietnam,89,1,"MẤT LA BÀN (feat. Pháp Kiều, Thể Thiên, DANG HONG HAI, VƯƠNG BÌNH & TorySax)","TINH HÀ ""SAY HI""; Pháp Kiều; Thể Thiên; DANG HONG HAI; VƯƠNG BÌNH; TorySax",2dLayz7AThHVFmsIbsvTKh; 13c4ijEkXNvEFoxGxwp5Su; 7Icw7iVmCgkKkfRrYvlKZU; 1f1IoKY0O8x1hlTZztHnXc; 351mBX7BjjI2plbfozIzqb; 4BI5IGyclte5NbHWwzvPRY,1tR4UxGC18cVRH6sCha0ec,https://i.scdn.co/image/ab67616d00001e02ecbec3da3fc21b7b720f652e
2026-08-02,vn,Vietnam,90,11,2 4,W/N,6NF9Oa4ThQWCj6mogFSrVD,6r5o9yIc16ZvymXUKJQ1yy,https://i.scdn.co/image/ab67616d00001e02d2d41a6ed463bbd19006e78b
2026-08-02,vn,Vietnam,91,2,Cho Mình Em,Binz; Đen,2nSO7JYDbJrYbJmP39qUzj; 1HMF5R4KSzEMxB54ihlOdj,51bYFYWODfYOZU0rwvjiCc,https://i.scdn.co/image/ab67616d00001e02b68fa08bdfd02ca2b6a044a3
2026-08-02,vn,Vietnam,92,6,vùng vẫy,Dangrangto; DONAL; ZEXZEX,5xY6E5PMZNtz9jDvxTRiGI; 3rSAej8VUifF02zpsGjsRZ; 4hNP1VYe1hO5ppmWDlGhsx,4ZIwFLm8C7MUe7JR1G9CGa,https://i.scdn.co/image/ab67616d00001e02f5ccda42421dd2d34cef2480
2026-08-02,vn,Vietnam,93,22,Cơn Mưa Cuối,JustaTee; Binz,3rjcQ5VIWCN4q7UFetzdeO; 2nSO7JYDbJrYbJmP39qUzj,6E3P4uOfKHYXJLK6Q3s0Tj,https://i.scdn.co/image/ab67616d00001e0222612841829252b1f3018c2e
2026-08-02,vn,Vietnam,94,1,Thêm Bao Nhiêu Lâu,Đạt G,4R3mugkUqCALXgkwSptTbg,43zzuEWDotRcKlSFzrlJqs,https://i.scdn.co/image/ab67616d00001e02646bbe6d09903e5ecbc86d1c
2026-08-02,vn,Vietnam,95,11,1001 câu trả lời,GREY D; Phùng Khánh Linh,6d0dLenjy5CnR5ZMn2agiV; 23Gbd21nBxC1kCtcG2Cd0C,3gHfyMW0ppwsUCEHVRE8rx,https://i.scdn.co/image/ab67616d00001e02be61632cf5d720e78a392eca
2026-08-02,vn,Vietnam,96,4,Em Đừng Khóc,Chillies,2xvW7dgL1640K8exTcRMS4,0JKEP4dB1riE6l7Kq5kJm1,https://i.scdn.co/image/ab67616d00001e02e8a6054b92e9c63bbf5ff205
2026-08-02,vn,Vietnam,97,13,Em Mới Là Người Yêu Anh,MIN,0IdAjS2LRieBR3gzoazdAw,1zvL2X6HPrLfvtSY4DpopE,https://i.scdn.co/image/ab67616d00001e029deb738a3eaf2dd108ade7e0
2026-08-02,vn,Vietnam,98,15,Nếu Biết Đó Là Lần Cuối,Đức Trường; BMZ,4R2engiAed6QeIV63PDAz0; 3euFcFd5Dc7JAz6t7oKg7m,2w7jOvl0kpplNxisgfnCdT,https://i.scdn.co/image/ab67616d00001e02b667917dd1a458f91d15b146
2026-08-02,vn,Vietnam,99,22,Khi Em Lớn,Orange; Hoàng Dũng,5lAfakPZgxFKgiJD6xAF1G; 6OzE2OdvV2tGAxSBsBuZ74,3J06iY9IRWKr1H0zIxrUby,https://i.scdn.co/image/ab67616d00001e02376b1dd4653e78ea81f42dd2
2026-08-02,vn,Vietnam,100,7,Hẹn Gặp Em Dưới Ánh Trăng,MANBO; HIEUTHUHAI; HURRYKNG,2rKtPYcwYmevNcaqzJOwvf; 5HZtdKfC4xU0wvhEyYDWiY; 5ulyphh5uJrH4Gb1JpSMkV,0s7RyyUlQfd8mnnboHe18n,https://i.scdn.co/image/ab67616d00001e0203828121665d8419f71f6499
2026-08-02,vn,Vietnam,101,5,Giờ Thì,buitruonglinh,7Cp2hGcriAaDUAWpXnSEwm,7mblTCdc14ylJ1JW71MODb,https://i.scdn.co/image/ab67616d00001e02fe0cbef064f18008462d29ef
2026-08-02,vn,Vietnam,102,4,Đừng Làm Trái Tim Anh Đau,Sơn Tùng M-TP,5dfZ5uSmzR7VQK0udbAVpf,31VNCmwspR7nVJ6kruUuJt,https://i.scdn.co/image/ab67616d00001e02a1bc26cdd8eecd89da3adc39
2026-08-02,vn,Vietnam,103,23,Buông Đôi Tay Nhau Ra,Sơn Tùng M-TP,5dfZ5uSmzR7VQK0udbAVpf,3P3rcI48wwVEgxF5vPM6pG,https://i.scdn.co/image/ab67616d00001e02794744c57c9f35db88249842
2026-08-02,vn,Vietnam,104,69,Ngồi Nghe Em Khóc,Đạt G,4R3mugkUqCALXgkwSptTbg,7roD87qxMavNuGydYSRtI2,https://i.scdn.co/image/ab67616d00001e02f778cfa86fd95e7894356eed
2026-08-02,vn,Vietnam,105,Re-Entry,Baby (feat. marzuz),RPT MCK; marzuz,1zSv9qZANOWB4HRE8sxeTL; 3y6Lfjkrdn5TgkbgDxbpvM,33dReAWfMig31u1b47OLco,https://i.scdn.co/image/ab67616d00001e02a2907cc0804151b77ca8667d
2026-08-02,vn,Vietnam,106,27,Xin Đừng Lặng Im,SOOBIN,6CGGvCBHWqQ4HXtn5aLhbh,4CVxKSRLUxqUuj2z9vn4fS,https://i.scdn.co/image/ab67616d00001e02a8b7898d6d2d9e85c9c51cb0
2026-08-02,vn,Vietnam,107,12,Ngàn Năm Ánh Sáng,Đặng Vĩnh Thịnh; BMZ; Nguyễn Trung Đức,5HoKHEC3OTaMgMDnCqc00B; 3euFcFd5Dc7JAz6t7oKg7m; 0AOAMHZgHaxM71om8IDGsv,4nyoalDFgUaZOzIKqj3aS5,https://i.scdn.co/image/ab67616d00001e023208189a3af9c86777447120
2026-08-02,vn,Vietnam,108,30,Chịu Cách Mình Nói Thua,RHYDER; CoolKid; BAN,1W2pigH6UYwuTuFbwoSfVZ; 1Qia4CTwh6x0CZbD0079zi; 0CO1IZAPmgTbkfXvcRCLsL,3ZbZtdEw9U0uZW4tZItIwq,https://i.scdn.co/image/ab67616d00001e023687e8b4ade89380cb3d27c6
2026-08-02,vn,Vietnam,109,8,Mất Kết Nối,Dương Domic,4KPyQxL1zqEiBcTwW6c9HE,0rR27Ayle8G7sKoCt8OWUr,https://i.scdn.co/image/ab67616d00001e02f2e33afbb2d8b486c1c98aa3
2026-08-02,vn,Vietnam,110,16,nhắn nhủ,Ronboogz,0dBcEvEklr1jx4uZuhFX5e,2Wjghh0RpiBquLsJ932X6R,https://i.scdn.co/image/ab67616d00001e0284942e474336017c5bd1f90e
2026-08-02,vn,Vietnam,111,18,Hẹn Lần Sau,MAYDAYs,2iYUs3FoNodbZXKf4mkjGM,1r9gNSD1WUFscqTSA2Rcet,https://i.scdn.co/image/ab67616d00001e02304b7adea4c0e548121784e6
2026-08-02,vn,Vietnam,112,10,海屿你,马也_Crabbit,1V6Bl7Ny5loHozQUalAd6M,6UO9nrihAk6sFGvVHDVTz8,https://i.scdn.co/image/ab67616d00001e027d721d0483ccd72e6581e858
2026-08-02,vn,Vietnam,113,42,Chúng Ta Của Hiện Tại,Sơn Tùng M-TP,5dfZ5uSmzR7VQK0udbAVpf,1J3SmWwlYAG68LGKr86MVH,https://i.scdn.co/image/ab67616d00001e022cd9649ea111a552283f0165
2026-08-02,vn,Vietnam,114,14,MOVE ON,Anh Trai Vượt Ngàn Chông Gai; Hoàng Tôn; Osad; Thái Lê Minh Hiếu,1NVwSzuIbuPJEGWhUQRlnv; 6xRZoWlE9twEkMC5NW4Z9f; 6sJBvMCAi9NuNCxI9RDYDW; 06poxdxQLKoN1WqCvk4qcP,5jCSifehmtV2KDWLoXgA8F,https://i.scdn.co/image/ab67616d00001e020c0c7ddc27dee81663a541ce
2026-08-02,vn,Vietnam,115,18,vạn vật như muốn ta bên nhau,RIO,4dH6uW4FU977FDuTcCHGUf,0Gi23nmOQ0eaPASq2VoMOW,https://i.scdn.co/image/ab67616d00001e02ef562e96cb05a6238204e15f
2026-08-02,vn,Vietnam,116,2,Thanh Xuân,Da LAB,6zUWZmyi5MLOEynQ5wCI5f,3b34161QoxLwsqhWSPy9i5,https://i.scdn.co/image/ab67616d00001e02e6e2f687354cad6c6bfbfae8
2026-08-02,vn,Vietnam,117,21,Tháng Năm,SOOBIN,6CGGvCBHWqQ4HXtn5aLhbh,0SmQ0UWeiHKQtxUej4Rem6,https://i.scdn.co/image/ab67616d00001e0287804726f6db818095a40a86
2026-08-02,vn,Vietnam,118,6,ACAI,CORTIS,1ebt9HnXdyYA6KgLXr1n4P,7Ldcvhcl4Xj4eOTSWpZus5,https://i.scdn.co/image/ab67616d00001e027a702a4c3a18c1439fdc29ff
2026-08-02,vn,Vietnam,119,11,Không Thời Gian,Dương Domic,4KPyQxL1zqEiBcTwW6c9HE,4QalnBNnw9uK1dj543nf76,https://i.scdn.co/image/ab67616d00001e02d7c28617d440ee3430c5bf48
2026-08-02,vn,Vietnam,120,20,Simp Gái 808,Low G,6TITnFVRcl0AcZ4syE7Toe,2ppLwHSMgDGEQ5c8o6nAX2,https://i.scdn.co/image/ab67616d00001e021d66c4676b09e84c90333a14
2026-08-02,vn,Vietnam,121,1,Bầu Trời Mới,Da LAB; Minh Tốc & Lam,6zUWZmyi5MLOEynQ5wCI5f; 27RoKwun6jKycKbH2iYUFU,7fCeYpR02Q8JVuD88hJZVT,https://i.scdn.co/image/ab67616d00001e0264eefeaaf062b7fdf9f7e6a0
2026-08-02,vn,Vietnam,122,19,một bài hát không vui mấy - Extended Version,T.R.I; Dangrangto; DONAL,2rVYwIYNEsMxtt8j5yemHb; 5xY6E5PMZNtz9jDvxTRiGI; 3rSAej8VUifF02zpsGjsRZ,36fgG6NiEuQXznNgf5y2Ck,https://i.scdn.co/image/ab67616d00001e02be28c7163d45474004d49b9d
2026-08-02,vn,Vietnam,123,31,Ghé Qua,PC; Dick; tofutns,3HD3V1nGFPwepBO7064Ij0; 1tikl40deDgJWS57GTKiVh; 0Ux2qIQbEeqvv7uYLgHhDH,6Q2oEdOhRjZ1DTv2a7j0lN,https://i.scdn.co/image/ab67616d00001e02acf81fac104612777326b0cf
2026-08-02,vn,Vietnam,124,7,Nước Mắt Em Lau Bằng Tình Yêu Mới,Da LAB; Tóc Tiên,6zUWZmyi5MLOEynQ5wCI5f; 4YkqEuVf1Jf2x2XDqJ2CvC,7J9l9ebYB3IEs5ea5J1M7a,https://i.scdn.co/image/ab67616d00001e02a8841feab76e269590320623
2026-08-02,vn,Vietnam,125,20,Love is,Dangrangto,5xY6E5PMZNtz9jDvxTRiGI,3UJ2gSPFPSkPKZghRI8y1e,https://i.scdn.co/image/ab67616d00001e026ffd808cd4a0e3347ba6131e
2026-08-02,vn,Vietnam,126,13,Anh Đã Không Biết Cách Yêu Em,Quang Đăng Trần,2LX2SKJhvZjyH4Z7XMptjd,1hPbWyZnUPaeAWbOSKwkXJ,https://i.scdn.co/image/ab67616d00001e02b6dfaf73fca0fe1ca7461d80
2026-08-02,vn,Vietnam,127,42,Có Đôi Điều,Shiki,3hRnvEdu1iPyB6EzMBbuZq,2Pwou3Q2Cf59RxdX2V6MgV,https://i.scdn.co/image/ab67616d00001e023d8f5ef4ca6a5d6a22af538a
2026-08-02,vn,Vietnam,128,4,Chiều Hôm Ấy,JayKii,4ZSYaCMxF2k6maN3KTP17F,5tmA5oQDF0ULqRI12LKCDw,https://i.scdn.co/image/ab67616d00001e02dd99a8ac0e175d34167d96f4
2026-08-02,vn,Vietnam,129,25,An Thần,Low G; Thắng,6TITnFVRcl0AcZ4syE7Toe; 1oD9fKbb7qQ2nhn9JJC24F,5C3fx9rdM4Bxf1MSOQC4Ym,https://i.scdn.co/image/ab67616d00001e02c8d355355c2c62b74b0809e4
2026-08-02,vn,Vietnam,130,7,Sau Cơn Mưa,CoolKid; RHYDER,1Qia4CTwh6x0CZbD0079zi; 1W2pigH6UYwuTuFbwoSfVZ,48MtqfQw716EZaNzOKNnuR,https://i.scdn.co/image/ab67616d00001e02a873f1cbca66eb2a77052483
2026-08-02,vn,Vietnam,131,20,NGƯỜI NHƯ ANH XỨNG ĐÁNG CÔ ĐƠN - KHÔNG ĐAU NỮA RỒI,VCT; Negav; Jey B; Ngô Kiến Huy,7yquVKfxBuNFJbG9cy2R8A; 4fg8aMZ23d2bxKz7r2vt9v; 4nxHXVJhEDW8IBb2oUwWxA; 7at0gkjCnhOBrxwQlJPJ4s,6ag0c7tBr3PIqPb00C2rK4,https://i.scdn.co/image/ab67616d00001e02d3d0d8c5e50cbb05b2d2e6b2
2026-08-02,vn,Vietnam,132,36,3107 3,W/N; Duongg; Nau; titie,6NF9Oa4ThQWCj6mogFSrVD; 3JkGKNawown8MgcJsDw1WT; 38QautgC2LNYKiu10BB0sF; 2I8garg5B5BsdmetbsXsjG,1EmMFSLRVkOszCa4ul9z0F,https://i.scdn.co/image/ab67616d00001e021f24e7802fe66cb93779a44b
2026-08-02,vn,Vietnam,133,24,Lạ Lùng,Vũ.,57g2v7gJZepcwsuwssIfZs,5Bti0azlFhMattVY76qFr9,https://i.scdn.co/image/ab67616d00001e024d2f9d43a77e3e72070bb27a
2026-08-02,vn,Vietnam,134,1,Ngày Này Năm Ấy,Việt Anh,0cf0oidLIQoNhGTp0SHzhU,2pBZoglJzsRk4UeVey8n0k,https://i.scdn.co/image/ab67616d00001e02aeae15f8ddb16be02e781e51
2026-08-02,vn,Vietnam,135,5,Thích Quá Rùi Nà,tlinh; Trung Trần,3diftVOq7aEIebXKkC34oR; 2v14NO80QYditUms7sbEIZ,2q2DN73j7oY2igLflertN3,https://i.scdn.co/image/ab67616d00001e023b8fccabde0a2d2eb00c16b0
2026-08-02,vn,Vietnam,136,9,3 1 0 7 (feat. Duongg & Nâu),W/N; Duongg; Nâu,6NF9Oa4ThQWCj6mogFSrVD; 3JkGKNawown8MgcJsDw1WT; 5zifyPCJIZxUBhVq7AydsT,5xuaCJaNAqRLwV7OO5zPiF,https://i.scdn.co/image/ab67616d00001e02adc789d731eff56c9b448737
2026-08-02,vn,Vietnam,137,55,Già Cùng Nhau Là Được,Tùng TeA; PC; TaynguyenSound,2SWNzbf1maA3oR4x56Uv9W; 3HD3V1nGFPwepBO7064Ij0; 5ayWRfrcpObgDDlzheJ2Gr,0jHpGB1Xt2kIX0VaPFvStp,https://i.scdn.co/image/ab67616d00001e0276c10c0497647b0cee2dba35
2026-08-02,vn,Vietnam,138,15,Người Đáng Thương Là Anh,Only C,5GBXwBVQufRCmwI1bNRIUo,55K3e7BGewGDUJ4ZQwkh7M,https://i.scdn.co/image/ab67616d00001e02d6186b7d1cd7e073469bd866
2026-08-02,vn,Vietnam,139,35,Hà Nội,Obito; Shiki; VSTRA,0ZbgKh0FgPYeFP38nVaEGp; 3hRnvEdu1iPyB6EzMBbuZq; 2aMo0CYbTieTisS0BlWc59,5PGh9MyKry8slG5AfvD1eD,https://i.scdn.co/image/ab67616d00001e0292824dc99ef88e1bd6d79904
2026-08-02,vn,Vietnam,140,12,NGƯỜI NHƯ ANH XỨNG ĐÁNG CÔ ĐƠN,"ANH TRAI ""SAY HI""; VCT; Karik; Negav; Ngô Kiến Huy; Jey B",4wZ6awunqaaVLl5j0WpDFu; 7yquVKfxBuNFJbG9cy2R8A; 2Bwp23pD4UVsSkchHDZw4F; 4fg8aMZ23d2bxKz7r2vt9v; 7at0gkjCnhOBrxwQlJPJ4s; 4nxHXVJhEDW8IBb2oUwWxA,5u5AsK8JLgkr154QHZjJqh,https://i.scdn.co/image/ab67616d00001e02d33346ad3d2ae52cb3427f4b
2026-08-02,vn,Vietnam,141,22,Đánh Đổi,Obito; Shiki; RPT MCK,0ZbgKh0FgPYeFP38nVaEGp; 3hRnvEdu1iPyB6EzMBbuZq; 1zSv9qZANOWB4HRE8sxeTL,1UQNU5O9VttUgO16pxUnjw,https://i.scdn.co/image/ab67616d00001e0292824dc99ef88e1bd6d79904
2026-08-02,vn,Vietnam,142,15,Đó Chỉ Là Thành Phố Của Anh,Luxuyen; New$oulz,0B9sKSEY2YQpILrF2HHng4; 7GKDb02uOcMnDS5fUixNEc,2qU7v0idyT8aTp8FVxl23c,https://i.scdn.co/image/ab67616d00001e0257fbe5bd828fc8974e7e0a9b
2026-08-02,vn,Vietnam,143,17,KHÔNG ĐAU NỮA RỒI,"EM XINH ""SAY HI""; Orange; Mỹ Mỹ; 52Hz; Châu Bùi; Pháp Kiều",1I5CkmtLVWLUygTT3cLr5X; 5lAfakPZgxFKgiJD6xAF1G; 21trGUfOb8qkRjI4EyF1qm; 1y28JlO6rDMUB5rkcA4RAh; 6mKDR6IdsyqRp38x1uigAR; 13c4ijEkXNvEFoxGxwp5Su,1uiqiUzPn2EJpvHDy84PEZ,https://i.scdn.co/image/ab67616d00001e02d0b9c144f3a1db73f1b677dc
2026-08-02,vn,Vietnam,144,24,thế giới của anh,Dangrangto; DONAL,5xY6E5PMZNtz9jDvxTRiGI; 3rSAej8VUifF02zpsGjsRZ,6TGwaBlfUGVoeZMBLzvXGP,https://i.scdn.co/image/ab67616d00001e021ebf29af848d1d40146bdb98
2026-08-02,vn,Vietnam,145,–,trời giấu trời mang đi,AMEE,2aQnC3DbZB9GbauvhAw7ve,2SykQzXuFSeprST1uDjj1m,https://i.scdn.co/image/ab67616d00001e02819219f4ea0ad1e11cb78411
2026-08-02,vn,Vietnam,146,10,GO!,CORTIS,1ebt9HnXdyYA6KgLXr1n4P,6OWWZtNQORY1McaZmOrwhc,https://i.scdn.co/image/ab67616d00001e024b56a34b0c2b3798fd46f855
2026-08-02,vn,Vietnam,147,15,1000 Ánh Mắt,Shiki; Obito,3hRnvEdu1iPyB6EzMBbuZq; 0ZbgKh0FgPYeFP38nVaEGp,5XfGQZA0ioQAWUjlyJRcHc,https://i.scdn.co/image/ab67616d00001e023d8f5ef4ca6a5d6a22af538a
2026-08-02,vn,Vietnam,148,14,Bước Qua Mùa Cô Đơn,Vũ.,57g2v7gJZepcwsuwssIfZs,6uxuJ8Fr1AAfSPJUF9N1yr,https://i.scdn.co/image/ab67616d00001e027c2c7660ba4e8060a10fc9c5
2026-08-02,vn,Vietnam,149,24,Những Lời Hứa Bỏ Quên,Vũ.; Dear Jane,57g2v7gJZepcwsuwssIfZs; 6V1SwiosQqf5XvmoTMCGa9,1LJyhnPdYGRLerwJd8CmL1,https://i.scdn.co/image/ab67616d00001e026f76636916ae7d5d930b1656
2026-08-02,vn,Vietnam,150,15,We Don't Talk Anymore (feat. Selena Gomez),Charlie Puth; Selena Gomez,6VuMaDnrHyPL1p4EHjYLi7; 0C8ZW7ezQVs4URX5aX7Kqx,54PbBpquVfhfrwRwvjSXbI,https://i.scdn.co/image/ab67616d00001e0215145482a542a9adb282250b
2026-08-02,vn,Vietnam,151,4,"One Of The Girls (with JENNIE, Lily Rose Depp)",The Weeknd; JENNIE; Lily-Rose Depp,1Xyo4u8uXC1ZmMpatF05PJ; 250b0Wlc5Vk0CoUsaCY84M; 1pBLC0qVRTB5zVMuteQ9jJ,7CyPwkp0oE8Ro9Dd5CUDjW,https://i.scdn.co/image/ab67616d00001e02b0dd6a5cd1dec96c4119c262
2026-08-02,vn,Vietnam,152,36,Có Em Chờ,MIN,0IdAjS2LRieBR3gzoazdAw,6KIhgRkprgyJNERRMu7Quh,https://i.scdn.co/image/ab67616d00001e021afa18b0fb9197e45352813a
2026-08-02,vn,Vietnam,153,19,Trạng Thái Mộng Mơ,Đỗ Hoàng Long,7rkudDmJqV6OIv9EvCOWoG,0KA8tBqZ81mBe2po59GK5j,https://i.scdn.co/image/ab67616d00001e02c974be1c42a0e44df48f299c
2026-08-02,vn,Vietnam,154,35,Forget Me Now,Fishy; Trí Dũng,7kSmS2G15QIw8rllwGex9r; 3vrLtReLclPLq5VvCAxCik,6sUXtdG33WW3qANi8phOON,https://i.scdn.co/image/ab67616d00001e02c02454f5d89c94e488b4ac45
2026-08-02,vn,Vietnam,155,12,FaSHioN,CORTIS,1ebt9HnXdyYA6KgLXr1n4P,4ecdsGz3Hg6TKPwQ0ZOdJz,https://i.scdn.co/image/ab67616d00001e024b56a34b0c2b3798fd46f855
2026-08-02,vn,Vietnam,156,12,bao tiền một mớ bình yên?,14 Casper; Bon Nghiêm,0zo8kCJVktn7oPnzpkbC2p; 6hnfLIkvDl6pjlAe1YRGXY,7kgzRBNkBRArtTPkYjWLYT,https://i.scdn.co/image/ab67616d00001e0270cb943c9a67b7eda3414366
2026-08-02,vn,Vietnam,157,39,Come My Way (softer version),Sơn Tùng M-TP,5dfZ5uSmzR7VQK0udbAVpf,331pu1rdL2Yn7Z3F1RNXBR,https://i.scdn.co/image/ab67616d00001e0277ee25c2b6bde5aa489b2074
2026-08-02,vn,Vietnam,158,16,Em Không Khóc (feat. Vũ Phụng Tiên),buitruonglinh; Vũ Phụng Tiên,7Cp2hGcriAaDUAWpXnSEwm; 70ULEgr5A3zBL12foM4bnj,4N99EuIjwSSFFFMDfTeOLU,https://i.scdn.co/image/ab67616d00001e021dddee08b987379428e54168
2026-08-02,vn,Vietnam,159,20,Đáng Lý Ra Phải Là Anh,Đức Trường; BMZ; Kun,4R2engiAed6QeIV63PDAz0; 3euFcFd5Dc7JAz6t7oKg7m; 0Wk1HnqgITK5L6UIR6h3pM,7HoAJ6Hc1P91eoOrn1WY5d,https://i.scdn.co/image/ab67616d00001e0282b5e415d9fda695d6d59738
2026-08-02,vn,Vietnam,160,23,Beauty And A Beat,Justin Bieber; Nicki Minaj,1uNFoZAHBGtllmzznpCI3s; 0hCNtLu0JehylgoiP8L4Gh,6QFCMUUq1T2Vf5sFUXcuQ7,https://i.scdn.co/image/ab67616d00001e02f1d02a6cec967f8b6b78f76e
2026-08-02,vn,Vietnam,161,33,Nghe Như Tình Yêu,HIEUTHUHAI,5HZtdKfC4xU0wvhEyYDWiY,1J12HjUuXfJnaUdubTEzSR,https://i.scdn.co/image/ab67616d00001e02ff825e8af61dad96490e8192
2026-08-02,vn,Vietnam,162,29,Từng Quen,Wren Evans; itsnk,5M3ffmRiOX9Q8Y4jNeR5wu; 0hy8mfXxfD8kQ6MRQkDVrn,4qYfRfSxsmhJ1WMaywtLyI,https://i.scdn.co/image/ab67616d00001e0271d5ffe4407f913393ecdd11
2026-08-02,vn,Vietnam,163,5,Yêu 5,Rhymastic,0gGd4WhPXBSgDX6fdOHcOw,5U30iZBlmxkpHqzb1OSnBS,https://i.scdn.co/image/ab67616d00001e02d085c32d050bc832a8075ce6
2026-08-02,vn,Vietnam,164,23,TNT,CORTIS,1ebt9HnXdyYA6KgLXr1n4P,7diH1qnFziArYzynk3vkr6,https://i.scdn.co/image/ab67616d00001e027a702a4c3a18c1439fdc29ff
2026-08-02,vn,Vietnam,165,15,Ex's Hate Me,B Ray; AMEE,1WvNgEoB66jmHodcj15Zi9; 2aQnC3DbZB9GbauvhAw7ve,6su7ekPw5AAIU2OUCvos6S,https://i.scdn.co/image/ab67616d00001e0225b293d1ca066c650a0f9c69
2026-08-02,vn,Vietnam,166,Re-Entry,Chắc Ai Đó Sẽ Về,Sơn Tùng M-TP,5dfZ5uSmzR7VQK0udbAVpf,527UV7H9SbnmTVkxBVg56X,https://i.scdn.co/image/ab67616d00001e02794744c57c9f35db88249842
2026-08-02,vn,Vietnam,167,28,Muộn Rồi Mà Sao Còn,Sơn Tùng M-TP,5dfZ5uSmzR7VQK0udbAVpf,4vfhartd7HDWGJbdVIycEu,https://i.scdn.co/image/ab67616d00001e020121ea113166222d5c743e2e
2026-08-02,vn,Vietnam,168,Re-Entry,NOLOVENOLIFE,HIEUTHUHAI,5HZtdKfC4xU0wvhEyYDWiY,6D94p9ASguBcYlDC0o56vx,https://i.scdn.co/image/ab67616d00001e02c006b0181a3846c1c63e178f
2026-08-02,vn,Vietnam,169,18,NGỰA Ô,Dangrangto; TeuYungBoy; DONAL,5xY6E5PMZNtz9jDvxTRiGI; 3oD2yI1g6aT3KawHD8ZYaU; 3rSAej8VUifF02zpsGjsRZ,4eeflgjzTF8xN8U2E0dech,https://i.scdn.co/image/ab67616d00001e02cf17facfa039ce40abfd555d
2026-08-02,vn,Vietnam,170,New,đôi khi,Obito,0ZbgKh0FgPYeFP38nVaEGp,6u3he5hPpYDoNNacBUR7vX,https://i.scdn.co/image/ab67616d00001e027f1315cbae0faac2600df292
2026-08-02,vn,Vietnam,171,Re-Entry,Trở Về,Wxrdie; JustaTee,1Jmkhzve9TuXHUUWGmpANw; 3rjcQ5VIWCN4q7UFetzdeO,0oL2jCTf9P9a7flY5mCpYu,https://i.scdn.co/image/ab67616d00001e02f3b9c8061be9fc0bdebad64e
2026-08-02,vn,Vietnam,172,27,Chờ Anh Nhé,Hoàng Dũng; Hoàng Rob,6OzE2OdvV2tGAxSBsBuZ74; 43qZrcVKZleWlmoBVRBPO8,2uxjHthUJd2A8PmWaUGGsI,https://i.scdn.co/image/ab67616d00001e02a09fb80b07fb17f8ab7b844a
2026-08-02,vn,Vietnam,173,27,"CÓ GÌ ĐÂU MÀ CAY (feat. CAPTAIN BOY, CoolKid, IVAN, Xuân Định K.Y & leonsash)","TINH HÀ ""SAY HI""; CAPTAIN BOY; CoolKid; IVAN; Xuân Định K.Y; leonsash",2dLayz7AThHVFmsIbsvTKh; 1pKPrziZw7C4GvOlBIXqP5; 1Qia4CTwh6x0CZbD0079zi; 0BaA7hESJdlOMitd8QM7jY; 7G5AEkY5idIoHytk72GGyf; 0xhFMncGgY5cKn4FmLeM2a,22GBoFAjFPlJ44Mef8mnOb,https://i.scdn.co/image/ab67616d00001e02ecbec3da3fc21b7b720f652e
2026-08-02,vn,Vietnam,174,13,PHÓNG ZÌN ZÌN,tlinh; Low G,3diftVOq7aEIebXKkC34oR; 6TITnFVRcl0AcZ4syE7Toe,3COYA2vgfcUhDyRlVpZy5p,https://i.scdn.co/image/ab67616d00001e02d7d3c1abbc451131fa7523e8
2026-08-02,vn,Vietnam,175,19,Pin Dự Phòng,Dương Domic; Lou Hoàng,4KPyQxL1zqEiBcTwW6c9HE; 75Ki5hBCOpDtKGoFyTvLxP,1YG2V1ejfyoKgrPPGJDrVW,https://i.scdn.co/image/ab67616d00001e02f2e33afbb2d8b486c1c98aa3
2026-08-02,vn,Vietnam,176,10,Animal,KATSEYE,3c0gDdb9lhnHGFtP4prQpn,3ouNEk0tv5TTi8VWMe1xbX,https://i.scdn.co/image/ab67616d00001e029e8d48f27391ce383862b8e8
2026-08-02,vn,Vietnam,177,12,Đến Đây Bên Anh,Cloud 5; Dangrangto,4jpoAFITrFeFHeZ7Fgv3KZ; 5xY6E5PMZNtz9jDvxTRiGI,55Eo6NDkVhSRBonrT16kXM,https://i.scdn.co/image/ab67616d00001e02bed265ca42ecbd6daf08a7a1
2026-08-02,vn,Vietnam,178,19,Cảm Ơn Người Đã Thức Cùng Tôi,Phùng Khánh Linh; 30 Pictures,23Gbd21nBxC1kCtcG2Cd0C; 4fuBxSAuP6X7YxDZYVaLsz,0t8g66pWghsU8MphjUQIdg,https://i.scdn.co/image/ab67616d00001e02e292ad3d0b2c9439981132e5
2026-08-02,vn,Vietnam,179,2,Chìm Sâu,RPT MCK; Trung Trần,1zSv9qZANOWB4HRE8sxeTL; 2v14NO80QYditUms7sbEIZ,4YMM05vannAm37Mp1dHK1V,https://i.scdn.co/image/ab67616d00001e02d80191bebd0e8506c3533cd5
2026-08-02,vn,Vietnam,180,Re-Entry,MỘNG YU,AMEE; RPT MCK,2aQnC3DbZB9GbauvhAw7ve; 1zSv9qZANOWB4HRE8sxeTL,5oFEvbM7lGnx8jfAkuhVyo,https://i.scdn.co/image/ab67616d00001e02e4522860e86653f2595a64a4
2026-08-02,vn,Vietnam,181,17,Đường Tôi Chở Em Về,buitruonglinh,7Cp2hGcriAaDUAWpXnSEwm,7H2j1yMCXXNfd9V9aKeodi,https://i.scdn.co/image/ab67616d00001e0222029966c28f9d19ab54143c
2026-08-02,vn,Vietnam,182,6,Phonecert,Hoàng Dũng,6OzE2OdvV2tGAxSBsBuZ74,498g7npirihKT5MPdVSfb0,https://i.scdn.co/image/ab67616d00001e02d366487daa325f4bd2d803cc
2026-08-02,vn,Vietnam,183,34,Có Ai Thương Em Như Anh,Tóc Tiên; Touliver,4YkqEuVf1Jf2x2XDqJ2CvC; 5UNWQJdUbO8Gbg9Qn3r52M,7AD5F85waSb3yZxZxEXhJM,https://i.scdn.co/image/ab67616d00001e02f7f36f33a9f857d12b00df42
2026-08-02,vn,Vietnam,184,Re-Entry,Một Cái Ôm,RPT MCK,1zSv9qZANOWB4HRE8sxeTL,3eyofO494ufj22EKJhz2mq,https://i.scdn.co/image/ab67616d00001e02a2907cc0804151b77ca8667d
2026-08-02,vn,Vietnam,185,26,Em Của Anh Đừng Của Ai!,Long Cao,7uOyzPXtHba1TMMQA6HJhk,6qgATU8r0ZPcPFPtZ5qA7B,https://i.scdn.co/image/ab67616d00001e02bd3e5e7f428a3c519627806d
2026-08-02,vn,Vietnam,186,22,"Đừng Yêu Nữa, Em Mệt Rồi",MIN,0IdAjS2LRieBR3gzoazdAw,4DJZfZPvWYbSeFVFf2b2aS,https://i.scdn.co/image/ab67616d00001e02886cc92143ccb54acf8bbf5e
2026-08-02,vn,Vietnam,187,–,Dù Cho Mai Về Sau,buitruonglinh,7Cp2hGcriAaDUAWpXnSEwm,4Iz5EWPCAT8jYNk4IpLoll,https://i.scdn.co/image/ab67616d00001e02ff2d5a6f74d5141af7a371ea
2026-08-02,vn,Vietnam,188,13,Sweet Boy,Malcolm Todd,7eKkW1zo5uzW8kUntiiBvz,59c2xv2kMzYM6HR9oY6BIa,https://i.scdn.co/image/ab67616d00001e022c1f34ecc1929fb59908aad1
2026-08-02,vn,Vietnam,189,4,Lễ Đường,Kai Đinh,3E6LGptA8lBEXPHAQCE3vr,3y66li7DIrH7HLKIZzxR5H,https://i.scdn.co/image/ab67616d00001e02312aebc924ae317397fdcff5
2026-08-02,vn,Vietnam,190,28,Thu Đợi,Wren Evans; itsnk,5M3ffmRiOX9Q8Y4jNeR5wu; 0hy8mfXxfD8kQ6MRQkDVrn,65st6HfPZyxq1RNTvqSIos,https://i.scdn.co/image/ab67616d00001e02bbbeacf07777727cc381797b
2026-08-02,vn,Vietnam,191,5,Nằm Bên Anh,Minh Đinh; Hà An Huy,4NfuHLESitkh66LOZeyzsu; 6cz81gA7fLpRK4qKeLsGIn,20gsAL3ybtvJrk9NXCDf7h,https://i.scdn.co/image/ab67616d00001e02a77f6467328fb3be03af1ff7
2026-08-02,vn,Vietnam,192,Re-Entry,Chờ Tới Khi Anh Về,HIEUTHUHAI; Hoàng Tôn,5HZtdKfC4xU0wvhEyYDWiY; 6xRZoWlE9twEkMC5NW4Z9f,6lRlM6bClcoOBLQi0zfA34,https://i.scdn.co/image/ab67616d00001e029786a600b159da21312fb356
2026-08-02,vn,Vietnam,193,3,Forget About Her,JustaTee,3rjcQ5VIWCN4q7UFetzdeO,5kJMW3pK49PvQDtpVryHf5,https://i.scdn.co/image/ab67616d00001e02c3e00da7dc9099c24abc44cd
2026-08-02,vn,Vietnam,194,27,Hư không,Kha,6tWaQSIL7reD85PKStNk28,0sR5ThoE0uoskXWrm6KDxP,https://i.scdn.co/image/ab67616d00001e02854f9dc6ca88195136270b7c
2026-08-02,vn,Vietnam,195,Re-Entry,để dành cho em,Dangrangto; DONAL,5xY6E5PMZNtz9jDvxTRiGI; 3rSAej8VUifF02zpsGjsRZ,2HEd2fkMbbIclpv8pYvWW0,https://i.scdn.co/image/ab67616d00001e0248af74171ed2b5f89902cadf
2026-08-02,vn,Vietnam,196,Re-Entry,Giữ Anh Cho Ngày Hôm Qua,Hoàng Dũng; Rhymastic; Lelarec,6OzE2OdvV2tGAxSBsBuZ74; 0gGd4WhPXBSgDX6fdOHcOw; 66KVPHSpvejcXEkiPQ7djq,5wYQC7AuxV8ROALWcbVNxc,https://i.scdn.co/image/ab67616d00001e029a3dca7b5e3e784f5bf46164
2026-08-02,vn,Vietnam,197,34,Đầu Đường Xó Chợ,Obito; Shiki; Lăng LD,0ZbgKh0FgPYeFP38nVaEGp; 3hRnvEdu1iPyB6EzMBbuZq; 0EOMdQwzUG6CKh9oWvcANr,2G5ujw3rrWcAXQqT8PVnrz,https://i.scdn.co/image/ab67616d00001e0292824dc99ef88e1bd6d79904
2026-08-02,vn,Vietnam,198,Re-Entry,Em Còn Nhớ Anh Không - Remastered,Hoàng Tôn; Koo,6xRZoWlE9twEkMC5NW4Z9f; 19JOXyTbKnSp1QxnKEeXtq,7q1qYSyRkGT4ZaCc2ZQihP,https://i.scdn.co/image/ab67616d00001e020f51ab4082005cad23ea985f
2026-08-02,vn,Vietnam,199,11,Mascara,Chillies,2xvW7dgL1640K8exTcRMS4,50cmxP6KlnQA9IG3q5ckKD,https://i.scdn.co/image/ab67616d00001e02e8a6054b92e9c63bbf5ff205
2026-08-02,vn,Vietnam,200,Re-Entry,3 1 0 7 - 2 (feat. DuongG & Nau),W/N; Duongg; Nau,6NF9Oa4ThQWCj6mogFSrVD; 3JkGKNawown8MgcJsDw1WT; 38QautgC2LNYKiu10BB0sF,2PYDUM2IC01FOTDLQdFxJP,https://i.scdn.co/image/ab67616d00001e023c23d86c5566cab2f56b88f1