captured_date,market,market_name,rank,rank_change,track_name,artist_names,artist_spotify_ids,track_spotify_id,image_url
2026-02-13,in,India,1,–,Gehra Hua,Shashwat Sachdev; Arijit Singh; Irshad Kamil; Armaan Khan,465OXuCU8YZNmVG1leLwQ9; 4YRxDV8wJFPHPTeXepOstw; 3GdSQUH1BRtl9UrrtuwJlP; 68CFADZWUwvJMqkCeqmxMJ,5MCbGWnNLLjoHpbDO3BOgi,https://i.scdn.co/image/ab67616d00001e027838ccbef3fb712228e23fc5
2026-02-13,in,India,2,–,Sahiba,Aditya Rikhari,3ozYqVCLohfpXIhalkhM8D,0eLtIxPRNJfsmehITZ1qaJ,https://i.scdn.co/image/ab67616d00001e020a47bbe7141fdfe0eb2cdba7
2026-02-13,in,India,3,–,Samjhawan,Jawad Ahmad; Shaarib Toshi; Arijit Singh; Shreya Ghoshal,2gXOOKY8mmJG6iwHrTq9gp; 0FJz7XR37hH69traaHLijA; 4YRxDV8wJFPHPTeXepOstw; 0oOet2f43PA68X5RxKobEy,0rk2X5TAhraBC5aCIXK2Rq,https://i.scdn.co/image/ab67616d00001e028a7ae7092464f6685355dc3c
2026-02-13,in,India,4,1,Dooron Dooron,Paresh Pahuja; Shiv Tandan; Meghdeep Bose,0DHOOKfXu4aU7LsWjTdrIN; 74wYoI5DV3XZGJri7l9cOP; 1e3Yx1PLC5EP8lz0OFOHda,0q5e5KtUOhYQujmhLP0pKd,https://i.scdn.co/image/ab67616d00001e029fd839ed5ae2fd87ee8ac923
2026-02-13,in,India,5,1,Finding Her,Kushagra; Bharath; Saaheal,2IKfr1JgPRXmXKAWwrABc6; 1zD9gVg8wPOmVfYxTjMHaT; 29S4JzoFUP1MCyMgKd83zM,5ThyDv6aRVU8AH4vXQNldF,https://i.scdn.co/image/ab67616d00001e02292341cd3e621d7f9171331f
2026-02-13,in,India,6,2,Shararat,Shashwat Sachdev; Madhubanti Bagchi; Jasmine Sandlas,465OXuCU8YZNmVG1leLwQ9; 4ojkMVHjuDZgDXSJy5qs2h; 0mJDQBWytBhOh5JB1DOQ1c,0R7grQWU1dRxiOQGIqZm0Z,https://i.scdn.co/image/ab67616d00001e027838ccbef3fb712228e23fc5
2026-02-13,in,India,7,–,Arz Kiya Hai | Coke Studio Bharat,Anuv Jain,4gdMJYnopf2nEUcanAwstx,1bMkimTb47umgNP6xCi4A1,https://i.scdn.co/image/ab67616d00001e0225fa2d19b2363a9520a34409
2026-02-13,in,India,8,2,Apna Bana Le,Sachin-Jigar; Arijit Singh; Amitabh Bhattacharya,1mBydYMVBECdDmMfE2sEUO; 4YRxDV8wJFPHPTeXepOstw; 2fMqTqiTxUDlmcOEPaQSsx,1hA697u7e1jX2XM8sWA6Uy,https://i.scdn.co/image/ab67616d00001e02b85b4e8fb6ba961aedfde386
2026-02-13,in,India,9,–,For A Reason,Karan Aujla; Ikky,6DARBhWbfcS9E4yJzcliqQ; 3nqS8jzqmsPKFJTp0BOIel,0cYohCh24y1aMjJmcS9RBl,https://i.scdn.co/image/ab67616d00001e0289e8f71cb6f3b6cc60944858
2026-02-13,in,India,10,1,Ishq,Faheem Abdullah; Rauhan Malik; Amir Ameer,05etL4pzWd6TSv1x5WrlG3; 22UtphG4LcwxlhhV0aP4js; 6MPuzz9hPrs4TwxeHh4cEj,1hlbywc8Jhl1FFqJxAMabE,https://i.scdn.co/image/ab67616d00001e020de04fd2c7c3bdc0a1d765f5
2026-02-13,in,India,11,1,Saiyaara,Tanishk Bagchi; Faheem Abdullah; Arslan Nizami; Irshad Kamil,4f7KfxeHq9BiylGmyXepGt; 05etL4pzWd6TSv1x5WrlG3; 5yzqUq3vXrMkmfcOwMY203; 3GdSQUH1BRtl9UrrtuwJlP,5SSZtFWdrmFV4MxtlRA13N,https://i.scdn.co/image/ab67616d00001e022fc1f0e56f80b5e7cc388b3c
2026-02-13,in,India,12,4,Mann Mera,Gajendra Verma,1yzgJmZf5CxtFfGfRFm4Si,0mwAlZqPUWpZJIut93y40W,https://i.scdn.co/image/ab67616d00001e02f2d0db770d8cd316f760a2f2
2026-02-13,in,India,13,2,Dhurandhar - Title Track,Shashwat Sachdev; Hanumankind; Jasmine Sandlas; Sudhir Yaduvanshi; Charanjit Ahuja; Muhammad Sadiq; Ranjit Kaur; Babu Singh Maan,465OXuCU8YZNmVG1leLwQ9; 4nVa6XlBFlIkF6msW57PHp; 0mJDQBWytBhOh5JB1DOQ1c; 586UieDtNlK2F8hEMayYbb; 5jI1jiicLnii7yjSbAj9xj; 0Wrp7P9HV2JVEKAzU3tLSD; 2RB4eCNO29DoHWqjLtPAFY; 0CrZKzYlBaQEXqXGNduM4d,5xKr4HfdnYLMDmAJZkOuBc,https://i.scdn.co/image/ab67616d00001e027838ccbef3fb712228e23fc5
2026-02-13,in,India,14,1,"Raanjhan (From ""Do Patti"")",Sachet-Parampara; Parampara Tandon; Kausar Munir,1SyKki7JI1AZNKwgNMkn25; 1E6arsXf5Fgsnv9YpSzjpE; 3GBSge8pq7mpezUQl0GAOA,4vHRQnzGcKEtqsLH70tAms,https://i.scdn.co/image/ab67616d00001e02773c5f60bcb309ef8802e4ef
2026-02-13,in,India,15,1,Haseen,Talwiinder; NDS; Rippy Grewal,6QoCrBHsojKnOrsGNfRcTN; 5xh6szshoZ0UfZD1x6QzZG; 1RaZAbVB4yopz69N1XlZvj,08GYLNhKthS3arMdXsveRI,https://i.scdn.co/image/ab67616d00001e0205be603d0ab07ff5b195554e
2026-02-13,in,India,16,2,Tere Liye,Atif Aslam; Shreya Ghoshal; Sachin Gupta; Sameer Anjaan,2oSONSC9zQ4UonDKnLqksx; 0oOet2f43PA68X5RxKobEy; 34R6DQd8ErBy1xyOyMHFrq; 5sifufajls8Q6k04Y4F8mH,0xlWd9o8yjKpJ02WJy79kZ,https://i.scdn.co/image/ab67616d00001e02af932ac943c7afa6b74659f7
2026-02-13,in,India,17,2,Ishq Jalakar - Karvaan,Shashwat Sachdev; Shahzad Ali; Subhadeep Das Chowdhury; Armaan Khan; Irshad Kamil; Roshan; Sahir Ludhianvi,465OXuCU8YZNmVG1leLwQ9; 4asaIarkMcpkYhSiMn1Ed5; 3biZl77VIJSHTnwBnEZkkd; 68CFADZWUwvJMqkCeqmxMJ; 3GdSQUH1BRtl9UrrtuwJlP; 6Wg3akugFVCH4iYhEKk0GM; 1nLvkKjnfpnouM0Mpyd4cc,7DonHcAdu5FHzLNESEEOuj,https://i.scdn.co/image/ab67616d00001e027838ccbef3fb712228e23fc5
2026-02-13,in,India,18,1,Khat,Navjot Ahuja,7pVf872VEuJQBwiuRFSg4w,3gixnmepHSsyAuho34rprN,https://i.scdn.co/image/ab67616d00001e02d421c37d9cf4bbee71844c24
2026-02-13,in,India,19,7,Dil Lagana Mana Tha,Krish Mondal; Kishore Mondal; Kunaal Vermaa; Devv Sadaana,3JGOBJUPbwIb3fri0dcqbt; 6RHkm1pS4aeURu2w9jDaPX; 52XgeWw24o4klNdfwvB0Vx; 7wIvebeuJfBQ2fVQmhk5kO,3A3oq3VMSboPPWBYTRq0nX,https://i.scdn.co/image/ab67616d00001e02fc3f0e266d8cd150072a7fca
2026-02-13,in,India,20,1,Jo Tum Mere Ho,Anuv Jain,4gdMJYnopf2nEUcanAwstx,0eCajpR75pDW0r64U6hP2x,https://i.scdn.co/image/ab67616d00001e0272a77d038887cdc425f5ee55
2026-02-13,in,India,21,2,Boyfriend,Karan Aujla; Ikky,6DARBhWbfcS9E4yJzcliqQ; 3nqS8jzqmsPKFJTp0BOIel,3ExgWVPWOQts9RVBkqpdic,https://i.scdn.co/image/ab67616d00001e0289e8f71cb6f3b6cc60944858
2026-02-13,in,India,22,2,Tere Bina,A.R. Rahman; Chinmayi; Murtuza Khan; Qadir Khan,1mYsTxnqsietFxj1OgoGbG; 5UJ2sHO2ELrgW6aXeRLTQQ; 3v8isPrc8btWVMF3bnOIcj; 2gTPBFjo3M9rvMSZWTk9nT,4FeczSomVWVyU4FW7xDeAI,https://i.scdn.co/image/ab67616d00001e020504fdf58bae8cd52dd13047
2026-02-13,in,India,23,3,Ishqa Ve,Zeeshan Ali; Yuvraj Tung; Sandeep Aulakh; Honey Dhillon,1Bz46nDCMO1UOKp9GJjL92; 7yqoq4MWdw2ZNyAKDqH0fE; 3allL5EVHCpBzNZHN2JCc5; 0d4qS5KvrIwi0l5OMiftsH,0febwTwLDSZzrt46i1RBF5,https://i.scdn.co/image/ab67616d00001e020cfff15d92e2acb5a4b45ef5
2026-02-13,in,India,24,1,"Sitaare (From ""Ikkis"")",Arijit Singh; Sachin-Jigar; Amitabh Bhattacharya,4YRxDV8wJFPHPTeXepOstw; 1mBydYMVBECdDmMfE2sEUO; 2fMqTqiTxUDlmcOEPaQSsx,6WlARP6h4CDVOcY386wW0W,https://i.scdn.co/image/ab67616d00001e02dccd4f11c8ac8e1f2c8dfc51
2026-02-13,in,India,25,3,KALYANI,ARJN; KDS; FIFTY4; RONN,5j2JTk8JqepIgv1zxYOuIi; 41opZo9bHh8CZoIdR3IgP7; 1NApv6DzDP19uLuxJ0CuuP; 6jw1jO7iGLcrQyXL1Ia0IW,2Uyj6K6mSaFTZsPvov415i,https://i.scdn.co/image/ab67616d00001e028c681e9dd49d13f7d223f8bf
2026-02-13,in,India,26,1,Lutt Le Gaya,Shashwat Sachdev; Simran Chaudhary,465OXuCU8YZNmVG1leLwQ9; 6ZAKAA1WQazgmXkq7qks6m,2dQMisG0lyz6Z8J4zYdAsG,https://i.scdn.co/image/ab67616d00001e027838ccbef3fb712228e23fc5
2026-02-13,in,India,27,1,"Agar Tum Saath Ho (From ""Tamasha"")",Alka Yagnik; Arijit Singh,3gBKY0y3dFFVRqicLnVZYz; 4YRxDV8wJFPHPTeXepOstw,6kYoY0PhBelP64UMnhsEZx,https://i.scdn.co/image/ab67616d00001e0225f7621c3c70dd1f868b61bc
2026-02-13,in,India,28,2,"Tum Ho Toh (From ""Saiyaara"")",Vishal Mishra; Hansika Pareek; Raj Shekhar,5wJ1H6ud777odtZl5gG507; 0RVfcqug2nB820dxIGycIW; 2DFCHTDIA0t638a4mm37dK,6G8vN5EUtcDxOXOXadF6kp,https://i.scdn.co/image/ab67616d00001e02d998c880f085f08c7ddeeafc
2026-02-13,in,India,29,5,Ucha Lamba Kad,Anand Raj Anand; Kalpana Patowary,5ixQ5hSywFLUaxoaA0uVaH; 1RMmK2dEtVEbhSV7qvSXJ1,0YT1SVUhTE6HFFU4OHRalz,https://i.scdn.co/image/ab67616d00001e0278f17ae0c2997ade3b36d044
2026-02-13,in,India,30,2,Thodi Si Daaru,AP Dhillon; Shreya Ghoshal,6LEG9Ld1aLImEFEVHdWNSB; 0oOet2f43PA68X5RxKobEy,3JiLQJmVW7d4O8AQDFB3oj,https://i.scdn.co/image/ab67616d00001e02eb0516ec1c97c3cc97f4cb61
2026-02-13,in,India,31,4,Naal Nachna,Shashwat Sachdev; Afsana Khan; Irshad Kamil; Reble,465OXuCU8YZNmVG1leLwQ9; 4z0z82pXirH1TrygipQlOo; 3GdSQUH1BRtl9UrrtuwJlP; 3MsxNLVtDVGxjEaxgKAoi0,2nnDPEbNxnBKq5RG6sObTg,https://i.scdn.co/image/ab67616d00001e027838ccbef3fb712228e23fc5
2026-02-13,in,India,32,3,Ye Tune Kya Kiya,Pritam; Javed Bashir; Rajat Arora,1wRPtKGflJrBx9BmLsSwlU; 5diMmmNkRVfgUnXJrzXzjZ; 6Ahs12ksf1lju6bHwuX4X2,2cPUB8EOT6AfJ8oxhyoNXL,https://i.scdn.co/image/ab67616d00001e02fe77bd21eb38ff74b5f21524
2026-02-13,in,India,33,2,Sheesha - Aakhya Mai Aakh Ghali Jo Bairan,Mitta Ror; Swara Verma,3qWCWW0lyHpnj6E1cYwtKV; 1p8AG9V0Y60vhvdYdRbxqn,412poAqbwD8OC0dYD1nBkV,https://i.scdn.co/image/ab67616d00001e02190b5b394a6fc5574ceea4da
2026-02-13,in,India,34,6,Not Guilty,Dhanda Nyoliwala,2rN8LHqK4TBI7y3d9POvJb,4YPSg93DDJW9Uf4IgklCHc,https://i.scdn.co/image/ab67616d00001e020c8806717b030da10e9fd336
2026-02-13,in,India,35,1,Teri Deewani,Kailash Kher; Paresh Kamath; Naresh Kamath,4oVMLzAqW6qhRpZWt8fNw4; 3PgeUFj9oHU4K4RGaITz2f; 79sho4jpEGoCCC51KHnNSJ,2iNqdCchlUZEgjJbQyZf8T,https://i.scdn.co/image/ab67616d00001e02a853b902decce7830d171841
2026-02-13,in,India,36,2,Ehsaas,Faheem Abdullah; Duha Shah; Vaibhav Pani; Hyder Dar,05etL4pzWd6TSv1x5WrlG3; 3l1qBa4ZTuNfYOap9WGbDQ; 6FedIS4fevWR5JdQQvviFB; 7Khu2sHjq6VFAfiRLql5tt,5PetOhEX9N0oyBB0Keqobv,https://i.scdn.co/image/ab67616d00001e02e80fd38e3f7025158e40a3ae
2026-02-13,in,India,37,4,"Mast Magan (From ""2 States)",Arijit Singh; Chinmayi,4YRxDV8wJFPHPTeXepOstw; 5UJ2sHO2ELrgW6aXeRLTQQ,5bVmOD7UKfP2iLFUGMtdnS,https://i.scdn.co/image/ab67616d00001e022d2263486e48ab1b41ae2466
2026-02-13,in,India,38,2,"Barbaad (From ""Saiyaara"")",The Rish; Jubin Nautiyal,0Eb38FY9vOjiRA10iXPGHI; 1tqysapcCh1lWEAc9dIFpa,7Csa4PStpuYIfUqNMKQ4V8,https://i.scdn.co/image/ab67616d00001e02148a06ae24e68c088d8d2954
2026-02-13,in,India,39,2,Zaalima,Arijit Singh; Harshdeep Kaur,4YRxDV8wJFPHPTeXepOstw; 3xU8YsNNkmWSPewlB18NUz,4MU4Kfkd9EnkArK2ocQyqK,https://i.scdn.co/image/ab67616d00001e02627b5b17cb48f6e6956b842e
2026-02-13,in,India,40,1,Darkhaast,Mithoon; Arijit Singh; Sunidhi Chauhan; Sayeed Quadri,09UmIX92EUH9hAK4bxvHx6; 4YRxDV8wJFPHPTeXepOstw; 3eDT9fwXKuHWFvgZaaYC5v; 2pGRniGOJSOvYoK3dGaBb8,1awtp7rf6ajhGY9BgzCHeZ,https://i.scdn.co/image/ab67616d00001e02e7fe7d656750737e8d369f95
2026-02-13,in,India,41,3,Mann Mera - Original Version,Gajendra Verma,1yzgJmZf5CxtFfGfRFm4Si,1As2Jo89VTF9V3D6GuOPr9,https://i.scdn.co/image/ab67616d00001e020be94602b5b22cbe139a366b
2026-02-13,in,India,42,3,High On You,Jind Universe,5KmFbbptaZhEtmMibvibUE,2eqUVYJVnlDs8PgOtuOlJm,https://i.scdn.co/image/ab67616d00001e02d968dc9090c04aef184ab00f
2026-02-13,in,India,43,1,Jeena Jeena,Sachin-Jigar; Atif Aslam,1mBydYMVBECdDmMfE2sEUO; 2oSONSC9zQ4UonDKnLqksx,5lKE040hUfDAKOR8HLG92p,https://i.scdn.co/image/ab67616d00001e02972a8fa058a13f91a1a46850
2026-02-13,in,India,44,2,"Dhun (From ""Saiyaara"")",Mithoon; Arijit Singh,09UmIX92EUH9hAK4bxvHx6; 4YRxDV8wJFPHPTeXepOstw,1GFQthxDi4Tqe3wJ5j0G5S,https://i.scdn.co/image/ab67616d00001e02781faf59a3cb980fe3b493f8
2026-02-13,in,India,45,2,Jhol - Acoustic (feat. Asfand),Maanu; Annural Khalid; Abdullah Siddiqui; Asfand,3scNK8e4mqnP6Rb8a3lwZY; 1nCZUpBIcyOxufOx0lPeIW; 3PbkSdpJnYRF18jau74b7R; 5Dmma2b9AAtPyCfZ2tlTcX,44LaY2y6wRRlSRjsqbKnuU,https://i.scdn.co/image/ab67616d00001e027635812d4fc7d8d094e1d51c
2026-02-13,in,India,46,1,"Humdard (From ""Ek Villain"")",Arijit Singh,4YRxDV8wJFPHPTeXepOstw,5ZGtdGwdocDZDniXHkmnVA,https://i.scdn.co/image/ab67616d00001e027569cbe3695608074d9fd389
2026-02-13,in,India,47,2,Aakh Ye Taalibaani,Manish Sonipat Aala; Bali Sharma; Vampire,5qOMhLYGpLWkX4yvBDfAxw; 3lNCYjWO527Kii9tkqg7Wc; 12QL6cy6qvkF2olxJ6GcL2,5yS0pxhp7gRtTke8YSg8q1,https://i.scdn.co/image/ab67616d00001e023969a8ae4d8a760824de8716
2026-02-13,in,India,48,–,Tum Hi Ho,Arijit Singh; Mithoon,4YRxDV8wJFPHPTeXepOstw; 09UmIX92EUH9hAK4bxvHx6,56zZ48jdyY2oDXHVnwg5Di,https://i.scdn.co/image/ab67616d00001e026404721c1943d5069f0805f3
2026-02-13,in,India,49,3,Kithe Reh Gaya,Neeti Mohan; Abhijit Vaghani,3ZxZ03fj3tXBZHZWzvaLSM; 70voqWnL1gpuxodufMgBt4,7oONSa0G2CvYQ0I7G02kgi,https://i.scdn.co/image/ab67616d00001e025424527e3b8a41eb8c499b13
2026-02-13,in,India,50,9,Oorum Blood,Sai Abhyankkar; Paal Dabba; Bhumi; Deepthi Suresh,5jJrJU7VVmxQQLcLAmmxXc; 0cQJg3qKYiogK9Qj1H0Qpx; 6ze415xN4HqPmAhj1P4pRl; 4PY2xnTu90K0hvkgcljRJl,4pCXTYAPgdzMTCsDdDwjy3,https://i.scdn.co/image/ab67616d00001e02712a8e87fa2daf05e7d1ce8c
2026-02-13,in,India,51,–,Aawaara Angaara,A.R. Rahman; Faheem Abdullah; Irshad Kamil,1mYsTxnqsietFxj1OgoGbG; 05etL4pzWd6TSv1x5WrlG3; 3GdSQUH1BRtl9UrrtuwJlP,6flQ5XJKj5qIhpxSHOd3jC,https://i.scdn.co/image/ab67616d00001e02ba52c35bca6b280c7a9233ce
2026-02-13,in,India,52,4,Paro,Aditya Rikhari; UNPLG'd,3ozYqVCLohfpXIhalkhM8D; 3gKTtA1BK4pq1IIHXAyvgO,6nRGPf5tpeJtKpXZO5cgIT,https://i.scdn.co/image/ab67616d00001e025fe9856a449aab589c06b6c8
2026-02-13,in,India,53,5,Afsos,Anuv Jain; AP Dhillon,4gdMJYnopf2nEUcanAwstx; 6LEG9Ld1aLImEFEVHdWNSB,4Qm7r3ImER8S2Ori1gLMAf,https://i.scdn.co/image/ab67616d00001e028537cf974af2c408bdd8e1a6
2026-02-13,in,India,54,4,Kashish,Ashish Bhatia; Omkar Singh; Kashish Ratnani,2msR4dHmBiBa99uLmuqFFk; 6dk4snfeN31dQDbb03Wmmr; 5maYabmLqXL3Y5fhFaD3zk,3anHs4ijBd3Iw0E0fBPwtH,https://i.scdn.co/image/ab67616d00001e0278a554c1a4571acbeb8d4cf0
2026-02-13,in,India,55,7,Financer,Bintu Pabra; Bamboo Beat; Pranjal Dahiya; Shiva Choudhary,74L1hcSZY4R6mo3yWNflRe; 7rgZG7aLO7ZLPZNxy08GRb; 5TF8wtgrYplT0tJFjoV9Me; 3KOSRNy74RLnTAFn0u1tmN,4mQ01BgafWwF5gDeRh9P7x,https://i.scdn.co/image/ab67616d00001e02f17b825b828c65bbbe4634d8
2026-02-13,in,India,56,7,Ranjheya Ve,Zain Zohaib,0M4wzwZKh9SSHkOXYNvQlP,5J9L7IbadCt0ivs9xmNrr0,https://i.scdn.co/image/ab67616d00001e029876c0fe1a80ecdd1668f886
2026-02-13,in,India,57,10,Raabta,Pritam; Arijit Singh,1wRPtKGflJrBx9BmLsSwlU; 4YRxDV8wJFPHPTeXepOstw,6FjbAnaPRPwiP3sciEYctO,https://i.scdn.co/image/ab67616d00001e02e810a88d506b30bdc0935247
2026-02-13,in,India,58,1,"Raanjhanaa (From ""Raanjhanaa"")",A.R. Rahman; Jaswinder Singh; Shiraz Uppal,1mYsTxnqsietFxj1OgoGbG; 2IP4wcE4hRbDi1zdV8Si6g; 7DcUua74PM7MmBljTTjIyy,5OMUXgfXsSukZ0zxelpC3b,https://i.scdn.co/image/ab67616d00001e020c556f210b927ca230f32241
2026-02-13,in,India,59,4,bargad,sufr; Arpit Bala; toorjo dey,0H2Xt7XJQyDItXNN3j7F1F; 6qtADmCOQ6a9NlpMULzJj9; 2K7LWCOiWME8Na9QWEbUwL,0Q9rHyEG7lME4y2Fqtuxgl,https://i.scdn.co/image/ab67616d00001e0269ecc359541c8a49aae7716f
2026-02-13,in,India,60,6,"Humsafar (From ""Badrinath Ki Dulhania"")",Akhil Sachdeva; Mansheel Gujral,3TOhzLRYnkkul71yRBxIoM; 7zfceKY7I04Tc0J2o7043h,7aE1lfskJLMHQnzCCP1zsV,https://i.scdn.co/image/ab67616d00001e02dc9563139ebc2a5597254664
2026-02-13,in,India,61,–,"Humsafar (From ""Saiyaara"")",Sachet-Parampara; Sachet Tandon; Parampara Tandon; Irshad Kamil; Prashant Pandey,1SyKki7JI1AZNKwgNMkn25; 6WOdPJmexxFINcKMkP2jMG; 1E6arsXf5Fgsnv9YpSzjpE; 3GdSQUH1BRtl9UrrtuwJlP; 7vCsTTACb2iT4fvBMnwp5w,0OLTYqD8FpjkLsxJmdWmgi,https://i.scdn.co/image/ab67616d00001e02dfc5ea836092ec71ca7a5dcb
2026-02-13,in,India,62,9,Khayaal,Talwiinder; NDS,6QoCrBHsojKnOrsGNfRcTN; 5xh6szshoZ0UfZD1x6QzZG,4D8eFUu6Hvulrq6CGqGaLR,https://i.scdn.co/image/ab67616d00001e0246d3481941322a56eaa18973
2026-02-13,in,India,63,2,Jo Tere Sang,Jeet Gannguli; Mustafa Zahid; Sayeed Quadri,2kkQthS9OLpK4UqNWYqoVl; 71oGOxg5ez52Hh1Ye41A98; 2pGRniGOJSOvYoK3dGaBb8,0kYBzFJ5a2Jozi6cI4y9Bp,https://i.scdn.co/image/ab67616d00001e020ccca2f49bcdac5491e47b1a
2026-02-13,in,India,64,4,"Deewaniyat (From ""Ek Deewane Ki Deewaniyat"") - Original Motion Picture Soundtrack",Vishal Mishra; Kaushik-Guddu; Kunaal Vermaa,5wJ1H6ud777odtZl5gG507; 7EiUTtmmkwGtbgR6gZaZzW; 52XgeWw24o4klNdfwvB0Vx,3EKHZNd0qflQK8UImpUu3k,https://i.scdn.co/image/ab67616d00001e029411c63637b6d976a7d0e279
2026-02-13,in,India,65,1,Gal Sun - UPLIFT (feat. Rackstar),Sabaat Batin; Rackstar,3Q10GP2eLMD5yS7sczpwju; 4g21Na8RW0XzhmKebNX5hY,0DCmf7066T5DAjiF8uahv1,https://i.scdn.co/image/ab67616d00001e0239349fff727a0353d3c9db51
2026-02-13,in,India,66,13,Zara Sa,Pritam; KK; Sayeed Quadri,1wRPtKGflJrBx9BmLsSwlU; 4fEkbug6kZzzJ8eYX6Kbbp; 2pGRniGOJSOvYoK3dGaBb8,18YHbIhrleUkKKj2DvEp79,https://i.scdn.co/image/ab67616d00001e02727d531901c07a499498c544
2026-02-13,in,India,67,1,Shree Hanuman Chalisa,Hariharan; Lalit Sen; Chander,2NoJ7NuNs9nyj8Thoh1kbu; 5fDnhohLUsWhN7MUXse3QS; 2RY2JQU7jz6KEp04i7TGld,6H7fLdt0AeWpuxUKXuXWrx,https://i.scdn.co/image/ab67616d00001e025182ea98b2ea623977917597
2026-02-13,in,India,68,1,Jeene Laga Hoon,Sachin-Jigar; Atif Aslam; Shreya Ghoshal,1mBydYMVBECdDmMfE2sEUO; 2oSONSC9zQ4UonDKnLqksx; 0oOet2f43PA68X5RxKobEy,3t3wsY5IdLVzB9WidegJSU,https://i.scdn.co/image/ab67616d00001e02cab73e6ac9bf4bf3c6931570
2026-02-13,in,India,69,2,Pehli Dafa,Atif Aslam; Shiraz Uppal; Shakeel Sohail,2oSONSC9zQ4UonDKnLqksx; 7DcUua74PM7MmBljTTjIyy; 50tVmZsA8fsA1Bo5VUcOcA,4Tkb7zsDmsawB7S5TpKQV1,https://i.scdn.co/image/ab67616d00001e02afd2bc3f876235be94c0d36d
2026-02-13,in,India,70,2,Hale Dil,Harshit Saxena; Sayeed Quadri,4auibajZua9Ld8sPMOmPYc; 2pGRniGOJSOvYoK3dGaBb8,6GQK4G5o60E8YA18DGpAzv,https://i.scdn.co/image/ab67616d00001e022432edc97b465e6db54d356b
2026-02-13,in,India,71,3,Sang Rahiyo,Jasleen Royal; Ujjwal Kashyap; Neeraj Rajawat,74OaRjmyh0XyRZsQQQ5l7c; 6RzPQpJ5z2JkOJlmsCVxJq; 3yjKvP7LiyIw2dzB5CCGxM,45PA9lW7U5LYnlpGrdTyHY,https://i.scdn.co/image/ab67616d00001e02926450b06294e944ab7af6e8
2026-02-13,in,India,72,5,Ishq Bulaava,Vishal-Shekhar; Sanam Puri; Shipra Goyal,6Mv8GjQa7LKUGCAqa9qqdb; 5kiKQJrz4BT7vFWVECAmHH; 7gOZcXPfLtLbFgUyHGV7cZ,1fkjRQA8wXPPyxqYLbxuqy,https://i.scdn.co/image/ab67616d00001e022025db071cd9dd7e8023e01e
2026-02-13,in,India,73,3,Naam Chale,Vikram Sarkar,4naSOUBsPQeISuibs56w6Y,6M6Jgms4Z3x5xYLbnMk5TU,https://i.scdn.co/image/ab67616d00001e02d9bd2370b63b8aa6e7f9ff77
2026-02-13,in,India,74,–,Sahiba,Jasleen Royal; Stebin Ben; Vijay Deverakonda; Radhikka Madan; Priya Saraiya; Aditya Sharma,74OaRjmyh0XyRZsQQQ5l7c; 1UAzmnFgjizIDvtHvnCdEq; 3k1eCPRO0dE0Q9YsRfh4vn; 2zkXEdYr7MxUFhS9xF48UB; 6q29t5RuXxlBuqIZsOMQss; 70RAfkLNWG5J2bsnJqBpLQ,4ulroyDK6rN73nVkCkWhur,https://i.scdn.co/image/ab67616d00001e02eb2d8a0e6f6f4626af5f66f7
2026-02-13,in,India,75,5,Tera Chehra,Himesh Reshammiya; Arijit Singh,0sSxphmGskGCKlwB9xa6WU; 4YRxDV8wJFPHPTeXepOstw,0fU73va0bnroitbOzudBU4,https://i.scdn.co/image/ab67616d00001e02113ce0ecfc878bbbe4268916
2026-02-13,in,India,76,9,Dil Diyan Gallan,Atif Aslam,2oSONSC9zQ4UonDKnLqksx,0FBQ4NrrHUbR9kus7rzrOj,https://i.scdn.co/image/ab67616d00001e02f7991610fad937fd9f29f55d
2026-02-13,in,India,77,4,"Tujhe Kitna Chahne Lage (From ""Kabir Singh"")",Arijit Singh; Mithoon,4YRxDV8wJFPHPTeXepOstw; 09UmIX92EUH9hAK4bxvHx6,2Fv2injs4qAm8mJBGaxVKU,https://i.scdn.co/image/ab67616d00001e02ba03ff79dad25f7c3542382f
2026-02-13,in,India,78,9,"Kaise Hua (From ""Kabir Singh"")",Vishal Mishra; Manoj Muntashir,5wJ1H6ud777odtZl5gG507; 4cAERazLlAzVGA10ORWaUP,1y1rQTkWmrZdJmjwuK07GC,https://i.scdn.co/image/ab67616d00001e02ce1f4349305971b5beb75fcd
2026-02-13,in,India,79,4,Hopeless,Amanraj Gill; Prem Lata; Aj Fakira,07hzX8SH6CEg7B2yl4hoKs; 3ufBSdoViRPzJXqGPVy8rH; 7shNr1qeqEEoCcWTIj9flc,29f6IOg01XRLHKDhFjua1I,https://i.scdn.co/image/ab67616d00001e0264dcca0cf48bfacd7a0eb258
2026-02-13,in,India,80,17,Sirra,Guru Randhawa; Kiran Bajwa; Rony Ajnali,5rQoBDKFnd1n6BkdbgVaRL; 3qmx2CGviBi21h58nDMJcs; 0N2lT1m7rG0klYHZrkyMPw,3QsGq1Xd1n8qc9hwSPzQgj,https://i.scdn.co/image/ab67616d00001e0253693b45bdb795a7070652d6
2026-02-13,in,India,81,1,Husn,Anuv Jain,4gdMJYnopf2nEUcanAwstx,0TL0LFcwIBF5eX7arDIKxY,https://i.scdn.co/image/ab67616d00001e020d3449f333a83a25feb423f8
2026-02-13,in,India,82,11,"Pal Pal Dil Ke Paas - From ""Blackmail""",Kishore Kumar,0GF4shudTAFv8ak9eWdd4Y,664I8QIKG0n14vGbRSrGYj,https://i.scdn.co/image/ab67616d00001e02a3249c6d32f69eb242c0cc46
2026-02-13,in,India,83,10,"Chahun Main Ya Naa (From ""Aashiqui 2"")",Palak Muchhal; Arijit Singh,3yMmYEklQ7gLOZXEFNd3xr; 4YRxDV8wJFPHPTeXepOstw,7Imk0IG6S5GA5iYWkjmMW5,https://i.scdn.co/image/ab67616d00001e02808542d48ec7021a0577f4f5
2026-02-13,in,India,84,35,Tu Jaane Na,Pritam; Atif Aslam,1wRPtKGflJrBx9BmLsSwlU; 2oSONSC9zQ4UonDKnLqksx,4iFPsNzNV7V9KJgcOX7TEO,https://i.scdn.co/image/ab67616d00001e02a200135a2008410280695cb3
2026-02-13,in,India,85,7,Raat Ke Shikari,Masoom Sharma; Sweta Chauhan; Yash Thukral,36iDrP3UnCxsSH9LuSdkDj; 4TsNgxbxmdUsKIFtqvzRPa; 0Cj3wCMwyxvbP4nQobAj6R,7oFrQLTu7Bi1xmTYLbBxHf,https://i.scdn.co/image/ab67616d00001e0273db28dd510b75b2b676b9b5
2026-02-13,in,India,86,4,Ishq Hai,Anurag Saikia; Raj Shekhar; Romy; Amarabha Banerjee; Varun Jain; Madhubanti Bagchi; Mismatched - Cast,6hzngLO20cX5IGqT0hVv1G; 2DFCHTDIA0t638a4mm37dK; 0bRPtPZQkWHeG7MGk9eWlh; 2780kFYuvbwSLPJZ5faEDw; 4gzrZDyL5gYiROkv27pYKx; 4ojkMVHjuDZgDXSJy5qs2h; 0NbgKDsEHiPzZBZkqZGkXm,3vCzLB6kS2lGcIpm1OOUsy,https://i.scdn.co/image/ab67616d00001e0279f4a87c23143f0abb14c279
2026-02-13,in,India,87,13,Ishq Di Baajiyaan,Shankar-Ehsaan-Loy; Diljit Dosanjh,0L5GV6LN8SWWUWIdBbTLTZ; 2FKWNmZWDBZR4dE5KX4plR,7AAap8D4C4pTyNoMkM9vjG,https://i.scdn.co/image/ab67616d00001e02769fdad411a4492e2f63f76e
2026-02-13,in,India,88,10,With You,AP Dhillon,6LEG9Ld1aLImEFEVHdWNSB,0xIuPDzJSnJywALez8dwKR,https://i.scdn.co/image/ab67616d00001e0282549c22cd3c6e03351bd1c5
2026-02-13,in,India,89,4,Tum Se Hi,Pritam; Mohit Chauhan; Irshad Kamil,1wRPtKGflJrBx9BmLsSwlU; 5GnnSrwNCGyfAU4zuIytiS; 3GdSQUH1BRtl9UrrtuwJlP,7eQl3Yqv35ioqUfveKHitE,https://i.scdn.co/image/ab67616d00001e0252fe6875028c892308ffc2f7
2026-02-13,in,India,90,8,FA9LA,Flipperachi,7lPCTAKDofGUQgXGonMrKd,23p1uP74XiVYCXjPP23Kz7,https://i.scdn.co/image/ab67616d00001e023d8df7193d625455be369fc3
2026-02-13,in,India,91,5,Piche Tere,Kunwarr,6AnFaupnhQD1Ps8DX7Z7mV,4ZWoJ4tRi74mHHnItB3k9h,https://i.scdn.co/image/ab67616d00001e02a04031934c9580bd317e373c
2026-02-13,in,India,92,4,Tu Hi Mera,Pritam; Shafqat Amanat Ali; Sayeed Quadri,1wRPtKGflJrBx9BmLsSwlU; 5SuRAj1A9FEHj5NxS86YAm; 2pGRniGOJSOvYoK3dGaBb8,1CVqr5LImdmJ1Upt4z08Pm,https://i.scdn.co/image/ab67616d00001e0271da5e89467bd75d2ed9f1fa
2026-02-13,in,India,93,10,Saibo,Sachin-Jigar; Shreya Ghoshal; Tochi Raina,1mBydYMVBECdDmMfE2sEUO; 0oOet2f43PA68X5RxKobEy; 6k6dimE4a6OFnD0HWmkIUW,5pPyvA03RKSJrAnnDcq0nh,https://i.scdn.co/image/ab67616d00001e02b85d870860408d980b9d3e32
2026-02-13,in,India,94,6,"Itni Si Baat Hain (From ""Azhar"")",Arijit Singh; Antara Mitra,4YRxDV8wJFPHPTeXepOstw; 2UwDJeoMqYers5Jmm75zm2,55TlMMnPJTk9Qq6CrqB6dx,https://i.scdn.co/image/ab67616d00001e027569cbe3695608074d9fd389
2026-02-13,in,India,95,21,"Mere Sohneya (From ""Kabir Singh"")",Sachet Tandon; Parampara Tandon; Sachet-Parampara,6WOdPJmexxFINcKMkP2jMG; 1E6arsXf5Fgsnv9YpSzjpE; 1SyKki7JI1AZNKwgNMkn25,2IoZMG3RqiTmsy7Li3zGFg,https://i.scdn.co/image/ab67616d00001e028ae7ce46d1896e3e0fb86e70
2026-02-13,in,India,96,5,"Sajni (From ""Laapataa Ladies"")",Ram Sampath; Arijit Singh; Prashant Pandey,3PpjqSKBer3obW6lDflOBx; 4YRxDV8wJFPHPTeXepOstw; 7vCsTTACb2iT4fvBMnwp5w,5zCnGtCl5Ac5zlFHXaZmhy,https://i.scdn.co/image/ab67616d00001e02d5f4378b1ffc9119fdc7306d
2026-02-13,in,India,97,7,Tera Hone Laga Hoon,Pritam; Atif Aslam; Alisha Chinai,1wRPtKGflJrBx9BmLsSwlU; 2oSONSC9zQ4UonDKnLqksx; 4mBxoO0pAcMbAwuTcrcLMc,0dLbrlAVPPjpPqnYfmJsWk,https://i.scdn.co/image/ab67616d00001e02a200135a2008410280695cb3
2026-02-13,in,India,98,9,Deewaana Deewaana,A.R. Rahman; Irshad Kamil,1mYsTxnqsietFxj1OgoGbG; 3GdSQUH1BRtl9UrrtuwJlP,47RTQoh3pzjhWLUMllNRRJ,https://i.scdn.co/image/ab67616d00001e02ba52c35bca6b280c7a9233ce
2026-02-13,in,India,99,10,Russian Bandana,Dhanda Nyoliwala,2rN8LHqK4TBI7y3d9POvJb,1dFrZr9eMUsFqeag04ClqD,https://i.scdn.co/image/ab67616d00001e024f715aacf93c1ccbbf0373d3
2026-02-13,in,India,100,16,Tu,Talwiinder; Sanjoy,6QoCrBHsojKnOrsGNfRcTN; 6qjhYs5KNSoSU6fNJqDGIo,2GzjIHQ87BF2zgbmmthZzO,https://i.scdn.co/image/ab67616d00001e02c556f3920f6a81c7696fb06e
2026-02-13,in,India,101,7,Yaari,Masoom Sharma; Rohit Lamba,36iDrP3UnCxsSH9LuSdkDj; 6yRD7Sx34bc3IxImNTGeTK,2ZxFXUnvprVMI9IXBcnnAk,https://i.scdn.co/image/ab67616d00001e02ea82c3d0453004e3f7970937
2026-02-13,in,India,102,4,Run Down The City - Monica,Shashwat Sachdev; Reble; Asha Bhosle; R. D. Burman; Majrooh Sultanpuri,465OXuCU8YZNmVG1leLwQ9; 3MsxNLVtDVGxjEaxgKAoi0; 5as8A4G47Ohu9NSWs3Je8U; 2JSYASbWU5Y0fVpts3Eq7g; 7ikcALJgPCvpL25820JNYR,5NK3IhIeIXQmOKK5EiSRra,https://i.scdn.co/image/ab67616d00001e027838ccbef3fb712228e23fc5
2026-02-13,in,India,103,2,Paaro,Aditya Rikhari,3ozYqVCLohfpXIhalkhM8D,0hFkx6EoIRvNmEVXQIIJtk,https://i.scdn.co/image/ab67616d00001e020961aa2e7a0495294eb329e3
2026-02-13,in,India,104,16,One Love,Shubh,5r3wPya2PpeTTsXsGhQU8O,5ZLkihi6DVsHwDL3B8ym1t,https://i.scdn.co/image/ab67616d00001e02d7eb20034ff1c7b7bb3629de
2026-02-13,in,India,105,3,Samjho Na,Aditya Rikhari,3ozYqVCLohfpXIhalkhM8D,1d5lpW3gUyq537iuyrb9Lf,https://i.scdn.co/image/ab67616d00001e0261589325f2ee1797c6527512
2026-02-13,in,India,106,1,Hasi - Male Version,Ami Mishra; Kunaal Vermaa,5ugsiK49gIkIVh8U93EO0z; 52XgeWw24o4klNdfwvB0Vx,32765xcLM1fd6wQIpkN9A0,https://i.scdn.co/image/ab67616d00001e02051fe40d22813af67a3391d7
2026-02-13,in,India,107,6,BLACK RIDE,Dhanda Nyoliwala; Hammy Muzic,2rN8LHqK4TBI7y3d9POvJb; 7zzosAlsXxJJ5vXPymZZAj,4hGLOuRhiVAZeOG4ZZc4a1,https://i.scdn.co/image/ab67616d00001e021cca43adfc2e4cd2965fce6d
2026-02-13,in,India,108,5,By My Side,AP Dhillon; Shinda Kahlon,6LEG9Ld1aLImEFEVHdWNSB; 6aQfrWHwAcuY8IYItbChZh,2mt3QHYbKBMdSTIfzSFsYH,https://i.scdn.co/image/ab67616d00001e02ab3a63b72e8c2bd9bfb45ff1
2026-02-13,in,India,109,10,Seet Lehar,Filmy; Riyaazi,0w4av5JIPZk9ZQ0lg6WwY4; 5LN6cFuEopifixZsRarBri,0U1TeVxM67Qig7YBdiAosz,https://i.scdn.co/image/ab67616d00001e02eff540966f9e913b194ba8f7
2026-02-13,in,India,110,8,Ae Dil Hai Mushkil Title Track,Pritam; Arijit Singh,1wRPtKGflJrBx9BmLsSwlU; 4YRxDV8wJFPHPTeXepOstw,1UWacd8x8tPPwmrPB1MoBI,https://i.scdn.co/image/ab67616d00001e0258397d59e15b5149adf86033
2026-02-13,in,India,111,6,Aadat (Feat. AP Dhillon),Yo Yo Honey Singh; AP Dhillon,7uIbLdzzSEqnX0Pkrb56cR; 6LEG9Ld1aLImEFEVHdWNSB,1tlFHs9EuvokJgdcacWUV8,https://i.scdn.co/image/ab67616d00001e028fa95e3e74799cb0b2a1fb57
2026-02-13,in,India,112,2,Tension,Dhanda Nyoliwala,2rN8LHqK4TBI7y3d9POvJb,70YFXFbrvl5J3nUfqxTFue,https://i.scdn.co/image/ab67616d00001e023a55de8958d11773a33639d9
2026-02-13,in,India,113,–,Sajde,Faheem Abdullah; Huzaif Nazar,05etL4pzWd6TSv1x5WrlG3; 7bSCXFT0iT4kcgsAZ6h8Qy,4BGfzLrK6lgvKDjKSU7wrN,https://i.scdn.co/image/ab67616d00001e020de04fd2c7c3bdc0a1d765f5
2026-02-13,in,India,114,20,End of Beginning,Djo,5p9HO3XC5P3BLxJs5Mtrhm,3qhlB30KknSejmIvZZLjOD,https://i.scdn.co/image/ab67616d00001e02fddfffec51b4580acae727c1
2026-02-13,in,India,115,11,Phir Mohabbat,Mohammed Irfan; Arijit Singh; Saim Bhat; Mithoon; Sayeed Quadri,6QtJ6BVdj43aDpgjnVp2tY; 4YRxDV8wJFPHPTeXepOstw; 0HIpVOzrDwqiI5wP56soMK; 09UmIX92EUH9hAK4bxvHx6; 2pGRniGOJSOvYoK3dGaBb8,2b2HutIDmoeBnnKRWDLAtV,https://i.scdn.co/image/ab67616d00001e022432edc97b465e6db54d356b
2026-02-13,in,India,116,2,Gaadi 150,Vikram Sarkar; THOUGHT,4naSOUBsPQeISuibs56w6Y; 5GZklBtmZD8WZsLGVbHQqC,0qNMptHdkQuZsWKxZ8rmW2,https://i.scdn.co/image/ab67616d00001e0283784ad212cbe0a5c38bcbeb
2026-02-13,in,India,117,4,Baarishein,Anuv Jain,4gdMJYnopf2nEUcanAwstx,3WLJ7D5kh44K5eJ1NqZQ6W,https://i.scdn.co/image/ab67616d00001e02d8ca783fa570b57e082f4374
2026-02-13,in,India,118,7,Gaadi Paache Gaadi,Amanraj Gill; Bulbul,07hzX8SH6CEg7B2yl4hoKs; 6wmebcPt18hHbgbyniTBmo,1QTMuhEex1q0od6wowb1EF,https://i.scdn.co/image/ab67616d00001e020ac69518e9ded4bf5d04d063
2026-02-13,in,India,119,1,Mitwa,Shankar-Ehsaan-Loy; Shankar Mahadevan; Caralisa Monteiro; Shafqat Amanat Ali,0L5GV6LN8SWWUWIdBbTLTZ; 1SJOL9HJ08YOn92lFcYf8a; 2Yf4MRVpt0rcAd5y5h5ph1; 5SuRAj1A9FEHj5NxS86YAm,4BTPzhEsyW3blWcxcuhLM0,https://i.scdn.co/image/ab67616d00001e02afbf50bfb7b032b69deabade
2026-02-13,in,India,120,8,Dooron Dooron - Unplugged,Paresh Pahuja; Shiv Tandan,0DHOOKfXu4aU7LsWjTdrIN; 74wYoI5DV3XZGJri7l9cOP,4PyN1rUjh0xRWqVZ1mwn7l,https://i.scdn.co/image/ab67616d00001e02ca38512149238c1b4c11b4ae
2026-02-13,in,India,121,7,I’m Done. - I-Popstar: Vol. 1,Maan Panu,3lRhKw5gfTNnpnPFFE7TfQ,0YRpv07J0y7J73X87efpia,https://i.scdn.co/image/ab67616d00001e02ec02e8c23ccebaba56517c7c
2026-02-13,in,India,122,27,Vaaroon,Anand Bhaskar; Romy; Ginny Diwan,4aykldlxvwj6cRQfhbfNMO; 0bRPtPZQkWHeG7MGk9eWlh; 4EZ6GDVebknxx5Funcp0X2,4sgYmcu4FKb1ZC6qBlxMiw,https://i.scdn.co/image/ab67616d00001e02c33c23574fba0d4f630ca8c5
2026-02-13,in,India,123,8,"Satranga (From ""ANIMAL"")",Arijit Singh; Shreyas Puranik; Siddharth - Garima,4YRxDV8wJFPHPTeXepOstw; 5o36rLQd78Zh8CaT8rn59d; 6k6TIai4KyKG1DeIMftSmJ,3yHyiUDJdz02FZ6jfUbsmY,https://i.scdn.co/image/ab67616d00001e02021d7017f73387b008eab271
2026-02-13,in,India,124,2,Udaarian,Satinder Sartaaj,4rgw8A5vcYinpZLDKHrEdV,3K3mo4LoxPKk18oqIC3hQC,https://i.scdn.co/image/ab67616d00001e0233dfd8d5678bed894b8a30e7
2026-02-13,in,India,125,12,Winning Speech,Karan Aujla; Mxrci; Seshnolan,6DARBhWbfcS9E4yJzcliqQ; 5Us2dsq4VHlfLbKOrskg7K; 4QsiFUy1ddAbRb1UnjvUWN,3FqtduiaqnFYvBgKuc6QWQ,https://i.scdn.co/image/ab67616d00001e0258b46d6f1500ead2bbbf9915
2026-02-13,in,India,126,7,Wavy,Karan Aujla; Jay Trak,6DARBhWbfcS9E4yJzcliqQ; 47SaOSOqcrxSJNZUuqpLuu,4d2jV5fmX6hbRwaRbY39dt,https://i.scdn.co/image/ab67616d00001e02dc2c3fc94a7a62af2eb91f83
2026-02-13,in,India,127,4,Dil Kaa Jo Haal Hai,Abhijeet; Shreya Ghoshal,2ZRrPOjBIWoKK5rHedLijj; 0oOet2f43PA68X5RxKobEy,3IZhkhpuGU7iNWDcQ30nZm,https://i.scdn.co/image/ab67616d00001e022cc631c765d83b108791012e
2026-02-13,in,India,128,4,"Tainu Khabar Nahi - From ""Munjya""",Sachin-Jigar; Arijit Singh,1mBydYMVBECdDmMfE2sEUO; 4YRxDV8wJFPHPTeXepOstw,5npFBWhVs3VVlc0nY5xQMA,https://i.scdn.co/image/ab67616d00001e0267a876fee5cd00ed0f395a9e
2026-02-13,in,India,129,10,California Love,Cheema Y; Gur Sidhu,0uOUeC51AxGnP6hB8gurwt; 0QntOArZgiNHoemAzwJPu5,610keNiNVTIkYD0CqeSerg,https://i.scdn.co/image/ab67616d00001e027a7cc8411fe9e9e3ac5487f5
2026-02-13,in,India,130,5,Ishq Sufiyana (Male),Vishal-Shekhar; Kamal Khan,6Mv8GjQa7LKUGCAqa9qqdb; 01DlVvmRpQFutrYzh0HmF8,5zcfnScTSFGCHGY1yeXWke,https://i.scdn.co/image/ab67616d00001e0254ab341c139cfe4dc15d2d39
2026-02-13,in,India,131,1,4 Aadmi,Sumit Parta; Mr. Maxxx,3b3PfZsOrb3cPzSCZjawbr; 75ucqdtR9YBhCl1RR9nbpX,0kzxkJMY4v37c1ZeDa6tTK,https://i.scdn.co/image/ab67616d00001e020211dea4c30d8a5ff37987ca
2026-02-13,in,India,132,14,"Neelothi (From ""Sirai"")",Sooraj Santhosh; Chinmayi; Justin Prabhakaran; Sarathi,66PGnr0hE7ZIcWir6IwitB; 5UJ2sHO2ELrgW6aXeRLTQQ; 3ocTwOjekTkFdD695eKuQr; 1P4WoYT07QVoIKOenXFXur,6wqwVre9LoGnsUUzukxUy3,https://i.scdn.co/image/ab67616d00001e0255aee813293caf481e8f4a00
2026-02-13,in,India,133,2,Saiyyan,Kailash Kher; Paresh Kamath; Naresh Kamath,4oVMLzAqW6qhRpZWt8fNw4; 3PgeUFj9oHU4K4RGaITz2f; 79sho4jpEGoCCC51KHnNSJ,37AGZMVr5V8mEMcCmGHroZ,https://i.scdn.co/image/ab67616d00001e02cd3f6c3c2f2aa9b76fe635b1
2026-02-13,in,India,134,2,Soch Na Sake,Amaal Mallik; Arijit Singh; Tulsi Kumar,76fuWYgIf3TVIopTs3vaJ6; 4YRxDV8wJFPHPTeXepOstw; 0T1CMVkqffHlqEk4BcAph1,6mTvwBzWTGDOVeCNQEqtOE,https://i.scdn.co/image/ab67616d00001e026b047c1401c8c18a54e4377d
2026-02-13,in,India,135,6,Khuda Jaane,Vishal-Shekhar; KK; Shilpa Rao; Anvita Dutt Guptan,6Mv8GjQa7LKUGCAqa9qqdb; 4fEkbug6kZzzJ8eYX6Kbbp; 19LIHDDSHBD5NyYHI3gpzB; 4GEyPR3J4DYvuTRuPJQ0CW,0gPgdRfB4jdGrlyXS0Vx78,https://i.scdn.co/image/ab67616d00001e02a08c7022ea424b2f048b46e9
2026-02-13,in,India,136,6,Tere Bina Na Guzara E,Josh Brar; Kinza Hashmi,6SWmwFBXIsxhIx5XPkYo0a; 2Up4MLmBYIJV36ymeT44TF,0NXnuTqFQHDsbEIoKIAVCN,https://i.scdn.co/image/ab67616d00001e02baaddc70740b22a370ca977f
2026-02-13,in,India,137,6,Meri Zindagi Hai Tu,Asim Azhar; Sabri Sisters,1ZChN8G1Y7CJ0TXbrvblwS; 5LBIpDf0NQMSYa6O42d9Mn,5RYXTC4G3RYYP6pUmaF6s2,https://i.scdn.co/image/ab67616d00001e029cd3c5b30459fd627feccb03
2026-02-13,in,India,138,62,"Kasturi (From ""Amar Prem Ki Prem Kahani"")",Arijit Singh; Prasad S; Kunaal Vermaa,4YRxDV8wJFPHPTeXepOstw; 2UuF53TgXRN5CWFYngsMVZ; 52XgeWw24o4klNdfwvB0Vx,2E5kZ1qnB7V9bcwBEKvZv8,https://i.scdn.co/image/ab67616d00001e02e43bdf1e013f6ad4a53f9819
2026-02-13,in,India,139,12,Aaj Se Teri,Amit Trivedi; Arijit Singh,7HCqGPJcQTyGJ2yqntbuyr; 4YRxDV8wJFPHPTeXepOstw,0EwRpK9wY6lHfcJSt82w4x,https://i.scdn.co/image/ab67616d00001e026b652c887eea91470f495eca
2026-02-13,in,India,140,3,Channa Mereya,Pritam; Arijit Singh,1wRPtKGflJrBx9BmLsSwlU; 4YRxDV8wJFPHPTeXepOstw,0H2iJVgorRR0ZFgRqGUjUM,https://i.scdn.co/image/ab67616d00001e0258397d59e15b5149adf86033
2026-02-13,in,India,141,1,"Tum Tak (From ""Raanjhanaa"")",A.R. Rahman; Javed Ali; KIRTI SAGATHIA; Pooja AV,1mYsTxnqsietFxj1OgoGbG; 4W91bbPB2CTSsHwt7eqNl7; 42lH1BZdeeLF5LW02tpKgB; 1Ju3SIITQWtyT3SOnONE40,1wnozUBSe7OMpmZiTPJC5j,https://i.scdn.co/image/ab67616d00001e020c556f210b927ca230f32241
2026-02-13,in,India,142,29,O Meri Laila,Atif Aslam; Jyotica Tangri,2oSONSC9zQ4UonDKnLqksx; 5wQDQFm7Ku8WWGi5xqJ9lp,5sUSbJo0brScvv48ZZ1HrQ,https://i.scdn.co/image/ab67616d00001e02bc5ff3b3f7643c3443bf526f
2026-02-13,in,India,143,5,"Pardesiya - From ""Param Sundari""",Sachin-Jigar; Sonu Nigam; Krishnakali Saha; Amitabh Bhattacharya,1mBydYMVBECdDmMfE2sEUO; 1dVygo6tRFXC8CSWURQJq2; 2L4PimBfxoTMZRp2SfVP5g; 2fMqTqiTxUDlmcOEPaQSsx,0q84FggW57NXGtLHoetS0Y,https://i.scdn.co/image/ab67616d00001e02d5754cde395f5c46792186c7
2026-02-13,in,India,144,3,Hamari Adhuri Kahani (Title Track),Jeet Gannguli; Arijit Singh; Rashmi Virag,2kkQthS9OLpK4UqNWYqoVl; 4YRxDV8wJFPHPTeXepOstw; 5r2baeTwcCJnuIsDIlxUJo,3HiobOOpSpMsi95WBKPBYk,https://i.scdn.co/image/ab67616d00001e02051fe40d22813af67a3391d7
2026-02-13,in,India,145,–,Maahi,Shaarib Toshi; Toshi Sabri; Sayeed Quadri,0FJz7XR37hH69traaHLijA; 0Dr1dEmiBkgZWPsc1j5oHV; 2pGRniGOJSOvYoK3dGaBb8,4bIQXffbALkCC0Xo6aTicP,https://i.scdn.co/image/ab67616d00001e02bf8dad28cba0f3680ee29364
2026-02-13,in,India,146,8,Dil Nu,AP Dhillon; Shinda Kahlon,6LEG9Ld1aLImEFEVHdWNSB; 6aQfrWHwAcuY8IYItbChZh,7AsG1F1eMWd17RYan8M3Wm,https://i.scdn.co/image/ab67616d00001e028471bff5344bd04f60ac834a
2026-02-13,in,India,147,13,Dil Ibaadat,Pritam; KK; Sayeed Quadri,1wRPtKGflJrBx9BmLsSwlU; 4fEkbug6kZzzJ8eYX6Kbbp; 2pGRniGOJSOvYoK3dGaBb8,3Kl8p2PxVf8eAayLwTxOIm,https://i.scdn.co/image/ab67616d00001e02bcb8ec035de7b2dda0f74660
2026-02-13,in,India,148,4,"Qubool (From ""Haq"")",Armaan Khan; Vishal Mishra; Kaushal Kishore,68CFADZWUwvJMqkCeqmxMJ; 5wJ1H6ud777odtZl5gG507; 2ZbZdSpizGtV1e5lmfWbBg,2SWCNQhb4xwETMbIxgdQUC,https://i.scdn.co/image/ab67616d00001e02811a187636c978e9fe952a02
2026-02-13,in,India,149,2,Cheques,Shubh,5r3wPya2PpeTTsXsGhQU8O,4eBvRhTJ2AcxCsbfTUjoRp,https://i.scdn.co/image/ab67616d00001e021a8c4618eda885a406958dd0
2026-02-13,in,India,150,2,"Chikiri Chikiri (From ""Peddi"") [TELUGU]",A.R. Rahman; Mohit Chauhan; Balaji,1mYsTxnqsietFxj1OgoGbG; 5GnnSrwNCGyfAU4zuIytiS; 2K9nbaz5q8FpSEajKMlVeH,41GTIflnHCWqHgYq7israx,https://i.scdn.co/image/ab67616d00001e0232205123b55089a0b3083a32
2026-02-13,in,India,151,10,Softly,Karan Aujla; Ikky,6DARBhWbfcS9E4yJzcliqQ; 3nqS8jzqmsPKFJTp0BOIel,0YQJoDL6f46J0n1rOVkpxJ,https://i.scdn.co/image/ab67616d00001e02bf6c7c24a33a49a5c2f0d423
2026-02-13,in,India,152,3,Starboy,The Weeknd; Daft Punk,1Xyo4u8uXC1ZmMpatF05PJ; 4tZwfgrHOc3mvqYlEYSvVi,7MXVkk9YMctZqd1Srtv4MB,https://i.scdn.co/image/ab67616d00001e024718e2b124f79258be7bc452
2026-02-13,in,India,153,–,Die With A Smile,Lady Gaga; Bruno Mars,1HY2Jd0NmPuamShAr6KMms; 0du5cEVh5yTK9QJze8zA0C,7so0lgd0zP2Sbgs2d7a1SZ,https://i.scdn.co/image/ab67616d00001e02b0860cf0a98e09663c82290c
2026-02-13,in,India,154,10,O Saathi,Atif Aslam; Arko,2oSONSC9zQ4UonDKnLqksx; 6jf2eKjiPT6P18RbOSLzf0,6fScgF2Y63ScU73nYju0ny,https://i.scdn.co/image/ab67616d00001e023b7ae221866b5e81daf4483f
2026-02-13,in,India,155,29,Pal,Javed-Mohsin; Arijit Singh; Shreya Ghoshal; Kunaal Vermaa; Prashant Ingole,2zvJLk0gTH7r7A5Q6X5Bq8; 4YRxDV8wJFPHPTeXepOstw; 0oOet2f43PA68X5RxKobEy; 52XgeWw24o4klNdfwvB0Vx; 5DNHuR9u8DFVasxQZgREO5,79hQvdTHNBkq2fp2ZrM8b2,https://i.scdn.co/image/ab67616d00001e0291a372450506a59732e145b9
2026-02-13,in,India,156,6,Bulleya,Vishal-Shekhar; Papon; Irshad Kamil,6Mv8GjQa7LKUGCAqa9qqdb; 2FPwX3Gh0w4Qr1v3zSTtcT; 3GdSQUH1BRtl9UrrtuwJlP,3tgdOveYac7YMEAQD9sGLf,https://i.scdn.co/image/ab67616d00001e02b2abfd2439b6c23c3664df87
2026-02-13,in,India,157,7,Ramba Ho,Shashwat Sachdev; Madhubanti Bagchi; Bappi Lahiri; Indiwar,465OXuCU8YZNmVG1leLwQ9; 4ojkMVHjuDZgDXSJy5qs2h; 2jqTyPt0UZGrthPF4KMpeN; 7qVxwI8H0tjjMhYY2eGvBE,3Zg5ENFvbucf41iPRvPcHn,https://i.scdn.co/image/ab67616d00001e027838ccbef3fb712228e23fc5
2026-02-13,in,India,158,11,Main Rang Sharbaton Ka,Atif Aslam; Chinmayi; Pritam,2oSONSC9zQ4UonDKnLqksx; 5UJ2sHO2ELrgW6aXeRLTQQ; 1wRPtKGflJrBx9BmLsSwlU,2IEhtVeM9TVql8fZdKdlo9,https://i.scdn.co/image/ab67616d00001e02af932ac943c7afa6b74659f7
2026-02-13,in,India,159,–,Andaaz e Karam,Madhur Sharma; Moin; ER,2kfi47LWmlXzQ3p3kWonfQ; 7xgtUknw8tyUhWkSnMjhti; 7uhWXYh7CNH1M9Dwko8qll,0qheD9ZwdmVKu5ktHXFbb0,https://i.scdn.co/image/ab67616d00001e029e012a63ed996813dff3435e
2026-02-13,in,India,160,New,Lae Dooba,Sunidhi Chauhan; Manoj Muntashir,3eDT9fwXKuHWFvgZaaYC5v; 4cAERazLlAzVGA10ORWaUP,5rpxVbgMMeCOLhhop1DVKj,https://i.scdn.co/image/ab67616d00001e020ffb0add7672737e9a1a810e
2026-02-13,in,India,161,3,Aavan Jaavan,Pritam; Arijit Singh; Nikhita Gandhi; Amitabh Bhattacharya,1wRPtKGflJrBx9BmLsSwlU; 4YRxDV8wJFPHPTeXepOstw; 3tPQOjkxO3mrYrrgkTeXgH; 2fMqTqiTxUDlmcOEPaQSsx,3x822BpQYSFMIB7P3uiJN0,https://i.scdn.co/image/ab67616d00001e027c2203c369b2d11d53f67726
2026-02-13,in,India,162,12,"Tum Se (From ""Teri Baaton Mein Aisa Uljha Jiya"")",Sachin-Jigar; Raghav Chaitanya; Varun Jain; Indraneel,1mBydYMVBECdDmMfE2sEUO; 3qpyErDI4i90q5EGgSRmNK; 4gzrZDyL5gYiROkv27pYKx; 7xcbCUOXrxDyWxbYxPq60B,2ceeTJAzKy295Fm0VsaXtE,https://i.scdn.co/image/ab67616d00001e02b608e9bcf3845d082d1d559e
2026-02-13,in,India,163,27,Chambal K Dakku,Masoom Sharma; Rahul Muana; Swara Verma; Ruba Khan,36iDrP3UnCxsSH9LuSdkDj; 4inUZ3cAdV2SA2JQ6AaL1J; 1p8AG9V0Y60vhvdYdRbxqn; 45MgHpneIbqvEvC6h7f04o,4MtsPGGUTIs4qFD8gOSJ3D,https://i.scdn.co/image/ab67616d00001e025f8235bd9ce332fd1286999a
2026-02-13,in,India,164,Re-Entry,Naam Tera,Ndee Kundu,61P6g4b3TgZ9m2caJlXS4K,4rmiJ39A6d9OIRrL3xGmaD,https://i.scdn.co/image/ab67616d00001e02cf84e227a6b66139beab8f57
2026-02-13,in,India,165,33,Nazm Nazm,Arko,6jf2eKjiPT6P18RbOSLzf0,1tCduDqB3J8r90FAxprLzO,https://i.scdn.co/image/ab67616d00001e02bb101867b5d5f63bf1ae30ba
2026-02-13,in,India,166,20,Phir Bhi Tumko Chaahunga,Mithoon; Manoj Muntashir; Arijit Singh; Shashaa Tirupati,09UmIX92EUH9hAK4bxvHx6; 4cAERazLlAzVGA10ORWaUP; 4YRxDV8wJFPHPTeXepOstw; 12CpR4SNDzVIlDoPSeNFeW,1fcCPXmH4vUzG6UQTTjZp5,https://i.scdn.co/image/ab67616d00001e02627b5b17cb48f6e6956b842e
2026-02-13,in,India,167,18,Shayad,Pritam; Arijit Singh,1wRPtKGflJrBx9BmLsSwlU; 4YRxDV8wJFPHPTeXepOstw,1smFN2CLqGROu0J0UyvDfL,https://i.scdn.co/image/ab67616d00001e0251b3e9bb2b71cef8628b2c70
2026-02-13,in,India,168,2,AZUL,Guru Randhawa; Gurjit Gill; Lavish Dhiman,5rQoBDKFnd1n6BkdbgVaRL; 6LGVfT3wTKqzhx9RGvSvUd; 0OZHEt7SMyC00w8xopYIcc,1XwOA83wulFYtimOir6MUL,https://i.scdn.co/image/ab67616d00001e026aed8f756fd0f767bc998fb2
2026-02-13,in,India,169,6,Deewane,Navaan Sandhu; Bir; Daaku,6PdJJhJWHFRtoERTQ8JGq1; 3R1penrqtuKNTeWABjKT5N; 0Gk0DXsojuXvKXROsCbO0e,0S4PcH3EYQYIeLs6nLOpF1,https://i.scdn.co/image/ab67616d00001e02dc037345b1f3908273425840
2026-02-13,in,India,170,4,"Tumhare Hi Rahenge Hum (From ""Stree 2"")",Sachin-Jigar; Varun Jain; Shilpa Rao; Amitabh Bhattacharya,1mBydYMVBECdDmMfE2sEUO; 4gzrZDyL5gYiROkv27pYKx; 19LIHDDSHBD5NyYHI3gpzB; 2fMqTqiTxUDlmcOEPaQSsx,5Ggb9pKiKcr5vNV9v1e1vs,https://i.scdn.co/image/ab67616d00001e02f507e5b4c73b7b8fba510c28
2026-02-13,in,India,171,Re-Entry,Deadly Zone,Dhanda Nyoliwala,2rN8LHqK4TBI7y3d9POvJb,68LtGqZ3Ulvy1nMcdhEEht,https://i.scdn.co/image/ab67616d00001e02e332c0e2f0aa105d295b2a74
2026-02-13,in,India,172,Re-Entry,Labon Ko,Pritam; KK; Sayeed Quadri,1wRPtKGflJrBx9BmLsSwlU; 4fEkbug6kZzzJ8eYX6Kbbp; 2pGRniGOJSOvYoK3dGaBb8,5WncH5iZ5GFlnXm7jKEXVP,https://i.scdn.co/image/ab67616d00001e024cfe2d352da6d7910961377f
2026-02-13,in,India,173,8,Hona Tha Pyar,Atif Aslam; Hadiqa Kiani,2oSONSC9zQ4UonDKnLqksx; 24X1z32aFn59XU4P9Vh9gP,0KSOLEBixnBYIKNHF1VbzF,https://i.scdn.co/image/ab67616d00001e0271ef95ca0f8a1270a3cebc05
2026-02-13,in,India,174,17,Aashiq Tera,Sohail Sen; Altamash Faridi,1bTROl5p3rGTpvKeWnGgrw; 38IHJBGBuaYXHEkIQd4DtF,7FwYs4qSJCJi2Hd6ZV8Q3M,https://i.scdn.co/image/ab67616d00001e0211b260e5bfa1590dc2f3449a
2026-02-13,in,India,175,1,Status,Khasa Aala Chahar; Anny Kathwar,3yOHCFUZRsaHUu1yefR8ck; 2REe2hnd6p23EwBY41U0YX,5sXq9UvI4ocTiCDjZRPp3w,https://i.scdn.co/image/ab67616d00001e0255da6fa71dadf83577e0910b
2026-02-13,in,India,176,34,Maula Mere Maula,Roop Kumar Rathod; Sayeed Quadri,03SZmfKAgYRQKUwy0EoJUa; 2pGRniGOJSOvYoK3dGaBb8,5KNuHsIeFtD0oukst77hBi,https://i.scdn.co/image/ab67616d00001e0206b537ea166d7b3f3050241c
2026-02-13,in,India,177,1,Maiyya,Sachet-Parampara; Sachet Tandon; Parampara Tandon; Kausar Munir,1SyKki7JI1AZNKwgNMkn25; 6WOdPJmexxFINcKMkP2jMG; 1E6arsXf5Fgsnv9YpSzjpE; 3GBSge8pq7mpezUQl0GAOA,5VvkNZesG4T86mUULEG5Wp,https://i.scdn.co/image/ab67616d00001e02ac34d57d7fbf929de2b35aac
2026-02-13,in,India,178,9,Ishq Wala Love,Vishal-Shekhar; Shekhar Ravjiani; Salim Merchant; Neeti Mohan,6Mv8GjQa7LKUGCAqa9qqdb; 4xd7mLI7urqrxELaXhAvzw; 1TbRSunWGZ46mqnapcWxrm; 3ZxZ03fj3tXBZHZWzvaLSM,1hQia6rxgfM1ly2hE3StWp,https://i.scdn.co/image/ab67616d00001e02ad40f4e70b2f2a2a6052d49d
2026-02-13,in,India,179,7,I Wanna Be Yours,Arctic Monkeys,7Ln80lUS6He07XvHI8qqHH,5XeFesFbtLpXzIVDNQP22n,https://i.scdn.co/image/ab67616d00001e024ae1c4c5c45aabe565499163
2026-02-13,in,India,180,9,Enna Sona,A.R. Rahman; Arijit Singh,1mYsTxnqsietFxj1OgoGbG; 4YRxDV8wJFPHPTeXepOstw,6bdpj89aYEBjhpsenXAsmO,https://i.scdn.co/image/ab67616d00001e027871ae506e494a7722b38962
2026-02-13,in,India,181,13,Afghan Jalebi (Film Version),Pritam; Akhtar Chinnal,1wRPtKGflJrBx9BmLsSwlU; 0rCstvhcy1BZyDomzN0YPE,1rEVydQSe04NJUqyyEyeEq,https://i.scdn.co/image/ab67616d00001e027037561f1e7a2c5ff3cd0a38
2026-02-13,in,India,182,2,Total,Rawme Hooda; Nishael; Riyaazi,7B6M2lrsO79XEw8xAbm4OE; 3FDqg0UZYTSVzxDgREFPAX; 5LN6cFuEopifixZsRarBri,2UnJTK5NiGTD9L9wsYz1Az,https://i.scdn.co/image/ab67616d00001e02e0cc4272747a82576c3e7f00
2026-02-13,in,India,183,1,Toota Jo Kabhi Tara,Sumedha Karmahe; Atif Aslam,4MEdY6uFLSNWHq4kKrDx4j; 2oSONSC9zQ4UonDKnLqksx,2xLaYf6XYIFz3tuUJjELAs,https://i.scdn.co/image/ab67616d00001e028808ea1ba2cfba519e797a14
2026-02-13,in,India,184,9,Falani,Vikram Sarkar; Guri Nimana,4naSOUBsPQeISuibs56w6Y; 6kuGpAbghR1QObbtmJQX3f,1KdTSJm0SxliAg24quxw5i,https://i.scdn.co/image/ab67616d00001e02f61f682cf3adbd3d460da018
2026-02-13,in,India,185,18,"Ranjha (From ""Shershaah"")",Jasleen Royal; B Praak; Romy,74OaRjmyh0XyRZsQQQ5l7c; 56SjZARoEvag3RoKWIb16j; 0bRPtPZQkWHeG7MGk9eWlh,72zHuDxFQTjbL51qJQSA7j,https://i.scdn.co/image/ab67616d00001e02605c16748c8656882540cb78
2026-02-13,in,India,186,Re-Entry,Kya Baat Ay,Harrdy Sandhu; Jaani,4ITkqBlf5eoVCOFwsJCnqo; 5gZhfbckaWo89OzDSk3gdT,1ZaeaGLhFSckG8sv1y7AWk,https://i.scdn.co/image/ab67616d00001e02e2a9524ac996a30aad51b07c
2026-02-13,in,India,187,8,O Rangrez,Shankar-Ehsaan-Loy; Shreya Ghoshal; Javed Bashir; Yusuf Mohammed; Vajid Ali,0L5GV6LN8SWWUWIdBbTLTZ; 0oOet2f43PA68X5RxKobEy; 5diMmmNkRVfgUnXJrzXzjZ; 5XWfOrZhMMjoBTKcAgtFxe; 3cXNzZYIOUpv22w4iJm42t,5JCDVLwteSXuwVqjCa7SwH,https://i.scdn.co/image/ab67616d00001e02b414911b2d52d2601220603a
2026-02-13,in,India,188,32,Tera Fitoor,Arijit Singh; Himesh Reshammiya; Kumaar,4YRxDV8wJFPHPTeXepOstw; 0sSxphmGskGCKlwB9xa6WU; 0m3D4grap8VFSzbJMqgNVk,1YMLgvsQdE27r30q0fsLeV,https://i.scdn.co/image/ab67616d00001e0245d903382cac1d491ceb2f44
2026-02-13,in,India,189,8,Nashe Si Chadh Gayi,Vishal-Shekhar; Arijit Singh; Caralisa Monteiro; Jaideep Sahni,6Mv8GjQa7LKUGCAqa9qqdb; 4YRxDV8wJFPHPTeXepOstw; 2Yf4MRVpt0rcAd5y5h5ph1; 5kPOMQZvgkAEnRZqwn9SYQ,0biCSADTAblvLTLtJz4pXO,https://i.scdn.co/image/ab67616d00001e02f5dc36d5000145375a41c3b8
2026-02-13,in,India,190,5,Madam Ji,Masoom Sharma; Rekha Goswami; Amar Karnawal,36iDrP3UnCxsSH9LuSdkDj; 1jVoT8RHZh4P4vTvuxJntR; 6DAbqsPFnfdjW7qUtVW7wS,3Iv9OUb4Oif9Cl0ZFMCky0,https://i.scdn.co/image/ab67616d00001e02e24f57fcb4effa1e787abd4f
2026-02-13,in,India,191,Re-Entry,"Akhiyaan Gulaab (From ""Teri Baaton Mein Aisa Uljha Jiya"")",Mitraz,3iGhlvzpXc0UHBQ7klAItX,0M0ANKNzmM4Odd7FNKghzW,https://i.scdn.co/image/ab67616d00001e0252e3a807b72281cb40c08092
2026-02-13,in,India,192,Re-Entry,I Really Do...,Karan Aujla; Ikky,6DARBhWbfcS9E4yJzcliqQ; 3nqS8jzqmsPKFJTp0BOIel,2Dp6icDc5dvYnWvxZOjj75,https://i.scdn.co/image/ab67616d00001e0289e8f71cb6f3b6cc60944858
2026-02-13,in,India,193,New,Thinking of You,AP Dhillon,6LEG9Ld1aLImEFEVHdWNSB,0rSU2KwpOCqLVDCPwd4WbE,https://i.scdn.co/image/ab67616d00001e02c034e7aee0628ead7e9a39d8
2026-02-13,in,India,194,–,Kaise Ho,Bintu Pabra; Shiva Choudhary,74L1hcSZY4R6mo3yWNflRe; 3KOSRNy74RLnTAFn0u1tmN,755TxDwuygXwSW8BCcMvn0,https://i.scdn.co/image/ab67616d00001e0295fb9b672977bfaaf71d45bc
2026-02-13,in,India,195,Re-Entry,Singari,Sai Abhyankkar; Pradeep Ranganathan; Sai Smriti; Semv.iii,5jJrJU7VVmxQQLcLAmmxXc; 5Kx2ruxFSUGdqCG7kJtet1; 139FRgoVcJ82jogPttiWcc; 2O4fDX3s0c3JQsnxabRK8o,0pxE2MKJnBMR9c0giy7v5J,https://i.scdn.co/image/ab67616d00001e02712a8e87fa2daf05e7d1ce8c
2026-02-13,in,India,196,Re-Entry,Nazra Ke Teer,Vikram Sarkar; Guri Nimana,4naSOUBsPQeISuibs56w6Y; 6kuGpAbghR1QObbtmJQX3f,2lRpc4yAz0Bc2lMmFATLGv,https://i.scdn.co/image/ab67616d00001e02d51cca0606594f2622a0a179
2026-02-13,in,India,197,Re-Entry,Chammak Challo,Vishal-Shekhar; Akon; Hamsika Iyer; Vishal Dadlani; Niranjan Iyengar,6Mv8GjQa7LKUGCAqa9qqdb; 0z4gvV4rjIZ9wHck67ucSV; 35jsUTwBj5cW9GuNB7Xp61; 6CXEwIaXYfVJ84biCxqc9k; 5YvkJtCfhsoiQ7TjFo1Z3i,0EH7sgeiFqDa3eS7ieW2zs,https://i.scdn.co/image/ab67616d00001e0244aa56e23e3a89802e6c6347
2026-02-13,in,India,198,50,Kabira,Pritam; Tochi Raina; Rekha Bhardwaj; Amitabh Bhattacharya,1wRPtKGflJrBx9BmLsSwlU; 6k6dimE4a6OFnD0HWmkIUW; 3cqeO3muWIW5uSmUDNCmyT; 2fMqTqiTxUDlmcOEPaQSsx,4bD9z9qa4qg9BhryvYWB7c,https://i.scdn.co/image/ab67616d00001e02707ea5b8023ac77d31756ed4
2026-02-13,in,India,199,Re-Entry,Itna Na Mujhse Tu Pyar Badha,Talat Mahmood; Lata Mangeshkar,2fi9hpqNbi5neTbKSqG0vW; 61JrslREXq98hurYL2hYoc,6HIkXmOqrxiDeMoWW3Cdzo,https://i.scdn.co/image/ab67616d00001e021ac1afe842966323d72b3386
2026-02-13,in,India,200,13,Admirin' You (feat. Preston Pablo),Karan Aujla; Ikky; Preston Pablo,6DARBhWbfcS9E4yJzcliqQ; 3nqS8jzqmsPKFJTp0BOIel; 5TvdGhdmRObqOkU6eGfXb5,6ygiy70ujkNOYXM1tQuMNe,https://i.scdn.co/image/ab67616d00001e02bf6c7c24a33a49a5c2f0d423
2026-02-13,id,Indonesia,1,–,kota ini tak sama tanpamu,Nadhif Basalamah,6UgERnTHmjk3qXM9x5vzyO,13CwOTXUgBugeBByE9oIWb,https://i.scdn.co/image/ab67616d00001e02f3e3f888fbfcc916ecce50a9
2026-02-13,id,Indonesia,2,–,Sedia Aku Sebelum Hujan,Idgitaf,7pFWMC2E7h8eL3SZyHRsRq,64qfw9JZl3RYCrq4Mn0WvT,https://i.scdn.co/image/ab67616d00001e028dc8c573565969d55f9f3477
2026-02-13,id,Indonesia,3,–,Bahagia Lagi,Piche Kota,5zAYPlhV1TirCul0R4NKGM,5tZaKZPJtiHh6teQfVEHB5,https://i.scdn.co/image/ab67616d00001e025bd00b369e89c5cbc74d827b
2026-02-13,id,Indonesia,4,–,everything u are,Hindia,51kyrUsAVqUBcoDEMFkX12,5WOSNVChcadlsCRiqXE45K,https://i.scdn.co/image/ab67616d00001e0205898628baab6ef07a0a4d03
2026-02-13,id,Indonesia,5,1,bergema sampai selamanya,Nadhif Basalamah,6UgERnTHmjk3qXM9x5vzyO,0ql6fgz8qk0pAEKrGeSppJ,https://i.scdn.co/image/ab67616d00001e02f3e3f888fbfcc916ecce50a9
2026-02-13,id,Indonesia,6,1,Monolog,Pamungkas,7d86ERlvO5UG44j7Va0Y0C,1zu5ZpnrSArdoaT6Qq3yo9,https://i.scdn.co/image/ab67616d00001e023e2cf96ce4558b8f2376b79a
2026-02-13,id,Indonesia,7,–,Dirimu Yang Dulu,Anggis Devaki,7lXTU6VtJQWfiN2vuZyzqf,3GIiXoibZNOxoB4QJ0b8UR,https://i.scdn.co/image/ab67616d00001e02d7105ffabf2ff9ddd265eab1
2026-02-13,id,Indonesia,8,–,Ada titik-titik di ujung doa,Sal Priadi,1NjxFrpEGZTV2Ny0OJxeWu,1E7zLPDdqo0OvzVmGj5aoV,https://i.scdn.co/image/ab67616d00001e02686acaaa87bfc6ebb42b3bd2
2026-02-13,id,Indonesia,9,2,Lesung Pipi,Raim Laode,5LcNPa8f8bRmZqELgoRFkN,04mOx59pM3upWDkpp9PYkb,https://i.scdn.co/image/ab67616d00001e02dfa3d7031a8f658d0a9b89fd
2026-02-13,id,Indonesia,10,1,Dan...,Sheila On 7,6q87vizIEdEN4NvlR6mjfT,1MdjZzEInrmDBXf8zs0nKS,https://i.scdn.co/image/ab67616d00001e0254270208627aa8061a8abe21
2026-02-13,id,Indonesia,11,1,Bersenja Gurau,Raim Laode,5LcNPa8f8bRmZqELgoRFkN,713QSDLoNYvs6PKBNOMi8b,https://i.scdn.co/image/ab67616d00001e022115f08403e0dede83932409
2026-02-13,id,Indonesia,12,–,Tarot,.Feast,7Gy1PxqrgsiqWF6JNYPHeB,4XHijJfABTtUCW3Bp6KFvr,https://i.scdn.co/image/ab67616d00001e02c800b90e2092a5328f699117
2026-02-13,id,Indonesia,13,2,Lihat Kebunku (Taman Bunga),Aku Jeje,4FZ6V3q8zMyFvSMeT2ld2f,5dvIK269hL3eZXQMG4Vc2C,https://i.scdn.co/image/ab67616d00001e0223a15d3a2c0fc3d9bb6c5911
2026-02-13,id,Indonesia,14,2,kota ini tak sama tanpamu (with Aziz Harun & Aisha Retno),Nadhif Basalamah; Aziz Harun; Aisha Retno,6UgERnTHmjk3qXM9x5vzyO; 1dmuM6bG5J8sDFyp26x9Nf; 1eizIry8svwmH0cSjLUEYy,75DnXTAoFiorMrqkPVbjSH,https://i.scdn.co/image/ab67616d00001e0287e7224938aa91019b17b791
2026-02-13,id,Indonesia,15,2,Nina,.Feast,7Gy1PxqrgsiqWF6JNYPHeB,0daEJMXc3b4ZMTnvtHpuTt,https://i.scdn.co/image/ab67616d00001e02c800b90e2092a5328f699117
2026-02-13,id,Indonesia,16,2,Cincin,Hindia,51kyrUsAVqUBcoDEMFkX12,7J0isBrUxhIYZVdrBOOlIh,https://i.scdn.co/image/ab67616d00001e02d58121433ea3e6c4822ac494
2026-02-13,id,Indonesia,17,4,Monokrom,Tulus,2iDVt6mFbtbDEZG5ax0dTi,4GfK1qOF3uBWidbPlTCQRL,https://i.scdn.co/image/ab67616d00001e0271c65edbeed32af70b900637
2026-02-13,id,Indonesia,18,1,Mangu,Fourtwnty; Charita Utami,46cVq2dwPgzPE3X1VR9TMj; 48yQuRfvklyupKmridU1du,4e6TmHCC4PRUj75knNplNP,https://i.scdn.co/image/ab67616d00001e0232ab17f5515e51490841f648
2026-02-13,id,Indonesia,19,3,Rumah Ke Rumah,Hindia,51kyrUsAVqUBcoDEMFkX12,2wAiFWjRupWmnDkQcu91MF,https://i.scdn.co/image/ab67616d00001e02d623688488865906052ef96b
2026-02-13,id,Indonesia,20,2,Menerima Luka,Natasya Sabella,2w2xKlumnOzCf5eVTkmNXn,6Twf2B2IGXAN0YDJeTxkt2,https://i.scdn.co/image/ab67616d00001e02666b93e07f4a5ef345e83fe1
2026-02-13,id,Indonesia,21,4,33x,Perunggu,0NbKRRBuiIUwS9irPvi7wD,0I3I9hgBRat6HR5Gzy26jx,https://i.scdn.co/image/ab67616d00001e022f6309d853e9a87b7ccb08a1
2026-02-13,id,Indonesia,22,2,Serana,For Revenge,0f6TyESD8E1mD2oLJ4TGv1,0PtJbtW50jcvvswNPn3QGd,https://i.scdn.co/image/ab67616d00001e02322ce4ba8eb959ebee609fd8
2026-02-13,id,Indonesia,23,3,penjaga hati,Nadhif Basalamah,6UgERnTHmjk3qXM9x5vzyO,6i9Ci0IN1q1GcnhdbKU7kZ,https://i.scdn.co/image/ab67616d00001e0225001f594384ffb7fb952347
2026-02-13,id,Indonesia,24,1,Selamat (Selamat Tinggal),Virgoun; Audy,4bAgr9zaF0bpzVGHdHuf0f; 611ajYp7fMbkU5CYF08tje,1mruWrUwAVe2XkksUQiaHK,https://i.scdn.co/image/ab67616d00001e02dbd21bc0b35f4220357a1c66
2026-02-13,id,Indonesia,25,2,Pesan Terakhir,Lyodra,6Sv2jkzH9sWQjwghW5ArMG,3FwQ3RYYEekzjEeL3jdpUZ,https://i.scdn.co/image/ab67616d00001e02d00e5994b61f1d93dafe9221
2026-02-13,id,Indonesia,26,2,Bertaut,Nadin Amizah,20zafXaLhm5IcXnSU93rNn,630DpnzdfjdVqv2yLfPbAX,https://i.scdn.co/image/ab67616d00001e026d57a5c60decaa8fb39d5afb
2026-02-13,id,Indonesia,27,1,Kita usahakan rumah itu,Sal Priadi,1NjxFrpEGZTV2Ny0OJxeWu,5Egm9N7FnzsThl1CFXB2mm,https://i.scdn.co/image/ab67616d00001e02686acaaa87bfc6ebb42b3bd2
2026-02-13,id,Indonesia,28,2,Nanti Kita Seperti Ini,Batas Senja,4AhHkaGz7W2bKKJK90IaV2,3y8RcMPYG22fRnrOi4oFJ1,https://i.scdn.co/image/ab67616d00001e02c6092bd9b2579479e5fa9891
2026-02-13,id,Indonesia,29,–,Die On This Hill,SIENNA SPIRO,02gSuSAWEdWa5UOvqzjX6v,2gYTC8DsplN3RNdpdBcCOQ,https://i.scdn.co/image/ab67616d00001e020901e50bfaff4351a29f462b
2026-02-13,id,Indonesia,30,1,Terbuang Dalam Waktu,Barasuara,5RbI1PF4n02wWKmgjk7hAE,5fmyW3X3kncOOVlmcWhORH,https://i.scdn.co/image/ab67616d00001e0295688e1f59ae3fc4951d41ff
2026-02-13,id,Indonesia,31,2,SO ASU,Naykilla,79omf4LgzaVAnXIRWPkJUq,56TRhAB4SqpRn5NdqHSAFy,https://i.scdn.co/image/ab67616d00001e02bc3ac83da4a6bda98247e694
2026-02-13,id,Indonesia,32,–,About You,The 1975,3mIj9lX2MWuHmhNCA7LSCW,3hEfpBHxgieRLz4t3kLNEg,https://i.scdn.co/image/ab67616d00001e0200702474f8e0e2b6155d48e3
2026-02-13,id,Indonesia,33,6,Jangan Paksa Rindu - Beda,Ifan Seventeen,2vbWy0ntJGJ2H1erLJFMZZ,79tbBuciPV221EozY3RKQv,https://i.scdn.co/image/ab67616d00001e02b1f0e17d6a48da664cbdcbe5
2026-02-13,id,Indonesia,34,2,Kembali Pulang,Suara Kayu; Feby Putri,327ipGIr9bD3MkLb2eucqC; 66NmU5epI0ONGmdCRbLpmW,6xeqCawPZngDVqw2W2aGaR,https://i.scdn.co/image/ab67616d00001e020fa7d0f0589cf5cf7c9300fd
2026-02-13,id,Indonesia,35,2,Duka,Last Child,1v1khTmozNfxB2ET1Ep288,5MIpcd16T59wFeqAChSYwC,https://i.scdn.co/image/ab67616d00001e02057818e4bb59fcede0e7e7d5
2026-02-13,id,Indonesia,36,4,Sempurna,Andra & The Backbone,4ucwey7FxkHXkLK7jSfevU,2UgCs0i0rNHUH2jKE5NZHE,https://i.scdn.co/image/ab67616d00001e020df7dec70511dd4f2e69dc34
2026-02-13,id,Indonesia,37,3,Rahasia Hati,Nidji,4sEWznAKWWNcicTuLxzb6d,6zrnrcry6OHVFo3EDt6PYa,https://i.scdn.co/image/ab67616d00001e02801ab61ae6086d0381265658
2026-02-13,id,Indonesia,38,6,Aku Milikmu,Dewa 19,48bKH1ugFBhERC1rdojP9d,5JESuE80fvausWHjcT9QVh,https://i.scdn.co/image/ab67616d00001e02bfc7fa507f4bc822cabe7bde
2026-02-13,id,Indonesia,39,16,Disarankan di Bandung,Dongker; Jason Ranti,6sf1OnuDZM48bgFQvPkbYm; 06x5hKHmGzMggWmRK833nv,5VyWqCgmRSa1o364B4UGI8,https://i.scdn.co/image/ab67616d00001e0235e8c95e427167c4d26899e1
2026-02-13,id,Indonesia,40,5,Komang,Raim Laode,5LcNPa8f8bRmZqELgoRFkN,3zltzCUqDOxeYQvx3OQiIX,https://i.scdn.co/image/ab67616d00001e02e3b3d759e32208f05b45120f
2026-02-13,id,Indonesia,41,–,back to friends,sombr,4G9NDjRyZFDlJKMRL8hx3S,7qjZnBKE73H4Oxkopwulqe,https://i.scdn.co/image/ab67616d00001e024229702de91cb3d3a4383302
2026-02-13,id,Indonesia,42,4,Di Ujung Jalan,SAMSONS,6HHje5tfmzWK8PsSaoJ9Xp,70GUGyk1sJYFTqZpSJj2KM,https://i.scdn.co/image/ab67616d00001e0217f5145bfb22a8ca721c6812
2026-02-13,id,Indonesia,43,–,Merindumu lagi,Khifnu,7eKNo6fozgNsKThGC40ol7,69Qo7v0lcQucfMIzu1nCVd,https://i.scdn.co/image/ab67616d00001e02bae1263824544273f7a30e10
2026-02-13,id,Indonesia,44,10,TABOLA BALE,Silet Open Up; Jacson Seran; Juan Reza; Diva Aurel,5naPJsWUJ6y22yKXA6dX36; 7sGSFhUe26nmXPxw3KuXrj; 0eYCIajsbVsMjVUIkcomIY; 5aOpLMYo7aOOxoXBFkiJ4u,7mqG8I1JG0iQAejC53qpbU,https://i.scdn.co/image/ab67616d00001e02f6f7d0c06b8b2bd22ba3eae4
2026-02-13,id,Indonesia,45,2,Runtuh,Feby Putri; Fiersa Besari,66NmU5epI0ONGmdCRbLpmW; 06QVnTCdjs4jPKO0487EGV,6Hii26x3qDErVitnGW8QtO,https://i.scdn.co/image/ab67616d00001e024788f7886c01b9b2ee95cbdd
2026-02-13,id,Indonesia,46,2,Anugerah Terindah,Andmesh,6IDsZZ4IHgs9VblBgQQSmt,6gjkHuMOR0CrN7Vb2NoEdg,https://i.scdn.co/image/ab67616d00001e023b83fd19945daf89d7cbfc00
2026-02-13,id,Indonesia,47,3,Jakarta Hari Ini,For Revenge; Stereo Wall,0f6TyESD8E1mD2oLJ4TGv1; 0kw7tMniMnrp9Pcr7vgDAm,6AyBbSvcR2ZwTeR30I4jb9,https://i.scdn.co/image/ab67616d00001e02322ce4ba8eb959ebee609fd8
2026-02-13,id,Indonesia,48,13,Seandainya,Vierra,1WX2v0BiEW19Vw7xmznLdZ,5NmjnghJGJRFg34KGGx8O0,https://i.scdn.co/image/ab67616d00001e02bdc17798be456d9e4ad28dc0
2026-02-13,id,Indonesia,49,7,Teganya Kau,Lyodra,6Sv2jkzH9sWQjwghW5ArMG,7BVtNEGHh8O2kLyciokFyl,https://i.scdn.co/image/ab67616d00001e02ab5d3c815265b9b11b51ed86
2026-02-13,id,Indonesia,50,1,Evaluasi,Hindia,51kyrUsAVqUBcoDEMFkX12,2dIBMHByUGcNPzmYBJ6OAj,https://i.scdn.co/image/ab67616d00001e02d623688488865906052ef96b
2026-02-13,id,Indonesia,51,–,Lantas,Juicy Luicy,3tMTXQyRrPmMyHv5SoC0TV,1ZPVEo8RfmrEz8YAD5n6rW,https://i.scdn.co/image/ab67616d00001e02b1d3ef29ee15a18842973471
2026-02-13,id,Indonesia,52,–,Surat Cinta Untuk Starla,Virgoun,4bAgr9zaF0bpzVGHdHuf0f,5o6StwqqVfG3vRLx8UP310,https://i.scdn.co/image/ab67616d00001e026c9259b10efeeb8521db5750
2026-02-13,id,Indonesia,53,8,Di Akhir Perang,Nadin Amizah,20zafXaLhm5IcXnSU93rNn,1tqPw8Hf88h24Bpt2SzuYE,https://i.scdn.co/image/ab67616d00001e0294847679fe7b10e27d9803f5
2026-02-13,id,Indonesia,54,8,Kasih Putih,Yovie Widianto; Glenn Fredly,7Ln5yumFjHCkeZ8bAzHUcp; 4rUYk0fV0Z4pOtwVbEAyK9,2sjA4DTYveWwXo9aC62vWd,https://i.scdn.co/image/ab67616d00001e021ce2ae44de421c5852ef7eeb
2026-02-13,id,Indonesia,55,2,Tenang,Judika; Andi Rianto,5fS7aONqrIhiw6YzgKVOsd; 4yRVdMqPrguKBFwZYpmke0,1TMvBhqekWmWJSxpmUMgFz,https://i.scdn.co/image/ab67616d00001e0226160f394d075ef36b4c443b
2026-02-13,id,Indonesia,56,2,WILDFLOWER,Billie Eilish,6qqNVTkY8uBg9cP3Jd7DAH,3QaPy1KgI7nu9FJEQUgn6h,https://i.scdn.co/image/ab67616d00001e0271d62ea7ea8a5be92d3c1f62
2026-02-13,id,Indonesia,57,15,Bunga Maaf,The Lantis,1REvGGP2H7cFLGZgK2sStO,26KhLgFuPymkm1uiZkc6Rv,https://i.scdn.co/image/ab67616d00001e027536908067a37708c3f5ff35
2026-02-13,id,Indonesia,58,2,Tak Kan Hilang,Budi Doremi,6Ifk2cbxyVzT41jLexYCas,1USA6DXJ1qsucoKnDu4vnu,https://i.scdn.co/image/ab67616d00001e02f7e5af48832abc7234153e0f
2026-02-13,id,Indonesia,59,9,Orang Baru Lebe Gacor,Ecko Show; Juan Reza; Chesylino,3oh5PUaDZkd57Yp1jsA6gp; 1BHC0jEJgDvNXlLhojMUbf; 3LgpEnxGl51dSvzKJTNPNR,3dANqzstXrnHIUh1r7JrGZ,https://i.scdn.co/image/ab67616d00001e02622fbb59811af65db39560a9
2026-02-13,id,Indonesia,60,3,Bawa Dia Kembali,Mahalini,3wOsYKZM0zcKNasi3I7fP4,25M9piWxSsq0xLcjQW5yz6,https://i.scdn.co/image/ab67616d00001e026f713eb92ebf7ca05a562542
2026-02-13,id,Indonesia,61,1,The Man Who Can't Be Moved,The Script,3AQRLZ9PuTAozP28Skbq8V,3nqqDo8CcCLke3ZoTgiOKf,https://i.scdn.co/image/ab67616d00001e02f33a9f529c12f79b116eb218
2026-02-13,id,Indonesia,62,7,Alamak,Rizky Febian; Adrian Khalif,28DdkLhrzQNizZ0ExQpyku; 6X28gNASnalAWseUA8uI4X,1vkwlZncsYqFukl2Q7M6Fe,https://i.scdn.co/image/ab67616d00001e0201b9750a33d771645d7f043a
2026-02-13,id,Indonesia,63,4,DJ SO ASU – Pelukan Yang Hangat,DJ Xen,7FHDJhs5QROL1vQr61gOiB,64aGIcMIA3hlMNfnnSxaTC,https://i.scdn.co/image/ab67616d00001e0217c4141596b49a38448961b1
2026-02-13,id,Indonesia,64,10,"o,Tuan",.Feast,7Gy1PxqrgsiqWF6JNYPHeB,2WXXgjU6foIi4FBIPDMf9t,https://i.scdn.co/image/ab67616d00001e02c800b90e2092a5328f699117
2026-02-13,id,Indonesia,65,4,Kita Ke Sana,Hindia,51kyrUsAVqUBcoDEMFkX12,5DqSZFvWvSWg5eyCDi0CuW,https://i.scdn.co/image/ab67616d00001e0249bdf0e981cbba25d48b44e0
2026-02-13,id,Indonesia,66,21,Ngapain Repot,Toton Caribo; Wizz Baker; Fresly Nikijuluw,0v1axjG0KwIz3aciZffFMu; 4PUHVTv6waMpd1JUP7G6n2; 27CTGmSgvs2cUMSErJ1Thc,0wCxlKwweymeu2AOIeUjeM,https://i.scdn.co/image/ab67616d00001e02b4232431c889170a062edb21
2026-02-13,id,Indonesia,67,11,Tapi Bukan Aku,Kerispatih,73OtDyghUEJ9QfGtu1pkaJ,0BrH4b7su9uLELM1h5Xlzw,https://i.scdn.co/image/ab67616d00001e024986516d6ce56f0d19cdc41d
2026-02-13,id,Indonesia,68,3,Bintang 5,Tenxi; Jemsii,6vP4azTCk053nGL0xAYnVH; 5PTw7KmM8c9QfBjU5caHWs,0HoWTALX2BktSIrSmflWSP,https://i.scdn.co/image/ab67616d00001e02ebdd8446bacd87dc7796cede
2026-02-13,id,Indonesia,69,1,mejikuhibiniu,Tenxi; Suisei; Jemsii,6vP4azTCk053nGL0xAYnVH; 2Iw3yPRqjz5Xh4veKj7oqi; 5PTw7KmM8c9QfBjU5caHWs,13KXgSl4vs7h8y2G7V6GrB,https://i.scdn.co/image/ab67616d00001e02ebdd8446bacd87dc7796cede
2026-02-13,id,Indonesia,70,10,Titik Nadir (feat. Monita Tahalea),Kahitna; Monita Tahalea,2WhoMc7XqIzVXWbQqSoqe7; 1xQXTnhREkLm14Wvrogo1g,52m690jqpxP1tHHkRNdl5p,https://i.scdn.co/image/ab67616d00001e025cfcb24701901b0e53ce4fae
2026-02-13,id,Indonesia,71,6,Multo,Cup of Joe,61nn6nOoLWjVC1ER2qFAvN,5tlb0AxuzsMWL2GtEppXGX,https://i.scdn.co/image/ab67616d00001e0285a7fd707d00e5d255807add
2026-02-13,id,Indonesia,72,3,Kasih Aba Aba,Naykilla; Tenxi; Jemsii,79omf4LgzaVAnXIRWPkJUq; 6vP4azTCk053nGL0xAYnVH; 5PTw7KmM8c9QfBjU5caHWs,5rhwXZP0luMucnEPnYJpbI,https://i.scdn.co/image/ab67616d00001e028afa25403ff8a518ee7a9f94
2026-02-13,id,Indonesia,73,10,Tak Ada Ujungnya,Rony Parulian,13y29W8mEcA2gKqUr1SPLJ,12clal6pCQGwrFWQ5TccDN,https://i.scdn.co/image/ab67616d00001e0257124131195ac118b99d2042
2026-02-13,id,Indonesia,74,11,End of Beginning,Djo,5p9HO3XC5P3BLxJs5Mtrhm,3qhlB30KknSejmIvZZLjOD,https://i.scdn.co/image/ab67616d00001e02fddfffec51b4580acae727c1
2026-02-13,id,Indonesia,75,2,Sailor Song,Gigi Perez,1iCnM8foFssWlPRLfAbIwo,21IYMdzTrzSe191Cy5eMap,https://i.scdn.co/image/ab67616d00001e0249c26270052e1671add569c1
2026-02-13,id,Indonesia,76,8,Ngga Dulu,Akbar Chalay; Zynakal; ciloqciliq,0dIJRlr9m4hUwdBYmKUTjW; 3Cs5QQYz6pMhbEKaBNCtfi; 3zcke1TsWc6mZhzB1BCC9T,3c3JC5TjFrEqEKheU7227c,https://i.scdn.co/image/ab67616d00001e029e607297510b0d097867caf4
2026-02-13,id,Indonesia,77,11,Jatuh Suka,Tulus,2iDVt6mFbtbDEZG5ax0dTi,6PqWdGIYq5xdLaa4zCZfRp,https://i.scdn.co/image/ab67616d00001e02d34a0632f6861e8875d6899b
2026-02-13,id,Indonesia,78,5,I Thought I Saw Your Face Today,She & Him,3CIRif6ZAedT7kZSPvj2A4,0myRViRgmQ3J8izICXEAVO,https://i.scdn.co/image/ab67616d00001e02a47c6d8a934b4833c0916cc9
2026-02-13,id,Indonesia,79,10,Tanpa Cinta,Yovie & Nuno,3DHOtJqv0Bw65ENlK4FiSF,0qjuyXWrksQxIRntqz9ZJV,https://i.scdn.co/image/ab67616d00001e020b43cd27d3f8ab7e3b9069a8
2026-02-13,id,Indonesia,80,20,Kangen,Dewa 19,48bKH1ugFBhERC1rdojP9d,3ZyMRe0jlSqffPBMeHUZFX,https://i.scdn.co/image/ab67616d00001e0269222d0908ecf5d22cc9d960
2026-02-13,id,Indonesia,81,15,Mengenangmu,Kerispatih,73OtDyghUEJ9QfGtu1pkaJ,6l9L0ssWzD5XI1aJgVFpaS,https://i.scdn.co/image/ab67616d00001e024986516d6ce56f0d19cdc41d
2026-02-13,id,Indonesia,82,9,Bila Kau Tak Disampingku,Sheila On 7,6q87vizIEdEN4NvlR6mjfT,1ylY6UrF7cmOZ9GDOxrfk8,https://i.scdn.co/image/ab67616d00001e02e8d4f0596d66ccbe5241918d
2026-02-13,id,Indonesia,83,2,The Fate of Ophelia,Taylor Swift,06HL4z0CvFAxyc27GXpf02,53iuhJlwXhSER5J2IYYv1W,https://i.scdn.co/image/ab67616d00001e02d7812467811a7da6e6a44902
2026-02-13,id,Indonesia,84,20,Soulmate,Kahitna,2WhoMc7XqIzVXWbQqSoqe7,1rwGbGLDE0AkaH1UgUbufL,https://i.scdn.co/image/ab67616d00001e027f1ff8e8be3727f0c362ba06
2026-02-13,id,Indonesia,85,6,Secukupnya,Hindia,51kyrUsAVqUBcoDEMFkX12,5drW6PGRxkE6MxttzVLNk5,https://i.scdn.co/image/ab67616d00001e02d623688488865906052ef96b
2026-02-13,id,Indonesia,86,9,Satu Bulan,Bernadya,47z98pKd71yIbgXwe9LPVC,7zOVh5fGpEwSbZd0g9z80B,https://i.scdn.co/image/ab67616d00001e02cb1e5f7d0942bf9196c1e711
2026-02-13,id,Indonesia,87,11,Aku Yang Jatuh Cinta,Dudy Oris,6YPfs6tdZXvnlzgZNU3SYT,1NFUHFlL8UbyIiwxDfbokL,https://i.scdn.co/image/ab67616d00001e02b37f9f71cadcc9c8aa2af290
2026-02-13,id,Indonesia,88,13,Mencintaimu,Sal Priadi,1NjxFrpEGZTV2Ny0OJxeWu,26aNjbOgTVrFZEx7was69A,https://i.scdn.co/image/ab67616d00001e02489cd3228dbaa5552e5ed8c9
2026-02-13,id,Indonesia,89,3,Untuk Perempuan Yang Sedang Di Pelukan,Payung Teduh,2Ooa3TrmlskyBftzenv6xQ,0urpBLpcm6DOGzs86rcKd8,https://i.scdn.co/image/ab67616d00001e028ee03809d40edb632fadd3c0
2026-02-13,id,Indonesia,90,13,Untuk Mencintaimu,Seventeen,5uUb3J6HqLhBWwzuh84LUZ,04tvOIuyk8y0QVA8Ta0UOd,https://i.scdn.co/image/ab67616d00001e02b9f510504efb5b8109708b71
2026-02-13,id,Indonesia,91,14,Hati-Hati di Jalan,Tulus,2iDVt6mFbtbDEZG5ax0dTi,2hHeGD57S0BcopfVcmehdl,https://i.scdn.co/image/ab67616d00001e02d34a0632f6861e8875d6899b
2026-02-13,id,Indonesia,92,15,Tampar,Juicy Luicy,3tMTXQyRrPmMyHv5SoC0TV,1csKczcJqOSdK8JriLMpDW,https://i.scdn.co/image/ab67616d00001e02fadca79809c06f6afe7de0d9
2026-02-13,id,Indonesia,93,11,Backburner,NIKI,2kxP07DLgs4xlWz8YHlvfh,4x2PkqSLtuwv53hLqq4GiY,https://i.scdn.co/image/ab67616d00001e0289aa3d00d339b8948374782b
2026-02-13,id,Indonesia,94,–,BIRDS OF A FEATHER,Billie Eilish,6qqNVTkY8uBg9cP3Jd7DAH,6dOtVTDdiauQNBQEDOtlAB,https://i.scdn.co/image/ab67616d00001e0271d62ea7ea8a5be92d3c1f62
2026-02-13,id,Indonesia,95,7,You'll Be in My Heart,NIKI,2kxP07DLgs4xlWz8YHlvfh,1UPB5rYJ0bzn6mNSoAHrZC,https://i.scdn.co/image/ab67616d00001e027cd329ea4a204a8a47caf3d5
2026-02-13,id,Indonesia,96,13,It Will Rain,Bruno Mars,0du5cEVh5yTK9QJze8zA0C,4rMNgxEwGWoPHIUcvB5BrB,https://i.scdn.co/image/ab67616d00001e02dec2e6bae5062b94fc4eeb84
2026-02-13,id,Indonesia,97,30,Firasat,Marcell,0JvUFDnuWPbuyRa6ptVkLk,3cHjFfvxo7ZIz9Px32V9aA,https://i.scdn.co/image/ab67616d00001e02df28df674016bb665fec81ef
2026-02-13,id,Indonesia,98,18,Sorai,Nadin Amizah,20zafXaLhm5IcXnSU93rNn,3ymuBMTviroWLuf1jMsMVf,https://i.scdn.co/image/ab67616d00001e027d6b0a5ae92793f5d21be67a
2026-02-13,id,Indonesia,99,11,Penyangkalan,For Revenge,0f6TyESD8E1mD2oLJ4TGv1,5BEaISZ1DicXxN6DJ5kdtg,https://i.scdn.co/image/ab67616d00001e02bf09e5d5661fe469bdf8e622
2026-02-13,id,Indonesia,100,7,Kata Mereka Ini Berlebihan,Bernadya,47z98pKd71yIbgXwe9LPVC,6wj06az0WX7fClA2w319dO,https://i.scdn.co/image/ab67616d00001e0227693aaf059002bba3a7655a
2026-02-13,id,Indonesia,101,4,Resah Jadi Luka,Daun Jatuh,3EaScgA3zh2rORlbrAL8RI,2sULdMKWdBdK2ZtntuFvSb,https://i.scdn.co/image/ab67616d00001e0226458812554408283d9e2bd1
2026-02-13,id,Indonesia,102,10,Semua Aku Dirayakan,Nadin Amizah,20zafXaLhm5IcXnSU93rNn,4rcuS31IcZynp91dqvmhmA,https://i.scdn.co/image/ab67616d00001e0294847679fe7b10e27d9803f5
2026-02-13,id,Indonesia,103,5,Januari,Glenn Fredly,4rUYk0fV0Z4pOtwVbEAyK9,3h3BXv7Iq5CTTiN9CHgkNe,https://i.scdn.co/image/ab67616d00001e02a408bda7831f7e7ec050ba32
2026-02-13,id,Indonesia,104,5,Hujan,Utopia,4oAZA3aniPjL9XINSvj7VP,30nitOpjzC3rV54QbLHTV8,https://i.scdn.co/image/a76ce2e55a7068f16a78cbbbb38b509088f36800
2026-02-13,id,Indonesia,105,15,Cinta Terakhir,Ari Lasso,1sqYIwXAmhrcSTsYmsTFAr,7gB98EWp4p9VKxOToaqrhM,https://i.scdn.co/image/8dfcae75cf6322f4996dafc5a47f51a65238bda3
2026-02-13,id,Indonesia,106,23,Taruh,Nadin Amizah,20zafXaLhm5IcXnSU93rNn,6Dh1zHQjEaOp29VW9pp3xG,https://i.scdn.co/image/ab67616d00001e026d57a5c60decaa8fb39d5afb
2026-02-13,id,Indonesia,107,10,Kasih Tau Mama (Malam Minggu),Rombongan Bodonk Koplo,4lMaxyOo5D7cOWzv2wiRZs,3egqzae8XAs7VXIb1ikB4I,https://i.scdn.co/image/ab67616d00001e02e7b989cb06b6ba8efec00c04
2026-02-13,id,Indonesia,108,2,Who Knows,Daniel Caesar,20wkVLutqVOYrc0kxFs7rA,6DH13QYXK7lKkYHSU88N48,https://i.scdn.co/image/ab67616d00001e022bad6e56e77d5bef0aa3f2dc
2026-02-13,id,Indonesia,109,8,SPONTAN ( tanpa ) UHUY!,DEABDIL,0DdKmEBoSQuTWY9Mo2EQm2,1d5ZCpPVFKWsJOWUzrfiwj,https://i.scdn.co/image/ab67616d00001e02d2085473d8e06579095d2ac5
2026-02-13,id,Indonesia,110,8,Kebutuhan Hati,Kaleb J,3sMsWkApnc6yPyMUsNHQlb,5IpsVW4bsFjOTX1I96KiIJ,https://i.scdn.co/image/ab67616d00001e02a283d3ac66cf68f434ffcaa7
2026-02-13,id,Indonesia,111,5,L,Halstage,5vTG3EyFrsARtIGDWZNRzu,3aClK9EBpl7QeYEuOq1eMI,https://i.scdn.co/image/ab67616d00001e024e540197973e1e46eedc06c7
2026-02-13,id,Indonesia,112,12,Garam & Madu (Sakit Dadaku),Tenxi; Naykilla; Jemsii,6vP4azTCk053nGL0xAYnVH; 79omf4LgzaVAnXIRWPkJUq; 5PTw7KmM8c9QfBjU5caHWs,3jJkB9wdKpwxnkjgUBnE4c,https://i.scdn.co/image/ab67616d00001e02ebdd8446bacd87dc7796cede
2026-02-13,id,Indonesia,113,11,Kau Masih Kekasihku,NaFF,1ryXwlpQNzkSCfU685Ftx5,3rpwAgSsnId9fCoogNeJCt,https://i.scdn.co/image/ab67616d00001e023fdee3a1eae6c6ecffdeadc3
2026-02-13,id,Indonesia,114,11,EEEE A,dia,6WgjNWwGACXaBy7NZripBu,4h07ne6Xf5AaCIGkrgNq1i,https://i.scdn.co/image/ab67616d00001e02bc6ee0a7c05af5d905d9a7ac
2026-02-13,id,Indonesia,115,6,SENCY,dia; Tenxi,6WgjNWwGACXaBy7NZripBu; 6vP4azTCk053nGL0xAYnVH,1vUQYZpgqGrQVEOxk3JuSU,https://i.scdn.co/image/ab67616d00001e02bc6ee0a7c05af5d905d9a7ac
2026-02-13,id,Indonesia,116,4,Kenangan Terindah,SAMSONS,6HHje5tfmzWK8PsSaoJ9Xp,5TtmfZaNSYEcTR49cureT0,https://i.scdn.co/image/ab67616d00001e02607aaef4f806cb926096f1ae
2026-02-13,id,Indonesia,117,3,Terlalu Lama,Vierra,1WX2v0BiEW19Vw7xmznLdZ,64004K6OpNt3gI3LtXYC7n,https://i.scdn.co/image/ab67616d00001e0218c5ae00eb3bee52e169d232
2026-02-13,id,Indonesia,118,10,Membasuh,Hindia; Rara Sekar,51kyrUsAVqUBcoDEMFkX12; 6mJII5SJlWEYnf7DY4Uywl,3CBxVM0zGj41BQtE6m7gwb,https://i.scdn.co/image/ab67616d00001e02d623688488865906052ef96b
2026-02-13,id,Indonesia,119,13,Pura Pura Lupa,Mahen,5Ag6luL11YrL1Znq0xsVuh,48x5fpsRMinILFWmbidU10,https://i.scdn.co/image/ab67616d00001e02a1d20ea063bdfe3f4989bdee
2026-02-13,id,Indonesia,120,2,Payphone,Maroon 5; Wiz Khalifa,04gDigrS5kc9YWfZHwBETP; 137W8MRPWKqSmrBGDBFSop,1XGmzt0PVuFgQYYnV2It7A,https://i.scdn.co/image/ab67616d00001e02fc8633e22a7dba6aab817bff
2026-02-13,id,Indonesia,121,10,Ours To Keep,Kendis; adis,5HLrlI5LdULY9s740CsAFZ; 0VuHd7oPpsTBa4Bd4LYyOs,3Puhw21QI2MKR4rdvyPuIb,https://i.scdn.co/image/ab67616d00001e0255ef6f780167954cf1259c8e
2026-02-13,id,Indonesia,122,6,Kita Usahakan Lagi,Batas Senja,4AhHkaGz7W2bKKJK90IaV2,1wfbqUSPWbnPjkiBA9UmoF,https://i.scdn.co/image/ab67616d00001e02246e30c4bef2c5336465aca7
2026-02-13,id,Indonesia,123,9,Tak Segampang Itu,Anggi Marito,1JvbNeV9zG9Sew1JyaWsyx,0Y0xIGcTjb5EFHHYrJIGIk,https://i.scdn.co/image/ab67616d00001e02a1d74b65a15714b66bcc6cb5
2026-02-13,id,Indonesia,124,2,Sampai Akhir Waktu,Yovie & Nuno,3DHOtJqv0Bw65ENlK4FiSF,6LF44wAs3h0K67RitTAfr5,https://i.scdn.co/image/ab67616d00001e020fe7814ce91a1b4e7b0d5881
2026-02-13,id,Indonesia,125,21,Andai Aku Bisa,Chrisye,2NteKKMj3takKR3ABTd279,6mmVZerWyj5gO83hSpeZJG,https://i.scdn.co/image/ab67616d00001e02604a25ca6825471b4a74b69d
2026-02-13,id,Indonesia,126,3,Sadrah,For Revenge,0f6TyESD8E1mD2oLJ4TGv1,0G274Cn7Z8olJVHBqG4wpL,https://i.scdn.co/image/ab67616d00001e02bf09e5d5661fe469bdf8e622
2026-02-13,id,Indonesia,127,12,Night Changes,One Direction,4AK6F7OLvEQ5QYCBNiQWHq,5O2P9iiztwhomNh8xkR9lJ,https://i.scdn.co/image/ab67616d00001e0234a29f220057810cce98e1b4
2026-02-13,id,Indonesia,128,6,Iris,The Goo Goo Dolls,2sil8z5kiy4r76CRTXxBCA,6Qyc6fS4DsZjB2mRW9DsQs,https://i.scdn.co/image/ab67616d00001e02eda9478c39a21e1cdc6609ca
2026-02-13,id,Indonesia,129,1,Separuh Aku,Noah,31aMmlq8isIAgojvmIwiS4,4sJmv194lQKWjytpaxH1Vj,https://i.scdn.co/image/ab67616d00001e02ef9c61634ef59e7ee439dacc
2026-02-13,id,Indonesia,130,41,Rahasia Hati - Remastered 2023,Element,053tL050frPJyo9lPXTUFb,2ZzsUu74KQFwnkBIOryp0d,https://i.scdn.co/image/ab67616d00001e029fc054f6018d3f633b8ed765
2026-02-13,id,Indonesia,131,–,Sialan,Adrian Khalif; Juicy Luicy,6X28gNASnalAWseUA8uI4X; 3tMTXQyRrPmMyHv5SoC0TV,6cChz3Pak7UtjuVJJRZmCm,https://i.scdn.co/image/ab67616d00001e029670851bed73df294eee9111
2026-02-13,id,Indonesia,132,1,Die With A Smile,Lady Gaga; Bruno Mars,1HY2Jd0NmPuamShAr6KMms; 0du5cEVh5yTK9QJze8zA0C,7so0lgd0zP2Sbgs2d7a1SZ,https://i.scdn.co/image/ab67616d00001e02b0860cf0a98e09663c82290c
2026-02-13,id,Indonesia,133,7,Interaksi,Tulus,2iDVt6mFbtbDEZG5ax0dTi,32Pdf9eyXDEMoClEJW6yYP,https://i.scdn.co/image/ab67616d00001e02d34a0632f6861e8875d6899b
2026-02-13,id,Indonesia,134,15,Gala bunga matahari,Sal Priadi,1NjxFrpEGZTV2Ny0OJxeWu,5eBk8ZXcd0pb0AO4a5PpOg,https://i.scdn.co/image/ab67616d00001e02686acaaa87bfc6ebb42b3bd2
2026-02-13,id,Indonesia,135,22,Abadi - Indo Version,Dendi Nata,509YLwDnYeTaVfX0Kl6Jdn,2d49CYzYWkjPawTzcR7Z5z,https://i.scdn.co/image/ab67616d00001e0254afdd66acda854318e75df2
2026-02-13,id,Indonesia,136,6,"Berdansalah, Karir Ini Tak Ada Artinya",Hindia,51kyrUsAVqUBcoDEMFkX12,2SmKwCCSiUTjtR8I8rv6MS,https://i.scdn.co/image/ab67616d00001e0249bdf0e981cbba25d48b44e0
2026-02-13,id,Indonesia,137,2,Janji Setia,Tiara Andini,0kPb52ySN2k9P6wEZPTUzm,1AoBdDIOp6RFjAbzcPbWi8,https://i.scdn.co/image/ab67616d00001e02937d621f0025409ee44285d1
2026-02-13,id,Indonesia,138,–,Cinnamon Girl,Lana Del Rey,00FQb4jTyendYWaN8pK0wa,2mdEsXPu8ZmkHRRtAdC09e,https://i.scdn.co/image/ab67616d00001e02879e9318cb9f4e05ee552ac9
2026-02-13,id,Indonesia,139,2,Jiwa Yang Bersedih,Ghea Indrawari,3qL7BzwJOXq3EzAio36aLX,0sV01d2keik5bwCuW9EQpk,https://i.scdn.co/image/ab67616d00001e029798fbe1bd1cdf2915bd0394
2026-02-13,id,Indonesia,140,1,Calon Mantu Idaman (feat. Ncum),Rombongan Bodonk Koplo; Ncum,4lMaxyOo5D7cOWzv2wiRZs; 7J6fZ8wiC84JWju54ZmD65,5EWyweCJ5igLl6bjbGRmGm,https://i.scdn.co/image/ab67616d00001e02f1c5d43869a5d3699f7a9b4b
2026-02-13,id,Indonesia,141,6,Hingga Tua Bersama,Rizky Febian,28DdkLhrzQNizZ0ExQpyku,5b0NpyYAwW2dUGL08ir7Bg,https://i.scdn.co/image/ab67616d00001e02f509f90237f643397e920dc3
2026-02-13,id,Indonesia,142,2,semua lagu cinta terdengar sama,Hindia,51kyrUsAVqUBcoDEMFkX12,63VnhcHMnTPCcd24oVajL6,https://i.scdn.co/image/ab67616d00001e0205898628baab6ef07a0a4d03
2026-02-13,id,Indonesia,143,5,bittersweet,Madison Beer,2kRfqPViCqYdSGhYSM9R0Q,6vDVu9IM9s8L8XMQ1c1Yti,https://i.scdn.co/image/ab67616d00001e02391ad22354ea2e90c54f6b14
2026-02-13,id,Indonesia,144,29,Ini Abadi,Perunggu,0NbKRRBuiIUwS9irPvi7wD,6cgBRhTzwk0OBhRX2E5F3V,https://i.scdn.co/image/ab67616d00001e022f6309d853e9a87b7ccb08a1
2026-02-13,id,Indonesia,145,18,Ruang Baru,Barsena Bestandhi,5vZpfzIdyiutGngkSKEb8i,3XHiujhh7sB8tTCwtI6YEI,https://i.scdn.co/image/ab67616d00001e021492171cba5bd7087eb9fa94
2026-02-13,id,Indonesia,146,16,"Dia Masa Lalumu, Aku Masa Depanmu",Vionita,2dyCbip3jAVmQNAs7Sg8Y9,2sD709AK9zRN6SKUmDhGEa,https://i.scdn.co/image/ab67616d00001e0274384f1bbafdb90349d13f76
2026-02-13,id,Indonesia,147,11,"Berakhir di Aku - Original Soundtrack From ""Home Sweet Loan""",Idgitaf,7pFWMC2E7h8eL3SZyHRsRq,3KcfLN50nMGR4uH1T0QVxL,https://i.scdn.co/image/ab67616d00001e024ae1c2813cfa6d10c73f4661
2026-02-13,id,Indonesia,148,2,Takkan Terganti,Marcell,0JvUFDnuWPbuyRa6ptVkLk,0T4t1PywlNmJGcveGH5spB,https://i.scdn.co/image/ab67616d00001e025f95864c2e8b42d4253b90db
2026-02-13,id,Indonesia,149,2,Bunga Abadi,Rio Clappy,16B3ICSQCPu4C6L5TEHXQe,4HtnRLeRu7N7sTGtwOvdjY,https://i.scdn.co/image/ab67616d00001e0276d805fb6b4fdb20b348b0e1
2026-02-13,id,Indonesia,150,16,That Somebody,Rafi Sudirman,0IJToD6h0XzZMzlgJ5kdhk,0rmhhawrhWNqqZprQTGWWz,https://i.scdn.co/image/ab67616d00001e02b57e93955c7aa445e3630674
2026-02-13,id,Indonesia,151,30,Amin Paling Serius,Sal Priadi; Nadin Amizah,1NjxFrpEGZTV2Ny0OJxeWu; 20zafXaLhm5IcXnSU93rNn,1q1dsfckKMgjfr8DfdeKfs,https://i.scdn.co/image/ab67616d00001e0283b0105f3ea493fcf0da7443
2026-02-13,id,Indonesia,152,13,Tak Ingin Usai,Keisya Levronka,4EiSzlOeMnJcp2U8ayCQ3a,0OHr74BS1CEwyZsyY9kml2,https://i.scdn.co/image/ab67616d00001e02d640e180e7cb9909fc3d4092
2026-02-13,id,Indonesia,153,2,Let Down,Radiohead,4Z8W4fKeB5YxbusRsdQVPb,2fuYa3Lx06QQJAm0MjztKr,https://i.scdn.co/image/ab67616d00001e02c8b444df094279e70d0ed856
2026-02-13,id,Indonesia,154,42,Bukti,Virgoun,4bAgr9zaF0bpzVGHdHuf0f,0O2GtSCle8Eujbc1Voh2VY,https://i.scdn.co/image/ab67616d00001e021239be804a41731425165122
2026-02-13,id,Indonesia,155,31,Kisah Tanpa Dirimu,Anggis Devaki,7lXTU6VtJQWfiN2vuZyzqf,6RAxgUG90f39dVSGUr4qOd,https://i.scdn.co/image/ab67616d00001e02d7105ffabf2ff9ddd265eab1
2026-02-13,id,Indonesia,156,4,Mesra-mesraannya kecil-kecilan dulu,Sal Priadi,1NjxFrpEGZTV2Ny0OJxeWu,1NzyVlr2fOWOfigbwDabme,https://i.scdn.co/image/ab67616d00001e02686acaaa87bfc6ebb42b3bd2
2026-02-13,id,Indonesia,157,3,I Wanna Be Yours,Arctic Monkeys,7Ln80lUS6He07XvHI8qqHH,5XeFesFbtLpXzIVDNQP22n,https://i.scdn.co/image/ab67616d00001e024ae1c4c5c45aabe565499163
2026-02-13,id,Indonesia,158,6,So Easy (To Fall In Love),Olivia Dean,00x1fYSGhdqScXBRpSj3DW,6sGIMrtIzQjdzNndVxe397,https://i.scdn.co/image/ab67616d00001e029a336bfb6d40bbd90a507417
2026-02-13,id,Indonesia,159,16,When I Was Your Man,Bruno Mars,0du5cEVh5yTK9QJze8zA0C,0B7wvvmu9EISAwZnOpjhNI,https://i.scdn.co/image/ab67616d00001e02926f43e7cce571e62720fd46
2026-02-13,id,Indonesia,160,11,Rasa ini,Vierra,1WX2v0BiEW19Vw7xmznLdZ,5NVPptNO7R25ERR1pM7GOz,https://i.scdn.co/image/ab67616d00001e02bdc17798be456d9e4ad28dc0
2026-02-13,id,Indonesia,161,4,Photograph,Ed Sheeran,6eUKZXaKkcviH0Ku9w2n3V,6fxVffaTuwjgEk5h9QyRjy,https://i.scdn.co/image/ab67616d00001e0213b3e37318a0c247b550bccd
2026-02-13,id,Indonesia,162,1,we can't be friends (wait for your love),Ariana Grande,66CXWjxzNUsdJxJ2JdwvnR,51ZQ1vr10ffzbwIjDCwqm4,https://i.scdn.co/image/ab67616d00001e028b58d20f1b77295730db15b4
2026-02-13,id,Indonesia,163,7,Talking to the Moon,Bruno Mars,0du5cEVh5yTK9QJze8zA0C,161DnLWsx1i3u1JT05lzqU,https://i.scdn.co/image/ab67616d00001e027039c1c841fc3dfa2ad8a0d8
2026-02-13,id,Indonesia,164,Re-Entry,Cinta Sejati - Remastered 2024,Bunga Citra Lestari,30qVSJGhPhrZLKG0H9DMA9,6rFCBIXeCU0xyhMsw8NsF0,https://i.scdn.co/image/ab67616d00001e0270e16648de8862370538b704
2026-02-13,id,Indonesia,165,28,Langit Abu-Abu,Tulus,2iDVt6mFbtbDEZG5ax0dTi,2FaquTc3FYvNm7RuO1gD6O,https://i.scdn.co/image/ab67616d00001e0271c65edbeed32af70b900637
2026-02-13,id,Indonesia,166,14,123456,Budi Doremi,6Ifk2cbxyVzT41jLexYCas,2CFpkbOfYe23ZoMfufNKVB,https://i.scdn.co/image/ab67616d00001e02db80402ee1d664e9c4670d50
2026-02-13,id,Indonesia,167,21,Menjaga Hati,Yovie & Nuno,3DHOtJqv0Bw65ENlK4FiSF,7er7WofjVw4QwPAyxH39jH,https://i.scdn.co/image/ab67616d00001e026a37fc6f96faf4206f4845e7
2026-02-13,id,Indonesia,168,17,Raindance (feat. Tems),Dave; Tems,6Ip8FS7vWT1uKkJSweANQK; 687cZJR45JO7jhk1LHIbgq,3oTuTpF1F3A7rEC6RKsMRz,https://i.scdn.co/image/ab67616d00001e02fecaa7826bb0cbe139a8cb83
2026-02-13,id,Indonesia,169,28,"One Of The Girls (with JENNIE, Lily Rose Depp)",The Weeknd; JENNIE; Lily-Rose Depp,1Xyo4u8uXC1ZmMpatF05PJ; 250b0Wlc5Vk0CoUsaCY84M; 1pBLC0qVRTB5zVMuteQ9jJ,7CyPwkp0oE8Ro9Dd5CUDjW,https://i.scdn.co/image/ab67616d00001e02b0dd6a5cd1dec96c4119c262
2026-02-13,id,Indonesia,170,4,The Night We Met,Lord Huron,6ltzsmQQbmdoHHbLZ4ZN25,5yJaXWIErrrsjQ3J0eR5aK,https://i.scdn.co/image/ab67616d00001e02b4916183f769aca218acb85f
2026-02-13,id,Indonesia,171,5,Rayuan Perempuan Gila,Nadin Amizah,20zafXaLhm5IcXnSU93rNn,0zAtj0BEvpulETGrk95NPQ,https://i.scdn.co/image/ab67616d00001e0294847679fe7b10e27d9803f5
2026-02-13,id,Indonesia,172,7,Car's Outside,James Arthur,4IWBUUAFIplrNtaOHcJPRM,0otRX6Z89qKkHkQ9OqJpKt,https://i.scdn.co/image/ab67616d00001e02f740f5f279648d0a1147e6a6
2026-02-13,id,Indonesia,173,18,Jodoh Pasti Bertemu,Afgan,4cgBCGxtlfap2g6jveB7du,4csPgl0UlCya7pFqxEwoes,https://i.scdn.co/image/ab67616d00001e02e76536050b663d9d735aba7b
2026-02-13,id,Indonesia,174,16,Kelingan Mantan,NDX A.K.A.,1IDBhlpDyKr53UKKxXRHXD,3w09eeWmgkLz5BISaqcpgm,https://i.scdn.co/image/ab67616d00001e02d5d3451105870cb1e065160f
2026-02-13,id,Indonesia,175,12,Akhir Tak Bahagia,Misellia,5IjwAAk3njAeiFY1InInsn,304FEq5eVvrxur9KdHhC5I,https://i.scdn.co/image/ab67616d00001e02fa7b32cf632244ae003d6330
2026-02-13,id,Indonesia,176,6,Just the Way You Are,Bruno Mars,0du5cEVh5yTK9QJze8zA0C,7BqBn9nzAq8spo5e7cZ0dJ,https://i.scdn.co/image/ab67616d00001e027039c1c841fc3dfa2ad8a0d8
2026-02-13,id,Indonesia,177,9,Apa Mungkin,Bernadya,47z98pKd71yIbgXwe9LPVC,5KYUrBgdbIcqwaGSIgfXPl,https://i.scdn.co/image/ab67616d00001e028869d13091935994879f2a47
2026-02-13,id,Indonesia,178,33,Don’t Say You Love Me,Jin,5vV3bFXnN6D6N3Nj4xRvaV,27xkOIER6uDLKALIelHylZ,https://i.scdn.co/image/ab67616d00001e0289228504f700641956e29f5d
2026-02-13,id,Indonesia,179,11,Ku Dengannya Kau Dengan Dia,Afgan,4cgBCGxtlfap2g6jveB7du,0VIXM6mZk93jCKa3Exud4m,https://i.scdn.co/image/ab67616d00001e02580cb6990095fd6fe5976fec
2026-02-13,id,Indonesia,180,9,8 Letters,Why Don't We,2jnIB6XdLvnJUeNTy5A0J2,4zRZAmBQP8vhNPf9i9opXt,https://i.scdn.co/image/ab67616d00001e02b503cdb444b28826c4ca9217
2026-02-13,id,Indonesia,181,Re-Entry,Love Me Not,Ravyn Lenae,5RTLRtXjbXI2lSXc6jxlAz,4WFgvKVfEhb3IUAFGrutTR,https://i.scdn.co/image/ab67616d00001e020e62daaea2c7b94053e1c142
2026-02-13,id,Indonesia,182,23,Tak Dianggap,Lyodra,6Sv2jkzH9sWQjwghW5ArMG,66L6oBm77vpXuLCRX31iNX,https://i.scdn.co/image/ab67616d00001e028d4a3bdf4236f3e5d4d28dd2
2026-02-13,id,Indonesia,183,16,Hilang Tanpa Bilang,Meiska,1ZT1OfVAO3kpOEHVejBxV8,5xcUxHQGis0gDWfofhXHwe,https://i.scdn.co/image/ab67616d00001e023e33cf63aed3afa0b8c1074c
2026-02-13,id,Indonesia,184,15,Take A Chance With Me,NIKI,2kxP07DLgs4xlWz8YHlvfh,21acb66djKRlDPJOXRBCkc,https://i.scdn.co/image/ab67616d00001e02d3997a4c208ac08dafff374f
2026-02-13,id,Indonesia,185,Re-Entry,Sisa Rasa,Mahalini,3wOsYKZM0zcKNasi3I7fP4,0R6KCq5TLJB3gi2ragMrXZ,https://i.scdn.co/image/ab67616d00001e026f713eb92ebf7ca05a562542
2026-02-13,id,Indonesia,186,8,18,One Direction,4AK6F7OLvEQ5QYCBNiQWHq,3JjnGLK8IxkNLvo8Lb3KOM,https://i.scdn.co/image/ab67616d00001e0234a29f220057810cce98e1b4
2026-02-13,id,Indonesia,187,10,Kita,Sheila On 7,6q87vizIEdEN4NvlR6mjfT,0HiNUFD2ovdPC2p5tbnzCG,https://i.scdn.co/image/ab67616d00001e0254270208627aa8061a8abe21
2026-02-13,id,Indonesia,188,Re-Entry,Tetap Bukan Kamu (feat. Rony Parulian),Raisa; Rony Parulian,5OZXWMwDhlYBRvoOfcX0sk; 13y29W8mEcA2gKqUr1SPLJ,0taGkMseEIkIZ3noyFFfZA,https://i.scdn.co/image/ab67616d00001e02390b568b7e725b7039585800
2026-02-13,id,Indonesia,189,36,Hatimu Milik Dia,Arvian Dwi,0tB33cNAVw1H2enMHpgFiP,3Z9MsWP98Y0FyOPUoYQjnK,https://i.scdn.co/image/ab67616d00001e02d831673503262b780000f98e
2026-02-13,id,Indonesia,190,7,Fix You,Coldplay,4gzpq5DPGxSnKTe4SA8HAU,7LVHVU3tWfcxj5aiPFEW4Q,https://i.scdn.co/image/ab67616d00001e024e0362c225863f6ae2432651
2026-02-13,id,Indonesia,191,Re-Entry,Kau Rumahku,raissa anggiani,11k3Y6uyixbyGfgPl8qZTZ,7nQoDLkzCcoIpKPQt3eCdN,https://i.scdn.co/image/ab67616d00001e0232fa5c23a5c1cf200134e540
2026-02-13,id,Indonesia,192,Re-Entry,Hari Bersamanya,Sheila On 7,6q87vizIEdEN4NvlR6mjfT,1nfOP7xNHeFSPOlziXswJc,https://i.scdn.co/image/ab67616d00001e02505fb06705d4823830ce5055
2026-02-13,id,Indonesia,193,Re-Entry,Berubah,Tenxi; Jemsii,6vP4azTCk053nGL0xAYnVH; 5PTw7KmM8c9QfBjU5caHWs,4qRYdvt8ldAQAPUJwkt7La,https://i.scdn.co/image/ab67616d00001e02ebdd8446bacd87dc7796cede
2026-02-13,id,Indonesia,194,Re-Entry,Tapi Tahukah Kamu?,Dygta; Kamasean,0LivMD6P6pi2yfZf1rIAat; 2CnDUzCYPBjERuVMFQm8zX,4ePs7pCU6Jc82Vp8xwVo6g,https://i.scdn.co/image/ab67616d00001e025ef08777bbb239a1ceefeba4
2026-02-13,id,Indonesia,195,11,happier,Olivia Rodrigo,1McMsnEElThX1knmY4oliG,2tGvwE8GcFKwNdAXMnlbfl,https://i.scdn.co/image/ab67616d00001e02a91c10fe9472d9bd89802e5a
2026-02-13,id,Indonesia,196,16,Mesin Waktu,Budi Doremi,6Ifk2cbxyVzT41jLexYCas,1MgEuKnMKzbODJ5Ez94I64,https://i.scdn.co/image/ab67616d00001e02894bd06bf161cefdbbb2c6c8
2026-02-13,id,Indonesia,197,19,Best Part (feat. H.E.R.),Daniel Caesar; H.E.R.,20wkVLutqVOYrc0kxFs7rA; 3Y7RZ31TRPVadSFVy1o8os,1Q7EgiMOuwDcB0PJC6AzON,https://i.scdn.co/image/ab67616d00001e027aa8783ad8def37cc548a9cf
2026-02-13,id,Indonesia,198,Re-Entry,Cukup,Ziva Magnolya,2wZWkw5jo8P4NVonVanxYd,5cWdD8mTwa7k3ZV6nV3DDM,https://i.scdn.co/image/ab67616d00001e028e16e6ddf2cc9953f90c1c61
2026-02-13,id,Indonesia,199,Re-Entry,Sekuat Hatimu,Last Child,1v1khTmozNfxB2ET1Ep288,0fiKmieZ6xzoolzNOC3Fxi,https://i.scdn.co/image/ab67616d00001e029e065bf4ef264eb09a12fa58
2026-02-13,id,Indonesia,200,39,Rewrite The Stars (with James Arthur & Anne-Marie),James Arthur; Anne-Marie,4IWBUUAFIplrNtaOHcJPRM; 1zNqDE7qDGCsyzJwohVaoX,6mQLN3zRtAp6ovjusyYKrV,https://i.scdn.co/image/ab67616d00001e02fdcd66dc526a25e1555ae81d
2026-02-13,kr,South Korea,1,–,404 (New Era),KiiiKiii,63sat2XSMKdwKfqspmYQKP,7Dgh6z47wLzI5wikmGsYC3,https://i.scdn.co/image/ab67616d00001e020cc65398388cbc486fa4fff7
2026-02-13,kr,South Korea,2,–,Who,Jimin,1oSPZhvZMIrWW5I41kPkkY,7tI8dRuH2Yc6RuoTjxo4dU,https://i.scdn.co/image/ab67616d00001e02f02c451189a709b9a952aaec
2026-02-13,kr,South Korea,3,1,BANG BANG,IVE,6RHTUrRF63xao58xh9FXYJ,4HEBNeUYxEpjDglZbjYz7o,https://i.scdn.co/image/ab67616d00001e02ad80a9aabc17535c5eeb5317
2026-02-13,kr,South Korea,4,1,Landing in Love,HANRORO,5wVJpXzuKV6Xj7Yhsf2uYx,3WvM2dIR9iIxMGNMP7WsNw,https://i.scdn.co/image/ab67616d00001e02041c2df6c6417db26f4133d4
2026-02-13,kr,South Korea,5,–,0+0,HANRORO,5wVJpXzuKV6Xj7Yhsf2uYx,3sOAwRg5esaxDcWnUigWPv,https://i.scdn.co/image/ab67616d00001e02afda752d5db59e06d3f86e3b
2026-02-13,kr,South Korea,6,1,Love Love Love,Epik High,5snNHNlYT2UrtZo5HCJkiw,7hlEhmg5h9XuFtaGfgvqjF,https://i.scdn.co/image/ab67616d00001e024c71e80a8f580184ba910222
2026-02-13,kr,South Korea,7,1,My whole world,"Car, the garden",7c1HgFDe8ogy5NOZ1ANCJQ,55pCe0UgAeaeWKKSQqdiWh,https://i.scdn.co/image/ab67616d00001e02572c3481841c6f020cfa80cc
2026-02-13,kr,South Korea,8,–,Don’t Say You Love Me,Jin,5vV3bFXnN6D6N3Nj4xRvaV,27xkOIER6uDLKALIelHylZ,https://i.scdn.co/image/ab67616d00001e0289228504f700641956e29f5d
2026-02-13,kr,South Korea,9,–,FOCUS,Hearts2Hearts,1ZLU77nRzQIaP23mVSYpCQ,6jYiHr12NVKLzn0X7K8aSK,https://i.scdn.co/image/ab67616d00001e027c887828b1a67202f0219857
2026-02-13,kr,South Korea,10,–,IRIS OUT,Kenshi Yonezu,1snhtMLeb2DYoMOcVbb8iB,59hVbgr8rfYkDbHfr8RcGI,https://i.scdn.co/image/ab67616d00001e026d1d4e875e2424cdd07f3232
2026-02-13,kr,South Korea,11,–,Let Me Love My Youth,HANRORO,5wVJpXzuKV6Xj7Yhsf2uYx,4qdBPJta3BVPXCS0wJZ6yO,https://i.scdn.co/image/ab67616d00001e0226a40856fec5db78306ba3c0
2026-02-13,kr,South Korea,12,1,NOT CUTE ANYMORE,ILLIT,36cgvBn0aadzOijnjjwqMN,1k0JAiH11gHL9dc5dfQjQr,https://i.scdn.co/image/ab67616d00001e023d09075f6c7fabe9a7234cb3
2026-02-13,kr,South Korea,13,1,Seven (feat. Latto) (Explicit Ver.),Jung Kook; Latto,6HaGTQPmzraVmaVxvz6EUc; 3MdXrJWsbVzdn6fe5JYkSQ,2HRgqmZQC0MC7GeNuDIXHN,https://i.scdn.co/image/ab67616d00001e02741fd4807f442af3f7359316
2026-02-13,kr,South Korea,14,1,Blue Valentine,NMIXX,28ot3wh4oNmoFOdVajibBl,4i0HNuFEH6P6K4UnsY5uUh,https://i.scdn.co/image/ab67616d00001e02ee26bd5ae483fc54e6ef9e74
2026-02-13,kr,South Korea,15,1,yours,데이먼스 이어 Damons year,2T5KKZuEEudb7alCJ1pCus,7JQH2lBMZ10ztDnpoeq6Ki,https://i.scdn.co/image/ab67616d00001e02cccd0bf2843a65a3d45ea190
2026-02-13,kr,South Korea,16,2,STYLE,Hearts2Hearts,1ZLU77nRzQIaP23mVSYpCQ,5EoV2HmAlkqN1XvsIjOBZZ,https://i.scdn.co/image/ab67616d00001e02610f16f9c84e85158baa0384
2026-02-13,kr,South Korea,17,1,Forever Has Always Been,Redoor,5xhi1KB7WkPiTYb5Fm3YvS,3tbHqU6PKS2bIGWx9cn082,https://i.scdn.co/image/ab67616d00001e02149023dcdf178cffc8b994c3
2026-02-13,kr,South Korea,18,3,Winter Ahead (with PARK HYO SHIN),V; Park Hyo Shin,3JsHnjpbhX4SnySpvpa9DK; 57htMBtzpppc1yoXgjbslj,7G7mSV4BebkoHWwKTDvXu9,https://i.scdn.co/image/ab67616d00001e0216ba2a3622bd0d0d985e3234
2026-02-13,kr,South Korea,19,2,Endangered Love,LEE CHANHYUK,4RkTSLr5Qf79FfUkeaDKbl,06o2o3TpyR8eGU2ANK21Lp,https://i.scdn.co/image/ab67616d00001e02c675edee6479e3f798d90716
2026-02-13,kr,South Korea,20,1,Whiplash,aespa,6YVMFz59CuY7ngCxTxjpxE,7Cnpb1vBbC46RgVyyKLH7p,https://i.scdn.co/image/ab67616d00001e02e467a8e8d7b0aa92d354aa75
2026-02-13,kr,South Korea,21,2,Closely Far Away,"Car, the garden",7c1HgFDe8ogy5NOZ1ANCJQ,7wLJ4xzxNss5abZ1kXs242,https://i.scdn.co/image/ab67616d00001e025715142fe7cecb7729304426
2026-02-13,kr,South Korea,22,11,JUMP,BLACKPINK,41MozSoPIsD1dJM0CLPjZF,5H1sKFMzDeMtXwND3V6hRY,https://i.scdn.co/image/ab67616d00001e026224d1236b0e0a0e1586efbb
2026-02-13,kr,South Korea,23,1,Drowning,WOODZ,6y9nlaoynxSvoTGY09Vdcy,4xeugB5MqWh0jwvXZPxahq,https://i.scdn.co/image/ab67616d00001e02e87a41550ee1b24be3e6e1fb
2026-02-13,kr,South Korea,24,3,Pretender,OFFICIAL HIGE DANDISM,5Vo1hnCRmCM6M4thZCInCj,15HNdxGKNCIO9pgaY4n7FU,https://i.scdn.co/image/ab67616d00001e02fc273337d7aafc7e907c383d
2026-02-13,kr,South Korea,25,4,사랑은 봄비처럼...이별은 겨울비처럼,Lim Hyun Jung,7qUALZhWSQIwqTw1auwwCc,2cCC4S226r1tws0d2vDDdO,https://i.scdn.co/image/ab67616d00001e022c8ba0a91829187cd7f27870
2026-02-13,kr,South Korea,26,4,Really Like You,BABYMONSTER,1SIocsqdEefUTE6XKGUiVS,5xqM1HOndjxfH7NmyD8SVS,https://i.scdn.co/image/ab67616d00001e02119800c5fc88785ee3ed1524
2026-02-13,kr,South Korea,27,7,Billyeoon Goyangi (Do the Dance),ILLIT,36cgvBn0aadzOijnjjwqMN,4p0uVFAXKUISu8yp9gNtWE,https://i.scdn.co/image/ab67616d00001e02f24755716ee6789fa094112c
2026-02-13,kr,South Korea,28,2,JANE DOE,Kenshi Yonezu; Hikaru Utada,1snhtMLeb2DYoMOcVbb8iB; 7lbSsjYACZHn1MSDXPxNF2,4oE7MyJhqSD3BaHRpNs8Nl,https://i.scdn.co/image/ab67616d00001e028131aa99fb87ff0e9c511851
2026-02-13,kr,South Korea,29,3,Golden,HUNTR/X; EJAE; AUDREY NUNA; REI AMI; KPop Demon Hunters Cast,2yNNYQBChuox9A5Ka93BIn; 0RMJOzHDhAKY1o2j0W0vxY; 0Wwji82sLA0Hcvtuak3omb; 6U1dV7aL68N7Gb0Naq34V5; 7mW7Tv7NvywKKXqafZo0Lc,1CPZ5BxNNd0n0nF4Orb9JS,https://i.scdn.co/image/ab67616d00001e024dcb6c5df15cf74596ab25a4
2026-02-13,kr,South Korea,30,–,너,SYSTEM SEOUL; ycs,1YBOO3E40cq9VVNUHeQGDm; 15Wmgj7GkO1EPXq9hZPnh6,3b4YlIUpzYs3CZ6s9GVmzT,https://i.scdn.co/image/ab67616d00001e020fae4a40833162d85b5b6acb
2026-02-13,kr,South Korea,31,3,Magnetic,ILLIT,36cgvBn0aadzOijnjjwqMN,1aKvZDoLGkNMxoRYgkckZG,https://i.scdn.co/image/ab67616d00001e02f037c5fb9de6c78726cb8e2c
2026-02-13,kr,South Korea,32,7,toxic till the end,ROSÉ,3eVa5w3URK5duf6eyVDbu9,1z5ebC9238uGoBgzYyvGpQ,https://i.scdn.co/image/ab67616d00001e027be65ce6672ed7e5aac6e966
2026-02-13,kr,South Korea,33,2,Eternal Moment,Lim Young Woong,75MOYjGEyyH5U4ZFHOPvxR,2aSfmbpproCPOe2j01WT2a,https://i.scdn.co/image/ab67616d00001e02f207933160e8018901f665b2
2026-02-13,kr,South Korea,34,–,Mono (feat. skaiwater),i-dle; skaiwater,2AfmfGFbe0A0WsTYm0SDTx; 1URVdcNYXigvk6Dj0fHYOM,3VxmXJ4FdtbWI27p3Gx4Wh,https://i.scdn.co/image/ab67616d00001e025dc3f311b1f454442d77bc64
2026-02-13,kr,South Korea,35,–,ONE MORE TIME,ALLDAY PROJECT,4gEMn0YPOdotLOygnk0Ng2,7FyKqLLICVzwBiAUtbVYUW,https://i.scdn.co/image/ab67616d00001e02d5261d9fdc59e65f33a8b196
2026-02-13,kr,South Korea,36,4,KOLOK COLOK,KC; NOWIMYOUNG,0hQTMC0zU4pFW0Lc7ExB6f; 66LxteaHD7NvxCnkQoyw2G,0z2KNZtMFEe1BvON8pT1Ay,https://i.scdn.co/image/ab67616d00001e0222c5000f82eec6ba6e2aefb0
2026-02-13,kr,South Korea,37,–,Good Goodbye,HWASA,7bmYpVgQub656uNTu6qGNQ,3cLXrotzCjYCkN73PewALM,https://i.scdn.co/image/ab67616d00001e02f7ec5c454a78dfb0086c0c97
2026-02-13,kr,South Korea,38,4,SPAGHETTI,LE SSERAFIM; j-hope,4SpbR6yFEvexJuaBpgAU5p; 0b1sIQumIAsNbqAoIClSpy,2N9miXnewVmUrgl6JSK1FI,https://i.scdn.co/image/ab67616d00001e026c4a726c271daf4a4b97e35b
2026-02-13,kr,South Korea,39,–,Heavenly Ever After,Lim Young Woong,75MOYjGEyyH5U4ZFHOPvxR,7kjVCymE7vn0HizmGCGFWQ,https://i.scdn.co/image/ab67616d00001e028959826653e37902d6413ab9
2026-02-13,kr,South Korea,40,2,FAMOUS,ALLDAY PROJECT,4gEMn0YPOdotLOygnk0Ng2,40UVUuyy5RfpO0awclCttA,https://i.scdn.co/image/ab67616d00001e02a4856db749b2c84758a7680e
2026-02-13,kr,South Korea,41,5,The Snowman,Jung Seung Hwan,7l8rOFwZFQ3G0sgZ7gjGng,6HgeeiHqVpxxFCB0bjBRT6,https://i.scdn.co/image/ab67616d00001e02dec4d6dd3add76484226a051
2026-02-13,kr,South Korea,42,2,ULSSIGU,Lim Young Woong,75MOYjGEyyH5U4ZFHOPvxR,651GMkAaR0JbpzZXRvdQ3D,https://i.scdn.co/image/ab67616d00001e02f207933160e8018901f665b2
2026-02-13,kr,South Korea,43,7,벌써 일년,Brown Eyes,6O7LgtO6NKOOOudzRayUfJ,373fb3tsAbcShtD2RZ8edv,https://i.scdn.co/image/ab67616d00001e02d04eaf92f704aaf61c686b48
2026-02-13,kr,South Korea,44,1,Ditto,NewJeans,6HvZYsbFfjnjFrWF950C9d,3r8RuvgbX9s7ammBn07D3W,https://i.scdn.co/image/ab67616d00001e02edf5b257be1d6593e81bb45f
2026-02-13,kr,South Korea,45,–,ヒロイン,back number,6rs1KAoQnFalSqSU4LTh8g,3hBAYbAECEix9raaTq8S3H,https://i.scdn.co/image/ab67616d00001e0259a14a1d53eb5610f84c8382
2026-02-13,kr,South Korea,46,8,A Letter,BUMJIN,3vljSA6N2aSE8U3OhNFkPy,0VdwOoAKPe9aGahkpllfkH,https://i.scdn.co/image/ab67616d00001e02392694f88c4df7367d0641f0
2026-02-13,kr,South Korea,47,6,OVERDRIVE,TWS,4GgBKgxhc649frZDHcXIEz,5qAfVxNUxjrELshgTpWxLf,https://i.scdn.co/image/ab67616d00001e0240d19cd64593d7d7d2ff13eb
2026-02-13,kr,South Korea,48,7,DtMF,Bad Bunny,4q3ewBCX7sLwd24euuV69X,3sK8wGT43QFpWrvNQsrQya,https://i.scdn.co/image/ab67616d00001e02bbd45c8d36e0e045ef640411
2026-02-13,kr,South Korea,49,3,MONTAGEM HIKARI,BellyJay,1AldIZRmNccuXCk2uoYcpv,0XqgE9UN4MCo5ooIwUYm7l,https://i.scdn.co/image/ab67616d00001e02ed082bc5a51c0eafd7ff1ea0
2026-02-13,kr,South Korea,50,–,Unread Message,Lim Young Woong,75MOYjGEyyH5U4ZFHOPvxR,4CRhJHHbH9Awx7z7xRAdPP,https://i.scdn.co/image/ab67616d00001e02f207933160e8018901f665b2
2026-02-13,kr,South Korea,51,6,HYPNOTIZE,XG,0LOK81e9H5lr61HlGGHqwA,3fEX9NgOeklq816Fw00uoo,https://i.scdn.co/image/ab67616d00001e0224272a7f97cf5b5f8fcb60e0
2026-02-13,kr,South Korea,52,9,The Chase,Hearts2Hearts,1ZLU77nRzQIaP23mVSYpCQ,68UrZQUuO3O6eUiD226xHg,https://i.scdn.co/image/ab67616d00001e02d346fc1102eb417305b5358b
2026-02-13,kr,South Korea,53,6,Standing Next to You,Jung Kook,6HaGTQPmzraVmaVxvz6EUc,2KslE17cAJNHTsI2MI0jb2,https://i.scdn.co/image/ab67616d00001e02741fd4807f442af3f7359316
2026-02-13,kr,South Korea,54,5,If I have you only (My love X Nerd Connection),Nerd Connection,5WKUZJPvN1SScyggtPFShK,3TQHPUEVdvdq8ejwEcHUlL,https://i.scdn.co/image/ab67616d00001e0220daf4f9c25cbe0bc384e606
2026-02-13,kr,South Korea,55,4,Wild flower,Lim Young Woong,75MOYjGEyyH5U4ZFHOPvxR,0CWk3LG8MXMA3TE61y5zPB,https://i.scdn.co/image/ab67616d00001e02f207933160e8018901f665b2
2026-02-13,kr,South Korea,56,–,Left in the Rain,Lim Young Woong,75MOYjGEyyH5U4ZFHOPvxR,1TPHGTbSlEiZh9MvQDpMcY,https://i.scdn.co/image/ab67616d00001e02f207933160e8018901f665b2
2026-02-13,kr,South Korea,57,6,"LOV3 (Feat. Bryan Chase, Okasian)",Sik-K; Lil Moshpit; Bryan Chase; Okasian,5DIi2JWfQPTKffaVBlIYRn; 0tVSrjQ0NpDlecsJwGmrMy; 0qOcjTObT75YJLbDBfSgXw; 5XdnR0kqQUWzeTDdsJNulO,1QC4Ztt2GlFWpdSMLwt5ol,https://i.scdn.co/image/ab67616d00001e0273353f72d6760d107a955847
2026-02-13,kr,South Korea,58,–,Die With A Smile,Lady Gaga; Bruno Mars,1HY2Jd0NmPuamShAr6KMms; 0du5cEVh5yTK9QJze8zA0C,7so0lgd0zP2Sbgs2d7a1SZ,https://i.scdn.co/image/ab67616d00001e02b0860cf0a98e09663c82290c
2026-02-13,kr,South Korea,59,1,Lemon,Kenshi Yonezu,1snhtMLeb2DYoMOcVbb8iB,04TshWXkhV1qkqHzf31Hn6,https://i.scdn.co/image/ab67616d00001e02775e8184725e0fb89337dd9a
2026-02-13,kr,South Korea,60,5,AH AH (feat. Sik-K),NOWIMYOUNG; Sik-K,66LxteaHD7NvxCnkQoyw2G; 5DIi2JWfQPTKffaVBlIYRn,12A7D36p9PqK66yVlfpYa4,https://i.scdn.co/image/ab67616d00001e029f779292c1a396e8a9d9e196
2026-02-13,kr,South Korea,61,14,Rich Man,aespa,6YVMFz59CuY7ngCxTxjpxE,1sUjTLLCJzcxC15GUBrOlg,https://i.scdn.co/image/ab67616d00001e02810f7ac94531092b64accd66
2026-02-13,kr,South Korea,62,2,"How can I love the heartbreak, you're the one I love",AKMU,6OwKE9Ez6ALxpTaKcT5ayv,0hqj5JBnFt1BHEz2UCFwrl,https://i.scdn.co/image/ab67616d00001e02d41cdd1f3e033a0ea1642112
2026-02-13,kr,South Korea,63,11,Be Mine,Jimin,1oSPZhvZMIrWW5I41kPkkY,3LWVXp636uLT356Rj08Jaz,https://i.scdn.co/image/ab67616d00001e02f02c451189a709b9a952aaec
2026-02-13,kr,South Korea,64,6,GO!,CORTIS,1ebt9HnXdyYA6KgLXr1n4P,6OWWZtNQORY1McaZmOrwhc,https://i.scdn.co/image/ab67616d00001e024b56a34b0c2b3798fd46f855
2026-02-13,kr,South Korea,65,6,Melody for You,Lim Young Woong,75MOYjGEyyH5U4ZFHOPvxR,7hYI4QprQ3hMqp56ul6uEv,https://i.scdn.co/image/ab67616d00001e02f207933160e8018901f665b2
2026-02-13,kr,South Korea,66,11,Nice to see you again - Korean Ver.,TWS,4GgBKgxhc649frZDHcXIEz,1mX9SZZfCeTbetghcrp8Jr,https://i.scdn.co/image/ab67616d00001e021423f1daf85751d0fb412438
2026-02-13,kr,South Korea,67,62,"PUBLIC ENEMY (Feat. Roh Yun Ha, Wuuslime)",Sik-K; Lil Moshpit; Roh Yun Ha; Wuuslime,5DIi2JWfQPTKffaVBlIYRn; 0tVSrjQ0NpDlecsJwGmrMy; 4F0KZ0SXe4z5xrgX6TXAPy; 2HW5pB8BOn42simtS907Sm,0k4IMjv3mF9LlphfeG8ZjA,https://i.scdn.co/image/ab67616d00001e02891d93d1399c0f8f2bd75599
2026-02-13,kr,South Korea,68,1,Every moment of you,Sung Si Kyung,7jFUYMpMUBDL4JQtMZ5ilc,6piGysTzX1hCj2l0mygEl9,https://i.scdn.co/image/ab67616d00001e026b3a05b16a6d0114727b6f65
2026-02-13,kr,South Korea,69,7,Wonderful Life,Lim Young Woong,75MOYjGEyyH5U4ZFHOPvxR,2penachGpHAHaMQGo1j1Tz,https://i.scdn.co/image/ab67616d00001e02f207933160e8018901f665b2
2026-02-13,kr,South Korea,70,15,Love Language,Kim Min Seok (MeloMance),3CHn74oCO6xiThDGQcDMeA,6w9SgpKIzB54R2xHml1UPP,https://i.scdn.co/image/ab67616d00001e025843a249f88fed1b0ef716e1
2026-02-13,kr,South Korea,71,4,DUET,ZICO; Lilas,4XpUIb8uuNlIWVKmgKZXC0; 1qM11R4ylJyQiPJ0DffE9z,0M4O6UEu4F9SxImTsBuX9n,https://i.scdn.co/image/ab67616d00001e0276b859d6874da8750df6608a
2026-02-13,kr,South Korea,72,6,"I’m sorry, But…",Lim Young Woong,75MOYjGEyyH5U4ZFHOPvxR,5qCu3KDSEoojJ4Rh5OzHm3,https://i.scdn.co/image/ab67616d00001e02f207933160e8018901f665b2
2026-02-13,kr,South Korea,73,5,I’m HERO,Lim Young Woong,75MOYjGEyyH5U4ZFHOPvxR,2TOpItg5NsMsFV58nZm5XN,https://i.scdn.co/image/ab67616d00001e02f207933160e8018901f665b2
2026-02-13,kr,South Korea,74,15,"Even if you leave,",HANRORO,5wVJpXzuKV6Xj7Yhsf2uYx,7sxUb59tfiuzagetBF47AN,https://i.scdn.co/image/ab67616d00001e02b32b8010f02ba67921bbbf5f
2026-02-13,kr,South Korea,75,4,사랑했나봐,Yoon Do Hyun,6KsmQPHXE3qhzNNBPSZ0eB,1w2hClDL1xH4FPZIipZ1FJ,https://i.scdn.co/image/ab67616d00001e0232ed5b9137093ce828e02f22
2026-02-13,kr,South Korea,76,–,‎Good Night Good Dream,Nerd Connection,5WKUZJPvN1SScyggtPFShK,3s761CQaziQ0GEN1yUkIsG,https://i.scdn.co/image/ab67616d00001e024d082eca2a31873a3622408e
2026-02-13,kr,South Korea,77,28,Delulu,KiiiKiii,63sat2XSMKdwKfqspmYQKP,7tW0oKXTVpfaKECX08PRwH,https://i.scdn.co/image/ab67616d00001e020cc65398388cbc486fa4fff7
2026-02-13,kr,South Korea,78,–,Say Yes,Loco; Punch,2e4G04F77jxVuDYo44TCSm; 2FgZrgTMX6Sk0VNcOsEPmm,27zrFrtUtWl2urlvjOn5xc,https://i.scdn.co/image/ab67616d00001e02cb95963709806e12d93128d4
2026-02-13,kr,South Korea,79,1,Don’t look back at me,Lim Young Woong,75MOYjGEyyH5U4ZFHOPvxR,7ohibqc88AbCOYqCqjcE1a,https://i.scdn.co/image/ab67616d00001e02f207933160e8018901f665b2
2026-02-13,kr,South Korea,80,4,晩餐歌 - Bansanka,tuki.,1Y5vJqABeI6QI6R95EDV6o,075HUD50Nuea3rNaABIsNZ,https://i.scdn.co/image/ab67616d00001e022d68ffbcaeaa5e6fbe102202
2026-02-13,kr,South Korea,81,6,Supersonic,fromis_9,24nUVBIlCGi4twz4nYxJum,6oNLSQX8bcAdbCElZYju3v,https://i.scdn.co/image/ab67616d00001e020490e8ab48790ca6e5add267
2026-02-13,kr,South Korea,82,1,A Song For Us,Lim Young Woong,75MOYjGEyyH5U4ZFHOPvxR,1gSYptPgZodmxwSXqeCKSF,https://i.scdn.co/image/ab67616d00001e02f207933160e8018901f665b2
2026-02-13,kr,South Korea,83,10,White Memories,fromis_9,24nUVBIlCGi4twz4nYxJum,7hCdtQsaKCBXrITaPNK2iE,https://i.scdn.co/image/ab67616d00001e02cd70af8bd71cc639256fa2f4
2026-02-13,kr,South Korea,84,36,Hype Boy,NewJeans,6HvZYsbFfjnjFrWF950C9d,0a4MMyCrzT0En247IhqZbD,https://i.scdn.co/image/ab67616d00001e029d28fd01859073a3ae6ea209
2026-02-13,kr,South Korea,85,41,Rhapsody of Sadness,Lim Jae Hyun,3GXxRsiCLmZvM5oSeHbNdO,3HIDWyZGwSe5MhrSP890nc,https://i.scdn.co/image/ab67616d00001e02cf40f40bb6163fc44c8b4253
2026-02-13,kr,South Korea,86,28,Don’t Twice,Roh Yun Ha; OSUN,4F0KZ0SXe4z5xrgX6TXAPy; 5B0qfgiKQ1593oBKreR5Fb,0ZxYCSdLYFDrGS2o6rxN39,https://i.scdn.co/image/ab67616d00001e02fac7959f308c85d872fbf0c3
2026-02-13,kr,South Korea,87,8,사랑의 바보,The NuTs,56NKtypwi90dIOb5ZQZwHb,3wYDgvDi82GUU1NPy2roYp,https://i.scdn.co/image/ab67616d00001e020b66d2c29d697c27f25c51c3
2026-02-13,kr,South Korea,88,–,Moonwalkin',LNGSHOT,2F4oTJOWkcD1JaTeKEa9h6,46V2ciN6F5bxjQWityNhkY,https://i.scdn.co/image/ab67616d00001e029ae175cd44e09688bb7c0f4f
2026-02-13,kr,South Korea,89,3,CROOKED,G-DRAGON,30b9WulBM8sFuBo17nNq9c,4EwNWRBWdZ6bgvxRHlZ8OO,https://i.scdn.co/image/ab67616d00001e023dbdbd0023f1e1c08cd5a6c9
2026-02-13,kr,South Korea,90,5,Here With Me,d4vd,5y8tKLUfMvliMe8IKamR32,0dS2u2UFd88TIzDDaZDLvS,https://i.scdn.co/image/ab67616d00001e02e5ff1941799cd30cb2aa072b
2026-02-13,kr,South Korea,91,5,KICK BACK,Kenshi Yonezu,1snhtMLeb2DYoMOcVbb8iB,7oYCBKvdjrqp5vDbhDBuac,https://i.scdn.co/image/ab67616d00001e0203d3216d6c463f993c96c9c7
2026-02-13,kr,South Korea,92,10,TOMBOY,HYUKOH,57okaLdCtv3nVBSn5otJkp,6DA7kCWYMggJjqPM84V2Ng,https://i.scdn.co/image/ab67616d00001e026b0b72f94905f2321564a20f
2026-02-13,kr,South Korea,93,14,Antifreeze,Yerin Baek,6dhfy4ByARPJdPtMyrUYJK,1osW08ygBwopWmjWzqWbfJ,https://i.scdn.co/image/ab67616d00001e02627b4da419bddabfce86f98e
2026-02-13,kr,South Korea,94,99,Sadder Than Yesterday,Woody,37ZY7eIcTT28id2jfq8WYw,4PBtSN6dNFXA9RUkx5e3W9,https://i.scdn.co/image/ab67616d00001e02aeb8b7088ef8325117beae8a
2026-02-13,kr,South Korea,95,35,응급실,Izi,4PPkRMbw2jIs7flJkl4okf,5XVEx1pTUR4T7ABtXoGGxx,https://i.scdn.co/image/ab67616d00001e023188f838e26ff0d3fc10009c
2026-02-13,kr,South Korea,96,15,ベテルギウス,Yuuri,0ixzjrK1wkN2zWBXt3VW3W,4JK1kDUdH9RTBQrrSO1QfR,https://i.scdn.co/image/ab67616d00001e02d0bd51668da5629aa0cc77d8
2026-02-13,kr,South Korea,97,98,CINEMA,WOODZ,6y9nlaoynxSvoTGY09Vdcy,1AO9dgVC6GL4ILlh1RpBnC,https://i.scdn.co/image/ab67616d00001e0292e022421d484ed63bba889a
2026-02-13,kr,South Korea,98,25,시작의 아이 ハジマリのコ (Starting With You),MAKTUB,0frNU3rG4ltOP4GNBA1g4j,2GMKQPMXdOGXsQkDYBN6wF,https://i.scdn.co/image/ab67616d00001e02bcf1f3553680cf2326669159
2026-02-13,kr,South Korea,99,5,HOT,LE SSERAFIM,4SpbR6yFEvexJuaBpgAU5p,24Y63uAvj6Oc9jGuTlhlgf,https://i.scdn.co/image/ab67616d00001e022e573f25565a8c2d1ae5e4d6
2026-02-13,kr,South Korea,100,18,1:05,The Black Skirts,6WeDO4GynFmK4OxwkBzMW8,4bjNOhOMvqFPflwHIaS7Fw,https://i.scdn.co/image/ab67616d00001e0210b3ebc65d2f65964cf461d8
2026-02-13,kr,South Korea,101,4,Never Ending Story,BOOHWAL,2LtEDRKi75vGtsfdy205jX,0yamqkAFAmpdLNVcmJLSo8,https://i.scdn.co/image/ab67616d00001e02908bb97fac4b58cc51c13716
2026-02-13,kr,South Korea,102,11,3D (feat. Jack Harlow),Jung Kook; Jack Harlow,6HaGTQPmzraVmaVxvz6EUc; 2LIk90788K0zvyj2JJVwkJ,01qFKNWq73UfEslI0GvumE,https://i.scdn.co/image/ab67616d00001e0299583bb32b47e87d55c6064b
2026-02-13,kr,South Korea,103,30,OMG,NewJeans,6HvZYsbFfjnjFrWF950C9d,65FftemJ1DbbZ45DUfHJXE,https://i.scdn.co/image/ab67616d00001e02d70036292d54f29e8b68ec01
2026-02-13,kr,South Korea,104,3,You Were Beautiful,DAY6,5TnQc2N1iKlFjYD7CPGvFc,3FR2yqZsG07NhXz7uPyUyC,https://i.scdn.co/image/ab67616d00001e02877b49fcef4d02bb0bc0adc8
2026-02-13,kr,South Korea,105,13,나였으면,Na Yoon Kwon,49fyJl5wIzI5GtRuCKxKRw,7sp5iTQjB7GHXX4TKrhOaO,https://i.scdn.co/image/ab67616d00001e022ccd9df5630a4e1806dbb291
2026-02-13,kr,South Korea,106,35,Eternal love,BOL4,4k5fFEYgkWYrYvtOK3zVBl,0jYN8yREKgmXjKkVBfB198,https://i.scdn.co/image/ab67616d00001e02c1382d839b6035b94ed89457
2026-02-13,kr,South Korea,107,21,How Sweet,NewJeans,6HvZYsbFfjnjFrWF950C9d,38tXZcL1gZRfbqfOG0VMTH,https://i.scdn.co/image/ab67616d00001e02b657fbb27b17e7bd4691c2b2
2026-02-13,kr,South Korea,108,9,AIZO,King Gnu,6wxfx1yhyqjCPYwwxJktR2,65X2koe1LhDgQmRkNdJFv9,https://i.scdn.co/image/ab67616d00001e02120734724ff398a2d812f982
2026-02-13,kr,South Korea,109,3,No Make Up,Zion.T,5HenzRvMtSrgtvU16XAoby,4ppKRxity3jJd2hGoVyD4u,https://i.scdn.co/image/ab67616d00001e0204b20cc263631b9af21fcb61
2026-02-13,kr,South Korea,110,9,We Are,Woo; Loco; GRAY,5a8EJtOEbUJDF4RX3mKK02; 2e4G04F77jxVuDYo44TCSm; 3kPEBSt7qgVoRZSbIXMr7W,2SMq0lOqCTHayWa9juoI0d,https://i.scdn.co/image/ab67616d00001e0280af1bc4fa047ba0e2f17c04
2026-02-13,kr,South Korea,111,43,"Every day, Every Moment",Paul Kim,4qRXrzUmdy3p33lgvJEzdv,3Ml2s37uS9jqRM2R3bfDiB,https://i.scdn.co/image/ab67616d00001e0290a98780fb70dde769f9e61a
2026-02-13,kr,South Korea,112,14,Home Sweet Home,"Car, the garden",7c1HgFDe8ogy5NOZ1ANCJQ,5Xf2cIARIa9gwWf6m4DvME,https://i.scdn.co/image/ab67616d00001e029a4d16624132929793f2f872
2026-02-13,kr,South Korea,113,19,Lucky Girl Syndrome,ILLIT,36cgvBn0aadzOijnjjwqMN,2kIUILBPlz4exX9xIFS275,https://i.scdn.co/image/ab67616d00001e02f037c5fb9de6c78726cb8e2c
2026-02-13,kr,South Korea,114,8,Officially Missing You,Geeks,5VxfguafjfSdJcN10ACVZe,7CkjU55ROZSwb95dzGan0o,https://i.scdn.co/image/ab67616d00001e02a2983d364025534e7d2609bf
2026-02-13,kr,South Korea,115,25,Dracula (with JENNIE),Tame Impala; JENNIE,5INjqkS1o8h1imAzPqGZBb; 250b0Wlc5Vk0CoUsaCY84M,5yvVYFDUpbnjcnRBgjwTzM,https://i.scdn.co/image/ab67616d00001e02c7c031ce9d06b131f8563676
2026-02-13,kr,South Korea,116,52,A Little Girl,OHHYUK,68TCVp5t1Dxi2TvNuYoYK0,1N9TrsZZXX8GQvOvD3PV23,https://i.scdn.co/image/ab67616d00001e0298cebc1a9eb5555af0e1cade
2026-02-13,kr,South Korea,117,2,EVERYTHING,The Black Skirts,6WeDO4GynFmK4OxwkBzMW8,19Hg1UCZaCdpHB37L7x63X,https://i.scdn.co/image/ab67616d00001e0210b3ebc65d2f65964cf461d8
2026-02-13,kr,South Korea,118,10,plot twist,TWS,4GgBKgxhc649frZDHcXIEz,0aZG8KWrpRnsGL0loUkfSj,https://i.scdn.co/image/ab67616d00001e0256ee7dd8147dc3af4b37a123
2026-02-13,kr,South Korea,119,3,Supernatural,NewJeans,6HvZYsbFfjnjFrWF950C9d,5ocSQW5sIUIOFojwXEz9Ki,https://i.scdn.co/image/ab67616d00001e027e1eeb0d7cc374a168369c80
2026-02-13,kr,South Korea,120,8,Episode,LEE MU JIN,4Xj0peBt3EZHbdF20JmdWC,29MHN4pjwkSSKsGowRETGW,https://i.scdn.co/image/ab67616d00001e02240ab752af13134992e65b53
2026-02-13,kr,South Korea,121,38,That's What I Like,Bruno Mars,0du5cEVh5yTK9QJze8zA0C,0KKkJNfGyhkQ5aFogxQAPU,https://i.scdn.co/image/ab67616d00001e02232711f7d66a1e19e89e28c5
2026-02-13,kr,South Korea,122,10,There's Nothing Holdin' Me Back,Shawn Mendes,7n2wHs1TKAczGzO7Dd2rGr,7JJmb5XwzOO8jgpou264Ml,https://i.scdn.co/image/ab67616d00001e02ea3ef7697cfd5705b8f47521
2026-02-13,kr,South Korea,123,14,What Would Have Been? (Feat. Lena Park),PSY; Lena Park,2dd5mrQZvg6SmahdgVKDzh; 7MNyflLAWpaH0EPw1fdORD,5Kbpcd3hOqu4ZRAJNAjIcg,https://i.scdn.co/image/ab67616d00001e028cacbdd7305b0651b4c0fec4
2026-02-13,kr,South Korea,124,–,거리에서,Sung Si Kyung,7jFUYMpMUBDL4JQtMZ5ilc,3om54iJe5sfQiUvSRQXyPZ,https://i.scdn.co/image/ab67616d00001e02be63f726b5e816bc5ce3926c
2026-02-13,kr,South Korea,125,15,instagram,DEAN,3eCd0TZrBPm2n9cDG6yWfF,6z1kLsntE7FuzKZHZWrXYN,https://i.scdn.co/image/ab67616d00001e024ee9dc60013d5648d0f23bcc
2026-02-13,kr,South Korea,126,54,Johnny (Feat. Dynamicduo),Primary; Dynamicduo,4QDcs3XrA8uHUZ7Xt9Ytep; 4nvFFLtv7ZqoTr83387uK4,4OHq2ao4pXmGq9OOuP3lxb,https://i.scdn.co/image/ab67616d00001e02308e46cf4811ea55fa815c65
2026-02-13,kr,South Korea,127,24,Shape of You,Ed Sheeran,6eUKZXaKkcviH0Ku9w2n3V,7qiZfU4dY1lWllzX7mPBI3,https://i.scdn.co/image/ab67616d00001e02ba5db46f4b838ef6027e6f96
2026-02-13,kr,South Korea,128,70,Trip,Leellamarz; Hannah,79g2STpP2iV1xfgHuhrhX0; 2XHuhBOiADOIR91vFkNq6Q,11fB0pRXSdxOgoM8ity2D4,https://i.scdn.co/image/ab67616d00001e0242f77ead5ea888c6e011200c
2026-02-13,kr,South Korea,129,4,Lose My Mind (feat. Doja Cat) [From F1® The Movie],Don Toliver; Doja Cat; F1 The Album,4Gso3d4CscCijv0lmajZWs; 5cj0lLjcoR7YOSnhnX0Po5; 3aly4xJOy3LVznzvRIvFYC,02BcXEH1zJYbXSabPtNlKf,https://i.scdn.co/image/ab67616d00001e02d4c0243b55cdf7394323e710
2026-02-13,kr,South Korea,130,10,Hollywood Action,BOYNEXTDOOR,4hnHLgMSOiqERWBL4jINP1,4BtOh0Xwh3DHelPQ14MPVC,https://i.scdn.co/image/ab67616d00001e02faf06fafdeefbc5c4365a0f9
2026-02-13,kr,South Korea,131,5,踊り子,Vaundy,2IUl3m1H1EQ7QfNbNWvgru,1YXot2MLAG9sttepCtBRM7,https://i.scdn.co/image/ab67616d00001e02e0c3a68b9981c2e7b25f9737
2026-02-13,kr,South Korea,132,5,Forest,Choi Yu Ree,6qvVoPGEqNCyYSjYCgfV1v,33xRp6ZX1DKraRFHR9ZDck,https://i.scdn.co/image/ab67616d00001e026012b2482accbd98980ad1c5
2026-02-13,kr,South Korea,133,2,luther (with sza),Kendrick Lamar; SZA,2YZyLoL8N0Wb9xBt1NhZWg; 7tYKF4w9nC0nq9CsPZTHyP,2CGNAOSuO1MEFCbBRgUzjd,https://i.scdn.co/image/ab67616d00001e027e5e269471fe4a43a42e2f15
2026-02-13,kr,South Korea,134,4,プロポーズ,natori,6WmXWHmfBMhupyIs8MSqtu,2BcQfb9SfauDQdeXHTfLsT,https://i.scdn.co/image/ab67616d00001e0229f649edf51edde6fdf01a09
2026-02-13,kr,South Korea,135,34,HAPPY,DAY6,5TnQc2N1iKlFjYD7CPGvFc,1k68vKHNQXU5CHqcM7Yp7N,https://i.scdn.co/image/ab67616d00001e020309970945710645006b9c9e
2026-02-13,kr,South Korea,136,37,double take,Dhruv,70NcAr4ZtA3FAqU16iQZSb,0QzuaeCEEOV40Pn7IvKEny,https://i.scdn.co/image/ab67616d00001e026f04e53cb5309f8e88286842
2026-02-13,kr,South Korea,137,19,Skrr (feat. GISELLE),HAON; GISELLE,2krUNMgFZYm5s4Nn0g91W9; 2P1id80CMwR5R5cwcyIIAi,21IVUjbu1ms4ZISGt74NCy,https://i.scdn.co/image/ab67616d00001e020ab54ce9be8cc71deb33343f
2026-02-13,kr,South Korea,138,5,LOOK AT ME,ALLDAY PROJECT,4gEMn0YPOdotLOygnk0Ng2,5iFbKoNv7Jc5Arpbf8D90B,https://i.scdn.co/image/ab67616d00001e02ef7020e16bdd8763ff470d20
2026-02-13,kr,South Korea,139,39,New Jeans,NewJeans,6HvZYsbFfjnjFrWF950C9d,6rdkCkjk6D12xRpdMXy0I2,https://i.scdn.co/image/ab67616d00001e023d98a0ae7c78a3a9babaf8af
2026-02-13,kr,South Korea,140,7,Nothing Without Your Love,Jin,5vV3bFXnN6D6N3Nj4xRvaV,4H6s1mTZcjHAMU36ZF3Xoz,https://i.scdn.co/image/ab67616d00001e0289228504f700641956e29f5d
2026-02-13,kr,South Korea,141,6,Silently Completely Eternally,Nerd Connection,5WKUZJPvN1SScyggtPFShK,2i3HoDE1ZvQ2bh2ZmgpSug,https://i.scdn.co/image/ab67616d00001e02575c765896e9b30ba7121ea0
2026-02-13,kr,South Korea,142,9,Till The End of Time,The Black Skirts,6WeDO4GynFmK4OxwkBzMW8,03YtYSkpHqqY3EBmHJkTjP,https://i.scdn.co/image/ab67616d00001e02182cbc21b48737ef5def008e
2026-02-13,kr,South Korea,143,9,How To Go On,HANRORO,5wVJpXzuKV6Xj7Yhsf2uYx,0orRPUR6XYEknr7oLFkk5w,https://i.scdn.co/image/ab67616d00001e0220e0fbaeb372aa0d5747cbed
2026-02-13,kr,South Korea,144,–,가시,BUZZ,4SdXXEHKFa5NSoh10QxeN2,7csMuPqdOPaFKby0AoRYL5,https://i.scdn.co/image/ab67616d00001e02b1b79c8d3dd18607fe573f18
2026-02-13,kr,South Korea,145,13,blue,yung kai,6zO1dZ40fTZ5hY9NnnRJSk,6W614n8yLUeS3zsZSeBwyq,https://i.scdn.co/image/ab67616d00001e02def6ffd0e4b80cb0d2a0d00f
2026-02-13,kr,South Korea,146,33,Attention,NewJeans,6HvZYsbFfjnjFrWF950C9d,2pIUpMhHL6L9Z5lnKxJJr9,https://i.scdn.co/image/ab67616d00001e029d28fd01859073a3ae6ea209
2026-02-13,kr,South Korea,147,5,Heavenly fate,LEECHANGSUB,1rp5HzWaNwgauM5W5YmZ3U,4mqfe9XrgEOSsofvq5MyjR,https://i.scdn.co/image/ab67616d00001e0292144c5952844a7c0086b141
2026-02-13,kr,South Korea,148,23,MONTAGEM XONADA,MXZI; Dj Samir; DJ Javi26,7kk9ucvRJim0NMM89Lml2Y; 6U0dJxYVB41L8WDZ02Nwuk; 0JGZRsRtFTQ0ZVBq9b2ZEj,2Gs0iF27my40p0dANv2rAg,https://i.scdn.co/image/ab67616d00001e02f5da0af2725ce8121f7b4011
2026-02-13,kr,South Korea,149,4,"IF I SAY, I LOVE YOU",BOYNEXTDOOR,4hnHLgMSOiqERWBL4jINP1,2NtidJuimmXzUsExfMYcvk,https://i.scdn.co/image/ab67616d00001e02cf33c21b065bda3fc6842c8e
2026-02-13,kr,South Korea,150,11,サムライハート(Some Like It Hot!!),SPYAIR,7gRg6C2qgQ1F01k3sgyEVt,5G0NPSOTLepHxUhEMlVjWj,https://i.scdn.co/image/ab67616d00001e025d8c79e841da375652577a5d
2026-02-13,kr,South Korea,151,2,BIRDS OF A FEATHER,Billie Eilish,6qqNVTkY8uBg9cP3Jd7DAH,6dOtVTDdiauQNBQEDOtlAB,https://i.scdn.co/image/ab67616d00001e0271d62ea7ea8a5be92d3c1f62
2026-02-13,kr,South Korea,152,27,Before spring ends（在春天消失之前）,Wang OK; 李天责,21QQNTzqULHjiaDKaZepRP; 1i1GIYkaUE0jhxvSue4D6b,0OgOvU69S4QuJYTMlIurn0,https://i.scdn.co/image/ab67616d00001e025f8e5c0a5cc2fa99eb585756
2026-02-13,kr,South Korea,153,12,like JENNIE,JENNIE,250b0Wlc5Vk0CoUsaCY84M,0fK7ie6XwGxQTIkpFoWkd1,https://i.scdn.co/image/ab67616d00001e02dcf27dec5e479b2e39c4c993
2026-02-13,kr,South Korea,154,7,Time of Our Life -Japanese ver.- - Japanese ver.,DAY6,5TnQc2N1iKlFjYD7CPGvFc,18x0Z8JUwLA2LhgsIHbNy3,https://i.scdn.co/image/ab67616d00001e022ecc00c9a71f5d72ce87958e
2026-02-13,kr,South Korea,155,18,End of Beginning,Djo,5p9HO3XC5P3BLxJs5Mtrhm,3qhlB30KknSejmIvZZLjOD,https://i.scdn.co/image/ab67616d00001e02fddfffec51b4580acae727c1
2026-02-13,kr,South Korea,156,35,Wi Ing Wi Ing,HYUKOH,57okaLdCtv3nVBSn5otJkp,66UcQu5LBo2A7AC0A5r0lI,https://i.scdn.co/image/ab67616d00001e021ca37e9bcd0cc377a82aec48
2026-02-13,kr,South Korea,157,20,"Love over hip hop, money over love (feat. Basick)",noahjooda; Basick,5MnVIg8khTLdt3CgVDWcNE; 7pXKdkQsYFCMG2omRxheJ2,3g8mimqqxsAEtkktm1TYEk,https://i.scdn.co/image/ab67616d00001e02a750b53f042970f6cc85c49c
2026-02-13,kr,South Korea,158,New,"Mention Me - From The Movie ""GOAT""",CORTIS,1ebt9HnXdyYA6KgLXr1n4P,3f0OEJd7mlPNhmH3fUOrqy,https://i.scdn.co/image/ab67616d00001e0212fbc981d094ef600fd0cb42
2026-02-13,kr,South Korea,159,13,Love Yourself,Justin Bieber,1uNFoZAHBGtllmzznpCI3s,50kpGaPAhYJ3sGmk6vplg0,https://i.scdn.co/image/ab67616d00001e02f46b9d202509a8f7384b90de
2026-02-13,kr,South Korea,160,–,ただ声一つ,Rokudenashi,4kpQdAU7yPjqtiJsFcBTBb,2e1gUS6Wv8GS8ZT6FMeE1J,https://i.scdn.co/image/ab67616d00001e02de2d1cf763ed06e6874e1e91
2026-02-13,kr,South Korea,161,4,Yin and Yang - FANXY CHILD Ver.,ZICO; Crush; DEAN; PENOMECO,4XpUIb8uuNlIWVKmgKZXC0; 6aLdhHUqgdKE86xbtNmY8g; 3eCd0TZrBPm2n9cDG6yWfF; 1MAUqH0haKBYbjpknTfreY,5VWjUgKTeDoX5GJGgfUSXM,https://i.scdn.co/image/ab67616d00001e028e8961022a467b1fd26e4e6b
2026-02-13,kr,South Korea,162,8,Boat,george,2pRZp2WxvnWWiSPcSSYkNV,34HSEUn4YGAFBW9OHGIkU7,https://i.scdn.co/image/ab67616d00001e023d0b7e069c048966d4862787
2026-02-13,kr,South Korea,163,1,インフェルノ,Mrs. GREEN APPLE,4QvgGvpgzgyUOo8Yp8LDm9,2vOAHp8PBBFYqvQUWSoITY,https://i.scdn.co/image/ab67616d00001e0281f55cd879e9480e3ed313df
2026-02-13,kr,South Korea,164,16,NIGHT DANCER,imase,4TaSvnT5o4REFwhqfrmK27,3gmn76fCtpDazGMnN0QMHX,https://i.scdn.co/image/ab67616d00001e024b062591b6a5c15652dd2bb5
2026-02-13,kr,South Korea,165,28,나무,"Car, the garden",7c1HgFDe8ogy5NOZ1ANCJQ,30tYWTkLIQtZWnRIOqcHnJ,https://i.scdn.co/image/ab67616d00001e0264eea0085a043b52217179cb
2026-02-13,kr,South Korea,166,24,Gabriela,KATSEYE,3c0gDdb9lhnHGFtP4prQpn,1xOqGUkyxGQRdCvGpvWKmL,https://i.scdn.co/image/ab67616d00001e02f8d4d00ffe09373efb13ce29
2026-02-13,kr,South Korea,167,11,Zoo,Disney; Shakira,3xvaSlT4xsyk6lY1ESOspO; 0EmeFodog0BfCgMzAIvKQp,3vJIaiTIHxHhYafTSPNiH4,https://i.scdn.co/image/ab67616d00001e02a6c1dcda006bbf12825b7f43
2026-02-13,kr,South Korea,168,19,Guilty,Dynamicduo,4nvFFLtv7ZqoTr83387uK4,0SPZ7y0fJiozsuWLSAocOl,https://i.scdn.co/image/ab67616d00001e02c6b31f5f1ce2958380fdb9b0
2026-02-13,kr,South Korea,169,–,우산 (feat. 윤하),Epik High; Younha,5snNHNlYT2UrtZo5HCJkiw; 6GwM5CHqhWXzG3l5kzRSAS,1VnjByC7TUx5A73A4qtgoo,https://i.scdn.co/image/ab67616d00001e0238e8263b51bec04b91143b76
2026-02-13,kr,South Korea,170,Re-Entry,OHAYO MY NIGHT,D-Hack; PATEKO,6Ycj4hhpz2nOfsYCU1gHqR; 0J372uvAXbRjLFSoAVE2lp,4iJprGt1rt5iy0sxXXaRWn,https://i.scdn.co/image/ab67616d00001e024f10712c9170e737a7c212ce
2026-02-13,kr,South Korea,171,13,Drama,aespa,6YVMFz59CuY7ngCxTxjpxE,5XWlyfo0kZ8LF7VSyfS4Ew,https://i.scdn.co/image/ab67616d00001e02ae59604190fd4dcd891d5c69
2026-02-13,kr,South Korea,172,13,Cruel Summer,Taylor Swift,06HL4z0CvFAxyc27GXpf02,1BxfuPKGuaTgP7aM0Bbdwr,https://i.scdn.co/image/ab67616d00001e02e787cffec20aa2a396a61647
2026-02-13,kr,South Korea,173,Re-Entry,Paint On Spring - Remastering,Martin Smith,3ISWX9gKLGkhlgS5AhvlTd,3GG5KPuvG7qokLoKReboHI,https://i.scdn.co/image/ab67616d00001e02f75f21b8b99e9ad634f2eec8
2026-02-13,kr,South Korea,174,8,Cherish (My Love),ILLIT,36cgvBn0aadzOijnjjwqMN,21LtZQQMQYwVIxc9O9Ygq8,https://i.scdn.co/image/ab67616d00001e02be38c944cece32b9978c1b41
2026-02-13,kr,South Korea,175,20,"question mark (Feat. CHOIZA Of Dynamicduo, Zion.T)",Primary; CHOIZA; Zion.T,4QDcs3XrA8uHUZ7Xt9Ytep; 3vvgBPro7lDMdReL1Ct2Hx; 5HenzRvMtSrgtvU16XAoby,3y1Aq9UzyzhMGuVaS8i2oA,https://i.scdn.co/image/ab67616d00001e0230b6adc29d752c16f25ff834
2026-02-13,kr,South Korea,176,26,"Goodbye, My Summer",HANRORO,5wVJpXzuKV6Xj7Yhsf2uYx,2aicRlZiaAEteaPsti8Hls,https://i.scdn.co/image/ab67616d00001e02afda752d5db59e06d3f86e3b
2026-02-13,kr,South Korea,177,1,Coming Of Age Story,LEE MU JIN,4Xj0peBt3EZHbdF20JmdWC,2ZTU8atPwouhoQSvxv9aQj,https://i.scdn.co/image/ab67616d00001e022d8020a415ad2df89d4b6c54
2026-02-13,kr,South Korea,178,Re-Entry,Boong-Boong (Prod. by GroovyRoom),HAON; GroovyRoom; Sik-K,2krUNMgFZYm5s4Nn0g91W9; 29HqjVbJr3vsc2l6BTI4eB; 5DIi2JWfQPTKffaVBlIYRn,3uJN5Acv1WMsITAEvHuJox,https://i.scdn.co/image/ab67616d00001e02a36cdb16065ff72d9b1d6bc6
2026-02-13,kr,South Korea,179,12,Super Shy,NewJeans,6HvZYsbFfjnjFrWF950C9d,5sdQOyqq2IDhvmx2lHOpwd,https://i.scdn.co/image/ab67616d00001e023d98a0ae7c78a3a9babaf8af
2026-02-13,kr,South Korea,180,17,I Love You So,The Walters,027TpXKGwdXP7iwbjUSpV8,4SqWKzw0CbA05TGszDgMlc,https://i.scdn.co/image/ab67616d00001e02a9ab24f62c01f4bd4a08571e
2026-02-13,kr,South Korea,181,28,High Hopes,Panic! At The Disco,20JZFwl6HVl6yg8a4H3ZqK,1rqqCSm0Qe4I9rUvWncaom,https://i.scdn.co/image/ab67616d00001e02c5148520a59be191eea16989
2026-02-13,kr,South Korea,182,7,青のすみか,Tatsuya Kitani,7mvhRvEAHiCTQHUnH7fgnv,3zbKiko8V3u2yn1RcT8xBZ,https://i.scdn.co/image/ab67616d00001e0267d49212018875a81c83b67e
2026-02-13,kr,South Korea,183,1,夜に駆ける,YOASOBI,64tJ2EAv1R6UaZqc4iOCyj,6MCjmGYlw6mQVWRFVgBRvB,https://i.scdn.co/image/ab67616d00001e0239917845c74c9e64320fbed9
2026-02-13,kr,South Korea,184,49,사랑합니다...,Tim,1H0rJYjO99jtsKOtaXmYTY,4t1DWpmfKVCv4ValVniwfc,https://i.scdn.co/image/ab67616d00001e02c2cdcbc0980415cd15d157f5
2026-02-13,kr,South Korea,185,10,for lovers who hesitate,JANNABI,2SY6OktZyMLdOnscX3DCyS,5BqwC9kOBbqYkzdOKeXFFk,https://i.scdn.co/image/ab67616d00001e02f694adfa02990eaca79fec1b
2026-02-13,kr,South Korea,186,34,If You Ask Me What Love Is,Roy Kim,3ErHVJMsxTq2lLSmnONBm9,5zsMOF3yWT4U1Vw5eaMQFH,https://i.scdn.co/image/ab67616d00001e029159b2766eb30c9c90697fad
2026-02-13,kr,South Korea,187,Re-Entry,고백,DELISPICE,3zH8Xu8C1GnnmfpBqzdLPf,20tWEsVsKU6FfzXGt4IOuV,https://i.scdn.co/image/ab67616d00001e029ee364d7aacc7ae61af96b2b
2026-02-13,kr,South Korea,188,16,Amor,Baek A,5rHUhS9Ya0S63WI9LFmCSx,3scRk3rUGIwpCg9kMNrtEQ,https://i.scdn.co/image/ab67616d00001e02d07b5785179b6b3709e9bd8c
2026-02-13,kr,South Korea,189,67,The last stop of our pain,HANRORO,5wVJpXzuKV6Xj7Yhsf2uYx,4kWRjkhMIGMnyWpYc8L7no,https://i.scdn.co/image/ab67616d00001e027f41b01c300431088a297688
2026-02-13,kr,South Korea,190,10,Sunflower - Spider-Man: Into the Spider-Verse,Post Malone; Swae Lee,246dkjvS1zLTtiykXe5h60; 1zNqQNIdeOUZHb8zbZRFMX,0RiRZpuVRbi7oqRdSMwhQY,https://i.scdn.co/image/ab67616d00001e029478c87599550dd73bfa7e02
2026-02-13,kr,South Korea,191,Re-Entry,"무제(無題) (Untitled, 2014)",G-DRAGON,30b9WulBM8sFuBo17nNq9c,5FxasBmho2yEvgXrzp9MMW,https://i.scdn.co/image/ab67616d00001e022d56768bc14df3b0b3982efd
2026-02-13,kr,South Korea,192,18,STAY (with Justin Bieber),The Kid LAROI; Justin Bieber,2tIP7SsRs7vjIcLrU85W8J; 1uNFoZAHBGtllmzznpCI3s,567e29TDzLwZwfDuEpGTwo,https://i.scdn.co/image/ab67616d00001e02b4d59e6fa7e5e7cbc57ac33a
2026-02-13,kr,South Korea,193,73,ANTIFRAGILE,LE SSERAFIM,4SpbR6yFEvexJuaBpgAU5p,0bMoNdAnxNR0OuQbGDovrr,https://i.scdn.co/image/ab67616d00001e0208afa023781dc4841319f3fc
2026-02-13,kr,South Korea,194,9,ETA,NewJeans,6HvZYsbFfjnjFrWF950C9d,56v8WEnGzLByGsDAXDiv4d,https://i.scdn.co/image/ab67616d00001e020744690248ef3ba7b776ea7b
2026-02-13,kr,South Korea,195,New,아크라포빅 (Akrapovic),hamo,7bQHemX2QBqGaERdrfraNW,3YVcnTV3v6DEFJeAnxGTBj,https://i.scdn.co/image/ab67616d00001e02627a75fc4d9bfa9bc45a8b58
2026-02-13,kr,South Korea,196,Re-Entry,Mondegreen,데이먼스 이어 Damons year,2T5KKZuEEudb7alCJ1pCus,7wEmOuZxqVJDPvArxyaSBw,https://i.scdn.co/image/ab67616d00001e022ccf9a26b8f8970e5bd0081d
2026-02-13,kr,South Korea,197,1,APT.,ROSÉ; Bruno Mars,3eVa5w3URK5duf6eyVDbu9; 0du5cEVh5yTK9QJze8zA0C,4wJ5Qq0jBN4ajy7ouZIV1c,https://i.scdn.co/image/ab67616d00001e027be65ce6672ed7e5aac6e966
2026-02-13,kr,South Korea,198,36,Countdown!,TWS,4GgBKgxhc649frZDHcXIEz,0ti0CEUPplsI7AZDyexrXy,https://i.scdn.co/image/ab67616d00001e02fe2167d82b7ecd1e123eeed8
2026-02-13,kr,South Korea,199,8,Daydream,WENDY,0FRUZvZNPzM3YJMABJxf2K,5EzhW71tVR5Rad6TdvdYKq,https://i.scdn.co/image/ab67616d00001e025843a249f88fed1b0ef716e1
2026-02-13,kr,South Korea,200,Re-Entry,Counting Stars,OneRepublic,5Pwc4xIPtQLFEnJriah9YJ,2tpWsVSb9UEmDRxAl1zhX1,https://i.scdn.co/image/ab67616d00001e029e2f95ae77cf436017ada9cb
2026-02-13,vn,Vietnam,1,–,Seven (feat. Latto) (Explicit Ver.),Jung Kook; Latto,6HaGTQPmzraVmaVxvz6EUc; 3MdXrJWsbVzdn6fe5JYkSQ,2HRgqmZQC0MC7GeNuDIXHN,https://i.scdn.co/image/ab67616d00001e02741fd4807f442af3f7359316
2026-02-13,vn,Vietnam,2,–,In Love,Low G; JustaTee,6TITnFVRcl0AcZ4syE7Toe; 3rjcQ5VIWCN4q7UFetzdeO,7uUuftbcr94tzGOCJSM25u,https://i.scdn.co/image/ab67616d00001e0223cf61113b6f831989e68725
2026-02-13,vn,Vietnam,3,1,Không Buông,Hngle; Ari,7kBsX15IDun9YxuVmKCMYJ; 6cV92JqHZPWNfa7T4oAvR9,1ApIGNgp1azc0qB61x4GzG,https://i.scdn.co/image/ab67616d00001e028e2436033be92c06e4afee32
2026-02-13,vn,Vietnam,4,1,Ai Ngoài Anh,VSTRA; Tyronee,2aMo0CYbTieTisS0BlWc59; 04xz9bIBYTIqEpmRvQkfvu,6GM4ZOBDcDroldUxI8GZ2B,https://i.scdn.co/image/ab67616d00001e021e3ae4d328b0937f13e52c9f
2026-02-13,vn,Vietnam,5,–,Người Đầu Tiên,Juky San; buitruonglinh,51wGpVg4Z3lv1IjuZAQjXn; 7Cp2hGcriAaDUAWpXnSEwm,5DB1UwivnS4gmcZ27TiYnE,https://i.scdn.co/image/ab67616d00001e029b8f9d96ac892ebf1ad3cc56
2026-02-13,vn,Vietnam,6,1,Exit Sign,HIEUTHUHAI; marzuz,5HZtdKfC4xU0wvhEyYDWiY; 3y6Lfjkrdn5TgkbgDxbpvM,4nXrVH5xwN1w6TpmP7uu8n,https://i.scdn.co/image/ab67616d00001e02c006b0181a3846c1c63e178f
2026-02-13,vn,Vietnam,7,2,chẳng phải tình đầu sao đau đến thế,MIN; Dangrangto; antransax,0IdAjS2LRieBR3gzoazdAw; 5xY6E5PMZNtz9jDvxTRiGI; 3E3VtUZsU5Ci439SjOdCd0,3T7XHOdRcyhKU3QCB6kZG3,https://i.scdn.co/image/ab67616d00001e02e1b3669f2b8eba5bb7b10b3b
2026-02-13,vn,Vietnam,8,2,Không Thời Gian,Dương Domic,4KPyQxL1zqEiBcTwW6c9HE,6GUKRhIsWxA7VuZW8MKQLG,https://i.scdn.co/image/ab67616d00001e02d7c28617d440ee3430c5bf48
2026-02-13,vn,Vietnam,9,2,bình yên,Vũ.; Binz,57g2v7gJZepcwsuwssIfZs; 2nSO7JYDbJrYbJmP39qUzj,41DlPJXKTCypXdf2eSqa03,https://i.scdn.co/image/ab67616d00001e026f76636916ae7d5d930b1656
2026-02-13,vn,Vietnam,10,–,Âm Thầm Bên Em,Sơn Tùng M-TP,5dfZ5uSmzR7VQK0udbAVpf,2wZAvkgiOE5tyrnqhB69KA,https://i.scdn.co/image/ab67616d00001e02794744c57c9f35db88249842
2026-02-13,vn,Vietnam,11,7,Wrong Times,Puppy; Dangrangto,2dC1IBU9NOD9xsQJ5RE7j7; 5xY6E5PMZNtz9jDvxTRiGI,3uT8QfoX0BE8ZJa4h98LDW,https://i.scdn.co/image/ab67616d00001e02566178ff844ca2b57f959374
2026-02-13,vn,Vietnam,12,4,Và Thế Giới Đã Mất Đi Một Người Cô Đơn,marzuz; Changg,3y6Lfjkrdn5TgkbgDxbpvM; 1nX1HVIUo1Zfs3e2v3lFb9,6Qwl74olNi1rl65FNxG5We,https://i.scdn.co/image/ab67616d00001e02634fee188263a0d6bd8d822d
2026-02-13,vn,Vietnam,13,1,vạn vật như muốn ta bên nhau,RIO,4dH6uW4FU977FDuTcCHGUf,5WkuMbkHX7yR7nnBKCn7tV,https://i.scdn.co/image/ab67616d00001e02ef562e96cb05a6238204e15f
2026-02-13,vn,Vietnam,14,182,"Mention Me - From The Movie ""GOAT""",CORTIS,1ebt9HnXdyYA6KgLXr1n4P,3f0OEJd7mlPNhmH3fUOrqy,https://i.scdn.co/image/ab67616d00001e0212fbc981d094ef600fd0cb42
2026-02-13,vn,Vietnam,15,6,Phép Màu - Đàn Cá Gỗ Original Soundtrack,MAYDAYs; Minh Tốc & Lam,2iYUs3FoNodbZXKf4mkjGM; 27RoKwun6jKycKbH2iYUFU,1DVYafsLmcQySKkJnY4RCs,https://i.scdn.co/image/ab67616d00001e02c51258e41841d5b0365054e7
2026-02-13,vn,Vietnam,16,3,Không Thể Say,HIEUTHUHAI,5HZtdKfC4xU0wvhEyYDWiY,1K0HQ30Wc11okzlcnFA7Ub,https://i.scdn.co/image/ab67616d00001e02c006b0181a3846c1c63e178f
2026-02-13,vn,Vietnam,17,11,Đi Về Nhà,Đen; JustaTee,1LEtM3AleYg1xabW6CRkpi; 3rjcQ5VIWCN4q7UFetzdeO,7LVrrX8pkzI9fMF88nGabt,https://i.scdn.co/image/ab67616d00001e022a8efe3bfa6a605fcf863237
2026-02-13,vn,Vietnam,18,4,Nắng có mang em về,Shartnuss; Phankeo; Tr.D,2BoU3GzyaG397l5ci1twa9; 2rv0GwxSEWKhz54nLluNhK; 6jiITlNS4hrm3dq90ZDftJ,6kCU6i8iRrAAmJJ8Sj4JYC,https://i.scdn.co/image/ab67616d00001e029e8842387d1017cf5581c4cc
2026-02-13,vn,Vietnam,19,4,Mơ,Vũ Cát Tường,7yquVKfxBuNFJbG9cy2R8A,2a5hng9yXtbjtTVVm9UviC,https://i.scdn.co/image/ab67616d00001e028b40ad72aa86e76099297d7b
2026-02-13,vn,Vietnam,20,9,DANCING IN THE DARK,SOOBIN,6CGGvCBHWqQ4HXtn5aLhbh,3x7Hh3zsE1wcXCU2G8l5tP,https://i.scdn.co/image/ab67616d00001e026633cc43560566dbdaa38d99
2026-02-13,vn,Vietnam,21,4,Pin Dự Phòng,Dương Domic; Lou Hoàng,4KPyQxL1zqEiBcTwW6c9HE; 75Ki5hBCOpDtKGoFyTvLxP,29Tj2R8sZZ3fzlXZVe1OyY,https://i.scdn.co/image/ab67616d00001e02f2e33afbb2d8b486c1c98aa3
2026-02-13,vn,Vietnam,22,10,Nếu Ngày Ấy,SOOBIN,6CGGvCBHWqQ4HXtn5aLhbh,4BdB08vuS9r4HOoY7GkAxT,https://i.scdn.co/image/ab67616d00001e0294bae292aed83118570ea86a
2026-02-13,vn,Vietnam,23,3,Một Năm Mới Bình An,Sơn Tùng M-TP,5dfZ5uSmzR7VQK0udbAVpf,7ESH2ntyD5Bb1XckoJU554,https://i.scdn.co/image/ab67616d00001e02794744c57c9f35db88249842
2026-02-13,vn,Vietnam,24,8,Standing Next to You,Jung Kook,6HaGTQPmzraVmaVxvz6EUc,2KslE17cAJNHTsI2MI0jb2,https://i.scdn.co/image/ab67616d00001e02741fd4807f442af3f7359316
2026-02-13,vn,Vietnam,25,–,Mất Kết Nối,Dương Domic,4KPyQxL1zqEiBcTwW6c9HE,3CmacJj7VC4W6daC8BWd0h,https://i.scdn.co/image/ab67616d00001e02f2e33afbb2d8b486c1c98aa3
2026-02-13,vn,Vietnam,26,4,Hẹn Lần Sau,MAYDAYs,2iYUs3FoNodbZXKf4mkjGM,1r9gNSD1WUFscqTSA2Rcet,https://i.scdn.co/image/ab67616d00001e02304b7adea4c0e548121784e6
2026-02-13,vn,Vietnam,27,3,một đời,14 Casper; Bon Nghiêm; buitruonglinh,0zo8kCJVktn7oPnzpkbC2p; 6hnfLIkvDl6pjlAe1YRGXY; 7Cp2hGcriAaDUAWpXnSEwm,4gaxEUZE4z9pJAVTSFwgQI,https://i.scdn.co/image/ab67616d00001e0270cb943c9a67b7eda3414366
2026-02-13,vn,Vietnam,28,1,Chuyện Đôi Ta (feat. Muộii),Emcee L (Da LAB); Da LAB; Muộii (Starry Night),4bPYvyUn1mWwUwIW57oST2; 6zUWZmyi5MLOEynQ5wCI5f; 1Tdy7LZnrufTyuEbgDi1D8,4CUvVaAYuXtvYURLFz7EIL,https://i.scdn.co/image/ab67616d00001e02a400211178f6d590d875f2da
2026-02-13,vn,Vietnam,29,2,Winter Ahead (with PARK HYO SHIN),V; Park Hyo Shin,3JsHnjpbhX4SnySpvpa9DK; 57htMBtzpppc1yoXgjbslj,7G7mSV4BebkoHWwKTDvXu9,https://i.scdn.co/image/ab67616d00001e0216ba2a3622bd0d0d985e3234
2026-02-13,vn,Vietnam,30,11,Thu Đợi,Wren Evans; itsnk,5M3ffmRiOX9Q8Y4jNeR5wu; 0hy8mfXxfD8kQ6MRQkDVrn,65st6HfPZyxq1RNTvqSIos,https://i.scdn.co/image/ab67616d00001e02bbbeacf07777727cc381797b
2026-02-13,vn,Vietnam,31,8,Từng Ngày Yêu Em,buitruonglinh,7Cp2hGcriAaDUAWpXnSEwm,3Ids3RXurYBgySph53qWnB,https://i.scdn.co/image/ab67616d00001e02fe0cbef064f18008462d29ef
2026-02-13,vn,Vietnam,32,2,Không Yêu Em Thì Yêu Ai?,Vũ.; Low G,57g2v7gJZepcwsuwssIfZs; 6TITnFVRcl0AcZ4syE7Toe,0e6fZkLArSmDIHnZcIua7t,https://i.scdn.co/image/ab67616d00001e026f76636916ae7d5d930b1656
2026-02-13,vn,Vietnam,33,9,một bài hát không vui mấy - Extended Version,T.R.I; Dangrangto; DONAL,2rVYwIYNEsMxtt8j5yemHb; 5xY6E5PMZNtz9jDvxTRiGI; 3rSAej8VUifF02zpsGjsRZ,36fgG6NiEuQXznNgf5y2Ck,https://i.scdn.co/image/ab67616d00001e02be28c7163d45474004d49b9d
2026-02-13,vn,Vietnam,34,4,Nơi Này Có Anh,Sơn Tùng M-TP,5dfZ5uSmzR7VQK0udbAVpf,5rSAUmbOg4giDrM29vUyHe,https://i.scdn.co/image/ab67616d00001e02794744c57c9f35db88249842
2026-02-13,vn,Vietnam,35,15,Vạn Sự Như Ý,Trúc Nhân,1dmaHHd1Xbd85cT1egYb4w,1HIGvBEkqODXGfmfK3eJgc,https://i.scdn.co/image/ab67616d00001e02b82ad1a4270c3f5ffd65ae83
2026-02-13,vn,Vietnam,36,4,vết thương,Fishy,7kSmS2G15QIw8rllwGex9r,6mKMGpkgP2cH5gmqILWe7b,https://i.scdn.co/image/ab67616d00001e02cb2a3066584a339e09508520
2026-02-13,vn,Vietnam,37,2,Dạo Này,Obito,0ZbgKh0FgPYeFP38nVaEGp,4MCP9l0QB9YN2LCkIy8mz4,https://i.scdn.co/image/ab67616d00001e025ec4c60ff0fc01236d2653b0
2026-02-13,vn,Vietnam,38,15,Nếu Những Tiếc Nuối,Vũ.,57g2v7gJZepcwsuwssIfZs,2dPJtlvoa3GDowCh035M8P,https://i.scdn.co/image/ab67616d00001e026f76636916ae7d5d930b1656
2026-02-13,vn,Vietnam,39,4,2AM,JustaTee; BigDaddy,2ZN2K5xz3BDmfWYaA5dgce; 3Tehj7YghQc7zH0I1faGc6,3DLtPObflLQBodZN8qGODT,https://i.scdn.co/image/ab67616d00001e020b97a73cab024885e9819a9e
2026-02-13,vn,Vietnam,40,14,Có Em,Madihu; Low G,1OIYKbmhG0RxPXvVPNj3NN; 6TITnFVRcl0AcZ4syE7Toe,6Hs2xIgB8nzyGFDvVA8lFa,https://i.scdn.co/image/ab67616d00001e02556e7b75fb148c696f99a709
2026-02-13,vn,Vietnam,41,5,Buông Đôi Tay Nhau Ra,Sơn Tùng M-TP,5dfZ5uSmzR7VQK0udbAVpf,3P3rcI48wwVEgxF5vPM6pG,https://i.scdn.co/image/ab67616d00001e02794744c57c9f35db88249842
2026-02-13,vn,Vietnam,42,7,Có Đôi Điều,Shiki,3hRnvEdu1iPyB6EzMBbuZq,2Pwou3Q2Cf59RxdX2V6MgV,https://i.scdn.co/image/ab67616d00001e023d8f5ef4ca6a5d6a22af538a
2026-02-13,vn,Vietnam,43,6,Hôm Nay Tôi Buồn,Phùng Khánh Linh,23Gbd21nBxC1kCtcG2Cd0C,5SzJs9cwYXdSm9G3xcXuA2,https://i.scdn.co/image/ab67616d00001e029cbfe886d191c4c06a132cab
2026-02-13,vn,Vietnam,44,3,Thức Giấc,Da LAB,6zUWZmyi5MLOEynQ5wCI5f,1MiJk3dXC5jzhvLFP0dUM7,https://i.scdn.co/image/ab67616d00001e02fea8333dc89ceb644766ab5b
2026-02-13,vn,Vietnam,45,10,Vì Anh Đâu Có Biết,Madihu; Vũ.,1OIYKbmhG0RxPXvVPNj3NN; 57g2v7gJZepcwsuwssIfZs,6VXVYATpQXEIoZ97NnWCmn,https://i.scdn.co/image/ab67616d00001e022461003df8139247949c8a9d
2026-02-13,vn,Vietnam,46,3,CHỜ ANH VỀ,"ANH TRAI ""SAY HI""; B Ray; AMEE",4wZ6awunqaaVLl5j0WpDFu; 1WvNgEoB66jmHodcj15Zi9; 2aQnC3DbZB9GbauvhAw7ve,7dlgEjrK3lHbP786dshKDV,https://i.scdn.co/image/ab67616d00001e02d007ad7672148e02d222d1b3
2026-02-13,vn,Vietnam,47,14,Bạn Đời,Karik; GDucky,2Bwp23pD4UVsSkchHDZw4F; 3T3DOlgOEkr243zdzFCrXW,0fGJiHH6xSUJU1MAVjxq5m,https://i.scdn.co/image/ab67616d00001e02b37fa6ada1fe1a79194db5a0
2026-02-13,vn,Vietnam,48,3,Ngàn Năm Ánh Sáng,Đặng Vĩnh Thịnh; BMZ; Nguyễn Trung Đức,5HoKHEC3OTaMgMDnCqc00B; 3euFcFd5Dc7JAz6t7oKg7m; 0AOAMHZgHaxM71om8IDGsv,4nyoalDFgUaZOzIKqj3aS5,https://i.scdn.co/image/ab67616d00001e023208189a3af9c86777447120
2026-02-13,vn,Vietnam,49,15,Anh Đã Không Biết Cách Yêu Em,Quang Đăng Trần,2LX2SKJhvZjyH4Z7XMptjd,1hPbWyZnUPaeAWbOSKwkXJ,https://i.scdn.co/image/ab67616d00001e02b6dfaf73fca0fe1ca7461d80
2026-02-13,vn,Vietnam,50,4,Hôn Lễ Của Em,Trọng Nhân; Tiểu Mỹ,4ZDUs7kEZVy7Cggu2wpRcs; 2dhE3KbB4xe7Kxc0OJZg51,1U84HVkHzJ6yU9AUplQCr5,https://i.scdn.co/image/ab67616d00001e02125cc0b77e36a9dcdaf68a78
2026-02-13,vn,Vietnam,51,6,giá như,SOOBIN,6CGGvCBHWqQ4HXtn5aLhbh,58ZlEBxBrzISXtmcOPo476,https://i.scdn.co/image/ab67616d00001e026633cc43560566dbdaa38d99
2026-02-13,vn,Vietnam,52,8,ANH LÀ THẰNG TỒI,Phùng Khánh Linh,23Gbd21nBxC1kCtcG2Cd0C,6GPcbZOX4h9MWert6xWpYw,https://i.scdn.co/image/ab67616d00001e02a849807eefddbac39873a784
2026-02-13,vn,Vietnam,53,11,Thằng Điên,JustaTee; Phương Ly,3rjcQ5VIWCN4q7UFetzdeO; 5Kh0ta0UY4uJ4g2CIdq9V9,27Z9T0mSWHYWSj9SNOGvyt,https://i.scdn.co/image/ab67616d00001e0202dc41ad81138aa3c53d2b98
2026-02-13,vn,Vietnam,54,6,Chất Gây Hại,Quang Hùng MasterD; Low G; Hino,0slOzRzTQb1RBBVJbvRITP; 6TITnFVRcl0AcZ4syE7Toe; 46eYlws2VfnJJsyPk4cP7o,1i5SZL7Ngz0sYFaKmwieyw,https://i.scdn.co/image/ab67616d00001e0248cadfa28b4233ce0550d9bc
2026-02-13,vn,Vietnam,55,4,Hư không,Kha,6tWaQSIL7reD85PKStNk28,3A9A7mfVDVm3rrS9SMGhg5,https://i.scdn.co/image/ab67616d00001e02854f9dc6ca88195136270b7c
2026-02-13,vn,Vietnam,56,4,Tràn Bộ Nhớ,Dương Domic,4KPyQxL1zqEiBcTwW6c9HE,0669gFIK8dYK9GGQ0K0QNF,https://i.scdn.co/image/ab67616d00001e02f2e33afbb2d8b486c1c98aa3
2026-02-13,vn,Vietnam,57,16,Tết Đong Đầy,KHOA,4mVk10ulshxfn0yRO491IE,6rItqwUSp2mVQ6AiXFb7ly,https://i.scdn.co/image/ab67616d00001e027472df8f1ad4a8b13d9ac539
2026-02-13,vn,Vietnam,58,–,Vết Mưa,Vũ Cát Tường,7yquVKfxBuNFJbG9cy2R8A,5cn5oHiXJTLiuthgbgfkMh,https://i.scdn.co/image/ab67616d00001e024992bf290fe8c9f82a0e66e4
2026-02-13,vn,Vietnam,59,4,thế giới của anh,Dangrangto; DONAL,5xY6E5PMZNtz9jDvxTRiGI; 3rSAej8VUifF02zpsGjsRZ,6TGwaBlfUGVoeZMBLzvXGP,https://i.scdn.co/image/ab67616d00001e021ebf29af848d1d40146bdb98
2026-02-13,vn,Vietnam,60,24,Bầu Trời Mới,Da LAB; Minh Tốc & Lam,6zUWZmyi5MLOEynQ5wCI5f; 27RoKwun6jKycKbH2iYUFU,7fCeYpR02Q8JVuD88hJZVT,https://i.scdn.co/image/ab67616d00001e0264eefeaaf062b7fdf9f7e6a0
2026-02-13,vn,Vietnam,61,14,SỚM MUỘN THÌ,"ANH TRAI ""SAY HI""; Hustlang Robber; Nhâm Phương Nam; Mason Nguyen; Jaysonlei; Khoi Vu; LAMOON",4wZ6awunqaaVLl5j0WpDFu; 3JWIaDWHJq11w1xPqJStEv; 4usb4zmoHVcrvPPHHkKYaV; 39UJlviUwzZGZrA8DiQy31; 5BQgZQPuGImYR5xgbytUKg; 71Cy7nzbfpuGJAS5FGxm93; 5kT9ftAJylK1roRMcdcsw2,4yy21UkGZ7gZEGbSERllpE,https://i.scdn.co/image/ab67616d00001e028dce2f1d6bf6de5a8af34cce
2026-02-13,vn,Vietnam,62,1,1000 Ánh Mắt,Shiki; Obito,3hRnvEdu1iPyB6EzMBbuZq; 0ZbgKh0FgPYeFP38nVaEGp,5XfGQZA0ioQAWUjlyJRcHc,https://i.scdn.co/image/ab67616d00001e023d8f5ef4ca6a5d6a22af538a
2026-02-13,vn,Vietnam,63,19,Đã Lỡ Yêu Em Nhiều,JustaTee,3rjcQ5VIWCN4q7UFetzdeO,3J3nv18iIrOhca1ZWNeuyW,https://i.scdn.co/image/ab67616d00001e02636bd3e9f31e1ea1e7bb389e
2026-02-13,vn,Vietnam,64,2,Giờ Thì,buitruonglinh,7Cp2hGcriAaDUAWpXnSEwm,7mblTCdc14ylJ1JW71MODb,https://i.scdn.co/image/ab67616d00001e02fe0cbef064f18008462d29ef
2026-02-13,vn,Vietnam,65,12,Love is,Dangrangto,5xY6E5PMZNtz9jDvxTRiGI,226ljdOTLM2clGpm4mZvAm,https://i.scdn.co/image/ab67616d00001e026ffd808cd4a0e3347ba6131e
2026-02-13,vn,Vietnam,66,29,Nếu Biết Đó Là Lần Cuối,Đức Trường; BMZ,4R2engiAed6QeIV63PDAz0; 3euFcFd5Dc7JAz6t7oKg7m,2w7jOvl0kpplNxisgfnCdT,https://i.scdn.co/image/ab67616d00001e02b667917dd1a458f91d15b146
2026-02-13,vn,Vietnam,67,8,Sinh Ra Đã Là Thứ Đối Lập Nhau (feat. Badbies),Emcee L (Da LAB); Da LAB; Badbies,4bPYvyUn1mWwUwIW57oST2; 6zUWZmyi5MLOEynQ5wCI5f; 2ZjO6APYelcHcLd2pWMx8x,5BTzf3doGTigDIYUFtbkI9,https://i.scdn.co/image/ab67616d00001e02d6ebd978c7c460eaf3f75f85
2026-02-13,vn,Vietnam,68,12,Nói Dối,Ronboogz,0dBcEvEklr1jx4uZuhFX5e,3ET3xHCLMGd57u06A9RjJ0,https://i.scdn.co/image/ab67616d00001e026839560afdf58d075d3229bb
2026-02-13,vn,Vietnam,69,4,Vùng An Toàn,B Ray; V#,1WvNgEoB66jmHodcj15Zi9; 3XevJv2rTKu5WYtD0LW6om,6Zoi4ue74UdUeYmHXItXnf,https://i.scdn.co/image/ab67616d00001e024e1566cecfa3c836f48f80f6
2026-02-13,vn,Vietnam,70,23,Tình Mình Lạ Kì,Lil Zpoet,0T8DkuhhFhdWAMN0bdeLL7,3VkV6L37ub0rtuYQoawAqz,https://i.scdn.co/image/ab67616d00001e02921051f4f50a3d20946afb16
2026-02-13,vn,Vietnam,71,–,10 Ngàn Năm,PC,3HD3V1nGFPwepBO7064Ij0,2pm7K14nHj2fLrpU8j9bit,https://i.scdn.co/image/ab67616d00001e0273af43a330332f0ad89d160b
2026-02-13,vn,Vietnam,72,4,Trở Về,Wxrdie; JustaTee,1Jmkhzve9TuXHUUWGmpANw; 3rjcQ5VIWCN4q7UFetzdeO,0oL2jCTf9P9a7flY5mCpYu,https://i.scdn.co/image/ab67616d00001e02f3b9c8061be9fc0bdebad64e
2026-02-13,vn,Vietnam,73,15,Đánh Đổi,Obito; Shiki; RPT MCK,0ZbgKh0FgPYeFP38nVaEGp; 3hRnvEdu1iPyB6EzMBbuZq; 1zSv9qZANOWB4HRE8sxeTL,1UQNU5O9VttUgO16pxUnjw,https://i.scdn.co/image/ab67616d00001e0292824dc99ef88e1bd6d79904
2026-02-13,vn,Vietnam,74,8,Ordinary,Alex Warren,0fTSzq9jAh4c36UVb4V7CB,2RkZ5LkEzeHGRsmDqKwmaJ,https://i.scdn.co/image/ab67616d00001e028d18d73bbfc8985d52865edf
2026-02-13,vn,Vietnam,75,7,hello em có khỏe không,Dfoxie37; myhoa; Tuann,4zg9WrDAFl1dGh2eSWLnOG; 2zosA3SHMUhpmKTmsfTANv; 0gyjtTN7dfUe59UT0a0fKR,25NLn8W1JxuVrXQTVrDA4c,https://i.scdn.co/image/ab67616d00001e029c066fabb8afc9943e042b77
2026-02-13,vn,Vietnam,76,73,Nghe kể năm 90s,Ân ngờ; Suzie MK; Zer Nguyễn,3Myoe574gxIKLU5bKqjkFk; 2Jk4p7LgyfgScSMChOC9Pp; 62WhadRyBmRJO56wP9oyPz,0bAmqokpYHnFWAHpzqDOxB,https://i.scdn.co/image/ab67616d00001e029e2926d23d5cfef4eedad2b9
2026-02-13,vn,Vietnam,77,23,"ex's hate me, Pt.2",AMEE,2aQnC3DbZB9GbauvhAw7ve,5tdz7T4hTxA1ipJMBe24uX,https://i.scdn.co/image/ab67616d00001e02819219f4ea0ad1e11cb78411
2026-02-13,vn,Vietnam,78,11,Anh Muốn Nhìn Thấy Em,The Wind; Dangrangto,5mPRDRL2rclNaPJXOg56Jy; 5xY6E5PMZNtz9jDvxTRiGI,5VGOYjxkEaf19LoRPIolD2,https://i.scdn.co/image/ab67616d00001e0291db5c2d5e551d1bb085b20c
2026-02-13,vn,Vietnam,79,5,Đi Để Trở Về,SOOBIN,6CGGvCBHWqQ4HXtn5aLhbh,2qc4FFBylFT5YhvMJMX50R,https://i.scdn.co/image/ab67616d00001e0226259b2434afe2ee9808900a
2026-02-13,vn,Vietnam,80,–,Cho Mình Em,Binz; Đen,2nSO7JYDbJrYbJmP39qUzj; 1HMF5R4KSzEMxB54ihlOdj,51bYFYWODfYOZU0rwvjiCc,https://i.scdn.co/image/ab67616d00001e02b68fa08bdfd02ca2b6a044a3
2026-02-13,vn,Vietnam,81,11,PHÓNG ZÌN ZÌN,tlinh; Low G,3diftVOq7aEIebXKkC34oR; 6TITnFVRcl0AcZ4syE7Toe,3COYA2vgfcUhDyRlVpZy5p,https://i.scdn.co/image/ab67616d00001e02d7d3c1abbc451131fa7523e8
2026-02-13,vn,Vietnam,82,3,Hà Nội,Obito; Shiki; VSTRA,0ZbgKh0FgPYeFP38nVaEGp; 3hRnvEdu1iPyB6EzMBbuZq; 2aMo0CYbTieTisS0BlWc59,5PGh9MyKry8slG5AfvD1eD,https://i.scdn.co/image/ab67616d00001e0292824dc99ef88e1bd6d79904
2026-02-13,vn,Vietnam,83,3,Đừng Làm Trái Tim Anh Đau,Sơn Tùng M-TP,5dfZ5uSmzR7VQK0udbAVpf,31VNCmwspR7nVJ6kruUuJt,https://i.scdn.co/image/ab67616d00001e02a1bc26cdd8eecd89da3adc39
2026-02-13,vn,Vietnam,84,15,KHÔNG ĐAU NỮA RỒI,"EM XINH ""SAY HI""; Orange; Mỹ Mỹ; 52Hz; Châu Bùi; Pháp Kiều",1I5CkmtLVWLUygTT3cLr5X; 5lAfakPZgxFKgiJD6xAF1G; 21trGUfOb8qkRjI4EyF1qm; 1y28JlO6rDMUB5rkcA4RAh; 6mKDR6IdsyqRp38x1uigAR; 13c4ijEkXNvEFoxGxwp5Su,1uiqiUzPn2EJpvHDy84PEZ,https://i.scdn.co/image/ab67616d00001e02d0b9c144f3a1db73f1b677dc
2026-02-13,vn,Vietnam,85,18,Anh Đã Quen Với Cô Đơn,SOOBIN,6CGGvCBHWqQ4HXtn5aLhbh,39KWnPNEvbXt423CzjvBfA,https://i.scdn.co/image/ab67616d00001e022922307c16bb852a0849bea0
2026-02-13,vn,Vietnam,86,7,NGƯỜI NHƯ ANH XỨNG ĐÁNG CÔ ĐƠN,"ANH TRAI ""SAY HI""; Vũ Cát Tường; Karik; Negav; Ngô Kiến Huy; Jey B",4wZ6awunqaaVLl5j0WpDFu; 7yquVKfxBuNFJbG9cy2R8A; 2Bwp23pD4UVsSkchHDZw4F; 4fg8aMZ23d2bxKz7r2vt9v; 7at0gkjCnhOBrxwQlJPJ4s; 4nxHXVJhEDW8IBb2oUwWxA,5u5AsK8JLgkr154QHZjJqh,https://i.scdn.co/image/ab67616d00001e02d33346ad3d2ae52cb3427f4b
2026-02-13,vn,Vietnam,87,11,Chúng Ta Của Hiện Tại,Sơn Tùng M-TP,5dfZ5uSmzR7VQK0udbAVpf,1J3SmWwlYAG68LGKr86MVH,https://i.scdn.co/image/ab67616d00001e022cd9649ea111a552283f0165
2026-02-13,vn,Vietnam,88,18,nhắn nhủ,Ronboogz,0dBcEvEklr1jx4uZuhFX5e,2uZmeuNAxSm7XfVIwLkhCx,https://i.scdn.co/image/ab67616d00001e0284942e474336017c5bd1f90e
2026-02-13,vn,Vietnam,89,28,Lễ Đường,Kai Đinh,3E6LGptA8lBEXPHAQCE3vr,3y66li7DIrH7HLKIZzxR5H,https://i.scdn.co/image/ab67616d00001e02312aebc924ae317397fdcff5
2026-02-13,vn,Vietnam,90,1,vaicaunoicokhiennguoithaydoi,GREY D; tlinh,6d0dLenjy5CnR5ZMn2agiV; 3diftVOq7aEIebXKkC34oR,25h0TqC9H3BcMA7KjK5nHK,https://i.scdn.co/image/ab67616d00001e0294df376aa7f0890380ea4688
2026-02-13,vn,Vietnam,91,21,Bông Hoa Đẹp Nhất,Quân A.P,2NRcG7E1j2sSi8vnUzCcpi,4TyQKEifYDWTfTSRwpxlYI,https://i.scdn.co/image/ab67616d00001e025a0419100f999929e19c6ca7
2026-02-13,vn,Vietnam,92,35,Simp Gái 808,Low G,6TITnFVRcl0AcZ4syE7Toe,2ppLwHSMgDGEQ5c8o6nAX2,https://i.scdn.co/image/ab67616d00001e021d66c4676b09e84c90333a14
2026-02-13,vn,Vietnam,93,3,Tháng Năm,SOOBIN,6CGGvCBHWqQ4HXtn5aLhbh,0SmQ0UWeiHKQtxUej4Rem6,https://i.scdn.co/image/ab67616d00001e0287804726f6db818095a40a86
2026-02-13,vn,Vietnam,94,60,Đáng Lý Ra Phải Là Anh,Đức Trường; BMZ; Kun,4R2engiAed6QeIV63PDAz0; 3euFcFd5Dc7JAz6t7oKg7m; 0Wk1HnqgITK5L6UIR6h3pM,7HoAJ6Hc1P91eoOrn1WY5d,https://i.scdn.co/image/ab67616d00001e0282b5e415d9fda695d6d59738
2026-02-13,vn,Vietnam,95,20,Ngày Này Năm Ấy,Việt Anh,0cf0oidLIQoNhGTp0SHzhU,2pBZoglJzsRk4UeVey8n0k,https://i.scdn.co/image/ab67616d00001e02aeae15f8ddb16be02e781e51
2026-02-13,vn,Vietnam,96,10,Còn Gì Đẹp Hơn - Mưa Đỏ Original Soundtrack,Nguyễn Hùng,7oxw8G3qB7DwjCs18JWJt5,5zXCoF69UxPNLrpar8Rk7e,https://i.scdn.co/image/ab67616d00001e025afaa04ceef4392c7fae8db4
2026-02-13,vn,Vietnam,97,12,漫步香港1999,白浩贤BlueC,07RSJfIHVWCe4SnFciwbmv,4D1eaEIisnWCVPMnYuMh7q,https://i.scdn.co/image/ab67616d00001e02dc91f08afd307aac02c27dd0
2026-02-13,vn,Vietnam,98,16,nếu lúc đó,tlinh; 2Pillz,3diftVOq7aEIebXKkC34oR; 0XtC2d9ZVigYA7iMy5YkW0,5ouxRyInSdRBQubu3KTd97,https://i.scdn.co/image/ab67616d00001e02484c56addba0e4dad8be48c9
2026-02-13,vn,Vietnam,99,24,Ghé Qua,PC; Dick; tofutns,3HD3V1nGFPwepBO7064Ij0; 1tikl40deDgJWS57GTKiVh; 0Ux2qIQbEeqvv7uYLgHhDH,6Q2oEdOhRjZ1DTv2a7j0lN,https://i.scdn.co/image/ab67616d00001e02acf81fac104612777326b0cf
2026-02-13,vn,Vietnam,100,28,Sài Gòn Hôm Nay Mưa,JSOL; Hoàng Duyên,6EybZ5zwPNEtEngfrEMevN; 3LbBKYlyMaATS8IIe7HJ0d,1xoadYaxtOp9gHDwgmPDuz,https://i.scdn.co/image/ab67616d00001e025436229d006af6580dfee6bc
2026-02-13,vn,Vietnam,101,23,Hẹn Gặp Em Dưới Ánh Trăng,MANBO; HIEUTHUHAI; HURRYKNG,2rKtPYcwYmevNcaqzJOwvf; 5HZtdKfC4xU0wvhEyYDWiY; 5ulyphh5uJrH4Gb1JpSMkV,0s7RyyUlQfd8mnnboHe18n,https://i.scdn.co/image/ab67616d00001e0203828121665d8419f71f6499
2026-02-13,vn,Vietnam,102,8,Perfect,Shiki; Tyronee,3hRnvEdu1iPyB6EzMBbuZq; 04xz9bIBYTIqEpmRvQkfvu,2FnXZhpEKgIab8vI6t2C7e,https://i.scdn.co/image/ab67616d00001e023d8f5ef4ca6a5d6a22af538a
2026-02-13,vn,Vietnam,103,20,Anh Là Ai,Phương Ly,5Kh0ta0UY4uJ4g2CIdq9V9,3gLRyMbg5nWLcuKD46Uz72,https://i.scdn.co/image/ab67616d00001e02ed4d44c4f824776af51829d1
2026-02-13,vn,Vietnam,104,4,An Thần,Low G; Thắng,6TITnFVRcl0AcZ4syE7Toe; 1oD9fKbb7qQ2nhn9JJC24F,5C3fx9rdM4Bxf1MSOQC4Ym,https://i.scdn.co/image/ab67616d00001e02c8d355355c2c62b74b0809e4
2026-02-13,vn,Vietnam,105,6,Già Cùng Nhau Là Được,Tùng TeA; PC; TaynguyenSound,2SWNzbf1maA3oR4x56Uv9W; 3HD3V1nGFPwepBO7064Ij0; 5ayWRfrcpObgDDlzheJ2Gr,0jHpGB1Xt2kIX0VaPFvStp,https://i.scdn.co/image/ab67616d00001e0276c10c0497647b0cee2dba35
2026-02-13,vn,Vietnam,106,35,tình yêu chậm trễ,MONSTAR; GREY D; NICKY; VƯƠNG BÌNH,2CLdtsyD2NsTOBBOVr7fi8; 6d0dLenjy5CnR5ZMn2agiV; 006RBJU7ScwRg9eouP4kJw; 351mBX7BjjI2plbfozIzqb,6jcLKVmEKAQIXIVHJZ8vzS,https://i.scdn.co/image/ab67616d00001e029f62ee847bc8904b5c2d2343
2026-02-13,vn,Vietnam,107,–,Em Đừng Khóc,Chillies,2xvW7dgL1640K8exTcRMS4,0JKEP4dB1riE6l7Kq5kJm1,https://i.scdn.co/image/ab67616d00001e02e8a6054b92e9c63bbf5ff205
2026-02-13,vn,Vietnam,108,38,Tết Này Con Sẽ Về,Bùi Công Nam,6oqtpFuvCTISMPeGv6P2sj,3xRwKsEaxuxKtS3n9ZrWJ1,https://i.scdn.co/image/ab67616d00001e024b9c5a7bf082a9003030f135
2026-02-13,vn,Vietnam,109,23,24H,Lyly; Magazine,4POahBr8YCPNKGErIiofyx; 6sMgWEav2BrXWMRmP56oRS,4UC3NBjtqbYcqPqRq1s57D,https://i.scdn.co/image/ab67616d00001e02fa10ce68802568a9f53ecb8a
2026-02-13,vn,Vietnam,110,53,GO!,CORTIS,1ebt9HnXdyYA6KgLXr1n4P,6OWWZtNQORY1McaZmOrwhc,https://i.scdn.co/image/ab67616d00001e024b56a34b0c2b3798fd46f855
2026-02-13,vn,Vietnam,111,32,Năm Qua Đã Làm Gì,Noo Phước Thịnh,3mibIJiduF0MVLLAvHZAxw,0qrgUH54qkfuO49fURaaez,https://i.scdn.co/image/ab67616d00001e02a0687ef8e6cc27e1bcf6457f
2026-02-13,vn,Vietnam,112,45,Bước Qua Mùa Cô Đơn,Vũ.,57g2v7gJZepcwsuwssIfZs,6uxuJ8Fr1AAfSPJUF9N1yr,https://i.scdn.co/image/ab67616d00001e027c2c7660ba4e8060a10fc9c5
2026-02-13,vn,Vietnam,113,11,Em,Binz,2nSO7JYDbJrYbJmP39qUzj,1UhQ0VwKq2PGnLiAZOJYV1,https://i.scdn.co/image/ab67616d00001e029b837a5dd78092c5940f51ff
2026-02-13,vn,Vietnam,114,18,Em Còn Nhớ Anh Không - Remastered,Hoàng Tôn; Koo,6xRZoWlE9twEkMC5NW4Z9f; 19JOXyTbKnSp1QxnKEeXtq,7q1qYSyRkGT4ZaCc2ZQihP,https://i.scdn.co/image/ab67616d00001e020f51ab4082005cad23ea985f
2026-02-13,vn,Vietnam,115,1,Thích Quá Rùi Nà,tlinh; Trung Trần,3diftVOq7aEIebXKkC34oR; 2v14NO80QYditUms7sbEIZ,4qJSUFwZFouto5VZUlln75,https://i.scdn.co/image/ab67616d00001e023b8fccabde0a2d2eb00c16b0
2026-02-13,vn,Vietnam,116,32,Cơn Mưa Cuối,JustaTee; Binz,3rjcQ5VIWCN4q7UFetzdeO; 2nSO7JYDbJrYbJmP39qUzj,6E3P4uOfKHYXJLK6Q3s0Tj,https://i.scdn.co/image/ab67616d00001e0222612841829252b1f3018c2e
2026-02-13,vn,Vietnam,117,25,Những Lời Hứa Bỏ Quên,Vũ.; Dear Jane,57g2v7gJZepcwsuwssIfZs; 6V1SwiosQqf5XvmoTMCGa9,1LJyhnPdYGRLerwJd8CmL1,https://i.scdn.co/image/ab67616d00001e026f76636916ae7d5d930b1656
2026-02-13,vn,Vietnam,118,42,Dù Cho Mai Về Sau,buitruonglinh,7Cp2hGcriAaDUAWpXnSEwm,4Iz5EWPCAT8jYNk4IpLoll,https://i.scdn.co/image/ab67616d00001e02ff2d5a6f74d5141af7a371ea
2026-02-13,vn,Vietnam,119,33,Có Em Chờ,MIN,0IdAjS2LRieBR3gzoazdAw,6KIhgRkprgyJNERRMu7Quh,https://i.scdn.co/image/ab67616d00001e021afa18b0fb9197e45352813a
2026-02-13,vn,Vietnam,120,55,FaSHioN,CORTIS,1ebt9HnXdyYA6KgLXr1n4P,4ecdsGz3Hg6TKPwQ0ZOdJz,https://i.scdn.co/image/ab67616d00001e024b56a34b0c2b3798fd46f855
2026-02-13,vn,Vietnam,121,57,She Neva Knows,JustaTee,3rjcQ5VIWCN4q7UFetzdeO,0NyrI1tMvqcK3vU5z9DMdI,https://i.scdn.co/image/ab67616d00001e023ecc6ca902daf3617c75d336
2026-02-13,vn,Vietnam,122,16,EM ĐAU,Phùng Khánh Linh; Thành Luke,23Gbd21nBxC1kCtcG2Cd0C; 4s1DRFQAYnDvXmKYFBUcYa,317Lh6QCAz9JpWbV3oxrCf,https://i.scdn.co/image/ab67616d00001e02a849807eefddbac39873a784
2026-02-13,vn,Vietnam,123,28,Từng Quen,Wren Evans; itsnk,5M3ffmRiOX9Q8Y4jNeR5wu; 0hy8mfXxfD8kQ6MRQkDVrn,4qYfRfSxsmhJ1WMaywtLyI,https://i.scdn.co/image/ab67616d00001e0271d5ffe4407f913393ecdd11
2026-02-13,vn,Vietnam,124,43,Chế Độ Im Lặng,MIN,0IdAjS2LRieBR3gzoazdAw,44XA6tVReCIX8T1c3l9f75,https://i.scdn.co/image/ab67616d00001e02e1b3669f2b8eba5bb7b10b3b
2026-02-13,vn,Vietnam,125,3,tâm trí lang thang,Ánh Sáng AZA; Negav,0agWx6vy0Ss4FGafO8bEYc; 4fg8aMZ23d2bxKz7r2vt9v,3W77mLoXjQEkNjxvYRifjG,https://i.scdn.co/image/ab67616d00001e026327fc5999554134263e1ab9
2026-02-13,vn,Vietnam,126,8,Xin Đừng Lặng Im,SOOBIN,6CGGvCBHWqQ4HXtn5aLhbh,4CVxKSRLUxqUuj2z9vn4fS,https://i.scdn.co/image/ab67616d00001e02a8b7898d6d2d9e85c9c51cb0
2026-02-13,vn,Vietnam,127,23,Đường Tôi Chở Em Về,buitruonglinh,7Cp2hGcriAaDUAWpXnSEwm,27F22WcGDyl4Z2KylVJkXL,https://i.scdn.co/image/ab67616d00001e0222029966c28f9d19ab54143c
2026-02-13,vn,Vietnam,128,15,Chịu Cách Mình Nói Thua,RHYDER; CoolKid; BAN,1W2pigH6UYwuTuFbwoSfVZ; 1Qia4CTwh6x0CZbD0079zi; 0CO1IZAPmgTbkfXvcRCLsL,3ZbZtdEw9U0uZW4tZItIwq,https://i.scdn.co/image/ab67616d00001e023687e8b4ade89380cb3d27c6
2026-02-13,vn,Vietnam,129,Re-Entry,Vườn mây vừa hay,Ân ngờ; MYLINA,3Myoe574gxIKLU5bKqjkFk; 4yx3BsXxY9l6BRyStNIB8y,084taGXkVELabQBsFMFGL8,https://i.scdn.co/image/ab67616d00001e02259e2b70d0ce15992ab7b006
2026-02-13,vn,Vietnam,130,29,ƯỚC ANH TAN NÁT CON TIM,Phùng Khánh Linh,23Gbd21nBxC1kCtcG2Cd0C,7dDbzI8ZchvQbrTHrpOUAA,https://i.scdn.co/image/ab67616d00001e02a849807eefddbac39873a784
2026-02-13,vn,Vietnam,131,14,Thêm Bao Nhiêu Lâu,Đạt G,4R3mugkUqCALXgkwSptTbg,43zzuEWDotRcKlSFzrlJqs,https://i.scdn.co/image/ab67616d00001e02646bbe6d09903e5ecbc86d1c
2026-02-13,vn,Vietnam,132,4,Vùng Ký Ức,Chillies,2xvW7dgL1640K8exTcRMS4,3H6nzsPNMttEvUl3ai3xN8,https://i.scdn.co/image/ab67616d00001e02e8a6054b92e9c63bbf5ff205
2026-02-13,vn,Vietnam,133,19,3D (feat. Jack Harlow),Jung Kook; Jack Harlow,6HaGTQPmzraVmaVxvz6EUc; 2LIk90788K0zvyj2JJVwkJ,01qFKNWq73UfEslI0GvumE,https://i.scdn.co/image/ab67616d00001e0299583bb32b47e87d55c6064b
2026-02-13,vn,Vietnam,134,29,Trộm Vía,Vũ Thuỳ Linh,6LkJ2ydk89gLUdSfGHqQ0P,5Fv8djIhchi4t8qGZJIvic,https://i.scdn.co/image/ab67616d00001e02e5799c48fc965cec52011c44
2026-02-13,vn,Vietnam,135,–,Nước Mắt Em Lau Bằng Tình Yêu Mới,Da LAB; Tóc Tiên,6zUWZmyi5MLOEynQ5wCI5f; 4YkqEuVf1Jf2x2XDqJ2CvC,7J9l9ebYB3IEs5ea5J1M7a,https://i.scdn.co/image/ab67616d00001e02a8841feab76e269590320623
2026-02-13,vn,Vietnam,136,7,Có Ai Thương Em Như Anh,Tóc Tiên; Touliver,4YkqEuVf1Jf2x2XDqJ2CvC; 5UNWQJdUbO8Gbg9Qn3r52M,7AD5F85waSb3yZxZxEXhJM,https://i.scdn.co/image/ab67616d00001e02f7f36f33a9f857d12b00df42
2026-02-13,vn,Vietnam,137,18,Nghe Như Tình Yêu,HIEUTHUHAI,5HZtdKfC4xU0wvhEyYDWiY,1J12HjUuXfJnaUdubTEzSR,https://i.scdn.co/image/ab67616d00001e02ff825e8af61dad96490e8192
2026-02-13,vn,Vietnam,138,27,id 072019,W/N,6NF9Oa4ThQWCj6mogFSrVD,1o6cYDMHvKOfizi4d9Lqxr,https://i.scdn.co/image/ab67616d00001e02dc031e2429585e32b4ccb69b
2026-02-13,vn,Vietnam,139,42,Lạ Lùng,Vũ.,57g2v7gJZepcwsuwssIfZs,5Bti0azlFhMattVY76qFr9,https://i.scdn.co/image/ab67616d00001e024d2f9d43a77e3e72070bb27a
2026-02-13,vn,Vietnam,140,10,Đến Đây Bên Anh,Cloud 5; Dangrangto,4jpoAFITrFeFHeZ7Fgv3KZ; 5xY6E5PMZNtz9jDvxTRiGI,55Eo6NDkVhSRBonrT16kXM,https://i.scdn.co/image/ab67616d00001e02bed265ca42ecbd6daf08a7a1
2026-02-13,vn,Vietnam,141,38,Chiều Hôm Ấy,JayKii,4ZSYaCMxF2k6maN3KTP17F,5tmA5oQDF0ULqRI12LKCDw,https://i.scdn.co/image/ab67616d00001e02dd99a8ac0e175d34167d96f4
2026-02-13,vn,Vietnam,142,23,I Love You,Bùi Công Nam,6oqtpFuvCTISMPeGv6P2sj,2z2Ji5HoUkiA4mxq5DOyTo,https://i.scdn.co/image/ab67616d00001e0233d2779f26550b667ad0ead6
2026-02-13,vn,Vietnam,143,7,Giữ Anh Cho Ngày Hôm Qua,Hoàng Dũng; Rhymastic; Lelarec,6OzE2OdvV2tGAxSBsBuZ74; 0gGd4WhPXBSgDX6fdOHcOw; 66KVPHSpvejcXEkiPQ7djq,5wYQC7AuxV8ROALWcbVNxc,https://i.scdn.co/image/ab67616d00001e029a3dca7b5e3e784f5bf46164
2026-02-13,vn,Vietnam,144,69,Vị Nhà,Đen,1LEtM3AleYg1xabW6CRkpi,5WkJN8HoGWMrd0yDI0OxwA,https://i.scdn.co/image/ab67616d00001e0256378385e62ee4689b4d9f5e
2026-02-13,vn,Vietnam,145,2,0 AI NGHĨ,Wxrdie,1Jmkhzve9TuXHUUWGmpANw,2kt7udEZmN2kj1Jsl118zY,https://i.scdn.co/image/ab67616d00001e020654d645c1868aa897ee1f19
2026-02-13,vn,Vietnam,146,15,We Don't Talk Anymore (feat. Selena Gomez),Charlie Puth; Selena Gomez,6VuMaDnrHyPL1p4EHjYLi7; 0C8ZW7ezQVs4URX5aX7Kqx,54PbBpquVfhfrwRwvjSXbI,https://i.scdn.co/image/ab67616d00001e0215145482a542a9adb282250b
2026-02-13,vn,Vietnam,147,9,SAIROI,Khoi Vu,71Cy7nzbfpuGJAS5FGxm93,1nrC04lSCsxO6TwHktJKzj,https://i.scdn.co/image/ab67616d00001e021fdb05661083b0d546f4aeb7
2026-02-13,vn,Vietnam,148,11,"One Of The Girls (with JENNIE, Lily Rose Depp)",The Weeknd; JENNIE; Lily-Rose Depp,1Xyo4u8uXC1ZmMpatF05PJ; 250b0Wlc5Vk0CoUsaCY84M; 1pBLC0qVRTB5zVMuteQ9jJ,7CyPwkp0oE8Ro9Dd5CUDjW,https://i.scdn.co/image/ab67616d00001e02b0dd6a5cd1dec96c4119c262
2026-02-13,vn,Vietnam,149,24,Sau Cơn Mưa,CoolKid; RHYDER,1Qia4CTwh6x0CZbD0079zi; 1W2pigH6UYwuTuFbwoSfVZ,4fj4Jn4nw8fGX8xdbCntJf,https://i.scdn.co/image/ab67616d00001e02a873f1cbca66eb2a77052483
2026-02-13,vn,Vietnam,150,63,Phonecert,Hoàng Dũng,6OzE2OdvV2tGAxSBsBuZ74,498g7npirihKT5MPdVSfb0,https://i.scdn.co/image/ab67616d00001e02d366487daa325f4bd2d803cc
2026-02-13,vn,Vietnam,151,17,NGƯỜI ĐẦU TIÊN,"EM XINH ""SAY HI""; Juky San",1I5CkmtLVWLUygTT3cLr5X; 51wGpVg4Z3lv1IjuZAQjXn,3qKeW2XJFZU5CvOQKStQW6,https://i.scdn.co/image/ab67616d00001e02a162d20d66ce9c1e8b4f8676
2026-02-13,vn,Vietnam,152,12,Vừa Tìm Thấy Đã Đánh Mất,Wren Evans; itsnk,5M3ffmRiOX9Q8Y4jNeR5wu; 0hy8mfXxfD8kQ6MRQkDVrn,66LE366537RxmOur0DcGFH,https://i.scdn.co/image/ab67616d00001e02bbbeacf07777727cc381797b
2026-02-13,vn,Vietnam,153,24,Đầu Đường Xó Chợ,Obito; Shiki; Lăng LD,0ZbgKh0FgPYeFP38nVaEGp; 3hRnvEdu1iPyB6EzMBbuZq; 0EOMdQwzUG6CKh9oWvcANr,2G5ujw3rrWcAXQqT8PVnrz,https://i.scdn.co/image/ab67616d00001e0292824dc99ef88e1bd6d79904
2026-02-13,vn,Vietnam,154,1,Đau Để Trưởng Thành,Only C,5GBXwBVQufRCmwI1bNRIUo,5iMdP8UpQS4Vn43R30fhhs,https://i.scdn.co/image/ab67616d00001e02e88e2e6c94ec9e1c0ab4d122
2026-02-13,vn,Vietnam,155,3,NGỰA Ô,Dangrangto; TeuYungBoy; DONAL,5xY6E5PMZNtz9jDvxTRiGI; 3oD2yI1g6aT3KawHD8ZYaU; 3rSAej8VUifF02zpsGjsRZ,4eeflgjzTF8xN8U2E0dech,https://i.scdn.co/image/ab67616d00001e02cf17facfa039ce40abfd555d
2026-02-13,vn,Vietnam,156,25,Chăm Hoa,MONO,5jTFNkoZebPnX90CbB3F2A,40pWxpbXoBYGPCiofujjZ6,https://i.scdn.co/image/ab67616d00001e02072e28bb981e46da1ca80c8b
2026-02-13,vn,Vietnam,157,47,Từ Em Mà Ra,Lil Zpoet; Đức Anh,0T8DkuhhFhdWAMN0bdeLL7; 1JjEGhZENWaxmk5Ymf43Ss,1Up8B0iFpeg5IN2C7gFFNa,https://i.scdn.co/image/ab67616d00001e026a1f18d638fe0f64dea99a7f
2026-02-13,vn,Vietnam,158,37,NOLOVENOLIFE,HIEUTHUHAI,5HZtdKfC4xU0wvhEyYDWiY,6D94p9ASguBcYlDC0o56vx,https://i.scdn.co/image/ab67616d00001e02c006b0181a3846c1c63e178f
2026-02-13,vn,Vietnam,159,3,Die With A Smile,Lady Gaga; Bruno Mars,1HY2Jd0NmPuamShAr6KMms; 0du5cEVh5yTK9QJze8zA0C,7so0lgd0zP2Sbgs2d7a1SZ,https://i.scdn.co/image/ab67616d00001e02b0860cf0a98e09663c82290c
2026-02-13,vn,Vietnam,160,20,Làm Gì Phải Hốt,Hoàng Thùy Linh; JustaTee; Đen,0r63ReVRjxrS4ATbLrdcrL; 3rjcQ5VIWCN4q7UFetzdeO; 1LEtM3AleYg1xabW6CRkpi,34zLev2Poav7NqDi6zWTtb,https://i.scdn.co/image/ab67616d00001e02c4b372e4b3dc821ce9f3584d
2026-02-13,vn,Vietnam,161,9,Nằm Bên Anh,Minh Đinh; Hà An Huy,4NfuHLESitkh66LOZeyzsu; 6cz81gA7fLpRK4qKeLsGIn,5LuyL5o2BcFKK4FOJLYsSy,https://i.scdn.co/image/ab67616d00001e02a77f6467328fb3be03af1ff7
2026-02-13,vn,Vietnam,162,29,Love Me Again,V,3JsHnjpbhX4SnySpvpa9DK,2N0SPREDYqILVEFSsWF5N5,https://i.scdn.co/image/ab67616d00001e022f1a5b69c2bd76474bca8035
2026-02-13,vn,Vietnam,163,5,Người Bình Thường,Vũ Cát Tường,7yquVKfxBuNFJbG9cy2R8A,1fFvYVg1v3rpUSqKNCUh7b,https://i.scdn.co/image/ab67616d00001e024b261902f2f94e876adf9181
2026-02-13,vn,Vietnam,164,27,E Là Không Thể (Chốn Tìm Show),Anh Quân Idol,0jF7Zlz8P5p74zcH7YwcMU,0mcveJtBYTbLJa5dHvtxJJ,https://i.scdn.co/image/ab67616d00001e02343ea3cfb0168f5297a59f9d
2026-02-13,vn,Vietnam,165,25,Yêu Một Người Có Lẽ,Lou Hoàng; Miu Lê,75Ki5hBCOpDtKGoFyTvLxP; 4e5LAUvM35jleGg8gElTsP,2o4dDfLK6NVI7TjBm5VoMv,https://i.scdn.co/image/ab67616d00001e02d28b4546b16fc8e0000f277e
2026-02-13,vn,Vietnam,166,28,like JENNIE,JENNIE,250b0Wlc5Vk0CoUsaCY84M,0fK7ie6XwGxQTIkpFoWkd1,https://i.scdn.co/image/ab67616d00001e02dcf27dec5e479b2e39c4c993
2026-02-13,vn,Vietnam,167,Re-Entry,End of Beginning,Djo,5p9HO3XC5P3BLxJs5Mtrhm,3qhlB30KknSejmIvZZLjOD,https://i.scdn.co/image/ab67616d00001e02fddfffec51b4580acae727c1
2026-02-13,vn,Vietnam,168,6,NGÂY THER,kidsai; VSTRA; WHENITSASUNNIDAY,6kkA6laUMR0hzML9YY98CQ; 2aMo0CYbTieTisS0BlWc59; 3Hw8laObefIk5NMDmXMMsn,1S2CJruGeO5ZJmOFP87KMP,https://i.scdn.co/image/ab67616d00001e024276dd2e7c7ab8ff56b93007
2026-02-13,vn,Vietnam,169,Re-Entry,bao tiền một mớ bình yên?,14 Casper; Bon Nghiêm,0zo8kCJVktn7oPnzpkbC2p; 6hnfLIkvDl6pjlAe1YRGXY,7kgzRBNkBRArtTPkYjWLYT,https://i.scdn.co/image/ab67616d00001e0270cb943c9a67b7eda3414366
2026-02-13,vn,Vietnam,170,Re-Entry,Chúng Ta Không Thuộc Về Nhau,Sơn Tùng M-TP,5dfZ5uSmzR7VQK0udbAVpf,7bn8ckDTI4EQIKZ6jRL4K0,https://i.scdn.co/image/ab67616d00001e02794744c57c9f35db88249842
2026-02-13,vn,Vietnam,171,8,APT.,ROSÉ; Bruno Mars,3eVa5w3URK5duf6eyVDbu9; 0du5cEVh5yTK9QJze8zA0C,4wJ5Qq0jBN4ajy7ouZIV1c,https://i.scdn.co/image/ab67616d00001e027be65ce6672ed7e5aac6e966
2026-02-13,vn,Vietnam,172,5,50 Năm Về Sau,F47 Cover; meChill; Đặng Thanh Tuyền,7HkfYjmBgiWf14YX4ww5RV; 4zT9icJK3hOOQ7agGPbICH; 3aRJMXmbg9yyrEoRFYx397,2rjjvcCCHF1CdnwptaXyF8,https://i.scdn.co/image/ab67616d00001e0254473eca7a5b7a2233d7ed68
2026-02-13,vn,Vietnam,173,–,Công Ty 4,Andree Right Hand; Dangrangto; TeuYungBoy; WOKEUP,4grjJqg7iwQ8RKHs8d9Snh; 5xY6E5PMZNtz9jDvxTRiGI; 3oD2yI1g6aT3KawHD8ZYaU; 0qAJ604EZMbkbpZ9NN6W6d,7p106V3HRaa0lCVL5oepMg,https://i.scdn.co/image/ab67616d00001e02eca3bc44c28ef42a81c72ad5
2026-02-13,vn,Vietnam,174,Re-Entry,ĐỢI (feat. WEAN) - SPECIAL VERSION,52Hz; RIO; WEAN,1y28JlO6rDMUB5rkcA4RAh; 4dH6uW4FU977FDuTcCHGUf; 30eFAXoU2kTjJPf2cq80B8,33S16Xa5cZmLPhn6eZI4Nm,https://i.scdn.co/image/ab67616d00001e021363c4dca923db27e90266cf
2026-02-13,vn,Vietnam,175,20,Suýt Nữa Thì...,Andiez,0tBmmwc8j8zbJxISwdsvjA,1GJ3suxtUVaguVQRemw6Zp,https://i.scdn.co/image/ab67616d00001e02199311128379e6c0c4d86466
2026-02-13,vn,Vietnam,176,56,dự báo thời tiết hôm nay mưa,GREY D,6d0dLenjy5CnR5ZMn2agiV,7bFFUPBiF15n8m8RziqS4o,https://i.scdn.co/image/ab67616d00001e0212a6bd687aec4105bc06fcdf
2026-02-13,vn,Vietnam,177,Re-Entry,Kho Báu (with Rhymastic),(S)TRONG; Rhymastic,7571XEqHqL61NDiLtWXhS5; 0gGd4WhPXBSgDX6fdOHcOw,2qrpmvkxE0oz78ym1LEvXd,https://i.scdn.co/image/ab67616d00001e02cbbad25f2c12fba4f14047dc
2026-02-13,vn,Vietnam,178,70,Muộn Rồi Mà Sao Còn,Sơn Tùng M-TP,5dfZ5uSmzR7VQK0udbAVpf,4vfhartd7HDWGJbdVIycEu,https://i.scdn.co/image/ab67616d00001e020121ea113166222d5c743e2e
2026-02-13,vn,Vietnam,179,35,MOIEM,Dangrangto; DONAL,5xY6E5PMZNtz9jDvxTRiGI; 3rSAej8VUifF02zpsGjsRZ,265hQASPY3HFmUH38zZrSK,https://i.scdn.co/image/ab67616d00001e027e97b87560a9ec3e4168ee91
2026-02-13,vn,Vietnam,180,19,Bước Za Đi Xa,Wxrdie; Marlykid; Lucin3x,1Jmkhzve9TuXHUUWGmpANw; 1iVDAS7uGjPmHGNxhNmJdI; 2LhBOKigSJoFuqyoy4GlW2,3ER1r0HipeSSu7YNImC6vd,https://i.scdn.co/image/ab67616d00001e02bfa6dcefad412fe74198ace7
2026-02-13,vn,Vietnam,181,55,Chờ Anh Nhé,Hoàng Dũng; Hoàng Rob,6OzE2OdvV2tGAxSBsBuZ74; 43qZrcVKZleWlmoBVRBPO8,2uxjHthUJd2A8PmWaUGGsI,https://i.scdn.co/image/ab67616d00001e02a09fb80b07fb17f8ab7b844a
2026-02-13,vn,Vietnam,182,43,Rainy Days,V,3JsHnjpbhX4SnySpvpa9DK,5ydjxBSUIDn26MFzU3asP4,https://i.scdn.co/image/ab67616d00001e022f1a5b69c2bd76474bca8035
2026-02-13,vn,Vietnam,183,–,Gió Đưa Tình,Wren Evans; itsnk,5M3ffmRiOX9Q8Y4jNeR5wu; 0hy8mfXxfD8kQ6MRQkDVrn,1mcKvLkj1aEz2wWkSGJICD,https://i.scdn.co/image/ab67616d00001e02bbbeacf07777727cc381797b
2026-02-13,vn,Vietnam,184,12,Ex's Hate Me,B Ray; AMEE,1WvNgEoB66jmHodcj15Zi9; 2aQnC3DbZB9GbauvhAw7ve,170CNv2CAZn8wg6GxvHXYC,https://i.scdn.co/image/ab67616d00001e0225b293d1ca066c650a0f9c69
2026-02-13,vn,Vietnam,185,4,IT’S GON’ BE ALRIGHT,"ANH TRAI ""SAY HI""; Negav; Văn Mai Hương",4wZ6awunqaaVLl5j0WpDFu; 4fg8aMZ23d2bxKz7r2vt9v; 63SNH9m8M034lCGELVC1dm,35sOT7zq5F0i9IsJF5whxm,https://i.scdn.co/image/ab67616d00001e02ccaec65a600912e14929c544
2026-02-13,vn,Vietnam,186,Re-Entry,Tết Ơi Tết À,Hoà Minzy; ERIK; Đức Phúc,3BWBxpXDxofgji3RKZPIz8; 1L1VfizWn4DkFt602yD80U; 5FWPIKz9czXWaiNtw45KQs,775KVGrUJrYSllp4fTytF9,https://i.scdn.co/image/ab67616d00001e02ba5f891b7257af5feff06b8c
2026-02-13,vn,Vietnam,187,13,Vệt Nắng Nhạt Phai,kaiyeunhac; Xưa Lâm; Dylann.; The Felixetine,5Sja5InPbciRqc0acqqBrO; 48paF1vGoA5tuyve0fmN8a; 3I2zyKkfEGyPtkrVqNC3Dz; 7bfBdJSn0HbXJ7kYWjRqHf,4mZzqlaG67gUD0lAQIEVMs,https://i.scdn.co/image/ab67616d00001e024dc7424d6179d7263bff7fa9
2026-02-13,vn,Vietnam,188,Re-Entry,Anh Cũng Đâu Có Muốn Tin?,Dab; Helinn,7dFC6SVFS2YkIcRfE2SyfV; 1Mvyth8k2SUg7F2H3HKjvT,6hytdEPX4UcGh91gDBUZDv,https://i.scdn.co/image/ab67616d00001e02faf989580fad4a6ae92ddd39
2026-02-13,vn,Vietnam,189,Re-Entry,Cause I Love You,Noo Phước Thịnh,3mibIJiduF0MVLLAvHZAxw,5vODf231esazyTFBRN6Tdc,https://i.scdn.co/image/ab67616d00001e02100e0fb26ce43fd0e879911c
2026-02-13,vn,Vietnam,190,9,trời giấu trời mang đi,AMEE,2aQnC3DbZB9GbauvhAw7ve,2SykQzXuFSeprST1uDjj1m,https://i.scdn.co/image/ab67616d00001e02819219f4ea0ad1e11cb78411
2026-02-13,vn,Vietnam,191,Re-Entry,Dù Cho Tận Thế,ERIK,1L1VfizWn4DkFt602yD80U,0oSc7X1uRQGuEqNRtXEeQL,https://i.scdn.co/image/ab67616d00001e02c303649e504b99a98ec327de
2026-02-13,vn,Vietnam,192,–,Track 06,Tyronee; VSTRA; Obito,04xz9bIBYTIqEpmRvQkfvu; 2aMo0CYbTieTisS0BlWc59; 0ZbgKh0FgPYeFP38nVaEGp,72NMPuJCRsOUoXQJdzVfdo,https://i.scdn.co/image/ab67616d00001e02344f9ee85ae271db3aaa88f2
2026-02-13,vn,Vietnam,193,9,Thanh Xuân,Da LAB,6zUWZmyi5MLOEynQ5wCI5f,3b34161QoxLwsqhWSPy9i5,https://i.scdn.co/image/ab67616d00001e02e6e2f687354cad6c6bfbfae8
2026-02-13,vn,Vietnam,194,92,đưa em về nhàa,GREY D; Chillies,6d0dLenjy5CnR5ZMn2agiV; 2xvW7dgL1640K8exTcRMS4,5LQpQ6SDeaz6SIkR0lvsoC,https://i.scdn.co/image/ab67616d00001e02f5f1c702277641302f435ad7
2026-02-13,vn,Vietnam,195,2,Forget Me Now,Fishy; Trí Dũng,7kSmS2G15QIw8rllwGex9r; 3vrLtReLclPLq5VvCAxCik,12DNdwLD9oZOPADqM10oyE,https://i.scdn.co/image/ab67616d00001e02c02454f5d89c94e488b4ac45
2026-02-13,vn,Vietnam,196,8,Yêu 5,Rhymastic,0gGd4WhPXBSgDX6fdOHcOw,5U30iZBlmxkpHqzb1OSnBS,https://i.scdn.co/image/ab67616d00001e02d085c32d050bc832a8075ce6
2026-02-13,vn,Vietnam,197,Re-Entry,Khi Mà,Ronboogz,0dBcEvEklr1jx4uZuhFX5e,0Lf0ydJp4nbcEkYgPtIUuD,https://i.scdn.co/image/ab67616d00001e028219a1b1a92f9359a144d61e
2026-02-13,vn,Vietnam,198,Re-Entry,Anh Nhớ Ra (feat. TRANG),Vũ.; TRANG,57g2v7gJZepcwsuwssIfZs; 2knyDFP4xw9wZEWA98JX6b,7eDrdQ7PK9Xm1CZCKWsgmH,https://i.scdn.co/image/ab67616d00001e027c2c7660ba4e8060a10fc9c5
2026-02-13,vn,Vietnam,199,Re-Entry,Không Ngừng Suy Nghĩ,Dương Domic,4KPyQxL1zqEiBcTwW6c9HE,4PG6OJ4kUp0CaHVECGWdWx,https://i.scdn.co/image/ab67616d00001e02ab6306170e8dd43797e71ac5
2026-02-13,vn,Vietnam,200,24,Yêu Từ Đâu Mà Ra,Lil Zpoet,0T8DkuhhFhdWAMN0bdeLL7,7yxogpPUBn4wVEKBgI5c7U,https://i.scdn.co/image/ab67616d00001e023ac7e6215bc52d5c162350f5
2026-02-13,tw,Taiwan,1,–,Winter Ahead (with PARK HYO SHIN),V; Park Hyo Shin,3JsHnjpbhX4SnySpvpa9DK; 57htMBtzpppc1yoXgjbslj,7G7mSV4BebkoHWwKTDvXu9,https://i.scdn.co/image/ab67616d00001e0216ba2a3622bd0d0d985e3234
2026-02-13,tw,Taiwan,2,–,幸福在歌唱 - 電影《陽光女子合唱團》幸福版主題曲,A-Lin,28gf2piFx6cAKOMIwcky5a,3VHi5bCUek6XdiDmqqrirs,https://i.scdn.co/image/ab67616d00001e020c46b9e7e5d28f9bc1cbe892
2026-02-13,tw,Taiwan,3,3,Don’t Say You Love Me,Jin,5vV3bFXnN6D6N3Nj4xRvaV,27xkOIER6uDLKALIelHylZ,https://i.scdn.co/image/ab67616d00001e0289228504f700641956e29f5d
2026-02-13,tw,Taiwan,4,1,再見的時候 - 電影《陽光女子合唱團》主題曲-再見版,Pei-Yu Hung,0rARfHZ4ZteUlzbAuxUwAs,3IBYp3fKyydZ5dDtirLY6P,https://i.scdn.co/image/ab67616d00001e02e2f3ffc3ac97e05da4df0042
2026-02-13,tw,Taiwan,5,1,太陽與地球,Crowd Lu,2JBUyLiFvpFPWdZGqIGYLD,0bQSWXtpau3VkNI1ZcXTQA,https://i.scdn.co/image/ab67616d00001e021b1fb50eec98ff61b9fdbda2
2026-02-13,tw,Taiwan,6,4,BANG BANG,IVE,6RHTUrRF63xao58xh9FXYJ,4HEBNeUYxEpjDglZbjYz7o,https://i.scdn.co/image/ab67616d00001e02ad80a9aabc17535c5eeb5317
2026-02-13,tw,Taiwan,7,2,Who,Jimin,1oSPZhvZMIrWW5I41kPkkY,7tI8dRuH2Yc6RuoTjxo4dU,https://i.scdn.co/image/ab67616d00001e02f02c451189a709b9a952aaec
2026-02-13,tw,Taiwan,8,New,"Mention Me - From The Movie ""GOAT""",CORTIS,1ebt9HnXdyYA6KgLXr1n4P,3f0OEJd7mlPNhmH3fUOrqy,https://i.scdn.co/image/ab67616d00001e0212fbc981d094ef600fd0cb42
2026-02-13,tw,Taiwan,9,2,Good Goodbye,HWASA,7bmYpVgQub656uNTu6qGNQ,3cLXrotzCjYCkN73PewALM,https://i.scdn.co/image/ab67616d00001e02f7ec5c454a78dfb0086c0c97
2026-02-13,tw,Taiwan,10,3,Golden,HUNTR/X; EJAE; AUDREY NUNA; REI AMI; KPop Demon Hunters Cast,2yNNYQBChuox9A5Ka93BIn; 0RMJOzHDhAKY1o2j0W0vxY; 0Wwji82sLA0Hcvtuak3omb; 6U1dV7aL68N7Gb0Naq34V5; 7mW7Tv7NvywKKXqafZo0Lc,1CPZ5BxNNd0n0nF4Orb9JS,https://i.scdn.co/image/ab67616d00001e024dcb6c5df15cf74596ab25a4
2026-02-13,tw,Taiwan,11,–,Mono (feat. skaiwater),i-dle; skaiwater,2AfmfGFbe0A0WsTYm0SDTx; 1URVdcNYXigvk6Dj0fHYOM,3VxmXJ4FdtbWI27p3Gx4Wh,https://i.scdn.co/image/ab67616d00001e025dc3f311b1f454442d77bc64
2026-02-13,tw,Taiwan,12,3,離開我的依賴,Evangeline Wong,7sEIHkZXRzGa3OBUCCxzU5,28VBdtYc5Cpmey4Cpvcrby,https://i.scdn.co/image/ab67616d00001e02bc2f8151c384496d34c683df
2026-02-13,tw,Taiwan,13,5,特別的人,Khalil Fong,1YrtUPrWcPfgdl9BaD9nhd,0VTzUEuHYD8s7CgQ15cDPo,https://i.scdn.co/image/ab67616d00001e02e71979c121400469d76350cf
2026-02-13,tw,Taiwan,14,30,單程票,Patrick Brasca,1xCrrnnj9xif5G0y3ie5dM,3woBOD3Ldh81fAwpsnD8yC,https://i.scdn.co/image/ab67616d00001e02cb96e5aa990343a259e36ad5
2026-02-13,tw,Taiwan,15,1,GO!,CORTIS,1ebt9HnXdyYA6KgLXr1n4P,6OWWZtNQORY1McaZmOrwhc,https://i.scdn.co/image/ab67616d00001e024b56a34b0c2b3798fd46f855
2026-02-13,tw,Taiwan,16,1,若無你我欲去佗位,黃奇斌,7td0pZH6CpEX2f36bU1H2D,76EfpqmO6JUL2TTR1SIGwz,https://i.scdn.co/image/ab67616d00001e026d74cf07e52f9efae363e1b7
2026-02-13,tw,Taiwan,17,–,Love Me Again,V,3JsHnjpbhX4SnySpvpa9DK,2N0SPREDYqILVEFSsWF5N5,https://i.scdn.co/image/ab67616d00001e022f1a5b69c2bd76474bca8035
2026-02-13,tw,Taiwan,18,5,404 (New Era),KiiiKiii,63sat2XSMKdwKfqspmYQKP,7Dgh6z47wLzI5wikmGsYC3,https://i.scdn.co/image/ab67616d00001e020cc65398388cbc486fa4fff7
2026-02-13,tw,Taiwan,19,3,like JENNIE,JENNIE,250b0Wlc5Vk0CoUsaCY84M,0fK7ie6XwGxQTIkpFoWkd1,https://i.scdn.co/image/ab67616d00001e02dcf27dec5e479b2e39c4c993
2026-02-13,tw,Taiwan,20,8,Slow Dancing,V,3JsHnjpbhX4SnySpvpa9DK,5h1BN75CEh8wdSwE1xrbSe,https://i.scdn.co/image/ab67616d00001e028e504c5aedaae49a73ed4963
2026-02-13,tw,Taiwan,21,3,左轉燈 (1000 Times+1),Patrick Brasca; mac ova seas,1xCrrnnj9xif5G0y3ie5dM; 1a3bTQmBNmgiY3U7sMh9pf,4UwZyC0wEV6XDEAr9kaQhi,https://i.scdn.co/image/ab67616d00001e02cb96e5aa990343a259e36ad5
2026-02-13,tw,Taiwan,22,2,SPAGHETTI,LE SSERAFIM; j-hope,4SpbR6yFEvexJuaBpgAU5p; 0b1sIQumIAsNbqAoIClSpy,2N9miXnewVmUrgl6JSK1FI,https://i.scdn.co/image/ab67616d00001e026c4a726c271daf4a4b97e35b
2026-02-13,tw,Taiwan,23,4,一夜一夜一夜,Crowd Lu,2JBUyLiFvpFPWdZGqIGYLD,3wofqqt5YJWdhLI9IFaX39,https://i.scdn.co/image/ab67616d00001e021b1fb50eec98ff61b9fdbda2
2026-02-13,tw,Taiwan,24,5,離開的一路上,Bestards,0Awqm7GXGiBp8fJNGvywra,1NoDTQhJsrd5rnpb6PQthK,https://i.scdn.co/image/ab67616d00001e02d6440a0195afdb56353be153
2026-02-13,tw,Taiwan,25,1,PSYCHO,BABYMONSTER,1SIocsqdEefUTE6XKGUiVS,491ca80N1C63tpoLvAsLKb,https://i.scdn.co/image/ab67616d00001e028fbb6ffdf0fad1623c8e95f8
2026-02-13,tw,Taiwan,26,11,你沒等我去的舊金山,Patrick Brasca; 陳華,1xCrrnnj9xif5G0y3ie5dM; 5ZxRmJ21NzjxD2ZGBxi7um,1aNVW0fujBVx7JTorTO1jn,https://i.scdn.co/image/ab67616d00001e02cb96e5aa990343a259e36ad5
2026-02-13,tw,Taiwan,27,4,幾分之幾 - 電影<花甲大人轉男孩>主題曲,Crowd Lu,2JBUyLiFvpFPWdZGqIGYLD,4F7ZAsndEIJXyFzJUHNlRu,https://i.scdn.co/image/ab67616d00001e02d861b9b3ba2ad6370d09e30d
2026-02-13,tw,Taiwan,28,6,一半一半,Top Barry; INDEcompany,3CSQfCUHVB3sZBfUfdWuph; 3bFdBTYErmHlLmdRZZxffh,21x0N6lu6D9kO8rVtTU3mH,https://i.scdn.co/image/ab67616d00001e02b581842eaf194382c21a30da
2026-02-13,tw,Taiwan,29,4,toxic till the end,ROSÉ,3eVa5w3URK5duf6eyVDbu9,1z5ebC9238uGoBgzYyvGpQ,https://i.scdn.co/image/ab67616d00001e027be65ce6672ed7e5aac6e966
2026-02-13,tw,Taiwan,30,–,擱淺,Jay Chou,2elBjNSdBE2Y3f0j1mjrql,0cOMncRq4cmDLO4tPQnkBF,https://i.scdn.co/image/ab67616d00001e0200b976d1df4243e5318a7712
2026-02-13,tw,Taiwan,31,2,NOT CUTE ANYMORE,ILLIT,36cgvBn0aadzOijnjjwqMN,1k0JAiH11gHL9dc5dfQjQr,https://i.scdn.co/image/ab67616d00001e023d09075f6c7fabe9a7234cb3
2026-02-13,tw,Taiwan,32,9,JUMP,BLACKPINK,41MozSoPIsD1dJM0CLPjZF,5H1sKFMzDeMtXwND3V6hRY,https://i.scdn.co/image/ab67616d00001e026224d1236b0e0a0e1586efbb
2026-02-13,tw,Taiwan,33,3,WE GO UP,BABYMONSTER,1SIocsqdEefUTE6XKGUiVS,1tonXoW6dcb7GGNpec3PTl,https://i.scdn.co/image/ab67616d00001e028fbb6ffdf0fad1623c8e95f8
2026-02-13,tw,Taiwan,34,4,Moonwalkin',LNGSHOT,2F4oTJOWkcD1JaTeKEa9h6,46V2ciN6F5bxjQWityNhkY,https://i.scdn.co/image/ab67616d00001e029ae175cd44e09688bb7c0f4f
2026-02-13,tw,Taiwan,35,–,Whiplash,aespa,6YVMFz59CuY7ngCxTxjpxE,7Cnpb1vBbC46RgVyyKLH7p,https://i.scdn.co/image/ab67616d00001e02e467a8e8d7b0aa92d354aa75
2026-02-13,tw,Taiwan,36,3,FaSHioN,CORTIS,1ebt9HnXdyYA6KgLXr1n4P,4ecdsGz3Hg6TKPwQ0ZOdJz,https://i.scdn.co/image/ab67616d00001e024b56a34b0c2b3798fd46f855
2026-02-13,tw,Taiwan,37,16,閣愛妳一擺,EggPlantEgg,6g641431O1Xkl7HAs2yFEg,4Zwn8WxD61diTwqv9hyTQA,https://i.scdn.co/image/ab67616d00001e0234a5cfe817584ad8fc38981c
2026-02-13,tw,Taiwan,38,13,看着我的眼睛说,张远,4Q6r8rqOodVCDkbAYm7F18,7d6eShN6yVeR4Y2Md9uCA4,https://i.scdn.co/image/ab67616d00001e02623da38934771207c19756d1
2026-02-13,tw,Taiwan,39,25,開始懂了,Stefanie Sun,0SIXZXJCAhNU8sxK0qm7hn,68tZwwRuo9ip5gRQFG1XWF,https://i.scdn.co/image/ab67616d00001e021d210622badaad3d869038ef
2026-02-13,tw,Taiwan,40,8,連名帶姓,A-Mei Chang,6noxsCszBEEK04kCehugOp,3LlQoKvVnkVvq3KC8anUn8,https://i.scdn.co/image/ab67616d00001e02e56be6db20760f34831f7170
2026-02-13,tw,Taiwan,41,5,End of Beginning,Djo,5p9HO3XC5P3BLxJs5Mtrhm,3qhlB30KknSejmIvZZLjOD,https://i.scdn.co/image/ab67616d00001e02fddfffec51b4580acae727c1
2026-02-13,tw,Taiwan,42,13,一個人想著一個人,Pets Tseng,1he19XnDUahODrmRwKlC8w,3n3zzFH7zzO0gJNaw4RKSm,https://i.scdn.co/image/ab67616d00001e022bc290220b16df50c6324586
2026-02-13,tw,Taiwan,43,2,The Fate of Ophelia,Taylor Swift,06HL4z0CvFAxyc27GXpf02,53iuhJlwXhSER5J2IYYv1W,https://i.scdn.co/image/ab67616d00001e02d7812467811a7da6e6a44902
2026-02-13,tw,Taiwan,44,16,我懷念的,Stefanie Sun,0SIXZXJCAhNU8sxK0qm7hn,7z2M7DsEjZjwXBkWG3zd21,https://i.scdn.co/image/ab67616d00001e02a44d8e316d4c30aa03bba052
2026-02-13,tw,Taiwan,45,11,晴天,Jay Chou,2elBjNSdBE2Y3f0j1mjrql,5pIcwtJYNJx93l420oR2Vm,https://i.scdn.co/image/ab67616d00001e026850b3307853e0753ed53cc5
2026-02-13,tw,Taiwan,46,6,不是因為天氣晴朗才愛你,Bestards,0Awqm7GXGiBp8fJNGvywra,2VEt42QSQxILgEf9B50xxm,https://i.scdn.co/image/ab67616d00001e022ea4b848296468f759304331
2026-02-13,tw,Taiwan,47,15,在加納共和國離婚,Firdhaus; DIOR 大穎,6fOqdhRNsMQqtwRwgo3NUv; 0czbvTRVGHfCdRsJLxbBGQ,6GyUt7yJ0sOktc5HjvVnFh,https://i.scdn.co/image/ab67616d00001e02bd7cdd9987dede8f59e62ec6
2026-02-13,tw,Taiwan,48,7,愛情的大壞蛋,Amazing Show,3n16EAnJtz6SZGx2zJssrI,5HVq8nS0pbM6G7YK8M7DY4,https://i.scdn.co/image/ab67616d00001e025e186c6cd94001e56c635af4
2026-02-13,tw,Taiwan,49,29,遇見,Stefanie Sun,0SIXZXJCAhNU8sxK0qm7hn,3xJK8ywApYVEYIDhymYMC6,https://i.scdn.co/image/ab67616d00001e02df729ce08f51ac7cbab07e39
2026-02-13,tw,Taiwan,50,1,Opalite,Taylor Swift,06HL4z0CvFAxyc27GXpf02,3yWuTOYDztXjZxdE2cIRUa,https://i.scdn.co/image/ab67616d00001e02d7812467811a7da6e6a44902
2026-02-13,tw,Taiwan,51,9,Jumping Machine (跳楼机),LBI利比,1xMn0bhYRWHDV01mU8gP1J,1XZE0InCx3SdCnLpVsPpZl,https://i.scdn.co/image/ab67616d00001e0265bcb498250d15917f92464f
2026-02-13,tw,Taiwan,52,4,愛我還是他,David Tao,40tNK2YedBV2jRFAHxpifB,13bw75oRjvxMv9VGIeM32i,https://i.scdn.co/image/ab67616d00001e02110af1ee291450d9e86a05a4
2026-02-13,tw,Taiwan,53,1,DtMF,Bad Bunny,4q3ewBCX7sLwd24euuV69X,3sK8wGT43QFpWrvNQsrQya,https://i.scdn.co/image/ab67616d00001e02bbd45c8d36e0e045ef640411
2026-02-13,tw,Taiwan,54,2,愛愛愛,Khalil Fong,1YrtUPrWcPfgdl9BaD9nhd,59lBAMCis4C6NsPdUV35Vz,https://i.scdn.co/image/ab67616d00001e0242198488aba710a12dd43064
2026-02-13,tw,Taiwan,55,14,天使借的溫柔,艾薇 Ivy,0RaC2hXyniYsju0mCSNz90,3ITUmRLMjxf3ZqCPSDD2gk,https://i.scdn.co/image/ab67616d00001e02c1194a6510563cab926a4da8
2026-02-13,tw,Taiwan,56,23,DRIP,BABYMONSTER,1SIocsqdEefUTE6XKGUiVS,1MUZitHRpmng5NevrvNx4T,https://i.scdn.co/image/ab67616d00001e02119800c5fc88785ee3ed1524
2026-02-13,tw,Taiwan,57,14,泡沫,G.E.M.,7aRC4L63dBn3CiLDuWaLSI,2IfSPLPDW6RGosdB5huwAA,https://i.scdn.co/image/ab67616d00001e0270734b5ad18da897511c9b23
2026-02-13,tw,Taiwan,58,5,IRIS OUT,Kenshi Yonezu,1snhtMLeb2DYoMOcVbb8iB,59hVbgr8rfYkDbHfr8RcGI,https://i.scdn.co/image/ab67616d00001e026d1d4e875e2424cdd07f3232
2026-02-13,tw,Taiwan,59,1,Magnetic,ILLIT,36cgvBn0aadzOijnjjwqMN,1aKvZDoLGkNMxoRYgkckZG,https://i.scdn.co/image/ab67616d00001e02f037c5fb9de6c78726cb8e2c
2026-02-13,tw,Taiwan,60,13,愛情你比我想的閣較偉大 (《當男人戀愛時》電影主題曲),EggPlantEgg,6g641431O1Xkl7HAs2yFEg,6m2I6ZyWRkxjBrrLVQILfl,https://i.scdn.co/image/ab67616d00001e027556c994436a3b274394fe81
2026-02-13,tw,Taiwan,61,–,Zoo,Disney; Shakira,3xvaSlT4xsyk6lY1ESOspO; 0EmeFodog0BfCgMzAIvKQp,3vJIaiTIHxHhYafTSPNiH4,https://i.scdn.co/image/ab67616d00001e02a6c1dcda006bbf12825b7f43
2026-02-13,tw,Taiwan,62,5,演员,Joker Xue,1cg0bYpP5e2DNG0RgK2CMN,5Sib99jpYybZAicUMETb3h,https://i.scdn.co/image/ab67616d00001e02b561e8f785c92e136f37cd08
2026-02-13,tw,Taiwan,63,12,JoyRide,CORTIS,1ebt9HnXdyYA6KgLXr1n4P,6T17ZI0glfM2IGLdUwtnLK,https://i.scdn.co/image/ab67616d00001e024b56a34b0c2b3798fd46f855
2026-02-13,tw,Taiwan,64,2,APT.,ROSÉ; Bruno Mars,3eVa5w3URK5duf6eyVDbu9; 0du5cEVh5yTK9QJze8zA0C,4wJ5Qq0jBN4ajy7ouZIV1c,https://i.scdn.co/image/ab67616d00001e027be65ce6672ed7e5aac6e966
2026-02-13,tw,Taiwan,65,6,浪流連,EggPlantEgg,6g641431O1Xkl7HAs2yFEg,1IS0WFyiVpwsATeSzjEvpI,https://i.scdn.co/image/ab67616d00001e028c7e976070d78efcda06f7bc
2026-02-13,tw,Taiwan,66,1,做我的初戀,PIZZALI,5AIqzRLM5XgtjdCjnbvJx7,4flk8ZgDFry6o2t0SdKsnB,https://i.scdn.co/image/ab67616d00001e024eb5e5f991a1e835288d0da9
2026-02-13,tw,Taiwan,67,3,多遠都要在一起,G.E.M.,7aRC4L63dBn3CiLDuWaLSI,55d0jw269HE9pbOt5ntCo8,https://i.scdn.co/image/ab67616d00001e02a40897c721bbc3afded61669
2026-02-13,tw,Taiwan,68,18,愚人節快樂,Crowd Lu,2JBUyLiFvpFPWdZGqIGYLD,3bQeHxH1x4pVUfsRpuLAlH,https://i.scdn.co/image/ab67616d00001e021b1fb50eec98ff61b9fdbda2
2026-02-13,tw,Taiwan,69,70,珊瑚海,Jay Chou; Lara Liang,2elBjNSdBE2Y3f0j1mjrql; 4VgfrD5wuAoN428fBZNSyW,3Qj9Fy8BPbWmICTiNkuqB7,https://i.scdn.co/image/ab67616d00001e022625625847482492f9e2e665
2026-02-13,tw,Taiwan,70,20,痴心絕對,Sam Lee,7ya3wFqG9X35S7L7XSrE2i,0D0n4q2o54VTOmDJdL6ikY,https://i.scdn.co/image/ab67616d00001e02e34baf069252392938495697
2026-02-13,tw,Taiwan,71,18,慢冷,Fish Leong,3aIDSTKS9yH745GUQBxDcS,3NNDJfWMGHuNpvHWTImmlW,https://i.scdn.co/image/ab67616d00001e0270a002a07c7e78abbe128abb
2026-02-13,tw,Taiwan,72,12,楓,Jay Chou,2elBjNSdBE2Y3f0j1mjrql,1pALOIA4ytESmhl7Fxjdic,https://i.scdn.co/image/ab67616d00001e022625625847482492f9e2e665
2026-02-13,tw,Taiwan,73,11,OVERDRIVE,TWS,4GgBKgxhc649frZDHcXIEz,5qAfVxNUxjrELshgTpWxLf,https://i.scdn.co/image/ab67616d00001e0240d19cd64593d7d7d2ff13eb
2026-02-13,tw,Taiwan,74,14,Rich Man,aespa,6YVMFz59CuY7ngCxTxjpxE,1sUjTLLCJzcxC15GUBrOlg,https://i.scdn.co/image/ab67616d00001e02810f7ac94531092b64accd66
2026-02-13,tw,Taiwan,75,1,Adrenaline,ATEEZ,68KmkJeZGfwe1OUaivBa2L,2VKGO4DNyUK5UxCQB3b3DF,https://i.scdn.co/image/ab67616d00001e02086a75a16dcda8d0b64f022a
2026-02-13,tw,Taiwan,76,2,嘉賓,张远,4Q6r8rqOodVCDkbAYm7F18,5jAmIkIpskwu2hRz2YaEHi,https://i.scdn.co/image/ab67616d00001e02c74b8ff07fe68b72b31c852e
2026-02-13,tw,Taiwan,77,15,HYPNOTIZE,XG,0LOK81e9H5lr61HlGGHqwA,3fEX9NgOeklq816Fw00uoo,https://i.scdn.co/image/ab67616d00001e0224272a7f97cf5b5f8fcb60e0
2026-02-13,tw,Taiwan,78,24,浪子回頭,EggPlantEgg,6g641431O1Xkl7HAs2yFEg,301mxTHzMyFOVUXl6U22sf,https://i.scdn.co/image/ab67616d00001e0271feed027741391dba78fde7
2026-02-13,tw,Taiwan,79,1,number one girl,ROSÉ,3eVa5w3URK5duf6eyVDbu9,1lcBt7LoEikqYmhUoa2cez,https://i.scdn.co/image/ab67616d00001e027be65ce6672ed7e5aac6e966
2026-02-13,tw,Taiwan,80,8,失戀無罪,A-Lin,28gf2piFx6cAKOMIwcky5a,2s96YKKpfBUbQP3lJuhkfX,https://i.scdn.co/image/ab67616d00001e02477599cfd11f3b0d31727288
2026-02-13,tw,Taiwan,81,3,Die With A Smile,Lady Gaga; Bruno Mars,1HY2Jd0NmPuamShAr6KMms; 0du5cEVh5yTK9QJze8zA0C,7so0lgd0zP2Sbgs2d7a1SZ,https://i.scdn.co/image/ab67616d00001e02b0860cf0a98e09663c82290c
2026-02-13,tw,Taiwan,82,40,XOXZ,IVE,6RHTUrRF63xao58xh9FXYJ,2c6xH9usslUoHnOzsRhpcP,https://i.scdn.co/image/ab67616d00001e0204886cfb3beb68b17e53f6e9
2026-02-13,tw,Taiwan,83,11,不在乎,icyball 冰球樂團,4GsjZQZJ3viOq4Uw8wZDbW,1t2mpO9GpLjRHDDX6SFWRn,https://i.scdn.co/image/ab67616d00001e02db733eaddfc8f5c52f41dad8
2026-02-13,tw,Taiwan,84,3,"如果可以 - 電影""月老""主題曲",WeiBird,7y3HnWCFEvWj4KM9GFSkiX,72OVnXDzugvrCU25lMi9au,https://i.scdn.co/image/ab67616d00001e02e7e0b58b56d99f8f704c6760
2026-02-13,tw,Taiwan,85,4,像晴天像雨天（电视剧《难哄》心动曲）,Silence Wang,0PdNEiQ3MsJGCEgE13Tz60,1zFuSla4RQ5qAJwDIQYixW,https://i.scdn.co/image/ab67616d00001e02e315e968f364d79e460d8f62
2026-02-13,tw,Taiwan,86,29,Soda Pop,Saja Boys; Andrew Choi; Neckwav; Danny Chung; KEVIN WOO; samUIL Lee; KPop Demon Hunters Cast,0BJ2EjOqcfgFvlZXNKrNbE; 7JBaynR7JFeniONqbnn1U4; 5bXNU0MAF2HSqyFPhYtscH; 11pXvO7wYuzRWYONDOBd33; 2RYonYiVhhzBz82UFXOvEN; 1eDupbD9kIx8UaZlzcBG5r; 7mW7Tv7NvywKKXqafZo0Lc,02sy7FAs8dkDNYsHp4Ul3f,https://i.scdn.co/image/ab67616d00001e024dcb6c5df15cf74596ab25a4
2026-02-13,tw,Taiwan,87,9,back to friends,sombr,4G9NDjRyZFDlJKMRL8hx3S,7qjZnBKE73H4Oxkopwulqe,https://i.scdn.co/image/ab67616d00001e024229702de91cb3d3a4383302
2026-02-13,tw,Taiwan,88,76,愛錯,Leehom Wang,2F5W6Rsxwzg0plQ0w8dSyt,4vdX5mQE0oXkflFqsqQkUP,https://i.scdn.co/image/ab67616d00001e0265fce5eb1fbdcdeb5ca55b34
2026-02-13,tw,Taiwan,89,–,BIRDS OF A FEATHER,Billie Eilish,6qqNVTkY8uBg9cP3Jd7DAH,6dOtVTDdiauQNBQEDOtlAB,https://i.scdn.co/image/ab67616d00001e0271d62ea7ea8a5be92d3c1f62
2026-02-13,tw,Taiwan,90,14,天后,Andrew Tan,5AhK8gDgOZT7lE1UlbyF1c,4D0KlK4Fl8lotvsoys1bYQ,https://i.scdn.co/image/ab67616d00001e02c45593710081f6364e42960d
2026-02-13,tw,Taiwan,91,76,感谢你曾来过,阿涵; Ayo97,0Nu7uGMynoaIdKnfLRgxJ8; 3RZsYqWpNRBTPoJ8oqsAwW,1JLtvvPsHwLyd2ufASdkWV,https://i.scdn.co/image/ab67616d00001e025032acc6e82b53aa2e4b17bd
2026-02-13,tw,Taiwan,92,5,So Easy (To Fall In Love),Olivia Dean,00x1fYSGhdqScXBRpSj3DW,6sGIMrtIzQjdzNndVxe397,https://i.scdn.co/image/ab67616d00001e029a336bfb6d40bbd90a507417
2026-02-13,tw,Taiwan,93,37,"不將就 (電影""何以笙簫默""片尾曲)",Ronghao Li,0rTP0x4vRFSDbhtqcCqc8K,5DH8nF7aWoXXg5Sm3gjCWD,https://i.scdn.co/image/ab67616d00001e02167bfff7b24d6d8fb0cd08a8
2026-02-13,tw,Taiwan,94,11,THIS IS FOR,TWICE,7n2Ycct7Beij7Dj7meI4X0,18AMT576rBlQFMzUTS7WBa,https://i.scdn.co/image/ab67616d00001e027f5ac389dbcaf7a8c17371e3
2026-02-13,tw,Taiwan,95,42,唯一,G.E.M.,7aRC4L63dBn3CiLDuWaLSI,6ENf77i5DmXDimXle5Ux3C,https://i.scdn.co/image/ab67616d00001e02d3512d1c4193bc0b78380d17
2026-02-13,tw,Taiwan,96,14,Mantra,JENNIE,250b0Wlc5Vk0CoUsaCY84M,1kUyOJb3fzUo8r0OCz5SQk,https://i.scdn.co/image/ab67616d00001e02dcf27dec5e479b2e39c4c993
2026-02-13,tw,Taiwan,97,13,Never Let Go,LNGSHOT,2F4oTJOWkcD1JaTeKEa9h6,37xebnhvUyM8VyyDDeo65d,https://i.scdn.co/image/ab67616d00001e029ae175cd44e09688bb7c0f4f
2026-02-13,tw,Taiwan,98,15,What You Want,CORTIS,1ebt9HnXdyYA6KgLXr1n4P,3rAcN3CLeSrkhIZN8PHbwb,https://i.scdn.co/image/ab67616d00001e02c99e4b439fcb318678a9a1a6
2026-02-13,tw,Taiwan,99,9,HOME SWEET HOME (feat. TAEYANG & DAESUNG),G-DRAGON; TAEYANG; DAESUNG,30b9WulBM8sFuBo17nNq9c; 6udveWUgX4vu75FF0DTrXV; 1OQxmfKN9UG5C7nr4MkasO,5doooVlMVRZztQbySqARMI,https://i.scdn.co/image/ab67616d00001e02e1b8e368ceafe1117e846859
2026-02-13,tw,Taiwan,100,57,人質,A-Mei Chang,6noxsCszBEEK04kCehugOp,6OAUhxFZzaRHHC8XiuIkvb,https://i.scdn.co/image/ab67616d00001e02657284accb75e6b683ebd59a
2026-02-13,tw,Taiwan,101,7,ONE MORE TIME,ALLDAY PROJECT,4gEMn0YPOdotLOygnk0Ng2,7FyKqLLICVzwBiAUtbVYUW,https://i.scdn.co/image/ab67616d00001e02d5261d9fdc59e65f33a8b196
2026-02-13,tw,Taiwan,102,19,两三句,Richael Liu,4mpD7eRd38R1tUcheDWrxQ,0BkBM5rY934yzHViRhd8Em,https://i.scdn.co/image/ab67616d00001e020ea22c79d020cd353f5ed761
2026-02-13,tw,Taiwan,103,18,一萬公里外的你,Juice Boy,2PRHe0bqimdQP9pSORGE6H,6FIhcAp2lj45eFlUkTriAr,https://i.scdn.co/image/ab67616d00001e0225327e1056b03da653eee335
2026-02-13,tw,Taiwan,104,13,怎麼了,Eric Chou,5fEQLwq1BWWQNR8GzhOIvi,5cU1O9P0EDA0rPkPDykhIm,https://i.scdn.co/image/ab67616d00001e02540dd1971439c343972a92b7
2026-02-13,tw,Taiwan,105,37,我們的愛,F.I.R.,5oqLnVZzJJXE3YnzzZfRKu,0Q4YuuiCuxIIKUw2fb1cmV,https://i.scdn.co/image/ab67616d00001e02f475bb027a3f2f9aef2e7940
2026-02-13,tw,Taiwan,106,6,手放開,Sam Lee,7ya3wFqG9X35S7L7XSrE2i,2Dd9EXYXI2NNrLG61OtWQv,https://i.scdn.co/image/ab67616d00001e022023a1b36b009bda06165b9a
2026-02-13,tw,Taiwan,107,22,給我一個理由忘記,A-Lin,28gf2piFx6cAKOMIwcky5a,2DcmVSLAg0ZzfOQxDshZHY,https://i.scdn.co/image/ab67616d00001e02e2b0c00178975b04b23691dc
2026-02-13,tw,Taiwan,108,3,淚橋,Wu Bai,5H8TJITZE1sPjVR2ACzXNS,0NAcDn6U2GB2Arhspmh38S,https://i.scdn.co/image/ab67616d00001e02574541164c6e7f7f849e3b27
2026-02-13,tw,Taiwan,109,42,其实,Joker Xue,1cg0bYpP5e2DNG0RgK2CMN,6Mmdzst5fLkrKjhdkGhLpe,https://i.scdn.co/image/ab67616d00001e0244f196c9fbfac3323c8f7e90
2026-02-13,tw,Taiwan,110,2,Gabriela,KATSEYE,3c0gDdb9lhnHGFtP4prQpn,1xOqGUkyxGQRdCvGpvWKmL,https://i.scdn.co/image/ab67616d00001e02f8d4d00ffe09373efb13ce29
2026-02-13,tw,Taiwan,111,8,月牙灣,F.I.R.,5oqLnVZzJJXE3YnzzZfRKu,1b5IRT3iraxjHOsKZx93sW,https://i.scdn.co/image/ab67616d00001e023653891f79d36296182d5b15
2026-02-13,tw,Taiwan,112,56,第57次取消发送,菲菲公主,64kT1WWPbIyJcOfNrR2RPD,2xYrGeWUjwGvB0KMAfUFSd,https://i.scdn.co/image/ab67616d00001e02f25f3d88cf46d71dbc74209b
2026-02-13,tw,Taiwan,113,5,少一點天份,Shi Shi,4XKp9GFAQfsh2NflSRnHQi,7lCLZlVt6g4ifoHXpXEHZm,https://i.scdn.co/image/ab67616d00001e026b03c0327f4742c8a2ef49c3
2026-02-13,tw,Taiwan,114,26,Blue Valentine,NMIXX,28ot3wh4oNmoFOdVajibBl,4i0HNuFEH6P6K4UnsY5uUh,https://i.scdn.co/image/ab67616d00001e02ee26bd5ae483fc54e6ef9e74
2026-02-13,tw,Taiwan,115,17,Dracula (with JENNIE),Tame Impala; JENNIE,5INjqkS1o8h1imAzPqGZBb; 250b0Wlc5Vk0CoUsaCY84M,5yvVYFDUpbnjcnRBgjwTzM,https://i.scdn.co/image/ab67616d00001e02c7c031ce9d06b131f8563676
2026-02-13,tw,Taiwan,116,4,下輩子,玖壹壹,3w8fdvgPp2aKgy125EBgVg,73Ijz3vN9KP1W5qrfNeWMI,https://i.scdn.co/image/ab67616d00001e02dbe6794a4afcafc06291b751
2026-02-13,tw,Taiwan,117,14,妥協,JOLIN,1r9DuPTHiQ7hnRRZ99B8nL,0m1cI6aV1jq537JamnL592,https://i.scdn.co/image/ab67616d00001e020b7942064ed301cf678f6974
2026-02-13,tw,Taiwan,118,19,Without You,高爾宣 OSN,4TcOznbEZBqev21LzAH4KE,0KWnRv3wxjltYVB3MqjNd2,https://i.scdn.co/image/ab67616d00001e02643c4fb91404d250686fa4ed
2026-02-13,tw,Taiwan,119,18,What is Love?,TWICE,7n2Ycct7Beij7Dj7meI4X0,5Ek40FyMPprcvtyZDjqylX,https://i.scdn.co/image/ab67616d00001e0240d7efd2594a2b6bda60ea18
2026-02-13,tw,Taiwan,120,1,Hold On,高爾宣 OSN; Patrick Brasca,4TcOznbEZBqev21LzAH4KE; 1xCrrnnj9xif5G0y3ie5dM,580BvW3DyUNoYFgQgoD2GI,https://i.scdn.co/image/ab67616d00001e02ebda96af44dfa483d78599f4
2026-02-13,tw,Taiwan,121,4,luther (with sza),Kendrick Lamar; SZA,2YZyLoL8N0Wb9xBt1NhZWg; 7tYKF4w9nC0nq9CsPZTHyP,2CGNAOSuO1MEFCbBRgUzjd,https://i.scdn.co/image/ab67616d00001e027e5e269471fe4a43a42e2f15
2026-02-13,tw,Taiwan,122,16,如果你也聽說,A-Mei Chang,6noxsCszBEEK04kCehugOp,2JH8WubSk2IWYUDBUguSQv,https://i.scdn.co/image/ab67616d00001e020b498d921e43f090eeb31e23
2026-02-13,tw,Taiwan,123,6,刻在我心底的名字 (Your Name Engraved Herein) - 電影<刻在你心底的名字>主題曲,Crowd Lu,2JBUyLiFvpFPWdZGqIGYLD,3OC84eKMxRJ4x0Hcwl9i4i,https://i.scdn.co/image/ab67616d00001e02a09d99cdbfdb0fafee0c2318
2026-02-13,tw,Taiwan,124,8,Really Like You,BABYMONSTER,1SIocsqdEefUTE6XKGUiVS,5xqM1HOndjxfH7NmyD8SVS,https://i.scdn.co/image/ab67616d00001e02119800c5fc88785ee3ed1524
2026-02-13,tw,Taiwan,125,18,小半,陳粒,3SyC3U06X0DjdWd2Jf6V8Q,3QxWTqyIT4O9bokIZlNDpo,https://i.scdn.co/image/ab67616d00001e025108846a5856e34da7892064
2026-02-13,tw,Taiwan,126,18,無垢,李浩瑋 Howard Lee,7EkkWNWPiWFQ0rA9IEmMXs,08VBl78Lgs7VIEzCL1Btyv,https://i.scdn.co/image/ab67616d00001e02ea3657d519d84d8860541dcd
2026-02-13,tw,Taiwan,127,54,失重前幸福,艾薇 Ivy,0RaC2hXyniYsju0mCSNz90,3SJgTyb8a7z66suw0kBZ0T,https://i.scdn.co/image/ab67616d00001e02c7dd9f3f5921f3ad7a558eda
2026-02-13,tw,Taiwan,128,12,不該,Jay Chou; A-Mei Chang,2elBjNSdBE2Y3f0j1mjrql; 6noxsCszBEEK04kCehugOp,5miH0BWhRVTvHAwmnoeyXH,https://i.scdn.co/image/ab67616d00001e02db1172ca038c6818b6ae8bf2
2026-02-13,tw,Taiwan,129,20,嚣张,en王翊恩,7z7tLLiBfmH0kZ2lNVs8LW,1vfUASvUGt3gxQ1x3T3u1C,https://i.scdn.co/image/ab67616d00001e029ca65a2abe7108fd00ffe9fb
2026-02-13,tw,Taiwan,130,5,我的秘密,G.E.M.,7aRC4L63dBn3CiLDuWaLSI,04colE4oJt50AHwFhrT57v,https://i.scdn.co/image/ab67616d00001e0248035e1e8295a1e6859cafca
2026-02-13,tw,Taiwan,131,1,淘汰,Eason Chan,2QcZxAgcs2I1q7CtCkl6MI,5sYtvIl1mx9QuIgwC6FDU1,https://i.scdn.co/image/ab67616d00001e025108b03b7ae44c82d7f4e014
2026-02-13,tw,Taiwan,132,23,JANE DOE,Kenshi Yonezu; Hikaru Utada,1snhtMLeb2DYoMOcVbb8iB; 7lbSsjYACZHn1MSDXPxNF2,4oE7MyJhqSD3BaHRpNs8Nl,https://i.scdn.co/image/ab67616d00001e028131aa99fb87ff0e9c511851
2026-02-13,tw,Taiwan,133,25,Man I Need,Olivia Dean,00x1fYSGhdqScXBRpSj3DW,1qbmS6ep2hbBRaEZFpn7BX,https://i.scdn.co/image/ab67616d00001e02e3d69e17dde129037a1f09e2
2026-02-13,tw,Taiwan,134,38,七里香,Jay Chou,2elBjNSdBE2Y3f0j1mjrql,57w29bSwdIZ6gr6xXOqwc1,https://i.scdn.co/image/ab67616d00001e0200b976d1df4243e5318a7712
2026-02-13,tw,Taiwan,135,9,Messy (From F1® The Movie),ROSÉ; F1 The Album,3eVa5w3URK5duf6eyVDbu9; 3aly4xJOy3LVznzvRIvFYC,6Wobsw9uZ0D0xkfOjxXSq9,https://i.scdn.co/image/ab67616d00001e0227303a68d325216fe413f62c
2026-02-13,tw,Taiwan,136,44,Touch,KATSEYE,3c0gDdb9lhnHGFtP4prQpn,6aJn7Cst74cj4lNIiPRgav,https://i.scdn.co/image/ab67616d00001e027e76c17cfbc723800452a24f
2026-02-13,tw,Taiwan,137,19,我受夠了,艾薇 Ivy; 吳霏,0RaC2hXyniYsju0mCSNz90; 2q5HrJWKwU4iHaTTSKGZC4,3w71TlXbEeZeZcI7BtHy2G,https://i.scdn.co/image/ab67616d00001e02734f588e7e456af1bad04389
2026-02-13,tw,Taiwan,138,14,SPOTLIGHT,頑童Mj116,7aMQdNM05rPkcHS1ethHUx,4IazYww9msi3dR81d9itO7,https://i.scdn.co/image/ab67616d00001e0205570f9f5557d730d86a777f
2026-02-13,tw,Taiwan,139,62,對等關係 (feat. 張惠妹),Ronghao Li; A-Mei Chang,0rTP0x4vRFSDbhtqcCqc8K; 6noxsCszBEEK04kCehugOp,0mGNDAW085Jkn8IbEalZG3,https://i.scdn.co/image/ab67616d00001e02676f6999f42e041d787c97d6
2026-02-13,tw,Taiwan,140,21,这是你期盼的长大吗,ZQS,6CvqU8itTtfpm1E8Pvez33,3AKYofM0vFekNthGbpjMpN,https://i.scdn.co/image/ab67616d00001e022d90720b3c403c14594ac23a
2026-02-13,tw,Taiwan,141,6,UP - KARINA Solo,aespa,6YVMFz59CuY7ngCxTxjpxE,5sjnkOfTLCLNfkkchI2re2,https://i.scdn.co/image/ab67616d00001e02253096eda3b7826c11c7fab8
2026-02-13,tw,Taiwan,142,Re-Entry,摯友,Eric Chou,5fEQLwq1BWWQNR8GzhOIvi,5evE7bweEhX83fd1ZmwPjP,https://i.scdn.co/image/ab67616d00001e020bc524e4f6936b0c84173fd4
2026-02-13,tw,Taiwan,143,10,LOOK AT ME,ALLDAY PROJECT,4gEMn0YPOdotLOygnk0Ng2,5iFbKoNv7Jc5Arpbf8D90B,https://i.scdn.co/image/ab67616d00001e02ef7020e16bdd8763ff470d20
2026-02-13,tw,Taiwan,144,17,STAY (with Justin Bieber),The Kid LAROI; Justin Bieber,2tIP7SsRs7vjIcLrU85W8J; 1uNFoZAHBGtllmzznpCI3s,567e29TDzLwZwfDuEpGTwo,https://i.scdn.co/image/ab67616d00001e02b4d59e6fa7e5e7cbc57ac33a
2026-02-13,tw,Taiwan,145,12,EYES CLOSED (with ZAYN),JISOO; ZAYN,6UZ0ba50XreR4TM8u322gs; 5ZsFI1h6hIdQRw2ti0hz81,4WFfPxJv1KRekG6mxn837K,https://i.scdn.co/image/ab67616d00001e021bc666f3fa4156c40c6f90d2
2026-02-13,tw,Taiwan,146,5,年少有為,Ronghao Li,0rTP0x4vRFSDbhtqcCqc8K,6XY80Ofqd8j0SGiEdRLwCp,https://i.scdn.co/image/ab67616d00001e024ed5351deda71982d6f1ab4d
2026-02-13,tw,Taiwan,147,2,光年之外 (電影 《Passengers》 中國區主題曲),G.E.M.,7aRC4L63dBn3CiLDuWaLSI,1bkvGbgK4HU8B7Ue4k7O7I,https://i.scdn.co/image/ab67616d00001e02f234c75e68b7b50c3d2b48d0
2026-02-13,tw,Taiwan,148,31,Seven (feat. Latto) (Explicit Ver.),Jung Kook; Latto,6HaGTQPmzraVmaVxvz6EUc; 3MdXrJWsbVzdn6fe5JYkSQ,2HRgqmZQC0MC7GeNuDIXHN,https://i.scdn.co/image/ab67616d00001e02741fd4807f442af3f7359316
2026-02-13,tw,Taiwan,149,2,有些,颜人中,5PNcqs6EtD6gSXgUiiJIUU,4bDJJr7yG31MApWuvEasAo,https://i.scdn.co/image/ab67616d00001e02dbc44cb806214a1372ff98d0
2026-02-13,tw,Taiwan,150,14,想見你想見你想見你 - 電視劇《想見你》片尾曲,831,3TtgOeQcNkf9WVDA4xPBJM,69zgyr5HVKdInjeKpq1qHa,https://i.scdn.co/image/ab67616d00001e0271eb1e21d6b443885815abe8
2026-02-13,tw,Taiwan,151,28,背叛,Gary Chaw,1mfzcypCggFwpCJ1gmi8BK,48VzfSDNpxIfWohA9bZgfo,https://i.scdn.co/image/ab67616d00001e0283435610a4055ff0f624d3bf
2026-02-13,tw,Taiwan,152,–,拼一個浪漫,PIZZALI,5AIqzRLM5XgtjdCjnbvJx7,1aw0qanOEfpwqoRM1qfTk3,https://i.scdn.co/image/ab67616d00001e024393194714584023652ff086
2026-02-13,tw,Taiwan,153,11,Drama,aespa,6YVMFz59CuY7ngCxTxjpxE,5XWlyfo0kZ8LF7VSyfS4Ew,https://i.scdn.co/image/ab67616d00001e02ae59604190fd4dcd891d5c69
2026-02-13,tw,Taiwan,154,Re-Entry,偷偷愛,Amazing Show,3n16EAnJtz6SZGx2zJssrI,0L7R4dmkwk46DEZgqx1fF7,https://i.scdn.co/image/ab67616d00001e025e186c6cd94001e56c635af4
2026-02-13,tw,Taiwan,155,62,就是愛妳,David Tao,40tNK2YedBV2jRFAHxpifB,73eCSQ1DxQbaOnzy8PhKx3,https://i.scdn.co/image/ab67616d00001e02110af1ee291450d9e86a05a4
2026-02-13,tw,Taiwan,156,31,倒帶,JOLIN,1r9DuPTHiQ7hnRRZ99B8nL,4XipvtwRgtUrGb2j2l0wNG,https://i.scdn.co/image/ab67616d00001e028067ec8cf1e676beeb817686
2026-02-13,tw,Taiwan,157,5,FOCUS,Hearts2Hearts,1ZLU77nRzQIaP23mVSYpCQ,6jYiHr12NVKLzn0X7K8aSK,https://i.scdn.co/image/ab67616d00001e027c887828b1a67202f0219857
2026-02-13,tw,Taiwan,158,12,沒那麽簡單,黃小琥,6KCusBln9NTESgcuI0DlUz,4xZIMRwaaBx7CZMmM6KLuh,https://i.scdn.co/image/ab67616d00001e028d4991c8e56249ff4ec1972f
2026-02-13,tw,Taiwan,159,4,我喜歡你,芒果醬 Mango Jump,1t1GIb4bb1lARAXwWEekUN,6FpUCVpLvO0QXwsovSfWEa,https://i.scdn.co/image/ab67616d00001e02c4406bdc7db01dffa88ff27a
2026-02-13,tw,Taiwan,160,24,FOREVER,BABYMONSTER,1SIocsqdEefUTE6XKGUiVS,7a6vvAM1cjAuyVQpqv9pmu,https://i.scdn.co/image/ab67616d00001e02119800c5fc88785ee3ed1524
2026-02-13,tw,Taiwan,161,8,DAISIES,Justin Bieber,1uNFoZAHBGtllmzznpCI3s,5BZsQlgw21vDOAjoqkNgKb,https://i.scdn.co/image/ab67616d00001e02d65c4773bc5061fd27facc5b
2026-02-13,tw,Taiwan,162,67,掉了,A-Mei Chang,6noxsCszBEEK04kCehugOp,4yLirljV93Y0vIoERjeTv5,https://i.scdn.co/image/ab67616d00001e02da6368ffadcd4c761a1b4744
2026-02-13,tw,Taiwan,163,35,Closer,The Chainsmokers; Halsey,69GGBxA162lTqCwzJG5jLp; 26VFTg2z8YR0cCuwLzESi2,7BKLCZ1jbUBVqRi2FVlTVw,https://i.scdn.co/image/ab67616d00001e02495ce6da9aeb159e94eaa453
2026-02-13,tw,Taiwan,164,14,雨愛,Rainie Yang,0MEchSWR9pJvw1S5CV3Kuk,553GNiNqcudWfsF55RBDqz,https://i.scdn.co/image/ab67616d00001e027781cc488fb3aeca4a1c5a5c
2026-02-13,tw,Taiwan,165,Re-Entry,一路向北,Jay Chou,2elBjNSdBE2Y3f0j1mjrql,7KoqEF76fGnDYdxTSHLxcm,https://i.scdn.co/image/ab67616d00001e022625625847482492f9e2e665
2026-02-13,tw,Taiwan,166,33,Cruel Summer,Taylor Swift,06HL4z0CvFAxyc27GXpf02,1BxfuPKGuaTgP7aM0Bbdwr,https://i.scdn.co/image/ab67616d00001e02e787cffec20aa2a396a61647
2026-02-13,tw,Taiwan,167,16,善后,马师傅,0M668HC4fq39Ls98rUdsyS,6gYS6CQc7UMnj0Ubq3C0QT,https://i.scdn.co/image/ab67616d00001e023e8cd6ae4415fbaae876d3be
2026-02-13,tw,Taiwan,168,Re-Entry,SHEESH,BABYMONSTER,1SIocsqdEefUTE6XKGUiVS,1njlnn8ZKHI77Pe9szIONR,https://i.scdn.co/image/ab67616d00001e024f6afc385052250c766a5683
2026-02-13,tw,Taiwan,169,63,爱怎么了,陈村长,6zEkJebB8dCxTGyvyYa8FA,0c9gjnRGBRke9VmLaZWmhM,https://i.scdn.co/image/ab67616d00001e02fceba8f8dae0d3dc2640e955
2026-02-13,tw,Taiwan,170,New,Nice to see you again - Korean Ver.,TWS,4GgBKgxhc649frZDHcXIEz,1mX9SZZfCeTbetghcrp8Jr,https://i.scdn.co/image/ab67616d00001e021423f1daf85751d0fb412438
2026-02-13,tw,Taiwan,171,17,說好的幸福呢,Jay Chou,2elBjNSdBE2Y3f0j1mjrql,4OoExItZJ0jePoCZDbHx4t,https://i.scdn.co/image/ab67616d00001e02c2321adb9887902f0c5bd8f1
2026-02-13,tw,Taiwan,172,Re-Entry,ATTITUDE,IVE,6RHTUrRF63xao58xh9FXYJ,04mHr76sMR8RSqVIgWl785,https://i.scdn.co/image/ab67616d00001e02487f90022857e485ecc685eb
2026-02-13,tw,Taiwan,173,19,我想要佔據你,告五人,6xErgeZYatiaQ36SB5bvi8,14GFYAUxkeXranhS2qrYIZ,https://i.scdn.co/image/ab67616d00001e02b01698d546472bc1f183fbff
2026-02-13,tw,Taiwan,174,Re-Entry,兄弟們要進城,頑童Mj116,7aMQdNM05rPkcHS1ethHUx,6EE6lFjlQeERL683Ver4Po,https://i.scdn.co/image/ab67616d00001e0268675b44796b3466d6414c0a
2026-02-13,tw,Taiwan,175,20,能不能和我留在台北（陪我幾天）,icyball 冰球樂團,4GsjZQZJ3viOq4Uw8wZDbW,63N9fNPJ5kkbvtntCwgIbm,https://i.scdn.co/image/ab67616d00001e0225924b289c5bca087d494fd2
2026-02-13,tw,Taiwan,176,Re-Entry,修煉愛情,JJ Lin,7Dx7RhX0mFuXhCOUgB01uM,101iWa6yaODTI0RWewMK1B,https://i.scdn.co/image/ab67616d00001e02d007039d7dbb3ac88b4c5686
2026-02-13,tw,Taiwan,177,Re-Entry,以後,Crowd Lu,2JBUyLiFvpFPWdZGqIGYLD,3rYFYwdoNcniqvruCbViHM,https://i.scdn.co/image/ab67616d00001e021b1fb50eec98ff61b9fdbda2
2026-02-13,tw,Taiwan,178,Re-Entry,有一種悲傷 - 電影《比悲傷更悲傷的故事》主題曲,A-Lin,28gf2piFx6cAKOMIwcky5a,3ayrHkyorPEpeOBvZ76SwG,https://i.scdn.co/image/ab67616d00001e02780862004f70c1e58dfddf49
2026-02-13,tw,Taiwan,179,31,Something Just Like This,The Chainsmokers; Coldplay,69GGBxA162lTqCwzJG5jLp; 4gzpq5DPGxSnKTe4SA8HAU,6RUKPb4LETWmmr3iAEQktW,https://i.scdn.co/image/ab67616d00001e020c13d3d5a503c84fcc60ae94
2026-02-13,tw,Taiwan,180,31,I AM,IVE,6RHTUrRF63xao58xh9FXYJ,70t7Q6AYG6ZgTYmJWcnkUM,https://i.scdn.co/image/ab67616d00001e0225ef3cec1eceefd4db2f91c8
2026-02-13,tw,Taiwan,181,Re-Entry,愛你,Kimberley Chen,1dVbVQZjRGDjQmHD8oiS8k,0n7Ij8XEDfYYFRgBQjNjnf,https://i.scdn.co/image/ab67616d00001e0230065f9a53fbeae1556d5129
2026-02-13,tw,Taiwan,182,Re-Entry,HOT,LE SSERAFIM,4SpbR6yFEvexJuaBpgAU5p,24Y63uAvj6Oc9jGuTlhlgf,https://i.scdn.co/image/ab67616d00001e022e573f25565a8c2d1ae5e4d6
2026-02-13,tw,Taiwan,183,Re-Entry,Ordinary,Alex Warren,0fTSzq9jAh4c36UVb4V7CB,2RkZ5LkEzeHGRsmDqKwmaJ,https://i.scdn.co/image/ab67616d00001e028d18d73bbfc8985d52865edf
2026-02-13,tw,Taiwan,184,10,想要保護的 - 電影《功夫》主題曲,Bii; 徐暐翔,1AIrEsIWKWiJJ6lfkLmtWK; 2xZkWvVTxC65o3dqETdfPm,3j0l0O8haMn4QsktFn9MMx,https://i.scdn.co/image/ab67616d00001e025f0c3c866f46179a0347d4da
2026-02-13,tw,Taiwan,185,1,Daydream,WENDY,0FRUZvZNPzM3YJMABJxf2K,5EzhW71tVR5Rad6TdvdYKq,https://i.scdn.co/image/ab67616d00001e025843a249f88fed1b0ef716e1
2026-02-13,tw,Taiwan,186,10,愛我別走,Zhang Zhen Yue,6PNEi9i2MxUgRufqYr76Xt,2fc2vUA5H3mTAr9rQoBDKt,https://i.scdn.co/image/ab67616d00001e0268c82f09326ad31bb08132fd
2026-02-13,tw,Taiwan,187,Re-Entry,I Just Might,Bruno Mars,0du5cEVh5yTK9QJze8zA0C,12bYYQaLqHliSXvRIYlq8G,https://i.scdn.co/image/ab67616d00001e02e7623a0a60f330ee2b24d498
2026-02-13,tw,Taiwan,188,6,Love Yourself,Justin Bieber,1uNFoZAHBGtllmzznpCI3s,50kpGaPAhYJ3sGmk6vplg0,https://i.scdn.co/image/ab67616d00001e02f46b9d202509a8f7384b90de
2026-02-13,tw,Taiwan,189,Re-Entry,REBEL HEART,IVE,6RHTUrRF63xao58xh9FXYJ,1jtlHteF4y7FFHKgYFld4f,https://i.scdn.co/image/ab67616d00001e024d4cd304303bab6a79598960
2026-02-13,tw,Taiwan,190,24,愛人錯過,告五人,6xErgeZYatiaQ36SB5bvi8,27FOde2nUw0pFuj7hlPbaS,https://i.scdn.co/image/ab67616d00001e027a2aff746e4093fecd950130
2026-02-13,tw,Taiwan,191,48,後來,Rene Liu,6qzfo7jiO4OrhxrvPFPlWX,2wzXhxWPX0aODraKNXoJYY,https://i.scdn.co/image/ab67616d00001e02794c74a4950a105ffe3be4ed
2026-02-13,tw,Taiwan,192,33,披星戴月的想你,告五人,6xErgeZYatiaQ36SB5bvi8,7tgzj2IqzSgUpxUhjmcF5m,https://i.scdn.co/image/ab67616d00001e027a2aff746e4093fecd950130
2026-02-13,tw,Taiwan,193,Re-Entry,Just Believe,頑童Mj116,7aMQdNM05rPkcHS1ethHUx,1Onqw3ligchmfzpX322jfs,https://i.scdn.co/image/ab67616d00001e02d4fe063729ca5dccd58d685f
2026-02-13,tw,Taiwan,194,Re-Entry,HOT SAUCE,BABYMONSTER,1SIocsqdEefUTE6XKGUiVS,0zXGUUy3TtLH9Oo0FRgbB8,https://i.scdn.co/image/ab67616d00001e02d7b5a82f0fd5d67ddea78193
2026-02-13,tw,Taiwan,195,7,Ditto,NewJeans,6HvZYsbFfjnjFrWF950C9d,3r8RuvgbX9s7ammBn07D3W,https://i.scdn.co/image/ab67616d00001e02edf5b257be1d6593e81bb45f
2026-02-13,tw,Taiwan,196,18,捲菸,Amazing Show,3n16EAnJtz6SZGx2zJssrI,7ks6KrwN2DKhEm06X85qEK,https://i.scdn.co/image/ab67616d00001e0217db15a71504cc2bcab8c44c
2026-02-13,tw,Taiwan,197,83,我知道,BY2,3DOs7Bsr9x4eJHqv6ViPvR,7iXPSlDdL0EQwPFtUR8ye1,https://i.scdn.co/image/ab67616d00001e02691ad8457c6e896ca39ab979
2026-02-13,tw,Taiwan,198,Re-Entry,摯友,A-Lin,28gf2piFx6cAKOMIwcky5a,1bQHKplf5fkkecalhAgYp0,https://i.scdn.co/image/ab67616d00001e02a5468d51afa6a785eada59c8
2026-02-13,tw,Taiwan,199,Re-Entry,SUPA DUPA LUV,BABYMONSTER,1SIocsqdEefUTE6XKGUiVS,6hp4n7Bwt8TCpm9hImFLLX,https://i.scdn.co/image/ab67616d00001e028fbb6ffdf0fad1623c8e95f8
2026-02-13,tw,Taiwan,200,Re-Entry,AIZO,King Gnu,6wxfx1yhyqjCPYwwxJktR2,65X2koe1LhDgQmRkNdJFv9,https://i.scdn.co/image/ab67616d00001e02120734724ff398a2d812f982
2026-02-13,my,Malaysia,1,–,kota ini tak sama tanpamu,Nadhif Basalamah,6UgERnTHmjk3qXM9x5vzyO,13CwOTXUgBugeBByE9oIWb,https://i.scdn.co/image/ab67616d00001e02f3e3f888fbfcc916ecce50a9
2026-02-13,my,Malaysia,2,–,Sedia Aku Sebelum Hujan,Idgitaf,7pFWMC2E7h8eL3SZyHRsRq,64qfw9JZl3RYCrq4Mn0WvT,https://i.scdn.co/image/ab67616d00001e028dc8c573565969d55f9f3477
2026-02-13,my,Malaysia,3,–,bergema sampai selamanya,Nadhif Basalamah,6UgERnTHmjk3qXM9x5vzyO,0ql6fgz8qk0pAEKrGeSppJ,https://i.scdn.co/image/ab67616d00001e02f3e3f888fbfcc916ecce50a9
2026-02-13,my,Malaysia,4,–,Die On This Hill,SIENNA SPIRO,02gSuSAWEdWa5UOvqzjX6v,2gYTC8DsplN3RNdpdBcCOQ,https://i.scdn.co/image/ab67616d00001e020901e50bfaff4351a29f462b
2026-02-13,my,Malaysia,5,–,The Fate of Ophelia,Taylor Swift,06HL4z0CvFAxyc27GXpf02,53iuhJlwXhSER5J2IYYv1W,https://i.scdn.co/image/ab67616d00001e02d7812467811a7da6e6a44902
2026-02-13,my,Malaysia,6,1,back to friends,sombr,4G9NDjRyZFDlJKMRL8hx3S,7qjZnBKE73H4Oxkopwulqe,https://i.scdn.co/image/ab67616d00001e024229702de91cb3d3a4383302
2026-02-13,my,Malaysia,7,1,kota ini tak sama tanpamu (with Aziz Harun & Aisha Retno),Nadhif Basalamah; Aziz Harun; Aisha Retno,6UgERnTHmjk3qXM9x5vzyO; 1dmuM6bG5J8sDFyp26x9Nf; 1eizIry8svwmH0cSjLUEYy,75DnXTAoFiorMrqkPVbjSH,https://i.scdn.co/image/ab67616d00001e0287e7224938aa91019b17b791
2026-02-13,my,Malaysia,8,4,End of Beginning,Djo,5p9HO3XC5P3BLxJs5Mtrhm,3qhlB30KknSejmIvZZLjOD,https://i.scdn.co/image/ab67616d00001e02fddfffec51b4580acae727c1
2026-02-13,my,Malaysia,9,5,TABOLA BALE,Silet Open Up; Jacson Seran; Juan Reza; Diva Aurel,5naPJsWUJ6y22yKXA6dX36; 7sGSFhUe26nmXPxw3KuXrj; 0eYCIajsbVsMjVUIkcomIY; 5aOpLMYo7aOOxoXBFkiJ4u,7mqG8I1JG0iQAejC53qpbU,https://i.scdn.co/image/ab67616d00001e02f6f7d0c06b8b2bd22ba3eae4
2026-02-13,my,Malaysia,10,1,bittersweet,Madison Beer,2kRfqPViCqYdSGhYSM9R0Q,6vDVu9IM9s8L8XMQ1c1Yti,https://i.scdn.co/image/ab67616d00001e02391ad22354ea2e90c54f6b14
2026-02-13,my,Malaysia,11,2,WILDFLOWER,Billie Eilish,6qqNVTkY8uBg9cP3Jd7DAH,3QaPy1KgI7nu9FJEQUgn6h,https://i.scdn.co/image/ab67616d00001e0271d62ea7ea8a5be92d3c1f62
2026-02-13,my,Malaysia,12,6,Don’t Say You Love Me,Jin,5vV3bFXnN6D6N3Nj4xRvaV,27xkOIER6uDLKALIelHylZ,https://i.scdn.co/image/ab67616d00001e0289228504f700641956e29f5d
2026-02-13,my,Malaysia,13,6,SO ASU,Naykilla,79omf4LgzaVAnXIRWPkJUq,56TRhAB4SqpRn5NdqHSAFy,https://i.scdn.co/image/ab67616d00001e02bc3ac83da4a6bda98247e694
2026-02-13,my,Malaysia,14,1,Hanya Aku,Hyper Act,0zo8fkOQyrawuBfIhy99jb,0hlZ8daapg8QHpHsDyaqbg,https://i.scdn.co/image/ab67616d00001e02fa7c08cb17a4e1288465ad19
2026-02-13,my,Malaysia,15,5,DtMF,Bad Bunny,4q3ewBCX7sLwd24euuV69X,3sK8wGT43QFpWrvNQsrQya,https://i.scdn.co/image/ab67616d00001e02bbd45c8d36e0e045ef640411
2026-02-13,my,Malaysia,16,8,Bahagiamu Deritaku,Hafiz Suip,08nApps9ThD6cZD2jXC4vW,5vNhfRa1WTzUDZcU8DAO1a,https://i.scdn.co/image/ab67616d00001e028fea0786d4aa86948156e799
2026-02-13,my,Malaysia,17,–,So Easy (To Fall In Love),Olivia Dean,00x1fYSGhdqScXBRpSj3DW,6sGIMrtIzQjdzNndVxe397,https://i.scdn.co/image/ab67616d00001e029a336bfb6d40bbd90a507417
2026-02-13,my,Malaysia,18,3,P Ramlee Saloma,Alpha,0s2MtYt7PZx0kP8CqLt38t,7p2GUA0ShGenHoqeIhTg5i,https://i.scdn.co/image/ab67616d00001e022ece326ad7dea11e2719fb8a
2026-02-13,my,Malaysia,19,6,mejikuhibiniu,Tenxi; Suisei; Jemsii,6vP4azTCk053nGL0xAYnVH; 2Iw3yPRqjz5Xh4veKj7oqi; 5PTw7KmM8c9QfBjU5caHWs,13KXgSl4vs7h8y2G7V6GrB,https://i.scdn.co/image/ab67616d00001e02ebdd8446bacd87dc7796cede
2026-02-13,my,Malaysia,20,–,Mangu,Fourtwnty; Charita Utami,46cVq2dwPgzPE3X1VR9TMj; 48yQuRfvklyupKmridU1du,4e6TmHCC4PRUj75knNplNP,https://i.scdn.co/image/ab67616d00001e0232ab17f5515e51490841f648
2026-02-13,my,Malaysia,21,1,Gabriela,KATSEYE,3c0gDdb9lhnHGFtP4prQpn,1xOqGUkyxGQRdCvGpvWKmL,https://i.scdn.co/image/ab67616d00001e02f8d4d00ffe09373efb13ce29
2026-02-13,my,Malaysia,22,4,BIRDS OF A FEATHER,Billie Eilish,6qqNVTkY8uBg9cP3Jd7DAH,6dOtVTDdiauQNBQEDOtlAB,https://i.scdn.co/image/ab67616d00001e0271d62ea7ea8a5be92d3c1f62
2026-02-13,my,Malaysia,23,7,penjaga hati,Nadhif Basalamah,6UgERnTHmjk3qXM9x5vzyO,6i9Ci0IN1q1GcnhdbKU7kZ,https://i.scdn.co/image/ab67616d00001e0225001f594384ffb7fb952347
2026-02-13,my,Malaysia,24,3,Bahagia Lagi,Piche Kota,5zAYPlhV1TirCul0R4NKGM,5tZaKZPJtiHh6teQfVEHB5,https://i.scdn.co/image/ab67616d00001e025bd00b369e89c5cbc74d827b
2026-02-13,my,Malaysia,25,4,Ngga Dulu,Akbar Chalay; Zynakal; ciloqciliq,0dIJRlr9m4hUwdBYmKUTjW; 3Cs5QQYz6pMhbEKaBNCtfi; 3zcke1TsWc6mZhzB1BCC9T,3c3JC5TjFrEqEKheU7227c,https://i.scdn.co/image/ab67616d00001e029e607297510b0d097867caf4
2026-02-13,my,Malaysia,26,3,Dan...,Sheila On 7,6q87vizIEdEN4NvlR6mjfT,1MdjZzEInrmDBXf8zs0nKS,https://i.scdn.co/image/ab67616d00001e0254270208627aa8061a8abe21
2026-02-13,my,Malaysia,27,12,like JENNIE,JENNIE,250b0Wlc5Vk0CoUsaCY84M,0fK7ie6XwGxQTIkpFoWkd1,https://i.scdn.co/image/ab67616d00001e02dcf27dec5e479b2e39c4c993
2026-02-13,my,Malaysia,28,2,I Thought I Saw Your Face Today,She & Him,3CIRif6ZAedT7kZSPvj2A4,0myRViRgmQ3J8izICXEAVO,https://i.scdn.co/image/ab67616d00001e02a47c6d8a934b4833c0916cc9
2026-02-13,my,Malaysia,29,3,Who Knows,Daniel Caesar,20wkVLutqVOYrc0kxFs7rA,6DH13QYXK7lKkYHSU88N48,https://i.scdn.co/image/ab67616d00001e022bad6e56e77d5bef0aa3f2dc
2026-02-13,my,Malaysia,30,9,福气马上来,1119,5cKj8OK6VqHbxpsWIpfKYz,3b6RZmPmYzg2mRyfoIznYS,https://i.scdn.co/image/ab67616d00001e02206075754063604bf0cf3144
2026-02-13,my,Malaysia,31,1,Golden,HUNTR/X; EJAE; AUDREY NUNA; REI AMI; KPop Demon Hunters Cast,2yNNYQBChuox9A5Ka93BIn; 0RMJOzHDhAKY1o2j0W0vxY; 0Wwji82sLA0Hcvtuak3omb; 6U1dV7aL68N7Gb0Naq34V5; 7mW7Tv7NvywKKXqafZo0Lc,1CPZ5BxNNd0n0nF4Orb9JS,https://i.scdn.co/image/ab67616d00001e024dcb6c5df15cf74596ab25a4
2026-02-13,my,Malaysia,32,4,Die With A Smile,Lady Gaga; Bruno Mars,1HY2Jd0NmPuamShAr6KMms; 0du5cEVh5yTK9QJze8zA0C,7so0lgd0zP2Sbgs2d7a1SZ,https://i.scdn.co/image/ab67616d00001e02b0860cf0a98e09663c82290c
2026-02-13,my,Malaysia,33,2,Bintang 5,Tenxi; Jemsii,6vP4azTCk053nGL0xAYnVH; 5PTw7KmM8c9QfBjU5caHWs,0HoWTALX2BktSIrSmflWSP,https://i.scdn.co/image/ab67616d00001e02ebdd8446bacd87dc7796cede
2026-02-13,my,Malaysia,34,1,Love Me Not,Ravyn Lenae,5RTLRtXjbXI2lSXc6jxlAz,4WFgvKVfEhb3IUAFGrutTR,https://i.scdn.co/image/ab67616d00001e020e62daaea2c7b94053e1c142
2026-02-13,my,Malaysia,35,1,Kasih Aba Aba,Naykilla; Tenxi; Jemsii,79omf4LgzaVAnXIRWPkJUq; 6vP4azTCk053nGL0xAYnVH; 5PTw7KmM8c9QfBjU5caHWs,5rhwXZP0luMucnEPnYJpbI,https://i.scdn.co/image/ab67616d00001e028afa25403ff8a518ee7a9f94
2026-02-13,my,Malaysia,36,1,Dirimu Yang Dulu,Anggis Devaki,7lXTU6VtJQWfiN2vuZyzqf,3GIiXoibZNOxoB4QJ0b8UR,https://i.scdn.co/image/ab67616d00001e02d7105ffabf2ff9ddd265eab1
2026-02-13,my,Malaysia,37,3,"One Of The Girls (with JENNIE, Lily Rose Depp)",The Weeknd; JENNIE; Lily-Rose Depp,1Xyo4u8uXC1ZmMpatF05PJ; 250b0Wlc5Vk0CoUsaCY84M; 1pBLC0qVRTB5zVMuteQ9jJ,7CyPwkp0oE8Ro9Dd5CUDjW,https://i.scdn.co/image/ab67616d00001e02b0dd6a5cd1dec96c4119c262
2026-02-13,my,Malaysia,38,5,It Will Rain,Bruno Mars,0du5cEVh5yTK9QJze8zA0C,4rMNgxEwGWoPHIUcvB5BrB,https://i.scdn.co/image/ab67616d00001e02dec2e6bae5062b94fc4eeb84
2026-02-13,my,Malaysia,39,1,Opalite,Taylor Swift,06HL4z0CvFAxyc27GXpf02,3yWuTOYDztXjZxdE2cIRUa,https://i.scdn.co/image/ab67616d00001e02d7812467811a7da6e6a44902
2026-02-13,my,Malaysia,40,1,Raindance (feat. Tems),Dave; Tems,6Ip8FS7vWT1uKkJSweANQK; 687cZJR45JO7jhk1LHIbgq,3oTuTpF1F3A7rEC6RKsMRz,https://i.scdn.co/image/ab67616d00001e02fecaa7826bb0cbe139a8cb83
2026-02-13,my,Malaysia,41,3,Ingat,ALYPH,3qeuv2ijwaAcbX3KVMJfuj,0QnyIDSjy366dQZjcHS2yF,https://i.scdn.co/image/ab67616d00001e02aeaf0ac1f551769d707e2ea8
2026-02-13,my,Malaysia,42,6,Garam & Madu (Sakit Dadaku),Tenxi; Naykilla; Jemsii,6vP4azTCk053nGL0xAYnVH; 79omf4LgzaVAnXIRWPkJUq; 5PTw7KmM8c9QfBjU5caHWs,3jJkB9wdKpwxnkjgUBnE4c,https://i.scdn.co/image/ab67616d00001e02ebdd8446bacd87dc7796cede
2026-02-13,my,Malaysia,43,1,Menjaga Jodoh Orang Lain,Ara Johari,0xuL8l2qakTAyURbZb1gtc,2CneKWpjKErzqZhHID0avV,https://i.scdn.co/image/ab67616d00001e0201c8234d472a85cc65702dd7
2026-02-13,my,Malaysia,44,20,Bintang,Budak Kacamata,4thhnp2dS6gYcYMUvEGqOw,6Oeukysi7qGU8sVYv6daur,https://i.scdn.co/image/ab67616d00001e02345afa81baafd76fe7d7107a
2026-02-13,my,Malaysia,45,–,Moonwalkin',LNGSHOT,2F4oTJOWkcD1JaTeKEa9h6,46V2ciN6F5bxjQWityNhkY,https://i.scdn.co/image/ab67616d00001e029ae175cd44e09688bb7c0f4f
2026-02-13,my,Malaysia,46,9,EEEE A,dia,6WgjNWwGACXaBy7NZripBu,4h07ne6Xf5AaCIGkrgNq1i,https://i.scdn.co/image/ab67616d00001e02bc6ee0a7c05af5d905d9a7ac
2026-02-13,my,Malaysia,47,1,we can't be friends (wait for your love),Ariana Grande,66CXWjxzNUsdJxJ2JdwvnR,51ZQ1vr10ffzbwIjDCwqm4,https://i.scdn.co/image/ab67616d00001e028b58d20f1b77295730db15b4
2026-02-13,my,Malaysia,48,17,Monolog,Pamungkas,7d86ERlvO5UG44j7Va0Y0C,1zu5ZpnrSArdoaT6Qq3yo9,https://i.scdn.co/image/ab67616d00001e023e2cf96ce4558b8f2376b79a
2026-02-13,my,Malaysia,49,2,Kasih Tau Mama (Malam Minggu),Rombongan Bodonk Koplo,4lMaxyOo5D7cOWzv2wiRZs,3egqzae8XAs7VXIb1ikB4I,https://i.scdn.co/image/ab67616d00001e02e7b989cb06b6ba8efec00c04
2026-02-13,my,Malaysia,50,–,NOT CUTE ANYMORE,ILLIT,36cgvBn0aadzOijnjjwqMN,1k0JAiH11gHL9dc5dfQjQr,https://i.scdn.co/image/ab67616d00001e023d09075f6c7fabe9a7234cb3
2026-02-13,my,Malaysia,51,2,Sempurna,Insomniacks,3uSnvyMAFJTm7XkZJFo0xP,67C6LHREqmytK923Ak6R0I,https://i.scdn.co/image/ab67616d00001e02ddb1b2c929f06a2484ab9522
2026-02-13,my,Malaysia,52,2,No One Noticed,The Marías,2sSGPbdZJkaSE2AbcGOACx,3siwsiaEoU4Kuuc9WKMUy5,https://i.scdn.co/image/ab67616d00001e028aa339341a0b0c813909c831
2026-02-13,my,Malaysia,53,20,Calon Mantu Idaman (feat. Ncum),Rombongan Bodonk Koplo; Ncum,4lMaxyOo5D7cOWzv2wiRZs; 7J6fZ8wiC84JWju54ZmD65,5EWyweCJ5igLl6bjbGRmGm,https://i.scdn.co/image/ab67616d00001e02f1c5d43869a5d3699f7a9b4b
2026-02-13,my,Malaysia,54,26,Bunga Maaf,The Lantis,1REvGGP2H7cFLGZgK2sStO,26KhLgFuPymkm1uiZkc6Rv,https://i.scdn.co/image/ab67616d00001e027536908067a37708c3f5ff35
2026-02-13,my,Malaysia,55,11,Untuk Mencintaimu,Seventeen,5uUb3J6HqLhBWwzuh84LUZ,04tvOIuyk8y0QVA8Ta0UOd,https://i.scdn.co/image/ab67616d00001e02b9f510504efb5b8109708b71
2026-02-13,my,Malaysia,56,2,The Man Who Can't Be Moved,The Script,3AQRLZ9PuTAozP28Skbq8V,3nqqDo8CcCLke3ZoTgiOKf,https://i.scdn.co/image/ab67616d00001e02f33a9f529c12f79b116eb218
2026-02-13,my,Malaysia,57,13,"Masa ini, Nanti, dan Masa Indah Lainnya",Nuca,5x3nSujruZLuB6xBicI6Ai,3TTZfjYqhTowNALncAmY5v,https://i.scdn.co/image/ab67616d00001e0272efdd27a433732ba1ab6269
2026-02-13,my,Malaysia,58,68,Bukan Ku Tak Sudi,Iklim,6JC3uifC84pTUZssGSnBD5,5TQ67TxfxEiAl58Vmtx5ew,https://i.scdn.co/image/ab67616d00001e0289bc3d2926d8903688d805dd
2026-02-13,my,Malaysia,59,12,CHANEL,Tyla,3SozjO3Lat463tQICI9LcE,4VxTzYm00mg82MuoT35Ja7,https://i.scdn.co/image/ab67616d00001e02c67cc9596a3252490933e2f9
2026-02-13,my,Malaysia,60,3,Tapi Bukan Aku,Kerispatih,73OtDyghUEJ9QfGtu1pkaJ,0BrH4b7su9uLELM1h5Xlzw,https://i.scdn.co/image/ab67616d00001e024986516d6ce56f0d19cdc41d
2026-02-13,my,Malaysia,61,17,Night Changes,One Direction,4AK6F7OLvEQ5QYCBNiQWHq,5O2P9iiztwhomNh8xkR9lJ,https://i.scdn.co/image/ab67616d00001e0234a29f220057810cce98e1b4
2026-02-13,my,Malaysia,62,6,Manchild,Sabrina Carpenter,74KM79TiuVKeVCqs8QtB0B,2BwO5K8Q7EPAJSGze3AAh9,https://i.scdn.co/image/ab67616d00001e02b1863bf95557ea7f357c4947
2026-02-13,my,Malaysia,63,39,Relakan Jiwa,Hazama,5jKjGIfQbctItoit4X95XI,5fqfVLlqHjxOYZdAj6za3H,https://i.scdn.co/image/ab67616d00001e02dd0bd02d3569fd1c67ede8d5
2026-02-13,my,Malaysia,64,21,Nanti Kita Seperti Ini,Batas Senja,4AhHkaGz7W2bKKJK90IaV2,3y8RcMPYG22fRnrOi4oFJ1,https://i.scdn.co/image/ab67616d00001e02c6092bd9b2579479e5fa9891
2026-02-13,my,Malaysia,65,13,We Don't Talk Anymore (feat. Selena Gomez),Charlie Puth; Selena Gomez,6VuMaDnrHyPL1p4EHjYLi7; 0C8ZW7ezQVs4URX5aX7Kqx,54PbBpquVfhfrwRwvjSXbI,https://i.scdn.co/image/ab67616d00001e0215145482a542a9adb282250b
2026-02-13,my,Malaysia,66,6,Sailor Song,Gigi Perez,1iCnM8foFssWlPRLfAbIwo,21IYMdzTrzSe191Cy5eMap,https://i.scdn.co/image/ab67616d00001e0249c26270052e1671add569c1
2026-02-13,my,Malaysia,67,4,Never Let Go,LNGSHOT,2F4oTJOWkcD1JaTeKEa9h6,37xebnhvUyM8VyyDDeo65d,https://i.scdn.co/image/ab67616d00001e029ae175cd44e09688bb7c0f4f
2026-02-13,my,Malaysia,68,108,Aishiteru 2,Zivilia,4LyTIqOGH7OtKQtRTTuACE,1o7SlrzV9cItNYQX9H9lNq,https://i.scdn.co/image/ab67616d00001e021408a20f9ff5ba1214cd1bed
2026-02-13,my,Malaysia,69,19,Man I Need,Olivia Dean,00x1fYSGhdqScXBRpSj3DW,1qbmS6ep2hbBRaEZFpn7BX,https://i.scdn.co/image/ab67616d00001e02e3d69e17dde129037a1f09e2
2026-02-13,my,Malaysia,70,5,Lesung Pipi,Raim Laode,5LcNPa8f8bRmZqELgoRFkN,04mOx59pM3upWDkpp9PYkb,https://i.scdn.co/image/ab67616d00001e02dfa3d7031a8f658d0a9b89fd
2026-02-13,my,Malaysia,71,4,Cinnamon Girl,Lana Del Rey,00FQb4jTyendYWaN8pK0wa,2mdEsXPu8ZmkHRRtAdC09e,https://i.scdn.co/image/ab67616d00001e02879e9318cb9f4e05ee552ac9
2026-02-13,my,Malaysia,72,11,Harapan,Hyper Act,0zo8fkOQyrawuBfIhy99jb,6NexU0n0t8nlczyeoAfIwA,https://i.scdn.co/image/ab67616d00001e02fa7c08cb17a4e1288465ad19
2026-02-13,my,Malaysia,73,13,Kita Usahakan Lagi,Batas Senja,4AhHkaGz7W2bKKJK90IaV2,1wfbqUSPWbnPjkiBA9UmoF,https://i.scdn.co/image/ab67616d00001e02246e30c4bef2c5336465aca7
2026-02-13,my,Malaysia,74,14,Eenie Meenie,Sean Kingston; Justin Bieber,6S0dmVVn4udvppDhZIWxCr; 1uNFoZAHBGtllmzznpCI3s,4vVTI94F9uJ8lHNDWKv0i2,https://i.scdn.co/image/ab67616d00001e024dea4c1cdf30c359dbaec318
2026-02-13,my,Malaysia,75,38,Sedetik Lebih,Anuar Zain,4jseSNWUg2haVIdUZS8R1a,0wU81ztD9Phud7dVlJXvcx,https://i.scdn.co/image/ab67616d00001e024da77847bb09fb285ad3c482
2026-02-13,my,Malaysia,76,8,Menerima Luka,Natasya Sabella,2w2xKlumnOzCf5eVTkmNXn,6Twf2B2IGXAN0YDJeTxkt2,https://i.scdn.co/image/ab67616d00001e02666b93e07f4a5ef345e83fe1
2026-02-13,my,Malaysia,77,2,Pesan Terakhir,Lyodra,6Sv2jkzH9sWQjwghW5ArMG,3FwQ3RYYEekzjEeL3jdpUZ,https://i.scdn.co/image/ab67616d00001e02d00e5994b61f1d93dafe9221
2026-02-13,my,Malaysia,78,26,SENCY,dia; Tenxi,6WgjNWwGACXaBy7NZripBu; 6vP4azTCk053nGL0xAYnVH,1vUQYZpgqGrQVEOxk3JuSU,https://i.scdn.co/image/ab67616d00001e02bc6ee0a7c05af5d905d9a7ac
2026-02-13,my,Malaysia,79,19,WHERE IS MY HUSBAND!,RAYE,5KKpBU5eC2tJDzf0wmlRp2,55lijDD6OAjLFFUHU9tcDm,https://i.scdn.co/image/ab67616d00001e026ac3c7938191585c53c8180d
2026-02-13,my,Malaysia,80,3,Anugerah Terindah,Andmesh,6IDsZZ4IHgs9VblBgQQSmt,6gjkHuMOR0CrN7Vb2NoEdg,https://i.scdn.co/image/ab67616d00001e023b83fd19945daf89d7cbfc00
2026-02-13,my,Malaysia,81,52,Lush Life,Zara Larsson,1Xylc3o4UrD53lo9CvFvVg,1rIKgCH4H52lrvDcz50hS8,https://i.scdn.co/image/ab67616d00001e02401bf6103d4b7f5230a21582
2026-02-13,my,Malaysia,82,7,Takkan Pergi,Hyper Act,0zo8fkOQyrawuBfIhy99jb,4RpBCmAFDHmUGGrYKMySQI,https://i.scdn.co/image/ab67616d00001e024dcff9cef4f883ddb2f1940c
2026-02-13,my,Malaysia,83,6,DJ SO ASU – Pelukan Yang Hangat,DJ Xen,7FHDJhs5QROL1vQr61gOiB,64aGIcMIA3hlMNfnnSxaTC,https://i.scdn.co/image/ab67616d00001e0217c4141596b49a38448961b1
2026-02-13,my,Malaysia,84,15,luther (with sza),Kendrick Lamar; SZA,2YZyLoL8N0Wb9xBt1NhZWg; 7tYKF4w9nC0nq9CsPZTHyP,2CGNAOSuO1MEFCbBRgUzjd,https://i.scdn.co/image/ab67616d00001e027e5e269471fe4a43a42e2f15
2026-02-13,my,Malaysia,85,1,Pulang,Insomniacks,3uSnvyMAFJTm7XkZJFo0xP,1DVHCvTwuwtZrpYDV4irH5,https://i.scdn.co/image/ab67616d00001e020a1f83fe0ff9c9ff1a366d5d
2026-02-13,my,Malaysia,86,17,Rahsia Tuhan,Noh Salleh,4fVYwG8RsbJsREFFniszhf,0FYnBVsruGEFIBRI3a4Vmz,https://i.scdn.co/image/ab67616d00001e02317159097e33eb6ebedd260f
2026-02-13,my,Malaysia,87,11,number one girl,ROSÉ,3eVa5w3URK5duf6eyVDbu9,1lcBt7LoEikqYmhUoa2cez,https://i.scdn.co/image/ab67616d00001e027be65ce6672ed7e5aac6e966
2026-02-13,my,Malaysia,88,9,Reminisensi,Insomniacks,3uSnvyMAFJTm7XkZJFo0xP,0TRKtVvsVmOkXCvnq5AgNE,https://i.scdn.co/image/ab67616d00001e02fa18e23520c6e919b7fc6a24
2026-02-13,my,Malaysia,89,38,Cinta Ini Membunuhku,D’MASIV,1hioeMAsVwJ3bvcb9lxBpB,3jqOKTYh4XH9khpOXQp89Y,https://i.scdn.co/image/ab67616d00001e027a53bc0dfa374c632d394e98
2026-02-13,my,Malaysia,90,2,I Wanna Be Yours,Arctic Monkeys,7Ln80lUS6He07XvHI8qqHH,5XeFesFbtLpXzIVDNQP22n,https://i.scdn.co/image/ab67616d00001e024ae1c4c5c45aabe565499163
2026-02-13,my,Malaysia,91,5,Dalam Diam,Zynakal; Zamir Harith; Mojack Hafiz; Bel Janni,3Cs5QQYz6pMhbEKaBNCtfi; 053dJUug3KoJGNH4q2B1Vu; 6b7Sx8k12iNt7JGHURdR3E; 5l7c6Bfkb3sHeDOOojVqvB,2eGp0zNLHCMaCltJ7fKdZ8,https://i.scdn.co/image/ab67616d00001e0205c17d7889e1bc8158f200d6
2026-02-13,my,Malaysia,92,72,HORSEH,薛家燕; Jaspers Lai; 3P,668nZs0XpEFx6CNj8y9JXf; 7fY9nr7g1gjyn3IdjdvX9k; 3NSGCBkfj6hEhXQhytRg4D,1HYqsWAiQDyB7L7IhNx7l0,https://i.scdn.co/image/ab67616d00001e021f630ddcbb38824e222e31c2
2026-02-13,my,Malaysia,93,34,That's What I Like,Bruno Mars,0du5cEVh5yTK9QJze8zA0C,0KKkJNfGyhkQ5aFogxQAPU,https://i.scdn.co/image/ab67616d00001e02232711f7d66a1e19e89e28c5
2026-02-13,my,Malaysia,94,3,Folded,Kehlani,0cGUm45nv7Z6M6qdXYQGTX,0bxPRWprUVpQK0UFcddkrA,https://i.scdn.co/image/ab67616d00001e02ce5bc87f637b46ad01831fc4
2026-02-13,my,Malaysia,95,13,Di Matamu,Sufian Suhaimi,6KEEEdAqmCL7PYOrjZCnEa,5jAqkM00R41cm1Y2T0mGzb,https://i.scdn.co/image/ab67616d00001e02df738f0f699dc72745e937fc
2026-02-13,my,Malaysia,96,18,Talking to the Moon,Bruno Mars,0du5cEVh5yTK9QJze8zA0C,161DnLWsx1i3u1JT05lzqU,https://i.scdn.co/image/ab67616d00001e027039c1c841fc3dfa2ad8a0d8
2026-02-13,my,Malaysia,97,2,Alamak,Rizky Febian; Adrian Khalif,28DdkLhrzQNizZ0ExQpyku; 6X28gNASnalAWseUA8uI4X,1vkwlZncsYqFukl2Q7M6Fe,https://i.scdn.co/image/ab67616d00001e0201b9750a33d771645d7f043a
2026-02-13,my,Malaysia,98,7,Multo,Cup of Joe,61nn6nOoLWjVC1ER2qFAvN,5tlb0AxuzsMWL2GtEppXGX,https://i.scdn.co/image/ab67616d00001e0285a7fd707d00e5d255807add
2026-02-13,my,Malaysia,99,36,BANG BANG,IVE,6RHTUrRF63xao58xh9FXYJ,4HEBNeUYxEpjDglZbjYz7o,https://i.scdn.co/image/ab67616d00001e02ad80a9aabc17535c5eeb5317
2026-02-13,my,Malaysia,100,16,Snooze,SZA,7tYKF4w9nC0nq9CsPZTHyP,4iZ4pt7kvcaH6Yo8UoZ4s2,https://i.scdn.co/image/ab67616d00001e02bc18bdade69ec5ef0bb25b17
2026-02-13,my,Malaysia,101,19,Nobody Gets Me,SZA,7tYKF4w9nC0nq9CsPZTHyP,5Y35SjAfXjjG0sFQ3KOxmm,https://i.scdn.co/image/ab67616d00001e02bc18bdade69ec5ef0bb25b17
2026-02-13,my,Malaysia,102,7,Good Goodbye,HWASA,7bmYpVgQub656uNTu6qGNQ,3cLXrotzCjYCkN73PewALM,https://i.scdn.co/image/ab67616d00001e02f7ec5c454a78dfb0086c0c97
2026-02-13,my,Malaysia,103,41,Kekasih Bayangan,Cakra Khan,6pZzHAdfBLIEkQVRUhB8ps,3PeIxOLCSZtpMCo24EcapU,https://i.scdn.co/image/ab67616d00001e0235a51a2b14ca1a3caa1e0bef
2026-02-13,my,Malaysia,104,4,Car's Outside,James Arthur,4IWBUUAFIplrNtaOHcJPRM,0otRX6Z89qKkHkQ9OqJpKt,https://i.scdn.co/image/ab67616d00001e02f740f5f279648d0a1147e6a6
2026-02-13,my,Malaysia,105,7,Mengenangmu,Kerispatih,73OtDyghUEJ9QfGtu1pkaJ,6l9L0ssWzD5XI1aJgVFpaS,https://i.scdn.co/image/ab67616d00001e024986516d6ce56f0d19cdc41d
2026-02-13,my,Malaysia,106,11,Sempurna,Andra & The Backbone,4ucwey7FxkHXkLK7jSfevU,2UgCs0i0rNHUH2jKE5NZHE,https://i.scdn.co/image/ab67616d00001e020df7dec70511dd4f2e69dc34
2026-02-13,my,Malaysia,107,Re-Entry,JUMP,BLACKPINK,41MozSoPIsD1dJM0CLPjZF,5H1sKFMzDeMtXwND3V6hRY,https://i.scdn.co/image/ab67616d00001e026224d1236b0e0a0e1586efbb
2026-02-13,my,Malaysia,108,48,Sakit,IamNeeta,6g7i9qhTwxhEuxNUhU1mCg,3pkLAqPKJWqr9MluDVIc6U,https://i.scdn.co/image/ab67616d00001e02bf756658c87ef23a4b1579cf
2026-02-13,my,Malaysia,109,1,That’s So True,Gracie Abrams,4tuJ0bMpJh08umKkEXKUI5,7ne4VBA60CxGM75vw0EYad,https://i.scdn.co/image/ab67616d00001e021dac3694b3289cd903cb3acf
2026-02-13,my,Malaysia,110,New,"Mention Me - From The Movie ""GOAT""",CORTIS,1ebt9HnXdyYA6KgLXr1n4P,3f0OEJd7mlPNhmH3fUOrqy,https://i.scdn.co/image/ab67616d00001e0212fbc981d094ef600fd0cb42
2026-02-13,my,Malaysia,111,10,Starboy,The Weeknd; Daft Punk,1Xyo4u8uXC1ZmMpatF05PJ; 4tZwfgrHOc3mvqYlEYSvVi,7MXVkk9YMctZqd1Srtv4MB,https://i.scdn.co/image/ab67616d00001e024718e2b124f79258be7bc452
2026-02-13,my,Malaysia,112,New,你好我好新年好,Danny Koo; Jasmine C; Chris 官杰皓; Miki咏瑄; Janelle Jiahuii,6wV3VcxKYg6ynYZOdjbwL9; 6H1fGzH3FVEgBEinAi4rcB; 1RmlAusTzAZxnL52oD223v; 6CB6lTJCzYObdXJ0jh7vUs; 2BtuqXTwj2cAPrgKCHfWIk,7h5e2sDk3f9DlAJ8hX8jXn,https://i.scdn.co/image/ab67616d00001e0218dc9e08d711fbb3962b6c52
2026-02-13,my,Malaysia,113,19,Just the Way You Are,Bruno Mars,0du5cEVh5yTK9QJze8zA0C,7BqBn9nzAq8spo5e7cZ0dJ,https://i.scdn.co/image/ab67616d00001e027039c1c841fc3dfa2ad8a0d8
2026-02-13,my,Malaysia,114,13,Kenangan Terindah,SAMSONS,6HHje5tfmzWK8PsSaoJ9Xp,5TtmfZaNSYEcTR49cureT0,https://i.scdn.co/image/ab67616d00001e02607aaef4f806cb926096f1ae
2026-02-13,my,Malaysia,115,82,Baik Baik Sayang,Wali,5pnSNZZRyYViu2n58Zlw1J,5jsSSCQC4rj1DG3PZeUhl6,https://i.scdn.co/image/ab67616d00001e0233362fc53eb178af1f5e5bcb
2026-02-13,my,Malaysia,116,8,Stateside + Zara Larsson,PinkPantheress; Zara Larsson,78rUTD7y6Cy67W1RVzYs7t; 1Xylc3o4UrD53lo9CvFvVg,1DwscornXpj8fmOmYVlqZt,https://i.scdn.co/image/ab67616d00001e02684ecc5bc1b724d0106ad694
2026-02-13,my,Malaysia,117,10,When I Was Your Man,Bruno Mars,0du5cEVh5yTK9QJze8zA0C,0B7wvvmu9EISAwZnOpjhNI,https://i.scdn.co/image/ab67616d00001e02926f43e7cce571e62720fd46
2026-02-13,my,Malaysia,118,14,GO!,CORTIS,1ebt9HnXdyYA6KgLXr1n4P,6OWWZtNQORY1McaZmOrwhc,https://i.scdn.co/image/ab67616d00001e024b56a34b0c2b3798fd46f855
2026-02-13,my,Malaysia,119,New,Money Happy 都拿拿,林明禎; Danny Koo; Tomato李明鸿; Phei Yong,0VeTG0kxi1nDs8M4dP57Kp; 6wV3VcxKYg6ynYZOdjbwL9; 58zBBByZhYTABNKE5W2FUm; 7DYKmTSkqpZYsSSq8Ws3qj,7JVGqPjEZoQoTv14eFYyw2,https://i.scdn.co/image/ab67616d00001e0229f7ae58c00875c822d6c380
2026-02-13,my,Malaysia,120,2,Yank,Wali,5pnSNZZRyYViu2n58Zlw1J,0C3xZJueyBvvMSsl0cETA6,https://i.scdn.co/image/ab67616d00001e0233362fc53eb178af1f5e5bcb
2026-02-13,my,Malaysia,121,40,Kepuraanmu,Luqman Faiz,2ZhUfT19cZKRi7sayQcEZH,5tNfSGN2zQ6y3E5pl5Wggy,https://i.scdn.co/image/ab67616d00001e02efdcbd8345ac34c3d21e0a14
2026-02-13,my,Malaysia,122,13,Cry,Cigarettes After Sex,1QAJqy2dA3ihHBFIHRphZj,3p4hRhMcb6ch8OLtATMaLw,https://i.scdn.co/image/ab67616d00001e028324db1ae37be249aed887e7
2026-02-13,my,Malaysia,123,Re-Entry,Ngapain Repot,Toton Caribo; Wizz Baker; Fresly Nikijuluw,0v1axjG0KwIz3aciZffFMu; 4PUHVTv6waMpd1JUP7G6n2; 27CTGmSgvs2cUMSErJ1Thc,0wCxlKwweymeu2AOIeUjeM,https://i.scdn.co/image/ab67616d00001e02b4232431c889170a062edb21
2026-02-13,my,Malaysia,124,13,Payphone,Maroon 5; Wiz Khalifa,04gDigrS5kc9YWfZHwBETP; 137W8MRPWKqSmrBGDBFSop,1XGmzt0PVuFgQYYnV2It7A,https://i.scdn.co/image/ab67616d00001e02fc8633e22a7dba6aab817bff
2026-02-13,my,Malaysia,125,11,Romancinta,Mojo,1nxfzZDDm0a0msuLz0W4lx,5XCNHa4uhsI3zYdbVHZaGE,https://i.scdn.co/image/ab67616d00001e023f65b7a1a57401ae8f966c19
2026-02-13,my,Malaysia,126,1,Always,Daniel Caesar,20wkVLutqVOYrc0kxFs7rA,2LlOeW5rVcvl3QcPNPcDus,https://i.scdn.co/image/ab67616d00001e027c68face1dc58127f3a7b1cc
2026-02-13,my,Malaysia,127,58,Orang Baru Lebe Gacor,Ecko Show; Juan Reza; Chesylino,3oh5PUaDZkd57Yp1jsA6gp; 1BHC0jEJgDvNXlLhojMUbf; 3LgpEnxGl51dSvzKJTNPNR,3dANqzstXrnHIUh1r7JrGZ,https://i.scdn.co/image/ab67616d00001e02622fbb59811af65db39560a9
2026-02-13,my,Malaysia,128,Re-Entry,Cinta Pandang Pertama,Reedzwann,4w9Ukwue8Yj5zmMGPd1jok,3UvETfjBdK3bk43kBxU8DG,https://i.scdn.co/image/ab67616d00001e0287de08373ed39e10cf9b3b17
2026-02-13,my,Malaysia,129,Re-Entry,Rahsia Pohon Cemara,Exists,1ibFtPHzpqHJKA0PdAC8TH,2dn2YQwoQ4Okq3RYtFcdM0,https://i.scdn.co/image/ab67616d00001e02db4f02abcb9550d572370c92
2026-02-13,my,Malaysia,130,1,About You,The 1975,3mIj9lX2MWuHmhNCA7LSCW,3hEfpBHxgieRLz4t3kLNEg,https://i.scdn.co/image/ab67616d00001e0200702474f8e0e2b6155d48e3
2026-02-13,my,Malaysia,131,38,Here With Me,d4vd,5y8tKLUfMvliMe8IKamR32,0dS2u2UFd88TIzDDaZDLvS,https://i.scdn.co/image/ab67616d00001e02e5ff1941799cd30cb2aa072b
2026-02-13,my,Malaysia,132,26,Runtuh,Feby Putri; Fiersa Besari,66NmU5epI0ONGmdCRbLpmW; 06QVnTCdjs4jPKO0487EGV,6Hii26x3qDErVitnGW8QtO,https://i.scdn.co/image/ab67616d00001e024788f7886c01b9b2ee95cbdd
2026-02-13,my,Malaysia,133,4,Kembali Pulang,Suara Kayu; Feby Putri,327ipGIr9bD3MkLb2eucqC; 66NmU5epI0ONGmdCRbLpmW,6xeqCawPZngDVqw2W2aGaR,https://i.scdn.co/image/ab67616d00001e020fa7d0f0589cf5cf7c9300fd
2026-02-13,my,Malaysia,134,44,SLOW DANCING IN THE DARK,Joji,3MZsBdqDrRTJihTHQrO6Dq,6rY5FAWxCdAGllYEOZMbjW,https://i.scdn.co/image/ab67616d00001e024cc52cd7a712842234e4fce2
2026-02-13,my,Malaysia,135,6,FaSHioN,CORTIS,1ebt9HnXdyYA6KgLXr1n4P,4ecdsGz3Hg6TKPwQ0ZOdJz,https://i.scdn.co/image/ab67616d00001e024b56a34b0c2b3798fd46f855
2026-02-13,my,Malaysia,136,New,时光大耳窿,3P,3NSGCBkfj6hEhXQhytRg4D,6kzuQumnMjqQUQhBmYotEy,https://i.scdn.co/image/ab67616d00001e0201684c3973a4b8dc08469be6
2026-02-13,my,Malaysia,137,14,Suarasi Sering Salah,Reedzwann,4w9Ukwue8Yj5zmMGPd1jok,1DVvJwqwQ6ciWuqSDLGpXK,https://i.scdn.co/image/ab67616d00001e02412e6bef5bf9a416a0043a06
2026-02-13,my,Malaysia,138,–,"All The Stars (with SZA) - From ""Black Panther: The Album""",Kendrick Lamar; SZA,2YZyLoL8N0Wb9xBt1NhZWg; 7tYKF4w9nC0nq9CsPZTHyP,3GCdLUSnKSMJhs4Tj6CV3s,https://i.scdn.co/image/ab67616d00001e02c027ad28821777b00dcaa888
2026-02-13,my,Malaysia,139,48,Biarkanlah,Drama Band,5NWfEZx5XGbVCAQTjhSxlR,0TbxuF4pkOZBfdBipPorYQ,https://i.scdn.co/image/ab67616d00001e02956f6207e1817d7a7b9c7365
2026-02-13,my,Malaysia,140,10,Dracula (with JENNIE),Tame Impala; JENNIE,5INjqkS1o8h1imAzPqGZBb; 250b0Wlc5Vk0CoUsaCY84M,5yvVYFDUpbnjcnRBgjwTzM,https://i.scdn.co/image/ab67616d00001e02c7c031ce9d06b131f8563676
2026-02-13,my,Malaysia,141,11,Yellow,Coldplay,4gzpq5DPGxSnKTe4SA8HAU,3AJwUDP919kvQ9QcozQPxg,https://i.scdn.co/image/ab67616d00001e029164bafe9aaa168d93f4816a
2026-02-13,my,Malaysia,142,2,Sorry,Justin Bieber,1uNFoZAHBGtllmzznpCI3s,09CtPGIpYB4BrO8qb1RGsF,https://i.scdn.co/image/ab67616d00001e02f46b9d202509a8f7384b90de
2026-02-13,my,Malaysia,143,69,Attention,Charlie Puth,6VuMaDnrHyPL1p4EHjYLi7,5cF0dROlMOK5uNZtivgu50,https://i.scdn.co/image/ab67616d00001e02897f73256b9128a9d70eaf66
2026-02-13,my,Malaysia,144,7,Jodoh Pasti Bertemu,Afgan,4cgBCGxtlfap2g6jveB7du,4csPgl0UlCya7pFqxEwoes,https://i.scdn.co/image/ab67616d00001e02e76536050b663d9d735aba7b
2026-02-13,my,Malaysia,145,30,Best Part (feat. H.E.R.),Daniel Caesar; H.E.R.,20wkVLutqVOYrc0kxFs7rA; 3Y7RZ31TRPVadSFVy1o8os,1Q7EgiMOuwDcB0PJC6AzON,https://i.scdn.co/image/ab67616d00001e027aa8783ad8def37cc548a9cf
2026-02-13,my,Malaysia,146,14,Pasti,Cherpen,0mIwHAnTvHsfd3055G7gaQ,7MtGrAL5mPrTuYuqgkDodI,https://i.scdn.co/image/ab67616d00001e0290ab8c787a038dbed3652a98
2026-02-13,my,Malaysia,147,7,Ordinary,Alex Warren,0fTSzq9jAh4c36UVb4V7CB,2RkZ5LkEzeHGRsmDqKwmaJ,https://i.scdn.co/image/ab67616d00001e028d18d73bbfc8985d52865edf
2026-02-13,my,Malaysia,148,20,APT.,ROSÉ; Bruno Mars,3eVa5w3URK5duf6eyVDbu9; 0du5cEVh5yTK9QJze8zA0C,4wJ5Qq0jBN4ajy7ouZIV1c,https://i.scdn.co/image/ab67616d00001e027be65ce6672ed7e5aac6e966
2026-02-13,my,Malaysia,149,6,Apocalypse,Cigarettes After Sex,1QAJqy2dA3ihHBFIHRphZj,1oAwsWBovWRIp7qLMGPIet,https://i.scdn.co/image/ab67616d00001e02dfed999f959177dfc4f33cdc
2026-02-13,my,Malaysia,150,63,Seven (feat. Latto) (Explicit Ver.),Jung Kook; Latto,6HaGTQPmzraVmaVxvz6EUc; 3MdXrJWsbVzdn6fe5JYkSQ,2HRgqmZQC0MC7GeNuDIXHN,https://i.scdn.co/image/ab67616d00001e02741fd4807f442af3f7359316
2026-02-13,my,Malaysia,151,Re-Entry,Sembilu,Ella,2ZQY8HKMtEjGdxgcuW2574,4mSrdNN00DC9t0rF41Qy93,https://i.scdn.co/image/ab67616d00001e024bf92b5afce039deb9e9193d
2026-02-13,my,Malaysia,152,Re-Entry,Merindumu lagi,Khifnu,7eKNo6fozgNsKThGC40ol7,69Qo7v0lcQucfMIzu1nCVd,https://i.scdn.co/image/ab67616d00001e02bae1263824544273f7a30e10
2026-02-13,my,Malaysia,153,8,Rumah Singgah,Fabio Asher,6FTLayBxjkQeanFdUusk1I,0f0GcqppZTmAYaAZA7GkhQ,https://i.scdn.co/image/ab67616d00001e02d53761dea5571fab6a7dd145
2026-02-13,my,Malaysia,154,11,Let Me Love You,DJ Snake; Justin Bieber,540vIaP2JwjQb9dm3aArA4; 1uNFoZAHBGtllmzznpCI3s,0lYBSQXN6rCTvUZvg9S0lU,https://i.scdn.co/image/ab67616d00001e02212d776c31027c511f0ee3bc
2026-02-13,my,Malaysia,155,8,everything u are,Hindia,51kyrUsAVqUBcoDEMFkX12,5WOSNVChcadlsCRiqXE45K,https://i.scdn.co/image/ab67616d00001e0205898628baab6ef07a0a4d03
2026-02-13,my,Malaysia,156,50,Seluruh Cinta,Cakra Khan; Dato' Sri Siti Nurhaliza,6pZzHAdfBLIEkQVRUhB8ps; 5d0bxRte3J74ZXyEGRL8uU,3heg4lxfsOtuWqCCO6xp8E,https://i.scdn.co/image/ab67616d00001e0277f54d7aebbba40273c875c8
2026-02-13,my,Malaysia,157,8,Espresso,Sabrina Carpenter,74KM79TiuVKeVCqs8QtB0B,2HRqTpkrJO5ggZyyK6NPWz,https://i.scdn.co/image/ab67616d00001e02fd8d7a8d96871e791cb1f626
2026-02-13,my,Malaysia,158,42,jatuh cinta lagi,Nadhif Basalamah,6UgERnTHmjk3qXM9x5vzyO,6ACqXjnh3C5pXTEFN5vPBE,https://i.scdn.co/image/ab67616d00001e0225001f594384ffb7fb952347
2026-02-13,my,Malaysia,159,36,Dan Bila Esok,Sofaz,4EWTiE61XKSdCi3DwW8fee,1xMeSSPoaUivQJqOdH5r12,https://i.scdn.co/image/ab67616d00001e020f0fa33950e98919923aca79
2026-02-13,my,Malaysia,160,14,Kasihnya Laila,Jinbara,3PAg5VcAsyH3N4nFEnGgxg,4ENLoJZ1Ut9Zvh28CvkNSH,https://i.scdn.co/image/ab67616d00001e0202a0c12723e9eb761a8917b8
2026-02-13,my,Malaysia,161,12,Sparks,Coldplay,4gzpq5DPGxSnKTe4SA8HAU,7D0RhFcb3CrfPuTJ0obrod,https://i.scdn.co/image/ab67616d00001e029164bafe9aaa168d93f4816a
2026-02-13,my,Malaysia,162,35,Those Eyes,New West,69bG9tC62d8oTFC9aTTosn,2psRActEWsTlYYd7EDoyVR,https://i.scdn.co/image/ab67616d00001e02aacd27a096e6e59ff555b46c
2026-02-13,my,Malaysia,163,15,toxic till the end,ROSÉ,3eVa5w3URK5duf6eyVDbu9,1z5ebC9238uGoBgzYyvGpQ,https://i.scdn.co/image/ab67616d00001e027be65ce6672ed7e5aac6e966
2026-02-13,my,Malaysia,164,11,一半一半,Top Barry; INDEcompany,3CSQfCUHVB3sZBfUfdWuph; 3bFdBTYErmHlLmdRZZxffh,21x0N6lu6D9kO8rVtTU3mH,https://i.scdn.co/image/ab67616d00001e02b581842eaf194382c21a30da
2026-02-13,my,Malaysia,165,7,Rumah Ke Rumah,Hindia,51kyrUsAVqUBcoDEMFkX12,2wAiFWjRupWmnDkQcu91MF,https://i.scdn.co/image/ab67616d00001e02d623688488865906052ef96b
2026-02-13,my,Malaysia,166,27,drunk text,Henry Moodie,7hr9W3IjXcm3UlLY7guLk5,2XhYeR0oaKHvm4p1Z5Uj1L,https://i.scdn.co/image/ab67616d00001e02fbcb59071e40163ffc25b6f9
2026-02-13,my,Malaysia,167,21,NUEVAYoL,Bad Bunny,4q3ewBCX7sLwd24euuV69X,5TFD2bmFKGhoCRbX61nXY5,https://i.scdn.co/image/ab67616d00001e02bbd45c8d36e0e045ef640411
2026-02-13,my,Malaysia,168,2,Asal Kau Bahagia,Armada,6H857CtcaYMSxOB4jvSIZf,79AlxPlv70kuRlsi2eZsnV,https://i.scdn.co/image/ab67616d00001e0299b893bbb0fb9244c2601c2b
2026-02-13,my,Malaysia,169,50,Closer,The Chainsmokers; Halsey,69GGBxA162lTqCwzJG5jLp; 26VFTg2z8YR0cCuwLzESi2,7BKLCZ1jbUBVqRi2FVlTVw,https://i.scdn.co/image/ab67616d00001e02495ce6da9aeb159e94eaa453
2026-02-13,my,Malaysia,170,Re-Entry,Confident,Justin Bieber; Chance the Rapper,1uNFoZAHBGtllmzznpCI3s; 1anyVhU62p31KFi8MEzkbf,6czM6UMQD9qE5GAUp68oud,https://i.scdn.co/image/ab67616d00001e0258ae8fddecbd2630005409c9
2026-02-13,my,Malaysia,171,31,Bawa Dia Kembali,Mahalini,3wOsYKZM0zcKNasi3I7fP4,25M9piWxSsq0xLcjQW5yz6,https://i.scdn.co/image/ab67616d00001e026f713eb92ebf7ca05a562542
2026-02-13,my,Malaysia,172,20,Sienna,The Marías,2sSGPbdZJkaSE2AbcGOACx,0InIeZW4P6VO7dUGRM4AKH,https://i.scdn.co/image/ab67616d00001e028aa339341a0b0c813909c831
2026-02-13,my,Malaysia,173,17,Separuh Aku,Noah,31aMmlq8isIAgojvmIwiS4,4sJmv194lQKWjytpaxH1Vj,https://i.scdn.co/image/ab67616d00001e02ef9c61634ef59e7ee439dacc
2026-02-13,my,Malaysia,174,54,Reckless,Madison Beer,2kRfqPViCqYdSGhYSM9R0Q,1Dq5By1yUrOB0zSxhCc5v8,https://i.scdn.co/image/ab67616d00001e02cce741931c17fe160736ca2a
2026-02-13,my,Malaysia,175,Re-Entry,Sepi Sekuntum Mawar Merah,Ella,2ZQY8HKMtEjGdxgcuW2574,4sRPgFGFMkGGW2zYFgUPZZ,https://i.scdn.co/image/ab67616d00001e0214d50712d865e23aa84bb8e1
2026-02-13,my,Malaysia,176,19,Menamakanmu Cinta,Dato' Sri Siti Nurhaliza; Ade Govinda,5d0bxRte3J74ZXyEGRL8uU; 1lg1jqQMMJQQFFMnkxn0zV,1QAwKDm1FPgoD2V6lLiKmC,https://i.scdn.co/image/ab67616d00001e0264d4dea35a63d97ba6c37c5c
2026-02-13,my,Malaysia,177,43,Ghost,Justin Bieber,1uNFoZAHBGtllmzznpCI3s,6I3mqTwhRpn34SLVafSH7G,https://i.scdn.co/image/ab67616d00001e02e6f407c7f3a0ec98845e4431
2026-02-13,my,Malaysia,178,20,blue,yung kai,6zO1dZ40fTZ5hY9NnnRJSk,6W614n8yLUeS3zsZSeBwyq,https://i.scdn.co/image/ab67616d00001e02def6ffd0e4b80cb0d2a0d00f
2026-02-13,my,Malaysia,179,20,Photograph,Ed Sheeran,6eUKZXaKkcviH0Ku9w2n3V,6fxVffaTuwjgEk5h9QyRjy,https://i.scdn.co/image/ab67616d00001e0213b3e37318a0c247b550bccd
2026-02-13,my,Malaysia,180,7,Impossible,James Arthur,4IWBUUAFIplrNtaOHcJPRM,6skGMlljk0s5yeBKZ7sN5n,https://i.scdn.co/image/ab67616d00001e02192221f838b7b6b9cb4629bf
2026-02-13,my,Malaysia,181,39,Locked out of Heaven,Bruno Mars,0du5cEVh5yTK9QJze8zA0C,5g7sDjBhZ4I3gcFIpkrLuI,https://i.scdn.co/image/ab67616d00001e02926f43e7cce571e62720fd46
2026-02-13,my,Malaysia,182,–,Serana,For Revenge,0f6TyESD8E1mD2oLJ4TGv1,0PtJbtW50jcvvswNPn3QGd,https://i.scdn.co/image/ab67616d00001e02322ce4ba8eb959ebee609fd8
2026-02-13,my,Malaysia,183,15,Dandelions,Ruth B.,2WzaAvm2bBCf4pEhyuDgCY,2eAvDnpXP5W0cVtiI0PUxV,https://i.scdn.co/image/ab67616d00001e02b09403f05bc0c306cf96990f
2026-02-13,my,Malaysia,184,14,Iris,The Goo Goo Dolls,2sil8z5kiy4r76CRTXxBCA,6Qyc6fS4DsZjB2mRW9DsQs,https://i.scdn.co/image/ab67616d00001e02eda9478c39a21e1cdc6609ca
2026-02-13,my,Malaysia,185,Re-Entry,Di Akhir Perang,Nadin Amizah,20zafXaLhm5IcXnSU93rNn,1tqPw8Hf88h24Bpt2SzuYE,https://i.scdn.co/image/ab67616d00001e0294847679fe7b10e27d9803f5
2026-02-13,my,Malaysia,186,8,Let Down,Radiohead,4Z8W4fKeB5YxbusRsdQVPb,2fuYa3Lx06QQJAm0MjztKr,https://i.scdn.co/image/ab67616d00001e02c8b444df094279e70d0ed856
2026-02-13,my,Malaysia,187,Re-Entry,Perasaanku,Fieya Julia,1jSD4QWACN76zckZySJWVA,0F9MgsXvr3oLfGX8bodXZW,https://i.scdn.co/image/ab67616d00001e0263c03f342da3b16d21fdf881
2026-02-13,my,Malaysia,188,17,Beauty And A Beat,Justin Bieber; Nicki Minaj,1uNFoZAHBGtllmzznpCI3s; 0hCNtLu0JehylgoiP8L4Gh,6QFCMUUq1T2Vf5sFUXcuQ7,https://i.scdn.co/image/ab67616d00001e02f1d02a6cec967f8b6b78f76e
2026-02-13,my,Malaysia,189,9,Ada titik-titik di ujung doa,Sal Priadi,1NjxFrpEGZTV2Ny0OJxeWu,1E7zLPDdqo0OvzVmGj5aoV,https://i.scdn.co/image/ab67616d00001e02686acaaa87bfc6ebb42b3bd2
2026-02-13,my,Malaysia,190,4,Bukan Dia Tapi Aku,Judika,5fS7aONqrIhiw6YzgKVOsd,5dhJhL42WWQLYBUTbMtLF7,https://i.scdn.co/image/ab67616d00001e025f14b2386437640366a1e6de
2026-02-13,my,Malaysia,191,Re-Entry,Komang,Raim Laode,5LcNPa8f8bRmZqELgoRFkN,3zltzCUqDOxeYQvx3OQiIX,https://i.scdn.co/image/ab67616d00001e02e3b3d759e32208f05b45120f
2026-02-13,my,Malaysia,192,45,Style,Taylor Swift,06HL4z0CvFAxyc27GXpf02,0ug5NqcwcFR2xrfTkc7k8e,https://i.scdn.co/image/ab67616d00001e0252b2a3824413eefe9e33817a
2026-02-13,my,Malaysia,193,43,Die For You,The Weeknd,1Xyo4u8uXC1ZmMpatF05PJ,2LBqCSwhJGcFQeTHMVGwy3,https://i.scdn.co/image/ab67616d00001e02a048415db06a5b6fa7ec4e1a
2026-02-13,my,Malaysia,194,16,traitor,Olivia Rodrigo,1McMsnEElThX1knmY4oliG,5CZ40GBx1sQ9agT82CLQCT,https://i.scdn.co/image/ab67616d00001e02a91c10fe9472d9bd89802e5a
2026-02-13,my,Malaysia,195,New,Tití Me Preguntó,Bad Bunny,4q3ewBCX7sLwd24euuV69X,1IHWl5LamUGEuP4ozKQSXZ,https://i.scdn.co/image/ab67616d00001e0249d694203245f241a1bcaa72
2026-02-13,my,Malaysia,196,Re-Entry,SPAGHETTI,LE SSERAFIM; j-hope,4SpbR6yFEvexJuaBpgAU5p; 0b1sIQumIAsNbqAoIClSpy,2N9miXnewVmUrgl6JSK1FI,https://i.scdn.co/image/ab67616d00001e026c4a726c271daf4a4b97e35b
2026-02-13,my,Malaysia,197,74,double take,Dhruv,70NcAr4ZtA3FAqU16iQZSb,0QzuaeCEEOV40Pn7IvKEny,https://i.scdn.co/image/ab67616d00001e026f04e53cb5309f8e88286842
2026-02-13,my,Malaysia,198,2,Love Yourself,Justin Bieber,1uNFoZAHBGtllmzznpCI3s,50kpGaPAhYJ3sGmk6vplg0,https://i.scdn.co/image/ab67616d00001e02f46b9d202509a8f7384b90de
2026-02-13,my,Malaysia,199,18,DAISIES,Justin Bieber,1uNFoZAHBGtllmzznpCI3s,5BZsQlgw21vDOAjoqkNgKb,https://i.scdn.co/image/ab67616d00001e02d65c4773bc5061fd27facc5b
2026-02-13,my,Malaysia,200,Re-Entry,I Love You So,The Walters,027TpXKGwdXP7iwbjUSpV8,4SqWKzw0CbA05TGszDgMlc,https://i.scdn.co/image/ab67616d00001e02a9ab24f62c01f4bd4a08571e
2026-02-13,global,Global,1,–,DtMF,Bad Bunny,4q3ewBCX7sLwd24euuV69X,3sK8wGT43QFpWrvNQsrQya,https://i.scdn.co/image/ab67616d00001e02bbd45c8d36e0e045ef640411
2026-02-13,global,Global,2,1,NUEVAYoL,Bad Bunny,4q3ewBCX7sLwd24euuV69X,5TFD2bmFKGhoCRbX61nXY5,https://i.scdn.co/image/ab67616d00001e02bbd45c8d36e0e045ef640411
2026-02-13,global,Global,3,1,BAILE INoLVIDABLE,Bad Bunny,4q3ewBCX7sLwd24euuV69X,2lTm559tuIvatlT1u0JYG2,https://i.scdn.co/image/ab67616d00001e02bbd45c8d36e0e045ef640411
2026-02-13,global,Global,4,–,Tití Me Preguntó,Bad Bunny,4q3ewBCX7sLwd24euuV69X,1IHWl5LamUGEuP4ozKQSXZ,https://i.scdn.co/image/ab67616d00001e0249d694203245f241a1bcaa72
2026-02-13,global,Global,5,–,EoO,Bad Bunny,4q3ewBCX7sLwd24euuV69X,6J5kc12BW5HuP3d7C3vvx8,https://i.scdn.co/image/ab67616d00001e02bbd45c8d36e0e045ef640411
2026-02-13,global,Global,6,–,End of Beginning,Djo,5p9HO3XC5P3BLxJs5Mtrhm,3qhlB30KknSejmIvZZLjOD,https://i.scdn.co/image/ab67616d00001e02fddfffec51b4580acae727c1
2026-02-13,global,Global,7,–,The Fate of Ophelia,Taylor Swift,06HL4z0CvFAxyc27GXpf02,53iuhJlwXhSER5J2IYYv1W,https://i.scdn.co/image/ab67616d00001e02d7812467811a7da6e6a44902
2026-02-13,global,Global,8,–,Man I Need,Olivia Dean,00x1fYSGhdqScXBRpSj3DW,1qbmS6ep2hbBRaEZFpn7BX,https://i.scdn.co/image/ab67616d00001e02e3d69e17dde129037a1f09e2
2026-02-13,global,Global,9,–,VOY A LLeVARTE PA PR,Bad Bunny,4q3ewBCX7sLwd24euuV69X,59D4DOkspUbWyMmbAPQkxZ,https://i.scdn.co/image/ab67616d00001e02bbd45c8d36e0e045ef640411
2026-02-13,global,Global,10,–,back to friends,sombr,4G9NDjRyZFDlJKMRL8hx3S,7qjZnBKE73H4Oxkopwulqe,https://i.scdn.co/image/ab67616d00001e024229702de91cb3d3a4383302
2026-02-13,global,Global,11,2,So Easy (To Fall In Love),Olivia Dean,00x1fYSGhdqScXBRpSj3DW,6sGIMrtIzQjdzNndVxe397,https://i.scdn.co/image/ab67616d00001e029a336bfb6d40bbd90a507417
2026-02-13,global,Global,12,1,WHERE IS MY HUSBAND!,RAYE,5KKpBU5eC2tJDzf0wmlRp2,55lijDD6OAjLFFUHU9tcDm,https://i.scdn.co/image/ab67616d00001e026ac3c7938191585c53c8180d
2026-02-13,global,Global,13,2,Golden,HUNTR/X; EJAE; AUDREY NUNA; REI AMI; KPop Demon Hunters Cast,2yNNYQBChuox9A5Ka93BIn; 0RMJOzHDhAKY1o2j0W0vxY; 0Wwji82sLA0Hcvtuak3omb; 6U1dV7aL68N7Gb0Naq34V5; 7mW7Tv7NvywKKXqafZo0Lc,1CPZ5BxNNd0n0nF4Orb9JS,https://i.scdn.co/image/ab67616d00001e024dcb6c5df15cf74596ab25a4
2026-02-13,global,Global,14,–,Ordinary,Alex Warren,0fTSzq9jAh4c36UVb4V7CB,2RkZ5LkEzeHGRsmDqKwmaJ,https://i.scdn.co/image/ab67616d00001e028d18d73bbfc8985d52865edf
2026-02-13,global,Global,15,3,LA CANCIÓN,J Balvin; Bad Bunny,1vyhD5VmyZ7KMfW5gqLgo5; 4q3ewBCX7sLwd24euuV69X,0fea68AdmYNygeTGI4RC18,https://i.scdn.co/image/ab67616d00001e024891d9b25d8919448388f3bb
2026-02-13,global,Global,16,2,Lush Life,Zara Larsson,1Xylc3o4UrD53lo9CvFvVg,1rIKgCH4H52lrvDcz50hS8,https://i.scdn.co/image/ab67616d00001e02401bf6103d4b7f5230a21582
2026-02-13,global,Global,17,–,Raindance (feat. Tems),Dave; Tems,6Ip8FS7vWT1uKkJSweANQK; 687cZJR45JO7jhk1LHIbgq,3oTuTpF1F3A7rEC6RKsMRz,https://i.scdn.co/image/ab67616d00001e02fecaa7826bb0cbe139a8cb83
2026-02-13,global,Global,18,2,Qué Pasaría...,Rauw Alejandro; Bad Bunny,1mcTU81TzQhprhouKaTkpq; 4q3ewBCX7sLwd24euuV69X,0l0vcZMU7AOeQmUIREoI2U,https://i.scdn.co/image/ab67616d00001e02a6224f2f93c0ab4b2e01b44b
2026-02-13,global,Global,19,–,Die With A Smile,Lady Gaga; Bruno Mars,1HY2Jd0NmPuamShAr6KMms; 0du5cEVh5yTK9QJze8zA0C,7so0lgd0zP2Sbgs2d7a1SZ,https://i.scdn.co/image/ab67616d00001e02b0860cf0a98e09663c82290c
2026-02-13,global,Global,20,–,Die On This Hill,SIENNA SPIRO,02gSuSAWEdWa5UOvqzjX6v,2gYTC8DsplN3RNdpdBcCOQ,https://i.scdn.co/image/ab67616d00001e020901e50bfaff4351a29f462b
2026-02-13,global,Global,21,1,BIRDS OF A FEATHER,Billie Eilish,6qqNVTkY8uBg9cP3Jd7DAH,6dOtVTDdiauQNBQEDOtlAB,https://i.scdn.co/image/ab67616d00001e0271d62ea7ea8a5be92d3c1f62
2026-02-13,global,Global,22,1,I Just Might,Bruno Mars,0du5cEVh5yTK9QJze8zA0C,12bYYQaLqHliSXvRIYlq8G,https://i.scdn.co/image/ab67616d00001e02e7623a0a60f330ee2b24d498
2026-02-13,global,Global,23,1,Homewrecker,sombr,4G9NDjRyZFDlJKMRL8hx3S,7tICCrK3CcyRFKza7yrR0z,https://i.scdn.co/image/ab67616d00001e029a8d41dca4c7d0ef23d76dd7
2026-02-13,global,Global,24,3,VeLDÁ,Bad Bunny; Omar Courtz; Dei V,4q3ewBCX7sLwd24euuV69X; 3E12tRURRvPfHz0hAMCFYc; 2YRyPiW98bpkARAS4B3OQP,7d6yK8v8J484SWH5prIQiE,https://i.scdn.co/image/ab67616d00001e02bbd45c8d36e0e045ef640411
2026-02-13,global,Global,25,2,Opalite,Taylor Swift,06HL4z0CvFAxyc27GXpf02,3yWuTOYDztXjZxdE2cIRUa,https://i.scdn.co/image/ab67616d00001e02d7812467811a7da6e6a44902
2026-02-13,global,Global,26,1,Manchild,Sabrina Carpenter,74KM79TiuVKeVCqs8QtB0B,2BwO5K8Q7EPAJSGze3AAh9,https://i.scdn.co/image/ab67616d00001e02b1863bf95557ea7f357c4947
2026-02-13,global,Global,27,1,Iris,The Goo Goo Dolls,2sil8z5kiy4r76CRTXxBCA,6Qyc6fS4DsZjB2mRW9DsQs,https://i.scdn.co/image/ab67616d00001e02eda9478c39a21e1cdc6609ca
2026-02-13,global,Global,28,–,I Thought I Saw Your Face Today,She & Him,3CIRif6ZAedT7kZSPvj2A4,0myRViRgmQ3J8izICXEAVO,https://i.scdn.co/image/ab67616d00001e02a47c6d8a934b4833c0916cc9
2026-02-13,global,Global,29,–,WILDFLOWER,Billie Eilish,6qqNVTkY8uBg9cP3Jd7DAH,3QaPy1KgI7nu9FJEQUgn6h,https://i.scdn.co/image/ab67616d00001e0271d62ea7ea8a5be92d3c1f62
2026-02-13,global,Global,30,1,Every Breath You Take,The Police,5NGO30tJxFlKixkPSgXcFE,1JSTJqkT5qHq8MDJnJbRE1,https://i.scdn.co/image/ab67616d00001e02c8e97cafeb2acb85b21a777e
2026-02-13,global,Global,31,2,Stateside + Zara Larsson,PinkPantheress; Zara Larsson,78rUTD7y6Cy67W1RVzYs7t; 1Xylc3o4UrD53lo9CvFvVg,1DwscornXpj8fmOmYVlqZt,https://i.scdn.co/image/ab67616d00001e02684ecc5bc1b724d0106ad694
2026-02-13,global,Global,32,2,MONACO,Bad Bunny,4q3ewBCX7sLwd24euuV69X,4MjDJD8cW7iVeWInc2Bdyj,https://i.scdn.co/image/ab67616d00001e022ea1f035463d11e1fc3b193d
2026-02-13,global,Global,33,1,Love Me Not,Ravyn Lenae,5RTLRtXjbXI2lSXc6jxlAz,4WFgvKVfEhb3IUAFGrutTR,https://i.scdn.co/image/ab67616d00001e020e62daaea2c7b94053e1c142
2026-02-13,global,Global,34,2,KLOuFRENS,Bad Bunny,4q3ewBCX7sLwd24euuV69X,4MUrUT38U98olfnyzMBCzm,https://i.scdn.co/image/ab67616d00001e02bbd45c8d36e0e045ef640411
2026-02-13,global,Global,35,1,Sailor Song,Gigi Perez,1iCnM8foFssWlPRLfAbIwo,21IYMdzTrzSe191Cy5eMap,https://i.scdn.co/image/ab67616d00001e0249c26270052e1671add569c1
2026-02-13,global,Global,36,1,12 to 12,sombr,4G9NDjRyZFDlJKMRL8hx3S,05od2qm2MTSKCHxy1GBp5W,https://i.scdn.co/image/ab67616d00001e024229702de91cb3d3a4383302
2026-02-13,global,Global,37,2,Babydoll,Dominic Fike,6USv9qhCn6zfxlBQIYJ9qs,7yNf9YjeO5JXUE3JEBgnYc,https://i.scdn.co/image/ab67616d00001e027b1b6f41c1645af9757d5616
2026-02-13,global,Global,38,New,LETAL,Junior H; Gael Valenzuela; Peso Pluma,7Gi6gjaWy3DxyilpF1a8Is; 5mo9Z7aGxbLG7gVYajpCar; 12GqGscKJx3aE4t07u7eVZ,0IMJsnmPXXgPyQDbhomx1B,https://i.scdn.co/image/ab67616d00001e02f1b7ee109bd8626cad94f478
2026-02-13,global,Global,39,2,CAFé CON RON,Bad Bunny; Los Pleneros de la Cresta,4q3ewBCX7sLwd24euuV69X; 1uZVxckdGGKhFMpCnupXmP,6VNXmo59yDYgcwLS17UNAW,https://i.scdn.co/image/ab67616d00001e02bbd45c8d36e0e045ef640411
2026-02-13,global,Global,40,3,Gabriela,KATSEYE,3c0gDdb9lhnHGFtP4prQpn,1xOqGUkyxGQRdCvGpvWKmL,https://i.scdn.co/image/ab67616d00001e02f8d4d00ffe09373efb13ce29
2026-02-13,global,Global,41,–,Cuando No Era Cantante - Remix,El Bogueto; Anuel AA; Fuerza Regida; Yung Beef,3S9Hg7sRKhmtWunFZ2yAYP; 2R21vXR83lH98kGeO99Y66; 0ys2OFYzWYB5hRDLCsBqxt; 1rTUwYS38LkQTlT2fhikch,2pbSCYzxrG0wa6qcj8IyiE,https://i.scdn.co/image/ab67616d00001e0276ca2bb969e79a911090df63
2026-02-13,global,Global,42,4,Sweater Weather,The Neighbourhood,77SW9BnxLY8rJ0RciFqkHh,0cQVqPuHQP4KEwc7ZUQmj6,https://i.scdn.co/image/ab67616d00001e028265a736a1eb838ad5a0b921
2026-02-13,global,Global,43,4,No Broke Boys,Disco Lines; Tinashe,5Kmr0b3ip8g9P2i0dLTC3Z; 0NIIxcxNHmOoyBx03SfTCD,3cZajhyr8LmtPfHZ9296tj,https://i.scdn.co/image/ab67616d00001e02699b0363dda94e1f1e32eef5
2026-02-13,global,Global,44,4,Espresso,Sabrina Carpenter,74KM79TiuVKeVCqs8QtB0B,2HRqTpkrJO5ggZyyK6NPWz,https://i.scdn.co/image/ab67616d00001e02fd8d7a8d96871e791cb1f626
2026-02-13,global,Global,45,5,Creep,Radiohead,4Z8W4fKeB5YxbusRsdQVPb,70LcF31zb1H0PyJoS1Sx1r,https://i.scdn.co/image/ab67616d00001e02ec548c00d3ac2f10be73366d
2026-02-13,global,Global,46,6,One Dance,Drake; Wizkid; Kyla,3TVXtAsR1Inumwj472S9r4; 3tVQdUvClmAT7URs9V3rsp; 6TK7fjRPdy2GW2pJzNF23L,1zi7xx7UVEFkmKfv06H8x0,https://i.scdn.co/image/ab67616d00001e029416ed64daf84936d89e671c
2026-02-13,global,Global,47,15,JETSKI,PEDRO SAMPAIO; MC Meno K; Melody,5wbf52LA6kcaboHSN6NEF1; 1CbQrKvCpEnekM3QMGJtXK; 7ySZCEP4HFGckYYPK5rqFI,3jhyw60F61gc7nC4dblqtC,https://i.scdn.co/image/ab67616d00001e02ff932c2dcd38600e7d097e09
2026-02-13,global,Global,48,New,MI$ LLAMADA$,Junior H; Gael Valenzuela,7Gi6gjaWy3DxyilpF1a8Is; 5mo9Z7aGxbLG7gVYajpCar,3xff9Zn9iZ5anX3e9oi6tt,https://i.scdn.co/image/ab67616d00001e02f1b7ee109bd8626cad94f478
2026-02-13,global,Global,49,–,"One Of The Girls (with JENNIE, Lily Rose Depp)",The Weeknd; JENNIE; Lily-Rose Depp,1Xyo4u8uXC1ZmMpatF05PJ; 250b0Wlc5Vk0CoUsaCY84M; 1pBLC0qVRTB5zVMuteQ9jJ,7CyPwkp0oE8Ro9Dd5CUDjW,https://i.scdn.co/image/ab67616d00001e02b0dd6a5cd1dec96c4119c262
2026-02-13,global,Global,50,New,NO TENGA$ MIEDO,Junior H; Gael Valenzuela,7Gi6gjaWy3DxyilpF1a8Is; 5mo9Z7aGxbLG7gVYajpCar,2Ow2iM9mHbZGRpAfNXTqNY,https://i.scdn.co/image/ab67616d00001e02f1b7ee109bd8626cad94f478
2026-02-13,global,Global,51,6,Yo Perreo Sola,Bad Bunny,4q3ewBCX7sLwd24euuV69X,0SqqAgdovOE24BzxIClpjw,https://i.scdn.co/image/ab67616d00001e02548f7ec52da7313de0c5e4a0
2026-02-13,global,Global,52,17,Choosin' Texas,Ella Langley,6BRxQ8cD3eqnrVj6WKDok8,65DbTqJKhbwqYbZ1Okr0rc,https://i.scdn.co/image/ab67616d00001e0290958927fbba47a62c3e63f8
2026-02-13,global,Global,53,–,Beautiful Things,Benson Boone,22wbnEMDvgVIAGdFeek6ET,3xkHsmpQCBMytMJNiDf3Ii,https://i.scdn.co/image/ab67616d00001e02831949037a1db10b87b005fa
2026-02-13,global,Global,54,2,Aperture,Harry Styles,6KImCVD70vtIoJWnq6nGn3,45Z3m6yazmAi4jZuW0tzW0,https://i.scdn.co/image/ab67616d00001e026b10b937d94f055f8890cb62
2026-02-13,global,Global,55,–,What You Saying,Lil Uzi Vert,4O15NlyKLIASxsJ0PrXPfz,7cjoZVmWe2xsGR4wcXiV2v,https://i.scdn.co/image/ab67616d00001e0222e541a121e1c2fee630dbf3
2026-02-13,global,Global,56,6,I Wanna Be Yours,Arctic Monkeys,7Ln80lUS6He07XvHI8qqHH,5XeFesFbtLpXzIVDNQP22n,https://i.scdn.co/image/ab67616d00001e024ae1c4c5c45aabe565499163
2026-02-13,global,Global,57,1,Yellow,Coldplay,4gzpq5DPGxSnKTe4SA8HAU,3AJwUDP919kvQ9QcozQPxg,https://i.scdn.co/image/ab67616d00001e029164bafe9aaa168d93f4816a
2026-02-13,global,Global,58,14,WELTiTA,Bad Bunny; Chuwi,4q3ewBCX7sLwd24euuV69X; 6wF1Cz760dpdbX9RJIDpQW,5WEF0icHWmAZBBMglBd599,https://i.scdn.co/image/ab67616d00001e02bbd45c8d36e0e045ef640411
2026-02-13,global,Global,59,5,dopamina,Peso Pluma; Tito Double P,12GqGscKJx3aE4t07u7eVZ; 5eumcnUkdmGvkvcsx1WFNG,3e32UUqXzrI4g2y5kNZrwC,https://i.scdn.co/image/ab67616d00001e02a9e6a250ea86a8f387873ef9
2026-02-13,global,Global,60,18,That's What I Like,Bruno Mars,0du5cEVh5yTK9QJze8zA0C,0KKkJNfGyhkQ5aFogxQAPU,https://i.scdn.co/image/ab67616d00001e02232711f7d66a1e19e89e28c5
2026-02-13,global,Global,61,New,EN DONDE E$TA$,Junior H; Gael Valenzuela,7Gi6gjaWy3DxyilpF1a8Is; 5mo9Z7aGxbLG7gVYajpCar,7oNzbhpMl27JJXo9GaCChN,https://i.scdn.co/image/ab67616d00001e02f1b7ee109bd8626cad94f478
2026-02-13,global,Global,62,3,Body,Don Toliver,4Gso3d4CscCijv0lmajZWs,0FlcmZ13DGRmscCroro9GO,https://i.scdn.co/image/ab67616d00001e0225c28f3c9fbdbab1a88dd619
2026-02-13,global,Global,63,4,LA VILLA,Ryan Castro; Kapo; Gangsta,7j6DKwmjbxvpQO8h914uEz; 3UTF2no3muGdiFXVujl94i; 5ayJu41CsIbLfnMldF6bj3,2ZyrAym0sRLwt4PhGotHuI,https://i.scdn.co/image/ab67616d00001e024f0b5d2c8e5f6b86fcd73ca9
2026-02-13,global,Global,64,8,E85,Don Toliver,4Gso3d4CscCijv0lmajZWs,3B4cjvGlPvyBLNG3AzEgkZ,https://i.scdn.co/image/ab67616d00001e0225c28f3c9fbdbab1a88dd619
2026-02-13,global,Global,65,19,Don’t Say You Love Me,Jin,5vV3bFXnN6D6N3Nj4xRvaV,27xkOIER6uDLKALIelHylZ,https://i.scdn.co/image/ab67616d00001e0289228504f700641956e29f5d
2026-02-13,global,Global,66,15,Cuando No Era Cantante,El Bogueto; Yung Beef,3S9Hg7sRKhmtWunFZ2yAYP; 1rTUwYS38LkQTlT2fhikch,6N2iccqxRInhTLHc2Fu3W0,https://i.scdn.co/image/ab67616d00001e02842ff43668299304d6f021b2
2026-02-13,global,Global,67,7,Starboy,The Weeknd; Daft Punk,1Xyo4u8uXC1ZmMpatF05PJ; 4tZwfgrHOc3mvqYlEYSvVi,7MXVkk9YMctZqd1Srtv4MB,https://i.scdn.co/image/ab67616d00001e024718e2b124f79258be7bc452
2026-02-13,global,Global,68,–,Lose Control,Teddy Swims,33qOK5uJ8AR2xuQQAhHump,17phhZDn6oGtzMe56NuWvj,https://i.scdn.co/image/ab67616d00001e02ebea8d4457c4db5b2088f287
2026-02-13,global,Global,69,2,Mr. Brightside,The Killers,0C0XlULifJtAgn6ZNCW2eu,003vvx7Niy0yvhvHt4a68B,https://i.scdn.co/image/ab67616d00001e02ccdddd46119a4ff53eaf1f5d
2026-02-13,global,Global,70,9,"All The Stars (with SZA) - From ""Black Panther: The Album""",Kendrick Lamar; SZA,2YZyLoL8N0Wb9xBt1NhZWg; 7tYKF4w9nC0nq9CsPZTHyP,3GCdLUSnKSMJhs4Tj6CV3s,https://i.scdn.co/image/ab67616d00001e02c027ad28821777b00dcaa888
2026-02-13,global,Global,71,14,Who,Jimin,1oSPZhvZMIrWW5I41kPkkY,7tI8dRuH2Yc6RuoTjxo4dU,https://i.scdn.co/image/ab67616d00001e02f02c451189a709b9a952aaec
2026-02-13,global,Global,72,1,APT.,ROSÉ; Bruno Mars,3eVa5w3URK5duf6eyVDbu9; 0du5cEVh5yTK9QJze8zA0C,4wJ5Qq0jBN4ajy7ouZIV1c,https://i.scdn.co/image/ab67616d00001e027be65ce6672ed7e5aac6e966
2026-02-13,global,Global,73,7,Locked out of Heaven,Bruno Mars,0du5cEVh5yTK9QJze8zA0C,5g7sDjBhZ4I3gcFIpkrLuI,https://i.scdn.co/image/ab67616d00001e02926f43e7cce571e62720fd46
2026-02-13,global,Global,74,4,The Great Divide,Noah Kahan,2RQXRUsr4IW1f3mKyKsy4B,77zqs8ucHCSk5jh9TYec4b,https://i.scdn.co/image/ab67616d00001e02a47374027a9f559917ba66ba
2026-02-13,global,Global,75,New,Be By You,Luke Combs,718COspgdWOnwOFpJHRZHS,7aLndReanHBzpTGE5Am9H8,https://i.scdn.co/image/ab67616d00001e0214f1e73e3ff3a0f4a6801fad
2026-02-13,global,Global,76,5,No One Noticed,The Marías,2sSGPbdZJkaSE2AbcGOACx,3siwsiaEoU4Kuuc9WKMUy5,https://i.scdn.co/image/ab67616d00001e028aa339341a0b0c813909c831
2026-02-13,global,Global,77,11,CHANEL,Tyla,3SozjO3Lat463tQICI9LcE,4VxTzYm00mg82MuoT35Ja7,https://i.scdn.co/image/ab67616d00001e02c67cc9596a3252490933e2f9
2026-02-13,global,Global,78,7,Pvta Luna,Neton Vega,6pV5zH2LzjOUHaAvENdMMa,33MeEaRCeIQMSRyFTr5ZJU,https://i.scdn.co/image/ab67616d00001e020c3ba1d7cd1468c7e5a2ddda
2026-02-13,global,Global,79,New,ERRORE$,Junior H; Gael Valenzuela,7Gi6gjaWy3DxyilpF1a8Is; 5mo9Z7aGxbLG7gVYajpCar,6h3R9460Lm1g4xrtgKtVmB,https://i.scdn.co/image/ab67616d00001e02f1b7ee109bd8626cad94f478
2026-02-13,global,Global,80,16,LA MuDANZA,Bad Bunny,4q3ewBCX7sLwd24euuV69X,3G7agPwWfcORnWCAGMDOpm,https://i.scdn.co/image/ab67616d00001e02bbd45c8d36e0e045ef640411
2026-02-13,global,Global,81,18,Sparks,Coldplay,4gzpq5DPGxSnKTe4SA8HAU,7D0RhFcb3CrfPuTJ0obrod,https://i.scdn.co/image/ab67616d00001e029164bafe9aaa168d93f4816a
2026-02-13,global,Global,82,5,luther (with sza),Kendrick Lamar; SZA,2YZyLoL8N0Wb9xBt1NhZWg; 7tYKF4w9nC0nq9CsPZTHyP,2CGNAOSuO1MEFCbBRgUzjd,https://i.scdn.co/image/ab67616d00001e027e5e269471fe4a43a42e2f15
2026-02-13,global,Global,83,8,kota ini tak sama tanpamu,Nadhif Basalamah,6UgERnTHmjk3qXM9x5vzyO,13CwOTXUgBugeBByE9oIWb,https://i.scdn.co/image/ab67616d00001e02f3e3f888fbfcc916ecce50a9
2026-02-13,global,Global,84,5,Fame is a Gun,Addison Rae,4gvjmrtzydbMpyJaXUtwvP,7B3BwNecBhKvNwSMOOl7Gk,https://i.scdn.co/image/ab67616d00001e02089511953028cbfeb095c593
2026-02-13,global,Global,85,1,daño,Peso Pluma; Tito Double P,12GqGscKJx3aE4t07u7eVZ; 5eumcnUkdmGvkvcsx1WFNG,136BeIIoBGrrU9fI1jbcDR,https://i.scdn.co/image/ab67616d00001e02a9e6a250ea86a8f387873ef9
2026-02-13,global,Global,86,10,Dreams - 2004 Remaster,Fleetwood Mac,08GQAI4eElDnROBrJRGE0X,0ofHAoxe9vBkTCp2UQIavz,https://i.scdn.co/image/ab67616d00001e02e52a59a28efa4773dd2bfe1b
2026-02-13,global,Global,87,6,7-3,Peso Pluma; Tito Double P,12GqGscKJx3aE4t07u7eVZ; 5eumcnUkdmGvkvcsx1WFNG,4lzo6zPM2paqyP8oBp3DOs,https://i.scdn.co/image/ab67616d00001e02a9e6a250ea86a8f387873ef9
2026-02-13,global,Global,88,4,Let Me Love You,DJ Snake; Justin Bieber,540vIaP2JwjQb9dm3aArA4; 1uNFoZAHBGtllmzznpCI3s,0lYBSQXN6rCTvUZvg9S0lU,https://i.scdn.co/image/ab67616d00001e02212d776c31027c511f0ee3bc
2026-02-13,global,Global,89,25,Posso Até Não Te Dar Flores,DJ Japa NK; MC Meno K; MC Ryan SP; Mc Jacaré; DJ DAVI DOGDOG,1bpnl8qbR9GxmiNlkEufW6; 1CbQrKvCpEnekM3QMGJtXK; 75i9GaW2MJUgt4BkdUnuUY; 6qrqAYlS6lUj2BVXax7SZW; 5ffbqOCrcxCejQ7oqfWXm9,4G7bbgD2DHORU4frrWoCXp,https://i.scdn.co/image/ab67616d00001e025ed03182ae8c1215b54c1fca
2026-02-13,global,Global,90,12,DAISIES,Justin Bieber,1uNFoZAHBGtllmzznpCI3s,5BZsQlgw21vDOAjoqkNgKb,https://i.scdn.co/image/ab67616d00001e02d65c4773bc5061fd27facc5b
2026-02-13,global,Global,91,3,A Couple Minutes,Olivia Dean,00x1fYSGhdqScXBRpSj3DW,312z6PZ8wwREck8613PkJk,https://i.scdn.co/image/ab67616d00001e029a336bfb6d40bbd90a507417
2026-02-13,global,Global,92,3,That’s So True,Gracie Abrams,4tuJ0bMpJh08umKkEXKUI5,7ne4VBA60CxGM75vw0EYad,https://i.scdn.co/image/ab67616d00001e021dac3694b3289cd903cb3acf
2026-02-13,global,Global,93,New,MI GATA,Junior H; Gael Valenzuela,7Gi6gjaWy3DxyilpF1a8Is; 5mo9Z7aGxbLG7gVYajpCar,3mSdneOr4nDLQD70hpoBaj,https://i.scdn.co/image/ab67616d00001e02f1b7ee109bd8626cad94f478
2026-02-13,global,Global,94,5,"Good Luck, Babe!",Chappell Roan,7GlBOeep6PqTfFi59PTUUN,0WbMK4wrZ1wFSty9F7FCgu,https://i.scdn.co/image/ab67616d00001e0291b4bc7c88d91a42e0f3a8b7
2026-02-13,global,Global,95,13,La Plena - W Sound 05,W Sound; Beéle; Ovy On The Drums,5uwa6tAMMfNbBFIHiI6NV4; 7a0XAaPaK2aDSqa8p3QnC7; 3m5qlPf2OkihLz3dRYnkPA,6iOndD4OFo7GkaDypWQIou,https://i.scdn.co/image/ab67616d00001e02c0353d023daf5ebda0eb003b
2026-02-13,global,Global,96,6,Ya Borracho,Herencia De Grandes,0ocHleb3SllGNQQcDH35Xz,4NyUIohBa3CEMGcXURYSOh,https://i.scdn.co/image/ab67616d00001e02595c866ba8d19bd9dd531bdc
2026-02-13,global,Global,97,New,Always Everywhere,Charli xcx,25uiPmTg16RbhZWAqwLBy5,6fGapufucZHPva1kvCqceA,https://i.scdn.co/image/ab67616d00001e025048960108f204f627b294b4
2026-02-13,global,Global,98,15,505,Arctic Monkeys,7Ln80lUS6He07XvHI8qqHH,58ge6dfP91o9oXMzq3XkIS,https://i.scdn.co/image/ab67616d00001e02b1f8da74f225fa1225cdface
2026-02-13,global,Global,99,8,Si Antes Te Hubiera Conocido,KAROL G,790FomKkXshlbRYZFtlgla,73scB4Q4fcOmnsBVZPmk32,https://i.scdn.co/image/ab67616d00001e026c0294796e2ee5cf87a47b5f
2026-02-13,global,Global,100,7,Just the Way You Are,Bruno Mars,0du5cEVh5yTK9QJze8zA0C,7BqBn9nzAq8spo5e7cZ0dJ,https://i.scdn.co/image/ab67616d00001e027039c1c841fc3dfa2ad8a0d8
2026-02-13,global,Global,101,25,Who Knows,Daniel Caesar,20wkVLutqVOYrc0kxFs7rA,6DH13QYXK7lKkYHSU88N48,https://i.scdn.co/image/ab67616d00001e022bad6e56e77d5bef0aa3f2dc
2026-02-13,global,Global,102,28,undressed,sombr,4G9NDjRyZFDlJKMRL8hx3S,0TFTAtCYhp2tQ9KcJIZb55,https://i.scdn.co/image/ab67616d00001e024229702de91cb3d3a4383302
2026-02-13,global,Global,103,6,As It Was,Harry Styles,6KImCVD70vtIoJWnq6nGn3,4Dvkj6JhhA12EX05fT7y2e,https://i.scdn.co/image/ab67616d00001e0282ce362511fb3d9dda6578ee
2026-02-13,global,Global,104,15,Timeless (feat Playboi Carti),The Weeknd; Playboi Carti,1Xyo4u8uXC1ZmMpatF05PJ; 699OTQXzgjhIYAHMy9RyPD,0FIDCNYYjNvPVimz5icugS,https://i.scdn.co/image/ab67616d00001e02de79f330bc297af3fae736da
2026-02-13,global,Global,105,8,Sorry,Justin Bieber,1uNFoZAHBGtllmzznpCI3s,09CtPGIpYB4BrO8qb1RGsF,https://i.scdn.co/image/ab67616d00001e02f46b9d202509a8f7384b90de
2026-02-13,global,Global,106,1,(When You Gonna) Give It Up to Me - Radio Version,Sean Paul; Keyshia Cole,3Isy6kedDrgPYoTS1dazA9; 1vfezMIyCr4XUdYRaKIKi3,5nEdwtSv0qqeE0l4o1lR4q,https://i.scdn.co/image/ab67616d00001e02a539563b3d77bd3ba17d016e
2026-02-13,global,Global,107,9,Sedia Aku Sebelum Hujan,Idgitaf,7pFWMC2E7h8eL3SZyHRsRq,64qfw9JZl3RYCrq4Mn0WvT,https://i.scdn.co/image/ab67616d00001e028dc8c573565969d55f9f3477
2026-02-13,global,Global,108,4,COQUETA,Fuerza Regida; Grupo Frontera,0ys2OFYzWYB5hRDLCsBqxt; 6XkjpgcEsYab502Vr1bBeW,1PREzVLuDT6PSE9sej4wnV,https://i.scdn.co/image/ab67616d00001e0204874856f3c501181d060128
2026-02-13,global,Global,109,9,Nice To Each Other,Olivia Dean,00x1fYSGhdqScXBRpSj3DW,7gKxCvTDWwV9wBhdeBbr3l,https://i.scdn.co/image/ab67616d00001e02a9e75099d7065c71cc7ede72
2026-02-13,global,Global,110,30,LO QUE LE PASÓ A HAWAii,Bad Bunny,4q3ewBCX7sLwd24euuV69X,1Hg0e997pObvZ91w1FCPFk,https://i.scdn.co/image/ab67616d00001e02bbd45c8d36e0e045ef640411
2026-02-13,global,Global,111,10,Todo Lo Fue,Lenin Ramírez,3hTffafUYLLgO4yuPAxb5U,0Sa8aRfGckW0qUGLrBwoBG,https://i.scdn.co/image/ab67616d00001e0234fc9cf3365e3e9d5f86ffe3
2026-02-13,global,Global,112,20,Bring Me To Life,Evanescence,5nGIFgo0shDenQYSE0Sn7c,0COqiPhxzoWICwFCS4eZcp,https://i.scdn.co/image/ab67616d00001e0225f49ab23f0ec6332efef432
2026-02-13,global,Global,113,2,4 Raws,EsDeeKid,0EyhkwP3UnwGFBy6xwKjSy,554qQSs9lpRVq6TlaaiIKT,https://i.scdn.co/image/ab67616d00001e02cff4bd68d5d0dd9a0a748045
2026-02-13,global,Global,114,6,Cinnamon Girl,Lana Del Rey,00FQb4jTyendYWaN8pK0wa,2mdEsXPu8ZmkHRRtAdC09e,https://i.scdn.co/image/ab67616d00001e02879e9318cb9f4e05ee552ac9
2026-02-13,global,Global,115,8,Feel Good Inc.,Gorillaz; De La Soul,3AA28KZvwAUcZuOKwyblJQ; 1Z8ODXyhEBi3WynYw0Rya6,0d28khcov6AiegSCpG5TuT,https://i.scdn.co/image/ab67616d00001e02622aefd794f6fe4d8e714358
2026-02-13,global,Global,116,7,DÁKITI,Bad Bunny; JHAYCO,4q3ewBCX7sLwd24euuV69X; 6nVcHLIgY5pE2YCl8ubca1,4MzXwWMhyBbmu6hOcLVD49,https://i.scdn.co/image/ab67616d00001e02005ee342f4eef2cc6e8436ab
2026-02-13,global,Global,117,2,Billie Jean,Michael Jackson,3fMbdgg4jU18AjLCKBhRSm,7J1uxwnxfQLu4APicE5Rnj,https://i.scdn.co/image/ab67616d00001e0232a7d87248d1b75463483df5
2026-02-13,global,Global,118,2,Folded,Kehlani,0cGUm45nv7Z6M6qdXYQGTX,0bxPRWprUVpQK0UFcddkrA,https://i.scdn.co/image/ab67616d00001e02ce5bc87f637b46ad01831fc4
2026-02-13,global,Global,119,13,Riptide,Vance Joy,10exVja0key0uqUkk6LJRT,2uXlHCUbq9OMUwx3hrk06o,https://i.scdn.co/image/ab67616d00001e0205d081cbdc2f67d37a364d63
2026-02-13,global,Global,120,9,Somewhere Only We Know,Keane,53A0W3U0s8diEn9RhXQhVz,0ll8uFnc0nANY35E0Lfxvg,https://i.scdn.co/image/ab67616d00001e027d6cd95a046a3c0dacbc7d33
2026-02-13,global,Global,121,4,Dracula (with JENNIE),Tame Impala; JENNIE,5INjqkS1o8h1imAzPqGZBb; 250b0Wlc5Vk0CoUsaCY84M,5yvVYFDUpbnjcnRBgjwTzM,https://i.scdn.co/image/ab67616d00001e02c7c031ce9d06b131f8563676
2026-02-13,global,Global,122,2,no tiene sentido,Beéle,7a0XAaPaK2aDSqa8p3QnC7,1HEwEN64NjgTaHmo7LfkX8,https://i.scdn.co/image/ab67616d00001e022feb67a486bcf117e7fb15b0
2026-02-13,global,Global,123,7,Blinding Lights,The Weeknd,1Xyo4u8uXC1ZmMpatF05PJ,0VjIjW4GlUZAMYd2vXMi3b,https://i.scdn.co/image/ab67616d00001e028863bc11d2aa12b54f5aeb36
2026-02-13,global,Global,124,New,CHOLO,Junior H; Gael Valenzuela,7Gi6gjaWy3DxyilpF1a8Is; 5mo9Z7aGxbLG7gVYajpCar,76m8kXyUf41NgbpzCLfWgs,https://i.scdn.co/image/ab67616d00001e02f1b7ee109bd8626cad94f478
2026-02-13,global,Global,125,38,I Like It,Cardi B; Bad Bunny; J Balvin,4kYSro6naA4h99UJvo89HB; 4q3ewBCX7sLwd24euuV69X; 1vyhD5VmyZ7KMfW5gqLgo5,58q2HKrzhC3ozto2nDdN4z,https://i.scdn.co/image/ab67616d00001e02a0caffda54afd0a65995bbab
2026-02-13,global,Global,126,3,The Night We Met,Lord Huron,6ltzsmQQbmdoHHbLZ4ZN25,5yJaXWIErrrsjQ3J0eR5aK,https://i.scdn.co/image/ab67616d00001e02b4916183f769aca218acb85f
2026-02-13,global,Global,127,1,It Will Rain,Bruno Mars,0du5cEVh5yTK9QJze8zA0C,4rMNgxEwGWoPHIUcvB5BrB,https://i.scdn.co/image/ab67616d00001e02dec2e6bae5062b94fc4eeb84
2026-02-13,global,Global,128,3,Danza Kuduro - Version MTO,Lucenzo; Don Omar,5bv5RplEOwdCvhq0EILh9E; 33ScadVnbm2X8kkUqOkC6Z,2a1o6ZejUi8U3wzzOtCOYw,https://i.scdn.co/image/ab67616d00001e02dd6b19d30e8b2531c625fbc4
2026-02-13,global,Global,129,26,Safaera,Bad Bunny; Jowell & Randy; Ñengo Flow,4q3ewBCX7sLwd24euuV69X; 4IMAo2UQchVFyPH24PAjUs; 12vb80Km0Ew53ABfJOepVz,2DEZmgHKAvm41k4J3R2E9Y,https://i.scdn.co/image/ab67616d00001e02548f7ec52da7313de0c5e4a0
2026-02-13,global,Global,130,9,Marlboro Rojo,Fuerza Regida,0ys2OFYzWYB5hRDLCsBqxt,3hpm0fTeSqlhJbnqAgaLZs,https://i.scdn.co/image/ab67616d00001e02a2e90fbdec84b25e46573469
2026-02-13,global,Global,131,6,We Are The People,Empire Of The Sun,67hb7towEyKvt5Z8Bx306c,3zEN0ii6s4DHHBpnTp3RP7,https://i.scdn.co/image/ab67616d00001e02f3aa0e6ca22a382007f61e4d
2026-02-13,global,Global,132,22,The Less I Know The Better,Tame Impala,5INjqkS1o8h1imAzPqGZBb,6K4t31amVTZDgR3sKmwUJJ,https://i.scdn.co/image/ab67616d00001e029e1cfc756886ac782e363d79
2026-02-13,global,Global,133,15,Viva La Vida,Coldplay,4gzpq5DPGxSnKTe4SA8HAU,1mea3bSkSGXuIRvnydlB5b,https://i.scdn.co/image/ab67616d00001e02e21cc1db05580b6f2d2a3b6e
2026-02-13,global,Global,134,2,like JENNIE,JENNIE,250b0Wlc5Vk0CoUsaCY84M,0fK7ie6XwGxQTIkpFoWkd1,https://i.scdn.co/image/ab67616d00001e02dcf27dec5e479b2e39c4c993
2026-02-13,global,Global,135,13,When I Was Your Man,Bruno Mars,0du5cEVh5yTK9QJze8zA0C,0B7wvvmu9EISAwZnOpjhNI,https://i.scdn.co/image/ab67616d00001e02926f43e7cce571e62720fd46
2026-02-13,global,Global,136,32,PERFuMITO NUEVO,Bad Bunny; RaiNao,4q3ewBCX7sLwd24euuV69X; 42LEQxfXLEuzdqorKBbUVN,1Q9Efnm5csdCMFynISxL2x,https://i.scdn.co/image/ab67616d00001e02bbd45c8d36e0e045ef640411
2026-02-13,global,Global,137,4,Midnight Sun,Zara Larsson,1Xylc3o4UrD53lo9CvFvVg,1qRV1dKLOfH1s00b9J2LUQ,https://i.scdn.co/image/ab67616d00001e027657f9028ea8bb2c18dca99f
2026-02-13,global,Global,138,3,Bahagia Lagi,Piche Kota,5zAYPlhV1TirCul0R4NKGM,5tZaKZPJtiHh6teQfVEHB5,https://i.scdn.co/image/ab67616d00001e025bd00b369e89c5cbc74d827b
2026-02-13,global,Global,139,5,No Pole,Don Toliver,4Gso3d4CscCijv0lmajZWs,0eaVIYo2zeOaGJeqZ5TwYz,https://i.scdn.co/image/ab67616d00001e02307323fa550564b0201b1d76
2026-02-13,global,Global,140,4,Not Like Us,Kendrick Lamar,2YZyLoL8N0Wb9xBt1NhZWg,6AI3ezQ4o3HUoP6Dhudph3,https://i.scdn.co/image/ab67616d00001e021ea0c62b2339cbf493a999ad
2026-02-13,global,Global,141,40,Seven (feat. Latto) (Explicit Ver.),Jung Kook; Latto,6HaGTQPmzraVmaVxvz6EUc; 3MdXrJWsbVzdn6fe5JYkSQ,2HRgqmZQC0MC7GeNuDIXHN,https://i.scdn.co/image/ab67616d00001e02741fd4807f442af3f7359316
2026-02-13,global,Global,142,12,Shape of You,Ed Sheeran,6eUKZXaKkcviH0Ku9w2n3V,7qiZfU4dY1lWllzX7mPBI3,https://i.scdn.co/image/ab67616d00001e02ba5db46f4b838ef6027e6f96
2026-02-13,global,Global,143,17,La Perla,ROSALÍA; Yahritza Y Su Esencia,7ltDVBr6mKbRvohxheJ9h1; 51ZSh80McCt7vbqHouzW0A,4oVO4fGNRRvEn0CRuFO4qv,https://i.scdn.co/image/ab67616d00001e0293ee2e2f2dfb7de9befcc164
2026-02-13,global,Global,144,7,Secondhand (feat. Rema),Don Toliver; Rema,4Gso3d4CscCijv0lmajZWs; 46pWGuE3dSwY3bMMXGBvVS,4Z5KKoBGxpJo8YbDcGQXd5,https://i.scdn.co/image/ab67616d00001e0225c28f3c9fbdbab1a88dd619
2026-02-13,global,Global,145,14,Counting Stars,OneRepublic,5Pwc4xIPtQLFEnJriah9YJ,2tpWsVSb9UEmDRxAl1zhX1,https://i.scdn.co/image/ab67616d00001e029e2f95ae77cf436017ada9cb
2026-02-13,global,Global,146,6,Smells Like Teen Spirit,Nirvana,6olE6TJLqED3rqDCT0FyPh,0gucTLf7trAf37Ua1uAyAu,https://i.scdn.co/image/ab67616d00001e02fbc71c99f9c1296c56dd51b6
2026-02-13,global,Global,147,6,Another Love,Tom Odell,2txHhyCwHjUEpJjWrEyqyX,7jtQIBanIiJOMS6RyCx6jZ,https://i.scdn.co/image/ab67616d00001e021917a0f3f4152622a040913f
2026-02-13,global,Global,148,15,Apocalypse,Cigarettes After Sex,1QAJqy2dA3ihHBFIHRphZj,1oAwsWBovWRIp7qLMGPIet,https://i.scdn.co/image/ab67616d00001e02dfed999f959177dfc4f33cdc
2026-02-13,global,Global,149,3,Just Keep Watching (From F1® The Movie),Tate McRae; F1 The Album,45dkTj5sMRSjrmBSBeiHym; 3aly4xJOy3LVznzvRIvFYC,2yWlGEgEfPot0lv3OAjuG3,https://i.scdn.co/image/ab67616d00001e02a23d1b3449fb415346735a08
2026-02-13,global,Global,150,1,we can't be friends (wait for your love),Ariana Grande,66CXWjxzNUsdJxJ2JdwvnR,51ZQ1vr10ffzbwIjDCwqm4,https://i.scdn.co/image/ab67616d00001e028b58d20f1b77295730db15b4
2026-02-13,global,Global,151,30,MIENTRAS DUERMES,Junior H,7Gi6gjaWy3DxyilpF1a8Is,4e76Ss3ji7HQZ4qwcPNkNA,https://i.scdn.co/image/ab67616d00001e02ef88ad49166e31598ff7d4d0
2026-02-13,global,Global,152,3,Phantom,EsDeeKid; Rico Ace,0EyhkwP3UnwGFBy6xwKjSy; 4sY0lTSkfDMMt27cVvFT6o,57Z6TJCTMACXxdrcwZ3Zvf,https://i.scdn.co/image/ab67616d00001e02cff4bd68d5d0dd9a0a748045
2026-02-13,global,Global,153,24,Love On The Brain,Rihanna,5pKCCKE2ajJHZ9KAiaK11H,5oO3drDxtziYU2H1X23ZIp,https://i.scdn.co/image/ab67616d00001e026be9bac15995f089579074de
2026-02-13,global,Global,154,64,Everybody Wants To Rule The World,Tears For Fears,4bthk9UfsYUYdcFyqxmSUU,2YiCMmONQcoMPX2bV1LxE0,https://i.scdn.co/image/ab67616d00001e025e12c35cb4c848a927ef4b69
2026-02-13,global,Global,155,28,MOJABI GHOST,Tainy; Bad Bunny,0GM7qgcRCORpGnfcN2tCiB; 4q3ewBCX7sLwd24euuV69X,46YjJXVXWHlQ21odKktg5e,https://i.scdn.co/image/ab67616d00001e02f885fb64a381318a1c9c14e4
2026-02-13,global,Global,156,10,TU VAS SIN (fav),Rels B,2IMZYfNi21MGqxopj9fWx8,6uiQ0DqbXTBc8tl0AUKZkR,https://i.scdn.co/image/ab67616d00001e020e409fad9527196e73e423ba
2026-02-13,global,Global,157,26,Young And Beautiful,Lana Del Rey,00FQb4jTyendYWaN8pK0wa,2nMeu6UenVvwUktBCpLMK9,https://i.scdn.co/image/ab67616d00001e02d7fb3e4c63020039d1cff6b2
2026-02-13,global,Global,158,4,Poker Face,Lady Gaga,1HY2Jd0NmPuamShAr6KMms,1QV6tiMFM6fSOKOGLMHYYg,https://i.scdn.co/image/ab67616d00001e02e691217483df8798445c82e2
2026-02-13,global,Global,159,14,In the End,Linkin Park,6XyY86QOPPrYVGvF9ch6wz,60a0Rd6pjrkxjPbaKzXjfq,https://i.scdn.co/image/ab67616d00001e02e2f039481babe23658fc719a
2026-02-13,global,Global,160,1,Without Me,Eminem,7dGJo4pcD2V6oG8kP0tJRR,7lQ8MOhq6IN2w8EYcFNSUk,https://i.scdn.co/image/ab67616d00001e026ca5c90113b30c3c43ffb8f4
2026-02-13,global,Global,161,19,Let Down,Radiohead,4Z8W4fKeB5YxbusRsdQVPb,2fuYa3Lx06QQJAm0MjztKr,https://i.scdn.co/image/ab67616d00001e02c8b444df094279e70d0ed856
2026-02-13,global,Global,162,4,Messy,Lola Young,67FB4n52MgexGQIG8s0yUH,35ISBknsCeZQtq66xABI9g,https://i.scdn.co/image/ab67616d00001e026aa2a180c7b009ca8454ef89
2026-02-13,global,Global,163,1,Breakin' Dishes,Rihanna,5pKCCKE2ajJHZ9KAiaK11H,5EcG8eMMlwkHRVa4aTR1qd,https://i.scdn.co/image/ab67616d00001e02f9f27162ab1ed45b8d7a7e98
2026-02-13,global,Global,164,2,Perfect,Ed Sheeran,6eUKZXaKkcviH0Ku9w2n3V,0tgVpDi06FyKpA1z0VMD4v,https://i.scdn.co/image/ab67616d00001e02ba5db46f4b838ef6027e6f96
2026-02-13,global,Global,165,15,The Man Who Can't Be Moved,The Script,3AQRLZ9PuTAozP28Skbq8V,3nqqDo8CcCLke3ZoTgiOKf,https://i.scdn.co/image/ab67616d00001e02f33a9f529c12f79b116eb218
2026-02-13,global,Global,166,6,Only Girl (In The World),Rihanna,5pKCCKE2ajJHZ9KAiaK11H,2ENexcMEMsYk0rVJigVD3i,https://i.scdn.co/image/ab67616d00001e0231548865f7c729290b96c794
2026-02-13,global,Global,167,4,We Found Love,Rihanna; Calvin Harris,5pKCCKE2ajJHZ9KAiaK11H; 7CajNmpbOovFoOoasH2HaY,1zv3WFUbZ5vPxFq9I2jAU1,https://i.scdn.co/image/ab67616d00001e02bef074de9ca825bddaeb9f46
2026-02-13,global,Global,168,21,Ojitos Lindos,Bad Bunny; Bomba Estéreo,4q3ewBCX7sLwd24euuV69X; 5n9bMYfz9qss2VOW89EVs2,3k3NWokhRRkEPhCzPmV8TW,https://i.scdn.co/image/ab67616d00001e0249d694203245f241a1bcaa72
2026-02-13,global,Global,169,Re-Entry,Amo Minha Favela,DJ Japa NK; MC Meno K,1bpnl8qbR9GxmiNlkEufW6; 1CbQrKvCpEnekM3QMGJtXK,4S1SaaCxQ87nXpA2EfYFj4,https://i.scdn.co/image/ab67616d00001e02876c7d6a4e1d999d2660dca8
2026-02-13,global,Global,170,32,Closer,The Chainsmokers; Halsey,69GGBxA162lTqCwzJG5jLp; 26VFTg2z8YR0cCuwLzESi2,7BKLCZ1jbUBVqRi2FVlTVw,https://i.scdn.co/image/ab67616d00001e02495ce6da9aeb159e94eaa453
2026-02-13,global,Global,171,13,Please Please Please,Sabrina Carpenter,74KM79TiuVKeVCqs8QtB0B,2tHwzyyOLoWSFqYNjeVMzj,https://i.scdn.co/image/ab67616d00001e02fd8d7a8d96871e791cb1f626
2026-02-13,global,Global,172,29,Moscow Mule,Bad Bunny,4q3ewBCX7sLwd24euuV69X,6Xom58OOXk2SoU711L2IXO,https://i.scdn.co/image/ab67616d00001e0249d694203245f241a1bcaa72
2026-02-13,global,Global,173,16,Gehra Hua,Shashwat Sachdev; Arijit Singh; Irshad Kamil; Armaan Khan,465OXuCU8YZNmVG1leLwQ9; 4YRxDV8wJFPHPTeXepOstw; 3GdSQUH1BRtl9UrrtuwJlP; 68CFADZWUwvJMqkCeqmxMJ,5MCbGWnNLLjoHpbDO3BOgi,https://i.scdn.co/image/ab67616d00001e027838ccbef3fb712228e23fc5
2026-02-13,global,Global,174,26,Sports car,Tate McRae,45dkTj5sMRSjrmBSBeiHym,5UJbgR4XF4y1DvbkxEqe8S,https://i.scdn.co/image/ab67616d00001e026c691022744f42565f6b546e
2026-02-13,global,Global,175,4,Pink Pony Club,Chappell Roan,7GlBOeep6PqTfFi59PTUUN,6393yGahSJ9slVdOwSxOVR,https://i.scdn.co/image/ab67616d00001e02a21d22ecf823e1c90aa22d1f
2026-02-13,global,Global,176,20,Hips Don't Lie (feat. Wyclef Jean),Shakira; Wyclef Jean,0EmeFodog0BfCgMzAIvKQp; 7aBzpmFXB4WWpPl2F7RjBe,3d0WouFnFmr0K3kjeza3fF,https://i.scdn.co/image/ab67616d00001e0285432abc16fd92be0d435cb9
2026-02-13,global,Global,177,1,Don't Stop The Music,Rihanna,5pKCCKE2ajJHZ9KAiaK11H,1Jo0Zg7XlrA6z0mFTZVdkn,https://i.scdn.co/image/ab67616d00001e02f9f27162ab1ed45b8d7a7e98
2026-02-13,global,Global,178,11,Summertime Sadness,Lana Del Rey,00FQb4jTyendYWaN8pK0wa,1FEiijYPJtyswChfcpv3p0,https://i.scdn.co/image/ab67616d00001e02ebc8cfac8b586bc475b04918
2026-02-13,global,Global,179,12,Give Me Everything (feat. Nayer),Pitbull; AFROJACK; Ne-Yo; Nayer,0TnOYISbd1XYRBk9myaseg; 4D75GcNG95ebPtNvoNVXhz; 21E3waRsmPlU7jZsS13rcj; 1ruutHJcECI7cos2n5TqpO,4QNpBfC0zvjKqPJcyqBy9W,https://i.scdn.co/image/ab67616d00001e021dc7483a9fcfce54822a2f19
2026-02-13,global,Global,180,12,From The Start,Laufey,7gW0r5CkdEUMm42w9XpyZO,43iIQbw5hx986dUEZbr3eN,https://i.scdn.co/image/ab67616d00001e0274c732f8aa0e0ccbb3d17d96
2026-02-13,global,Global,181,6,El Apagón,Bad Bunny,4q3ewBCX7sLwd24euuV69X,0UvZcEfpzVyx47QsRbjyBz,https://i.scdn.co/image/ab67616d00001e0249d694203245f241a1bcaa72
2026-02-13,global,Global,182,4,The Chain - 2004 Remaster,Fleetwood Mac,08GQAI4eElDnROBrJRGE0X,5e9TFTbltYBg2xThimr0rU,https://i.scdn.co/image/ab67616d00001e02e52a59a28efa4773dd2bfe1b
2026-02-13,global,Global,183,13,Gasolina,Daddy Yankee,4VMYDCV2IEDYJArk749S6m,5YoITs1m0q8UOQ4AW7N5ga,https://i.scdn.co/image/ab67616d00001e0211b9999b620ef9bc0e957623
2026-02-13,global,Global,184,48,Me Porto Bonito,Bad Bunny; Chencho Corleone,4q3ewBCX7sLwd24euuV69X; 37230BxxYs9ksS7OkZw3IU,6Sq7ltF9Qa7SNFBsV5Cogx,https://i.scdn.co/image/ab67616d00001e0249d694203245f241a1bcaa72
2026-02-13,global,Global,185,9,Flashing Lights,Kanye West; Dwele,5K4W6rqBFWDnAN6FQUkS6x; 7u6LfVyYpEzMpHLL7jTyvU,5TRPicyLGbAF2LGBFbHGvO,https://i.scdn.co/image/ab67616d00001e0226f7f19c7f0381e56156c94a
2026-02-13,global,Global,186,21,Me Rehúso,Danny Ocean,5H1nN1SzW0qNeUEZvuXjAj,6ifUES3keWjwXgae8pXI3o,https://i.scdn.co/image/ab67616d00001e02d8243a13e6f41310a5fa7b96
2026-02-13,global,Global,187,New,ICEMAN FREESTYLE,Central Cee,5H4yInM5zmHqpKIoMNAx4r,0YskQDMYYgtxyFp1yTabRu,https://i.scdn.co/image/ab67616d00001e02c2b33ed586c4f7784251ac4d
2026-02-13,global,Global,188,New,POLE DANCE,Junior H; Gael Valenzuela,7Gi6gjaWy3DxyilpF1a8Is; 5mo9Z7aGxbLG7gVYajpCar,0o5I2d7388cYcvfBvr0OP2,https://i.scdn.co/image/ab67616d00001e02f1b7ee109bd8626cad94f478
2026-02-13,global,Global,189,10,Photograph,Ed Sheeran,6eUKZXaKkcviH0Ku9w2n3V,6fxVffaTuwjgEk5h9QyRjy,https://i.scdn.co/image/ab67616d00001e0213b3e37318a0c247b550bccd
2026-02-13,global,Global,190,New,other side.,Brent Faiyaz,3tlXnStJ1fFhdScmQeLpuG,2iZ9yiTcL1iywzSUZxlJrZ,https://i.scdn.co/image/ab67616d00001e02d8acadd7be5455ea09c06cf9
2026-02-13,global,Global,191,12,POR SUS BESOS,Tito Double P,5eumcnUkdmGvkvcsx1WFNG,1eunv1DeEi29UfAcVEoLTt,https://i.scdn.co/image/ab67616d00001e020072b075cd6ba3f7d6944c62
2026-02-13,global,Global,192,Re-Entry,Two Six,J. Cole,6l3HvQ5sa6mXTsMTB19rO5,57ENogEkvFsU7Wmt3lvQMG,https://i.scdn.co/image/ab67616d00001e0280788f104c780412212e97e3
2026-02-13,global,Global,193,Re-Entry,Trap Queen,Fetty Wap,6PXS4YHDkKvl1wkIl4V8DL,2d8JP84HNLKhmd6IYOoupQ,https://i.scdn.co/image/ab67616d00001e02df7c1e1c441dd172ea8f29f9
2026-02-13,global,Global,194,4,Gangsta's Paradise,Coolio; L.V.,3y24n3XhZ96wgwRXjvS17T; 2LhsePRtgCo4THVKULQBL7,1DIXPcTDzTj8ZMHt3PDt8p,https://i.scdn.co/image/ab67616d00001e027438996f6fe67c59d75d4e43
2026-02-13,global,Global,195,Re-Entry,TU SANCHO,Fuerza Regida,0ys2OFYzWYB5hRDLCsBqxt,6eLQXa6uk2EW8drsiKbABZ,https://i.scdn.co/image/ab67616d00001e02a2e90fbdec84b25e46573469
2026-02-13,global,Global,196,19,Style,Taylor Swift,06HL4z0CvFAxyc27GXpf02,0ug5NqcwcFR2xrfTkc7k8e,https://i.scdn.co/image/ab67616d00001e0252b2a3824413eefe9e33817a
2026-02-13,global,Global,197,12,Boys Don't Cry,The Cure,7bu3H8JO7d0UbMoVzbo70s,4dneV7C1yDt9UtyxrQY375,https://i.scdn.co/image/ab67616d00001e02145f62824c79efecf474081f
2026-02-13,global,Global,198,25,Sienna,The Marías,2sSGPbdZJkaSE2AbcGOACx,0InIeZW4P6VO7dUGRM4AKH,https://i.scdn.co/image/ab67616d00001e028aa339341a0b0c813909c831
2026-02-13,global,Global,199,Re-Entry,Payphone,Maroon 5; Wiz Khalifa,04gDigrS5kc9YWfZHwBETP; 137W8MRPWKqSmrBGDBFSop,1XGmzt0PVuFgQYYnV2It7A,https://i.scdn.co/image/ab67616d00001e02fc8633e22a7dba6aab817bff
2026-02-13,global,Global,200,6,Dive,Olivia Dean,00x1fYSGhdqScXBRpSj3DW,36vmaZyO0iAE6FZ7287fg2,https://i.scdn.co/image/ab67616d00001e02cac9b52107643faf13a7587b
2026-02-13,jp,Japan,1,–,IRIS OUT,Kenshi Yonezu,1snhtMLeb2DYoMOcVbb8iB,59hVbgr8rfYkDbHfr8RcGI,https://i.scdn.co/image/ab67616d00001e026d1d4e875e2424cdd07f3232
2026-02-13,jp,Japan,2,–,lulu.,Mrs. GREEN APPLE,4QvgGvpgzgyUOo8Yp8LDm9,0vE1WglBbhmd5wDO49lcih,https://i.scdn.co/image/ab67616d00001e029f3b4070433475c017120dec
2026-02-13,jp,Japan,3,–,Don’t Say You Love Me,Jin,5vV3bFXnN6D6N3Nj4xRvaV,27xkOIER6uDLKALIelHylZ,https://i.scdn.co/image/ab67616d00001e0289228504f700641956e29f5d
2026-02-13,jp,Japan,4,–,AIZO,King Gnu,6wxfx1yhyqjCPYwwxJktR2,65X2koe1LhDgQmRkNdJFv9,https://i.scdn.co/image/ab67616d00001e02120734724ff398a2d812f982
2026-02-13,jp,Japan,5,1,Blue Jeans,HANA,7fmXV2O48buswss04YetaN,5klNADgwB1K5j2quV0SCDL,https://i.scdn.co/image/ab67616d00001e02fd30f0feb5e182d5c85210c7
2026-02-13,jp,Japan,6,1,ライラック,Mrs. GREEN APPLE,4QvgGvpgzgyUOo8Yp8LDm9,21VsLvoE7elUmJZLSawaMh,https://i.scdn.co/image/ab67616d00001e02232b48311e311ba914af2811
2026-02-13,jp,Japan,7,1,ROSE,HANA,7fmXV2O48buswss04YetaN,5JTNhYqB0eG0ivgZcBviJ0,https://i.scdn.co/image/ab67616d00001e024fe859ca3332a45f3dee694a
2026-02-13,jp,Japan,8,13,IRANAI,sakanaction,0hCWVMGGQnRVfDgmhwLIxq,7lT3oj3gxE6AJb87ZK8up7,https://i.scdn.co/image/ab67616d00001e02976fda33f8098941f281b185
2026-02-13,jp,Japan,9,2,Sukisugite METSU!,M!LK,4jhJ8cnJ9vYKyCh289nuwQ,0vDqNzQqEhl7boeRS3Joli,https://i.scdn.co/image/ab67616d00001e0209fb0acaaf2416132c914eb5
2026-02-13,jp,Japan,10,1,花束,back number,6rs1KAoQnFalSqSU4LTh8g,3QIAwtEEDOrv0g5NKCGrXZ,https://i.scdn.co/image/ab67616d00001e024951a4f5f9d719dfa4ef3d75
2026-02-13,jp,Japan,11,–,Soranji,Mrs. GREEN APPLE,4QvgGvpgzgyUOo8Yp8LDm9,3YML5IHoqWbw9c9vJJvrvM,https://i.scdn.co/image/ab67616d00001e02d482c602732da71e7cdf04c3
2026-02-13,jp,Japan,12,2,夢中,BE:FIRST,4wCW8kZ8LL7QIdcE8EOKPP,7KNY1e9x1MDvpBAmIAN3tz,https://i.scdn.co/image/ab67616d00001e02530e4b27e7f9281ee1ad4ee6
2026-02-13,jp,Japan,13,1,ブルーアンバー,back number,6rs1KAoQnFalSqSU4LTh8g,35MeePbBnryubkVG0v8GbI,https://i.scdn.co/image/ab67616d00001e02a58f0d10db6a676c3b422fda
2026-02-13,jp,Japan,14,1,ダーリン,Mrs. GREEN APPLE,4QvgGvpgzgyUOo8Yp8LDm9,7ikOwlVju9HYUKthPiNHwr,https://i.scdn.co/image/ab67616d00001e02232b48311e311ba914af2811
2026-02-13,jp,Japan,15,1,Cold Night,HANA,7fmXV2O48buswss04YetaN,48Y23GvNKpVeXrMapKcPLP,https://i.scdn.co/image/ab67616d00001e0251f93a7e8ab8c957b4242511
2026-02-13,jp,Japan,16,4,ハッピーエンド,back number,6rs1KAoQnFalSqSU4LTh8g,4GqO80eGXA542oTvlYv4LS,https://i.scdn.co/image/ab67616d00001e02e09353d6028fda18c3699085
2026-02-13,jp,Japan,17,1,点描の唄,Mrs. GREEN APPLE; Sonoko Inoue,4QvgGvpgzgyUOo8Yp8LDm9; 71hQB5jxdNiHk5gzZRhicQ,1sIIlVrnPhrvmTrHtzM7tV,https://i.scdn.co/image/ab67616d00001e02b68755a98268d7aa297549d5
2026-02-13,jp,Japan,18,1,Kaiju,sakanaction,0hCWVMGGQnRVfDgmhwLIxq,6FhWelfRDMFZRtFUU6SIdC,https://i.scdn.co/image/ab67616d00001e022337f03620420d4561c7e6c9
2026-02-13,jp,Japan,19,–,革命道中 - On The Way,AiNA THE END,5k7KS34gxQbzdQaXWSOVKC,1oFqKeepmT5S8BCGqJl7Ar,https://i.scdn.co/image/ab67616d00001e029df9218f742e792bcbd711d3
2026-02-13,jp,Japan,20,5,3XL,Number_i,4XFkDALFTsSHVnRtJSsaMN,3sNbkM4pIy1l7p6K2lhpvm,https://i.scdn.co/image/ab67616d00001e02633ad0881110110829018a69
2026-02-13,jp,Japan,21,4,JANE DOE,Kenshi Yonezu; Hikaru Utada,1snhtMLeb2DYoMOcVbb8iB; 7lbSsjYACZHn1MSDXPxNF2,4oE7MyJhqSD3BaHRpNs8Nl,https://i.scdn.co/image/ab67616d00001e028131aa99fb87ff0e9c511851
2026-02-13,jp,Japan,22,–,Bakuretsu Aishiteru,M!LK,4jhJ8cnJ9vYKyCh289nuwQ,1F1hibBCtNeObRMmEMLHNh,https://i.scdn.co/image/ab67616d00001e023307c09719bde062177f93c7
2026-02-13,jp,Japan,23,–,水平線,back number,6rs1KAoQnFalSqSU4LTh8g,3RvdkNMcSy71m0aT6UF9Uf,https://i.scdn.co/image/ab67616d00001e02fd363d834b815375814ae78e
2026-02-13,jp,Japan,24,8,高嶺の花子さん,back number,6rs1KAoQnFalSqSU4LTh8g,2jdbZGFp8KVTuk0YxDNL4l,https://i.scdn.co/image/ab67616d00001e02783ed3c2af46af7ab7c671c0
2026-02-13,jp,Japan,25,1,Theater,King & Prince,1nzId6SLDDTUTRV7lNbgxp,6iltt0n1DkQ0AtCcwxXNZJ,https://i.scdn.co/image/ab67616d00001e0217729fc980bfd497e1a62dc3
2026-02-13,jp,Japan,26,2,僕のこと,Mrs. GREEN APPLE,4QvgGvpgzgyUOo8Yp8LDm9,0tnhoHUrHfcLi9hPknUFZ4,https://i.scdn.co/image/ab67616d00001e0281f55cd879e9480e3ed313df
2026-02-13,jp,Japan,27,–,NON STOP,HANA,7fmXV2O48buswss04YetaN,6U2jlLB3zyqpUiHwCfxcyA,https://i.scdn.co/image/ab67616d00001e02dd3ee0a6a30b5ba93d863f8c
2026-02-13,jp,Japan,28,2,HAPPY BIRTHDAY,back number,6rs1KAoQnFalSqSU4LTh8g,4FMz2RFrbDGzJO7K4D0vS3,https://i.scdn.co/image/ab67616d00001e02ce51ffc5c742ed217779cb9d
2026-02-13,jp,Japan,29,–,ヒロイン,back number,6rs1KAoQnFalSqSU4LTh8g,3hBAYbAECEix9raaTq8S3H,https://i.scdn.co/image/ab67616d00001e0259a14a1d53eb5610f84c8382
2026-02-13,jp,Japan,30,3,Who,Jimin,1oSPZhvZMIrWW5I41kPkkY,7tI8dRuH2Yc6RuoTjxo4dU,https://i.scdn.co/image/ab67616d00001e02f02c451189a709b9a952aaec
2026-02-13,jp,Japan,31,–,SAD SONG,CHANMINA,2vjeuQwzSP5ErC1S41gONX,2zxK14g3shGRbgjUmKaj2x,https://i.scdn.co/image/ab67616d00001e0266c40b99a73fab7a12ceb7a8
2026-02-13,jp,Japan,32,–,青と夏,Mrs. GREEN APPLE,4QvgGvpgzgyUOo8Yp8LDm9,5BC6kr6etk2Y9J62AyI4i3,https://i.scdn.co/image/ab67616d00001e0281f55cd879e9480e3ed313df
2026-02-13,jp,Japan,33,5,Kaiju no Hanauta,Vaundy,2IUl3m1H1EQ7QfNbNWvgru,7dTW21YAJxnAOiUh7Rtu9S,https://i.scdn.co/image/ab67616d00001e02cf855f0c6dee3a4b541b48e7
2026-02-13,jp,Japan,34,–,ケセラセラ,Mrs. GREEN APPLE,4QvgGvpgzgyUOo8Yp8LDm9,0teqQ0PYqVDyyXJuPOyMhu,https://i.scdn.co/image/ab67616d00001e02d482c602732da71e7cdf04c3
2026-02-13,jp,Japan,35,4,カリスマックス - CHARISMAX,Snow Man,0UuiWPm9FpWvRuWNrXO98N,76OElzXqlyLCdlSypwSKBy,https://i.scdn.co/image/ab67616d00001e0227ffc7b085822fb2cffe33ac
2026-02-13,jp,Japan,36,2,Golden,HUNTR/X; EJAE; AUDREY NUNA; REI AMI; KPop Demon Hunters Cast,2yNNYQBChuox9A5Ka93BIn; 0RMJOzHDhAKY1o2j0W0vxY; 0Wwji82sLA0Hcvtuak3omb; 6U1dV7aL68N7Gb0Naq34V5; 7mW7Tv7NvywKKXqafZo0Lc,1CPZ5BxNNd0n0nF4Orb9JS,https://i.scdn.co/image/ab67616d00001e024dcb6c5df15cf74596ab25a4
2026-02-13,jp,Japan,37,1,セレナーデ,natori,6WmXWHmfBMhupyIs8MSqtu,0CWAQlHsvfqcKJVVz9up2R,https://i.scdn.co/image/ab67616d00001e0229f649edf51edde6fdf01a09
2026-02-13,jp,Japan,38,2,クスシキ,Mrs. GREEN APPLE,4QvgGvpgzgyUOo8Yp8LDm9,57zS3lPil2VxdlBLXHu8l2,https://i.scdn.co/image/ab67616d00001e02232b48311e311ba914af2811
2026-02-13,jp,Japan,39,2,Drop,HANA,7fmXV2O48buswss04YetaN,4ujiGt8LsQUoZF7wR0BZxW,https://i.scdn.co/image/ab67616d00001e02c42d40d89849e922c95b9f32
2026-02-13,jp,Japan,40,5,GOD_i,Number_i,4XFkDALFTsSHVnRtJSsaMN,2r9FKxbJqkKMhCc5RMUVQg,https://i.scdn.co/image/ab67616d00001e024517fb7531738de677f3d291
2026-02-13,jp,Japan,41,4,Harenchi,CHANMINA,2vjeuQwzSP5ErC1S41gONX,2BfzhBl79bcPOHHXAXJkTY,https://i.scdn.co/image/ab67616d00001e02b6274d484c9ea468882ada0d
2026-02-13,jp,Japan,42,1,Tiger,HANA,7fmXV2O48buswss04YetaN,20VZXnRzvcS0qVMOThjjmM,https://i.scdn.co/image/ab67616d00001e02c42d40d89849e922c95b9f32
2026-02-13,jp,Japan,43,1,恋,back number,6rs1KAoQnFalSqSU4LTh8g,7f9DsQEsIoeTwKxV6shsom,https://i.scdn.co/image/ab67616d00001e0203808f76fad28ce8523f5ac6
2026-02-13,jp,Japan,44,–,恋風,Lilas,1qM11R4ylJyQiPJ0DffE9z,3gw8n3DG28VaYGuVc3lqxl,https://i.scdn.co/image/ab67616d00001e027ec22dead06c7dd4fc2f5b0a
2026-02-13,jp,Japan,45,1,GOOD DAY,Mrs. GREEN APPLE,4QvgGvpgzgyUOo8Yp8LDm9,61UOoqGI1B9qdeD5Dzupyb,https://i.scdn.co/image/ab67616d00001e02cd0ab9dc9d7c0a58553005a6
2026-02-13,jp,Japan,46,1,TEST ME,CHANMINA,2vjeuQwzSP5ErC1S41gONX,1chmVQLbEPT5890S0X55pe,https://i.scdn.co/image/ab67616d00001e02af62372ee43fe1e854d0bce5
2026-02-13,jp,Japan,47,2,My Body,HANA,7fmXV2O48buswss04YetaN,4tQPrEh1GZYlSLDx5gLtxs,https://i.scdn.co/image/ab67616d00001e027a8fa97062e796de5b7ac336
2026-02-13,jp,Japan,48,1,LAVALAVA,Number_i,4XFkDALFTsSHVnRtJSsaMN,1t93Y5ZVnw7bknYJmxAoD2,https://i.scdn.co/image/ab67616d00001e02ee5d0c9b74cc52f066a6b572
2026-02-13,jp,Japan,49,1,シルエット,KANA-BOON,3PWp9R5HvbQgxI5KBx5kVd,1di1C0QI6Y92yZPYn6XYAZ,https://i.scdn.co/image/ab67616d00001e0264be01336a8f917538a60b74
2026-02-13,jp,Japan,50,2,Zoo,Disney; Shakira,3xvaSlT4xsyk6lY1ESOspO; 0EmeFodog0BfCgMzAIvKQp,3vJIaiTIHxHhYafTSPNiH4,https://i.scdn.co/image/ab67616d00001e02a6c1dcda006bbf12825b7f43
2026-02-13,jp,Japan,51,3,BANG BANG,IVE,6RHTUrRF63xao58xh9FXYJ,4HEBNeUYxEpjDglZbjYz7o,https://i.scdn.co/image/ab67616d00001e02ad80a9aabc17535c5eeb5317
2026-02-13,jp,Japan,52,–,どうしてもどうしても,back number,6rs1KAoQnFalSqSU4LTh8g,6hlYmR30RGaHIz4UlVOG2U,https://i.scdn.co/image/ab67616d00001e026742a4c3db5d172a98733e91
2026-02-13,jp,Japan,53,4,奏(かなで),Sukima Switch,0wRzWf3I4lUl9hdFF5uL0m,5RbMlPFL4gVyEHW2lEOuzG,https://i.scdn.co/image/ab67616d00001e02a716d5aa6f08492ad5bdae37
2026-02-13,jp,Japan,54,2,MONTAGEM HIKARI,BellyJay,1AldIZRmNccuXCk2uoYcpv,0XqgE9UN4MCo5ooIwUYm7l,https://i.scdn.co/image/ab67616d00001e02ed082bc5a51c0eafd7ff1ea0
2026-02-13,jp,Japan,55,3,HYPNOTIZE,XG,0LOK81e9H5lr61HlGGHqwA,3fEX9NgOeklq816Fw00uoo,https://i.scdn.co/image/ab67616d00001e0224272a7f97cf5b5f8fcb60e0
2026-02-13,jp,Japan,56,3,茜,Yorushika,4UK2Lzi6fBfUi9rpDt6cik,2TSJ1d6cLgHqrrCIRN3bn2,https://i.scdn.co/image/ab67616d00001e02da956a7a9ece3e30ef741490
2026-02-13,jp,Japan,57,4,Never Grow Up,CHANMINA,2vjeuQwzSP5ErC1S41gONX,5aDgM8rYPT15CqjkN1EIKq,https://i.scdn.co/image/ab67616d00001e0266c40b99a73fab7a12ceb7a8
2026-02-13,jp,Japan,58,3,瞬き,back number,6rs1KAoQnFalSqSU4LTh8g,7hIfpcdUZcyCKHYy8gp49E,https://i.scdn.co/image/ab67616d00001e02ce51ffc5c742ed217779cb9d
2026-02-13,jp,Japan,59,8,とくべチュ、して,=LOVE,1j2WhcTW00Zd2SjFYsJVc6,2XS2jEncSJsetNZdVtlpeo,https://i.scdn.co/image/ab67616d00001e02d7f3a9e810813d803a8173eb
2026-02-13,jp,Japan,60,1,オールドファッション,back number,6rs1KAoQnFalSqSU4LTh8g,0Xn30nT5EKFPsWvpiJ2Iav,https://i.scdn.co/image/ab67616d00001e02ce51ffc5c742ed217779cb9d
2026-02-13,jp,Japan,61,10,パズル,Lilas,1qM11R4ylJyQiPJ0DffE9z,2vdoeTuRLpYeyo3JZC9yzR,https://i.scdn.co/image/ab67616d00001e0204ce33535123c2854011136d
2026-02-13,jp,Japan,62,2,君の恋人になったら,back number,6rs1KAoQnFalSqSU4LTh8g,0k4KaqElLVjdR6sVHPTS6h,https://i.scdn.co/image/ab67616d00001e02e09353d6028fda18c3699085
2026-02-13,jp,Japan,63,1,Marigold,Aimyon,5kVZa4lFUmAQlBogl1fkd6,2cKiHG16JBiqHdi7Llq0r7,https://i.scdn.co/image/ab67616d00001e023bc8c5a65f225815fa3844e1
2026-02-13,jp,Japan,64,–,インフェルノ,Mrs. GREEN APPLE,4QvgGvpgzgyUOo8Yp8LDm9,2vOAHp8PBBFYqvQUWSoITY,https://i.scdn.co/image/ab67616d00001e0281f55cd879e9480e3ed313df
2026-02-13,jp,Japan,65,–,STARS,Snow Man,0UuiWPm9FpWvRuWNrXO98N,7oS96qmtYu3AdEX29HNAKf,https://i.scdn.co/image/ab67616d00001e02adb7dd46bfc6327465ef6270
2026-02-13,jp,Japan,66,3,ダンスホール,Mrs. GREEN APPLE,4QvgGvpgzgyUOo8Yp8LDm9,4QIKSlDV5YIjr0kqT1Ad32,https://i.scdn.co/image/ab67616d00001e02232b48311e311ba914af2811
2026-02-13,jp,Japan,67,8,BAD LOVE,HANA,7fmXV2O48buswss04YetaN,6x6MPCHCBGyPDPXkoelyVN,https://i.scdn.co/image/ab67616d00001e029c7d4a442342da6cc2b7f8f4
2026-02-13,jp,Japan,68,79,シンギュラリティ,Vaundy,2IUl3m1H1EQ7QfNbNWvgru,0XamVfkI6uAAjvpbVnerBx,https://i.scdn.co/image/ab67616d00001e026f04e0692721f9d77c41c3ff
2026-02-13,jp,Japan,69,10,君はロックを聴かない,Aimyon,5kVZa4lFUmAQlBogl1fkd6,59eluCMn0XbOWqeWQ91FTM,https://i.scdn.co/image/ab67616d00001e0233c05e1d08fec494a30bd240
2026-02-13,jp,Japan,70,3,アイネクライネ,Kenshi Yonezu,1snhtMLeb2DYoMOcVbb8iB,45YBVp6zMwQZRbUDcPzmMB,https://i.scdn.co/image/ab67616d00001e024f220d17ad81c943221ce335
2026-02-13,jp,Japan,71,8,愛をこめて花束を,Superfly,5M8AXrOifBT8elkLKbGPQZ,7CmWXD3w1xOO53AAO4LRVQ,https://i.scdn.co/image/ab67616d00001e02f4ba4f68c6906e2cd85fd54a
2026-02-13,jp,Japan,72,12,Burning Flower,HANA,7fmXV2O48buswss04YetaN,20mMzqcOAO1J5qmM7Q6sP0,https://i.scdn.co/image/ab67616d00001e02d428f330331ff72ed1b36189
2026-02-13,jp,Japan,73,–,幾億光年,Omoinotake,63ylN6WBUUxxMsySiDmr0B,5Ak1F5nGzM4KRhE0H1Q3CP,https://i.scdn.co/image/ab67616d00001e02734c65d0b31e87000e49b1ae
2026-02-13,jp,Japan,74,2,幸せ,back number,6rs1KAoQnFalSqSU4LTh8g,1YVuXOCjN1GkGYqZ8RCcF3,https://i.scdn.co/image/ab67616d00001e024951a4f5f9d719dfa4ef3d75
2026-02-13,jp,Japan,75,3,怪盗,back number,6rs1KAoQnFalSqSU4LTh8g,014Dp0tBp4d9uuFAvH1mlc,https://i.scdn.co/image/ab67616d00001e02fd363d834b815375814ae78e
2026-02-13,jp,Japan,76,10,Tokimeki,Vaundy,2IUl3m1H1EQ7QfNbNWvgru,3e0Td8QexmD5l3DJzXbbcC,https://i.scdn.co/image/ab67616d00001e02e0c3a68b9981c2e7b25f9737
2026-02-13,jp,Japan,77,9,愛を伝えたいだとか,Aimyon,5kVZa4lFUmAQlBogl1fkd6,0N8Xztr4pBHJ7V0moJWhbO,https://i.scdn.co/image/ab67616d00001e0233c05e1d08fec494a30bd240
2026-02-13,jp,Japan,78,3,Pretender,OFFICIAL HIGE DANDISM,5Vo1hnCRmCM6M4thZCInCj,15HNdxGKNCIO9pgaY4n7FU,https://i.scdn.co/image/ab67616d00001e02fc273337d7aafc7e907c383d
2026-02-13,jp,Japan,79,1,楓,SPITZ,5kjGRHClVacSyllOUqU1S0,0b7IBgZjedM53ufZV4f4CL,https://i.scdn.co/image/ab67616d00001e02af435c7a624796983dd8d34f
2026-02-13,jp,Japan,80,6,クリスマスソング,back number,6rs1KAoQnFalSqSU4LTh8g,5P8ZvBQoCrujjNcLAxO3Su,https://i.scdn.co/image/ab67616d00001e0259a14a1d53eb5610f84c8382
2026-02-13,jp,Japan,81,10,me me she,RADWIMPS,1EowJ1WwkMzkCkRomFhui7,0BYa5V0RyOYthDeCMUBJQZ,https://i.scdn.co/image/ab67616d00001e02a2f4114eb1e98cafef5a3f3d
2026-02-13,jp,Japan,82,5,恋人ごっこ,Macaroni Empitsu,1t17z3vfuc82cxSDMrvryJ,2SihT7AVMiI2VtaAyVIcnO,https://i.scdn.co/image/ab67616d00001e02ad388532d6600cc70e57139d
2026-02-13,jp,Japan,83,13,チェリー,SPITZ,5kjGRHClVacSyllOUqU1S0,1ihCiJaXRl4f6Sy4LJov5z,https://i.scdn.co/image/ab67616d00001e02ca6cb1176913264c1f402f68
2026-02-13,jp,Japan,84,4,きらり,Fujii Kaze,6bDWAcdtVR3WHz2xtiIPUi,3L7ISJTvKx56uhsF28aJ4p,https://i.scdn.co/image/ab67616d00001e02af62b027ee85ae2e2f7c9702
2026-02-13,jp,Japan,85,1,プロポーズ,natori,6WmXWHmfBMhupyIs8MSqtu,2BcQfb9SfauDQdeXHTfLsT,https://i.scdn.co/image/ab67616d00001e0229f649edf51edde6fdf01a09
2026-02-13,jp,Japan,86,4,SPECIALZ,King Gnu,6wxfx1yhyqjCPYwwxJktR2,5oQpH1uuZte4axR411rIlN,https://i.scdn.co/image/ab67616d00001e02bd626097eb1af7ddfeaaeadc
2026-02-13,jp,Japan,87,2,呼び声,Vaundy,2IUl3m1H1EQ7QfNbNWvgru,3kQf453SpkwX7ALdgzNSNY,https://i.scdn.co/image/ab67616d00001e02c8d4e8e5d8c3829163f12ff3
2026-02-13,jp,Japan,88,13,さよーならまたいつか！- Sayonara,Kenshi Yonezu,1snhtMLeb2DYoMOcVbb8iB,5pN2AyWwjzwRoI7gukEVNd,https://i.scdn.co/image/ab67616d00001e0203d3216d6c463f993c96c9c7
2026-02-13,jp,Japan,89,–,HANABI,Mr.Children,1qma7XhwZotCAucL7NHVLY,77lmDcPPyY6kK907gdgC6i,https://i.scdn.co/image/ab67616d00001e024eb972483c4de7618b526019
2026-02-13,jp,Japan,90,3,白日,King Gnu,6wxfx1yhyqjCPYwwxJktR2,172fMG26G2OoEzzg0wn26r,https://i.scdn.co/image/ab67616d00001e02a2272c8966971b7b04066241
2026-02-13,jp,Japan,91,8,E Jan,M!LK,4jhJ8cnJ9vYKyCh289nuwQ,0jj4mLjwYcos3PPzjQwVzh,https://i.scdn.co/image/ab67616d00001e02ac7d7b79a3f5e6610779581e
2026-02-13,jp,Japan,92,8,アゲハ蝶,PornoGraffitti,5jQa0f5MIMPEK7udL7UpI6,3blWd9ZEt4VSY5udhugpRs,https://i.scdn.co/image/ab67616d00001e02968db95fef5d119ec3850d49
2026-02-13,jp,Japan,93,1,ドライフラワー,Yuuri,0ixzjrK1wkN2zWBXt3VW3W,4kPlQKwtPrnqLgrmmKFSlA,https://i.scdn.co/image/ab67616d00001e02d0bd51668da5629aa0cc77d8
2026-02-13,jp,Japan,94,7,Fukakoryoku,Vaundy,2IUl3m1H1EQ7QfNbNWvgru,6AncLCxf4U7ivJEaqih9zA,https://i.scdn.co/image/ab67616d00001e02cf855f0c6dee3a4b541b48e7
2026-02-13,jp,Japan,95,5,ツキミソウ,Novelbright,0jWCX6zp4RjWrmZRxJ2uri,6sElEqOIGENWjpxGFeo5ct,https://i.scdn.co/image/ab67616d00001e02a15dc066cec020b5da991c34
2026-02-13,jp,Japan,96,4,なんでもないよ、,Macaroni Empitsu,1t17z3vfuc82cxSDMrvryJ,5W7Y92LB4jWvu9NeEQ0GZl,https://i.scdn.co/image/ab67616d00001e0228374927acef64f376e7bed5
2026-02-13,jp,Japan,97,1,晴る,Yorushika,4UK2Lzi6fBfUi9rpDt6cik,5eY7692tmgHB9dbmq6wa2M,https://i.scdn.co/image/ab67616d00001e025e763f5fcb87919a7ae96f8b
2026-02-13,jp,Japan,98,1,春愁,Mrs. GREEN APPLE,4QvgGvpgzgyUOo8Yp8LDm9,5SHguvOUbyPTINNjCvRo8K,https://i.scdn.co/image/ab67616d00001e0235559b23aa4aeba5bf5c18a9
2026-02-13,jp,Japan,99,11,新宝島,sakanaction,0hCWVMGGQnRVfDgmhwLIxq,4a48lWUd64bZgHUDx0GZlj,https://i.scdn.co/image/ab67616d00001e023bffc3038f2ace41272d9952
2026-02-13,jp,Japan,100,5,Make Me Wonder,OFFICIAL HIGE DANDISM,5Vo1hnCRmCM6M4thZCInCj,1sgW7loPL1qtWOPimvm7X5,https://i.scdn.co/image/ab67616d00001e02d8dc857eb29f8c11ce6ac4a9
2026-02-13,jp,Japan,101,1,ロビンソン,SPITZ,5kjGRHClVacSyllOUqU1S0,0sVnyL71jTOuMt9TZ59bws,https://i.scdn.co/image/ab67616d00001e0216aeaa20fccbe7ef8e32f876
2026-02-13,jp,Japan,102,15,404 (New Era),KiiiKiii,63sat2XSMKdwKfqspmYQKP,7Dgh6z47wLzI5wikmGsYC3,https://i.scdn.co/image/ab67616d00001e020cc65398388cbc486fa4fff7
2026-02-13,jp,Japan,103,7,Lemon,Kenshi Yonezu,1snhtMLeb2DYoMOcVbb8iB,04TshWXkhV1qkqHzf31Hn6,https://i.scdn.co/image/ab67616d00001e02775e8184725e0fb89337dd9a
2026-02-13,jp,Japan,104,1,Rashisa,OFFICIAL HIGE DANDISM,5Vo1hnCRmCM6M4thZCInCj,2TRxremVZ0t2JVu5OFxbiA,https://i.scdn.co/image/ab67616d00001e02d4cc253a7c70b0f38b68c61f
2026-02-13,jp,Japan,105,–,キセキ,GReeeeN,14T8NkbwXVZgbOvwnuGV89,7ztdl6cnbJgHRdMkKldkts,https://i.scdn.co/image/ab67616d00001e0257fc2bbd3061376a6058fc74
2026-02-13,jp,Japan,106,3,花占い,Vaundy,2IUl3m1H1EQ7QfNbNWvgru,4ETc1oFREuqQss7VQ1Y4mj,https://i.scdn.co/image/ab67616d00001e02e0c3a68b9981c2e7b25f9737
2026-02-13,jp,Japan,107,10,Again,Mr.Children,1qma7XhwZotCAucL7NHVLY,242tGHok7sRTVjCaTS0FoH,https://i.scdn.co/image/ab67616d00001e02a8a91190c92ee2d299a2c124
2026-02-13,jp,Japan,108,6,ファンファーレ,Koji Tamaki,5KLvrcsAUwqMOqxErwSJmD,29nEadzf4CqeLYzcf44zub,https://i.scdn.co/image/ab67616d00001e027938205eb14fe7a2d2c2d6c9
2026-02-13,jp,Japan,109,14,晩餐歌 - Bansanka,tuki.,1Y5vJqABeI6QI6R95EDV6o,075HUD50Nuea3rNaABIsNZ,https://i.scdn.co/image/ab67616d00001e022d68ffbcaeaa5e6fbe102202
2026-02-13,jp,Japan,110,–,Subtitle,OFFICIAL HIGE DANDISM,5Vo1hnCRmCM6M4thZCInCj,5ZkHkXPHrIM8K5twCe78i9,https://i.scdn.co/image/ab67616d00001e02f780c0095cdf7f718c71af8e
2026-02-13,jp,Japan,111,5,B-list,CHANMINA,2vjeuQwzSP5ErC1S41gONX,0mBPNrXQjNv3NfzqrljAZZ,https://i.scdn.co/image/ab67616d00001e022a956edd33f7e5f24bce5f56
2026-02-13,jp,Japan,112,15,倍倍FIGHT!,CANDY TUNE,4Yq4M6kdQTjkPBOp7aPJrA,4oiJ7VynczppKs3oRObXSG,https://i.scdn.co/image/ab67616d00001e02adf0800539e59d3944d1f9c5
2026-02-13,jp,Japan,113,5,KICK BACK,Kenshi Yonezu,1snhtMLeb2DYoMOcVbb8iB,7oYCBKvdjrqp5vDbhDBuac,https://i.scdn.co/image/ab67616d00001e0203d3216d6c463f993c96c9c7
2026-02-13,jp,Japan,114,1,Magic,Mrs. GREEN APPLE,4QvgGvpgzgyUOo8Yp8LDm9,170XOP1T4MvY9TLTgPw07D,https://i.scdn.co/image/ab67616d00001e02d482c602732da71e7cdf04c3
2026-02-13,jp,Japan,115,4,"Stand by me, Stand by you.",HIRAIDAI,7JthQ6zwNzfxRfIEjp6wUs,7DyS11kB1YNrfDzQqtjmTh,https://i.scdn.co/image/ab67616d00001e0286a86bc3753b237672859788
2026-02-13,jp,Japan,116,3,i-mode,Number_i,4XFkDALFTsSHVnRtJSsaMN,4QHpgsgO4ujY8yavLWGCQ3,https://i.scdn.co/image/ab67616d00001e02a195b89db4d44bf04cdee8d8
2026-02-13,jp,Japan,117,9,旅路,Fujii Kaze,6bDWAcdtVR3WHz2xtiIPUi,7uSLJCDetmdm3tQcoYLyty,https://i.scdn.co/image/ab67616d00001e02af62b027ee85ae2e2f7c9702
2026-02-13,jp,Japan,118,2,踊り子,Vaundy,2IUl3m1H1EQ7QfNbNWvgru,1YXot2MLAG9sttepCtBRM7,https://i.scdn.co/image/ab67616d00001e02e0c3a68b9981c2e7b25f9737
2026-02-13,jp,Japan,119,10,1991,Kenshi Yonezu,1snhtMLeb2DYoMOcVbb8iB,3voShTcaRtbYVSPGuCLAzw,https://i.scdn.co/image/ab67616d00001e022ad969c2f2496d5fd2269deb
2026-02-13,jp,Japan,120,22,115 million kilometer film,OFFICIAL HIGE DANDISM,5Vo1hnCRmCM6M4thZCInCj,278JqkBGkjDovOYAwE8TW7,https://i.scdn.co/image/ab67616d00001e02b0ab6e5ff8ba422784d60191
2026-02-13,jp,Japan,121,19,僕は君の事が好きだけど君は僕を別に好きじゃないみたい,back number,6rs1KAoQnFalSqSU4LTh8g,1WutVejYvP7220sofj3xId,https://i.scdn.co/image/ab67616d00001e0259a14a1d53eb5610f84c8382
2026-02-13,jp,Japan,122,3,感電,Kenshi Yonezu,1snhtMLeb2DYoMOcVbb8iB,6H0PLsSYMzDOqhLgyOlzIj,https://i.scdn.co/image/ab67616d00001e02775e8184725e0fb89337dd9a
2026-02-13,jp,Japan,123,16,Setsugekka,yangskinny,3VVMRDGpbQR2SK9nHX3DW5,21UVLrJ0yuJ6CGeElXMG0C,https://i.scdn.co/image/ab67616d00001e024ccbea10c9ca9f47eab6d200
2026-02-13,jp,Japan,124,–,Numbers Ur Zone,Number_i,4XFkDALFTsSHVnRtJSsaMN,1eOnQiXOa2oO3UCQsD9u0m,https://i.scdn.co/image/ab67616d00001e024517fb7531738de677f3d291
2026-02-13,jp,Japan,125,3,街灯,BE:FIRST,4wCW8kZ8LL7QIdcE8EOKPP,5M1nuhRqpXnrkAIltucV7I,https://i.scdn.co/image/ab67616d00001e02c5c54e606d166ebdeb9a1283
2026-02-13,jp,Japan,126,6,First Love,Hikaru Utada,7lbSsjYACZHn1MSDXPxNF2,39HrUxcvKF3jtLz7fUDWXc,https://i.scdn.co/image/ab67616d00001e024fa36b14a276fe560940baa0
2026-02-13,jp,Japan,127,23,愛とか恋とか,Novelbright,0jWCX6zp4RjWrmZRxJ2uri,1VHL1PIkhDwWbFc65xHwOr,https://i.scdn.co/image/ab67616d00001e027b5dacdec4e8cc4ce9b93665
2026-02-13,jp,Japan,128,3,ロマンチシズム,Mrs. GREEN APPLE,4QvgGvpgzgyUOo8Yp8LDm9,0JcI7OdALbpSFkyKoufRYs,https://i.scdn.co/image/ab67616d00001e0281f55cd879e9480e3ed313df
2026-02-13,jp,Japan,129,30,Almond Chocolate,ILLIT,36cgvBn0aadzOijnjjwqMN,75yAymNsjxzPPNG6LiIQ9P,https://i.scdn.co/image/ab67616d00001e02c6c966c9fafefad40f3291d9
2026-02-13,jp,Japan,130,13,ラブソングに襲われる,=LOVE,1j2WhcTW00Zd2SjFYsJVc6,3xIy1bAkKbLtXdzHKwCjqE,https://i.scdn.co/image/ab67616d00001e02b124a454f25a57483911d7ce
2026-02-13,jp,Japan,131,13,napori,Vaundy,2IUl3m1H1EQ7QfNbNWvgru,7hDX39mc6Uf6zp8RXYUQ6d,https://i.scdn.co/image/ab67616d00001e02cf855f0c6dee3a4b541b48e7
2026-02-13,jp,Japan,132,5,Tokyo Flash,Vaundy,2IUl3m1H1EQ7QfNbNWvgru,04e72JtsOIIlHUQ7CvWwvX,https://i.scdn.co/image/ab67616d00001e02cf855f0c6dee3a4b541b48e7
2026-02-13,jp,Japan,133,7,満ちてゆく,Fujii Kaze,6bDWAcdtVR3WHz2xtiIPUi,5glPFBAuA1C85tBcVWVzvO,https://i.scdn.co/image/ab67616d00001e02e14db96c6e4aff1d7549bb5c
2026-02-13,jp,Japan,134,30,Be Mine,Jimin,1oSPZhvZMIrWW5I41kPkkY,3LWVXp636uLT356Rj08Jaz,https://i.scdn.co/image/ab67616d00001e02f02c451189a709b9a952aaec
2026-02-13,jp,Japan,135,5,ベテルギウス,Yuuri,0ixzjrK1wkN2zWBXt3VW3W,4JK1kDUdH9RTBQrrSO1QfR,https://i.scdn.co/image/ab67616d00001e02d0bd51668da5629aa0cc77d8
2026-02-13,jp,Japan,136,14,アイラブユー,back number,6rs1KAoQnFalSqSU4LTh8g,34ayWAUrQcrjlKZOJAzqke,https://i.scdn.co/image/ab67616d00001e02fd363d834b815375814ae78e
2026-02-13,jp,Japan,137,4,I Love...,OFFICIAL HIGE DANDISM,5Vo1hnCRmCM6M4thZCInCj,5wWLNNwMAehpj83FU4Lz0m,https://i.scdn.co/image/ab67616d00001e02bbf9d502f3ce4a15b3c43f7a
2026-02-13,jp,Japan,138,4,Shape of You,Ed Sheeran,6eUKZXaKkcviH0Ku9w2n3V,7qiZfU4dY1lWllzX7mPBI3,https://i.scdn.co/image/ab67616d00001e02ba5db46f4b838ef6027e6f96
2026-02-13,jp,Japan,139,22,新しい恋人達に,back number,6rs1KAoQnFalSqSU4LTh8g,5LclntckGFFGFUVGJk9Z4x,https://i.scdn.co/image/ab67616d00001e0266681c9936b8e02441bcfb5f
2026-02-13,jp,Japan,140,19,ガーデン,Fujii Kaze,6bDWAcdtVR3WHz2xtiIPUi,5U4PgFWzfzY7VEg9Ck4ziF,https://i.scdn.co/image/ab67616d00001e02af62b027ee85ae2e2f7c9702
2026-02-13,jp,Japan,141,29,ただ君に晴れ,Yorushika,4UK2Lzi6fBfUi9rpDt6cik,3wJHCry960drNlAUGrJLmz,https://i.scdn.co/image/ab67616d00001e0228b535c92629e3c8d20ec242
2026-02-13,jp,Japan,142,9,breakfast,Mrs. GREEN APPLE,4QvgGvpgzgyUOo8Yp8LDm9,2Co1E8jcju2tCgPZIqxkTr,https://i.scdn.co/image/ab67616d00001e02232b48311e311ba914af2811
2026-02-13,jp,Japan,143,15,未確認領域,Number_i,4XFkDALFTsSHVnRtJSsaMN,69AwhLeXrM9yAvE0EBSVdw,https://i.scdn.co/image/ab67616d00001e02ee5d0c9b74cc52f066a6b572
2026-02-13,jp,Japan,144,14,愛唄,GReeeeN,14T8NkbwXVZgbOvwnuGV89,7iXHLtPosbHvglVSJ4rxLq,https://i.scdn.co/image/ab67616d00001e0289b4d69bb7719af21f770f3f
2026-02-13,jp,Japan,145,10,ブルーベリー・ナイツ,Macaroni Empitsu,1t17z3vfuc82cxSDMrvryJ,2UdvMWk0Z83lMJPbawy2Sm,https://i.scdn.co/image/ab67616d00001e02ad388532d6600cc70e57139d
2026-02-13,jp,Japan,146,14,さよならエレジー,SUDA MASAKI,6n4SsAp5VjvIBg3s9QCcPX,3oYD2O31b05fILFpv0AXRI,https://i.scdn.co/image/ab67616d00001e028d7af4bb11a16acd8c0d3e50
2026-02-13,jp,Japan,147,32,Sangatsu Kokonoka,Remioromen,4Yz1LjHwgQ5DFWJrZL8bC8,4g066xFUp3cTUuTfOCPytT,https://i.scdn.co/image/ab67616d00001e02edce6c93551696dc4983339d
2026-02-13,jp,Japan,148,8,Let the Night,Aimyon,5kVZa4lFUmAQlBogl1fkd6,6kKvmT4i0Dercz6f3kftg3,https://i.scdn.co/image/ab67616d00001e023bc8c5a65f225815fa3844e1
2026-02-13,jp,Japan,149,22,Naked Heart,Aimyon,5kVZa4lFUmAQlBogl1fkd6,4Jv7U0JJpbQnOrjtDwDZTZ,https://i.scdn.co/image/ab67616d00001e02d56ef749e7eeb2f070619bcc
2026-02-13,jp,Japan,150,1,織姫とBABY,neguse.; 汐れいら,7jiFTNRWSw8zYgUj9wNJld; 6GVsZoMbMt0jmqwcvz1a1F,2RMBCQdXkfFArpX3NIuuNm,https://i.scdn.co/image/ab67616d00001e0246141df3b619f1dccdc174a3
2026-02-13,jp,Japan,151,22,familie,Mrs. GREEN APPLE,4QvgGvpgzgyUOo8Yp8LDm9,0ANuqsirxjEIORpt9PyB4E,https://i.scdn.co/image/ab67616d00001e02232b48311e311ba914af2811
2026-02-13,jp,Japan,152,7,W / X / Y,Tani Yuuki,0B1ce3uNrzkdm76NXI4mhX,4IfrM44LofE9bSs6TDZS49,https://i.scdn.co/image/ab67616d00001e02a2228dec6c49ad500f9de234
2026-02-13,jp,Japan,153,17,Itsuka,Saucy Dog,4WqXqPmUuenMIr4QaFrZXN,5gjAdhfzftzFR7sriEYUCt,https://i.scdn.co/image/ab67616d00001e02a78d1ec6ed9fedac2301af7b
2026-02-13,jp,Japan,154,1,春雷,Kenshi Yonezu,1snhtMLeb2DYoMOcVbb8iB,6megNXGjmim4OitjZnIn9v,https://i.scdn.co/image/ab67616d00001e025ee78302fe48134795016cbf
2026-02-13,jp,Japan,155,9,Harunohi,Aimyon,5kVZa4lFUmAQlBogl1fkd6,1oNeSCt0CMekCyyLo06kFs,https://i.scdn.co/image/ab67616d00001e02d56ef749e7eeb2f070619bcc
2026-02-13,jp,Japan,156,4,Magnetic,ILLIT,36cgvBn0aadzOijnjjwqMN,1aKvZDoLGkNMxoRYgkckZG,https://i.scdn.co/image/ab67616d00001e02f037c5fb9de6c78726cb8e2c
2026-02-13,jp,Japan,157,34,花,Fujii Kaze,6bDWAcdtVR3WHz2xtiIPUi,5RIQU2JDuXC4NkLiHNNMon,https://i.scdn.co/image/ab67616d00001e0250d2cd7d61ac21259ac8961d
2026-02-13,jp,Japan,158,28,タイムパラドックス,Vaundy,2IUl3m1H1EQ7QfNbNWvgru,3jNwPOqdPvQIr5dRT0hzgY,https://i.scdn.co/image/ab67616d00001e02780492a2201b5370e9b209a1
2026-02-13,jp,Japan,159,6,かわいいだけじゃだめですか？,CUTIE STREET,3PLCOySHJ9zwED5yZvDtPZ,6njCYAgcQgHAmbN7VChcrI,https://i.scdn.co/image/ab67616d00001e027ac9daff68bbeeb56d69e894
2026-02-13,jp,Japan,160,9,Cinderella Boy,Saucy Dog,4WqXqPmUuenMIr4QaFrZXN,4ZIr1NSxVihtHcD6EnG65f,https://i.scdn.co/image/ab67616d00001e029efb3f62b3d4862c7bd5d6a1
2026-02-13,jp,Japan,161,13,ミスター・ブルースカイ,Macaroni Empitsu,1t17z3vfuc82cxSDMrvryJ,6glcoO077gTGhgdVI9X5wA,https://i.scdn.co/image/ab67616d00001e0234b9dfe360fcfadd776159fc
2026-02-13,jp,Japan,162,4,SPAGHETTI,LE SSERAFIM; j-hope,4SpbR6yFEvexJuaBpgAU5p; 0b1sIQumIAsNbqAoIClSpy,2N9miXnewVmUrgl6JSK1FI,https://i.scdn.co/image/ab67616d00001e026c4a726c271daf4a4b97e35b
2026-02-13,jp,Japan,163,20,Wherever you are,ONE OK ROCK,7k73EtZwoPs516ZxE72KsO,1TZjEATJpF5LaVL7oJHDMn,https://i.scdn.co/image/ab67616d00001e02e8336ffe34220ffc7729c233
2026-02-13,jp,Japan,164,26,favorite song,ふみの,5aCs1cmbReUSJ4K9SuOYCx,4QH4KTgj0wYHDj5fTMCRmN,https://i.scdn.co/image/ab67616d00001e0242a8b9c84e002d6d41dbc433
2026-02-13,jp,Japan,165,10,美しい鰭,SPITZ,5kjGRHClVacSyllOUqU1S0,1H3qOzheTPhE7aVvJOWfvA,https://i.scdn.co/image/ab67616d00001e02622ca4b0159cc73e9c7c1c57
2026-02-13,jp,Japan,166,18,BOW AND ARROW,Kenshi Yonezu,1snhtMLeb2DYoMOcVbb8iB,0NHu2Lo9MWkvhOggEy1bYg,https://i.scdn.co/image/ab67616d00001e026b66f3cca868c6b7688f76d9
2026-02-13,jp,Japan,167,13,一途,King Gnu,6wxfx1yhyqjCPYwwxJktR2,7ncPjJBktLEOpstY5JOUMK,https://i.scdn.co/image/ab67616d00001e02ab485d8c270001e7c20d3add
2026-02-13,jp,Japan,168,16,IS THIS LOVE,XG,0LOK81e9H5lr61HlGGHqwA,0dzbNEBsrs17os3jJOFLar,https://i.scdn.co/image/ab67616d00001e02fcda1903d978d02fd3f5334b
2026-02-13,jp,Japan,169,Re-Entry,手紙,back number,6rs1KAoQnFalSqSU4LTh8g,1I5JRnPFl38a9APWaAshoY,https://i.scdn.co/image/ab67616d00001e0259a14a1d53eb5610f84c8382
2026-02-13,jp,Japan,170,27,イケナイ太陽,ORANGE RANGE,4upiYMjsFfLRieGo8RVRzD,7emibp3qHeqNNYqZ2Y09xb,https://i.scdn.co/image/ab67616d00001e02dce91774924868ea69bd4b87
2026-02-13,jp,Japan,171,Re-Entry,SAD SONG - From THE FIRST TAKE,CHANMINA; No No Girls FINALISTS,2vjeuQwzSP5ErC1S41gONX; 3YmP6Oc4NvRqn5ZoL9KWbo,3ySFBoxNHK3YgU1D9AyMl3,https://i.scdn.co/image/ab67616d00001e02135bbc48c1b69a467fe0bd2c
2026-02-13,jp,Japan,172,6,1000 days of moments,noa,2rUfBClgdqQ4Svcg0A6gIl,3HGHvxci8vnRg7RZ5E6lzi,https://i.scdn.co/image/ab67616d00001e02e2814b46814b16893934d8c3
2026-02-13,jp,Japan,173,20,Plazma,Kenshi Yonezu,1snhtMLeb2DYoMOcVbb8iB,1KLg01cjnRsENoFhJWUTSd,https://i.scdn.co/image/ab67616d00001e024a04c9a2a4d351cd845a97d7
2026-02-13,jp,Japan,174,3,Seven (feat. Latto) (Explicit Ver.),Jung Kook; Latto,6HaGTQPmzraVmaVxvz6EUc; 3MdXrJWsbVzdn6fe5JYkSQ,2HRgqmZQC0MC7GeNuDIXHN,https://i.scdn.co/image/ab67616d00001e02741fd4807f442af3f7359316
2026-02-13,jp,Japan,175,7,BANQUET BANG,MAZZEL,5Zy2tdfVQKbDwpqWcjXg42,151HCBi3kmWRVSpSKo0fdX,https://i.scdn.co/image/ab67616d00001e0203a29bcb4b94b8530dc5b562
2026-02-13,jp,Japan,176,6,空も飛べるはず,SPITZ,5kjGRHClVacSyllOUqU1S0,3P2aSkjcbUYbcYr13EFE8n,https://i.scdn.co/image/ab67616d00001e0243a4feca9399f68cc2ba1200
2026-02-13,jp,Japan,177,3,日曜日,back number,6rs1KAoQnFalSqSU4LTh8g,1LDxe7AgJ7DRYdV012EmyR,https://i.scdn.co/image/ab67616d00001e0203808f76fad28ce8523f5ac6
2026-02-13,jp,Japan,178,11,逆夢,King Gnu,6wxfx1yhyqjCPYwwxJktR2,6ZiEWet0uFRwWBCEKCQ8rY,https://i.scdn.co/image/ab67616d00001e0279dd91f5ec6b11f34b450c66
2026-02-13,jp,Japan,179,40,春泥棒,Yorushika,4UK2Lzi6fBfUi9rpDt6cik,1rr2DJOxV0sHXeUXCAz1yf,https://i.scdn.co/image/ab67616d00001e02a19652713b50a721360c1775
2026-02-13,jp,Japan,180,Re-Entry,アイドル,YOASOBI,64tJ2EAv1R6UaZqc4iOCyj,1hAloWiinXLPQUJxrJReb1,https://i.scdn.co/image/ab67616d00001e02f3527c2e1ffc2e99bb6a072e
2026-02-13,jp,Japan,181,5,大阪LOVER,DREAMS COME TRUE,2mJOGcLR3aCHkM1uAF93or,2WpgKrUoWaZHQLTgT6aZBF,https://i.scdn.co/image/ab67616d00001e0296550f393c95d7e4cf85171c
2026-02-13,jp,Japan,182,5,PUZZLE,Shota Shimizu,2ZjWbNQAjL74Pf4aqikIz2,5NTtQCnREVVfZuBjVMF4dm,https://i.scdn.co/image/ab67616d00001e020efb33f73c30d3174ccf71df
2026-02-13,jp,Japan,183,8,APT.,ROSÉ; Bruno Mars,3eVa5w3URK5duf6eyVDbu9; 0du5cEVh5yTK9QJze8zA0C,4wJ5Qq0jBN4ajy7ouZIV1c,https://i.scdn.co/image/ab67616d00001e027be65ce6672ed7e5aac6e966
2026-02-13,jp,Japan,184,Re-Entry,JUMP,BLACKPINK,41MozSoPIsD1dJM0CLPjZF,5H1sKFMzDeMtXwND3V6hRY,https://i.scdn.co/image/ab67616d00001e026224d1236b0e0a0e1586efbb
2026-02-13,jp,Japan,185,5,しわあわせ,Vaundy,2IUl3m1H1EQ7QfNbNWvgru,4GvJskA0Jn4NorP2YWxuaf,https://i.scdn.co/image/ab67616d00001e02e0c3a68b9981c2e7b25f9737
2026-02-13,jp,Japan,186,Re-Entry,チェックのワンピース,back number,6rs1KAoQnFalSqSU4LTh8g,3TpD7kfsRSbXYzYvug4yey,https://i.scdn.co/image/ab67616d00001e024951a4f5f9d719dfa4ef3d75
2026-02-13,jp,Japan,187,8,Story,AI,0aD7NQx7yauKlVDnqOxk6q,0V2axJ946WH1vt9t5SGMLV,https://i.scdn.co/image/ab67616d00001e0247a3624f693bef84341f2c94
2026-02-13,jp,Japan,188,6,わたがし,back number,6rs1KAoQnFalSqSU4LTh8g,23NPPhiLqHywaExkaEey8l,https://i.scdn.co/image/ab67616d00001e0203808f76fad28ce8523f5ac6
2026-02-13,jp,Japan,189,–,World is Mine - Kaguya&Yachiyo Runami ver. - CPK! Remix,ryo (supercell); Kaguya(cv.Yuko Natsuyoshi); Yachiyo Runami(cv.Saori Hayami),5Ud2lekREUXjinNlIGjJIX; 70z7gRudQWmFm65DfZyJVH; 3Qv6jpoeWOA8wmADt61mCR,1qaQyHIAzk6vAMEhACi0tH,https://i.scdn.co/image/ab67616d00001e0216899a8aef8f7fe0ffb90481
2026-02-13,jp,Japan,190,Re-Entry,わたしの一番かわいいところ,FRUITS ZIPPER,4v5IVXt3oH0iNuxW9O36BV,0yiDwxnb6D0Vh5yyciuStd,https://i.scdn.co/image/ab67616d00001e0212c94252f1ed6f82d9e2ae59
2026-02-13,jp,Japan,191,8,世界が終わりました,Yuuri,0ixzjrK1wkN2zWBXt3VW3W,5XyD56RYaj2XGxfyc34jQD,https://i.scdn.co/image/ab67616d00001e02faf99bbcf696bbc058fded5b
2026-02-13,jp,Japan,192,24,Idea,Gen Hoshino,1S2S00lgLYLGHWA44qGEUs,7jgqNMnqAT9FghC1uSYTFF,https://i.scdn.co/image/ab67616d00001e0202a856097c809fb56c23cfb2
2026-02-13,jp,Japan,193,Re-Entry,SISTER,back number,6rs1KAoQnFalSqSU4LTh8g,1ZmiUiQn7Q2qEKLlIznoXZ,https://i.scdn.co/image/ab67616d00001e0259a14a1d53eb5610f84c8382
2026-02-13,jp,Japan,194,Re-Entry,小さな恋のうた,MONGOL800,2zUQjYvy0TevSi4d3PjqQO,23atyJacJVHvB9RHBNhr35,https://i.scdn.co/image/ab67616d00001e02c6a3678b061e8586d7a13db6
2026-02-13,jp,Japan,195,Re-Entry,スパークル,Lilas,1qM11R4ylJyQiPJ0DffE9z,3MR8qQiK1Bydhw9WjAzwzU,https://i.scdn.co/image/ab67616d00001e02de9614ca7864f6f41a40439f
2026-02-13,jp,Japan,196,27,ワタリドリ,[Alexandros],1luOe8HkZQ7zwuaO2wuJqI,0ve9Tpz8Yw0I4eXhWsy21o,https://i.scdn.co/image/ab67616d00001e02ee9ddd9ff22b6ea5458b8f29
2026-02-13,jp,Japan,197,Re-Entry,私は最強,Mrs. GREEN APPLE,4QvgGvpgzgyUOo8Yp8LDm9,0AShUU6EUvnSWoqGdheDSA,https://i.scdn.co/image/ab67616d00001e02d482c602732da71e7cdf04c3
2026-02-13,jp,Japan,198,8,天国,Mrs. GREEN APPLE,4QvgGvpgzgyUOo8Yp8LDm9,7sO2NML7SulscK8RR27uUf,https://i.scdn.co/image/ab67616d00001e02232b48311e311ba914af2811
2026-02-13,jp,Japan,199,Re-Entry,Bling-Bang-Bang-Born,Creepy Nuts,0pWR7TsFhvSCnbmHDjWgrE,4LhDEsC2tzaVuZbWAaCLrP,https://i.scdn.co/image/ab67616d00001e02ee4da3c97e72acfdd6f62b2c
2026-02-13,jp,Japan,200,Re-Entry,アイノカタチ,MISIA; HIDE (GReeeeN),3uyDATzOGjbGCts7v2eszk; 4SFP5kBIqqjFrrPknaVnbG,7mSVOYRseiZi20xtBKhHnF,https://i.scdn.co/image/ab67616d00001e028d57576f830008be9c427ef2
2026-02-13,sg,Singapore,1,–,Don’t Say You Love Me,Jin,5vV3bFXnN6D6N3Nj4xRvaV,27xkOIER6uDLKALIelHylZ,https://i.scdn.co/image/ab67616d00001e0289228504f700641956e29f5d
2026-02-13,sg,Singapore,2,1,Who,Jimin,1oSPZhvZMIrWW5I41kPkkY,7tI8dRuH2Yc6RuoTjxo4dU,https://i.scdn.co/image/ab67616d00001e02f02c451189a709b9a952aaec
2026-02-13,sg,Singapore,3,1,DtMF,Bad Bunny,4q3ewBCX7sLwd24euuV69X,3sK8wGT43QFpWrvNQsrQya,https://i.scdn.co/image/ab67616d00001e02bbd45c8d36e0e045ef640411
2026-02-13,sg,Singapore,4,–,The Fate of Ophelia,Taylor Swift,06HL4z0CvFAxyc27GXpf02,53iuhJlwXhSER5J2IYYv1W,https://i.scdn.co/image/ab67616d00001e02d7812467811a7da6e6a44902
2026-02-13,sg,Singapore,5,–,So Easy (To Fall In Love),Olivia Dean,00x1fYSGhdqScXBRpSj3DW,6sGIMrtIzQjdzNndVxe397,https://i.scdn.co/image/ab67616d00001e029a336bfb6d40bbd90a507417
2026-02-13,sg,Singapore,6,1,End of Beginning,Djo,5p9HO3XC5P3BLxJs5Mtrhm,3qhlB30KknSejmIvZZLjOD,https://i.scdn.co/image/ab67616d00001e02fddfffec51b4580acae727c1
2026-02-13,sg,Singapore,7,2,Golden,HUNTR/X; EJAE; AUDREY NUNA; REI AMI; KPop Demon Hunters Cast,2yNNYQBChuox9A5Ka93BIn; 0RMJOzHDhAKY1o2j0W0vxY; 0Wwji82sLA0Hcvtuak3omb; 6U1dV7aL68N7Gb0Naq34V5; 7mW7Tv7NvywKKXqafZo0Lc,1CPZ5BxNNd0n0nF4Orb9JS,https://i.scdn.co/image/ab67616d00001e024dcb6c5df15cf74596ab25a4
2026-02-13,sg,Singapore,8,2,back to friends,sombr,4G9NDjRyZFDlJKMRL8hx3S,7qjZnBKE73H4Oxkopwulqe,https://i.scdn.co/image/ab67616d00001e024229702de91cb3d3a4383302
2026-02-13,sg,Singapore,9,1,Opalite,Taylor Swift,06HL4z0CvFAxyc27GXpf02,3yWuTOYDztXjZxdE2cIRUa,https://i.scdn.co/image/ab67616d00001e02d7812467811a7da6e6a44902
2026-02-13,sg,Singapore,10,1,Man I Need,Olivia Dean,00x1fYSGhdqScXBRpSj3DW,1qbmS6ep2hbBRaEZFpn7BX,https://i.scdn.co/image/ab67616d00001e02e3d69e17dde129037a1f09e2
2026-02-13,sg,Singapore,11,1,Jumping Machine (跳楼机),LBI利比,1xMn0bhYRWHDV01mU8gP1J,1XZE0InCx3SdCnLpVsPpZl,https://i.scdn.co/image/ab67616d00001e0265bcb498250d15917f92464f
2026-02-13,sg,Singapore,12,6,看着我的眼睛说,张远,4Q6r8rqOodVCDkbAYm7F18,7d6eShN6yVeR4Y2Md9uCA4,https://i.scdn.co/image/ab67616d00001e02623da38934771207c19756d1
2026-02-13,sg,Singapore,13,–,Die On This Hill,SIENNA SPIRO,02gSuSAWEdWa5UOvqzjX6v,2gYTC8DsplN3RNdpdBcCOQ,https://i.scdn.co/image/ab67616d00001e020901e50bfaff4351a29f462b
2026-02-13,sg,Singapore,14,1,Who Knows,Daniel Caesar,20wkVLutqVOYrc0kxFs7rA,6DH13QYXK7lKkYHSU88N48,https://i.scdn.co/image/ab67616d00001e022bad6e56e77d5bef0aa3f2dc
2026-02-13,sg,Singapore,15,2,bittersweet,Madison Beer,2kRfqPViCqYdSGhYSM9R0Q,6vDVu9IM9s8L8XMQ1c1Yti,https://i.scdn.co/image/ab67616d00001e02391ad22354ea2e90c54f6b14
2026-02-13,sg,Singapore,16,–,like JENNIE,JENNIE,250b0Wlc5Vk0CoUsaCY84M,0fK7ie6XwGxQTIkpFoWkd1,https://i.scdn.co/image/ab67616d00001e02dcf27dec5e479b2e39c4c993
2026-02-13,sg,Singapore,17,8,BANG BANG,IVE,6RHTUrRF63xao58xh9FXYJ,4HEBNeUYxEpjDglZbjYz7o,https://i.scdn.co/image/ab67616d00001e02ad80a9aabc17535c5eeb5317
2026-02-13,sg,Singapore,18,2,Tití Me Preguntó,Bad Bunny,4q3ewBCX7sLwd24euuV69X,1IHWl5LamUGEuP4ozKQSXZ,https://i.scdn.co/image/ab67616d00001e0249d694203245f241a1bcaa72
2026-02-13,sg,Singapore,19,2,WHERE IS MY HUSBAND!,RAYE,5KKpBU5eC2tJDzf0wmlRp2,55lijDD6OAjLFFUHU9tcDm,https://i.scdn.co/image/ab67616d00001e026ac3c7938191585c53c8180d
2026-02-13,sg,Singapore,20,4,BIRDS OF A FEATHER,Billie Eilish,6qqNVTkY8uBg9cP3Jd7DAH,6dOtVTDdiauQNBQEDOtlAB,https://i.scdn.co/image/ab67616d00001e0271d62ea7ea8a5be92d3c1f62
2026-02-13,sg,Singapore,21,2,Die With A Smile,Lady Gaga; Bruno Mars,1HY2Jd0NmPuamShAr6KMms; 0du5cEVh5yTK9QJze8zA0C,7so0lgd0zP2Sbgs2d7a1SZ,https://i.scdn.co/image/ab67616d00001e02b0860cf0a98e09663c82290c
2026-02-13,sg,Singapore,22,3,NUEVAYoL,Bad Bunny,4q3ewBCX7sLwd24euuV69X,5TFD2bmFKGhoCRbX61nXY5,https://i.scdn.co/image/ab67616d00001e02bbd45c8d36e0e045ef640411
2026-02-13,sg,Singapore,23,1,Stateside + Zara Larsson,PinkPantheress; Zara Larsson,78rUTD7y6Cy67W1RVzYs7t; 1Xylc3o4UrD53lo9CvFvVg,1DwscornXpj8fmOmYVlqZt,https://i.scdn.co/image/ab67616d00001e02684ecc5bc1b724d0106ad694
2026-02-13,sg,Singapore,24,12,Running Wild,Jin,5vV3bFXnN6D6N3Nj4xRvaV,50zAEIE4B1QqhPjRMK2Xmh,https://i.scdn.co/image/ab67616d00001e0202dd46d1f82ce19b5927b269
2026-02-13,sg,Singapore,25,4,Lush Life,Zara Larsson,1Xylc3o4UrD53lo9CvFvVg,1rIKgCH4H52lrvDcz50hS8,https://i.scdn.co/image/ab67616d00001e02401bf6103d4b7f5230a21582
2026-02-13,sg,Singapore,26,1,Gabriela,KATSEYE,3c0gDdb9lhnHGFtP4prQpn,1xOqGUkyxGQRdCvGpvWKmL,https://i.scdn.co/image/ab67616d00001e02f8d4d00ffe09373efb13ce29
2026-02-13,sg,Singapore,27,1,Raindance (feat. Tems),Dave; Tems,6Ip8FS7vWT1uKkJSweANQK; 687cZJR45JO7jhk1LHIbgq,3oTuTpF1F3A7rEC6RKsMRz,https://i.scdn.co/image/ab67616d00001e02fecaa7826bb0cbe139a8cb83
2026-02-13,sg,Singapore,28,2,Ordinary,Alex Warren,0fTSzq9jAh4c36UVb4V7CB,2RkZ5LkEzeHGRsmDqKwmaJ,https://i.scdn.co/image/ab67616d00001e028d18d73bbfc8985d52865edf
2026-02-13,sg,Singapore,29,2,Homewrecker,sombr,4G9NDjRyZFDlJKMRL8hx3S,7tICCrK3CcyRFKza7yrR0z,https://i.scdn.co/image/ab67616d00001e029a8d41dca4c7d0ef23d76dd7
2026-02-13,sg,Singapore,30,16,福气马上来,1119,5cKj8OK6VqHbxpsWIpfKYz,3b6RZmPmYzg2mRyfoIznYS,https://i.scdn.co/image/ab67616d00001e02206075754063604bf0cf3144
2026-02-13,sg,Singapore,31,3,Love Me Not,Ravyn Lenae,5RTLRtXjbXI2lSXc6jxlAz,4WFgvKVfEhb3IUAFGrutTR,https://i.scdn.co/image/ab67616d00001e020e62daaea2c7b94053e1c142
2026-02-13,sg,Singapore,32,1,I Just Might,Bruno Mars,0du5cEVh5yTK9QJze8zA0C,12bYYQaLqHliSXvRIYlq8G,https://i.scdn.co/image/ab67616d00001e02e7623a0a60f330ee2b24d498
2026-02-13,sg,Singapore,33,6,I Thought I Saw Your Face Today,She & Him,3CIRif6ZAedT7kZSPvj2A4,0myRViRgmQ3J8izICXEAVO,https://i.scdn.co/image/ab67616d00001e02a47c6d8a934b4833c0916cc9
2026-02-13,sg,Singapore,34,8,JUMP,BLACKPINK,41MozSoPIsD1dJM0CLPjZF,5H1sKFMzDeMtXwND3V6hRY,https://i.scdn.co/image/ab67616d00001e026224d1236b0e0a0e1586efbb
2026-02-13,sg,Singapore,35,5,Good Goodbye,HWASA,7bmYpVgQub656uNTu6qGNQ,3cLXrotzCjYCkN73PewALM,https://i.scdn.co/image/ab67616d00001e02f7ec5c454a78dfb0086c0c97
2026-02-13,sg,Singapore,36,4,APT.,ROSÉ; Bruno Mars,3eVa5w3URK5duf6eyVDbu9; 0du5cEVh5yTK9QJze8zA0C,4wJ5Qq0jBN4ajy7ouZIV1c,https://i.scdn.co/image/ab67616d00001e027be65ce6672ed7e5aac6e966
2026-02-13,sg,Singapore,37,–,Dracula (with JENNIE),Tame Impala; JENNIE,5INjqkS1o8h1imAzPqGZBb; 250b0Wlc5Vk0CoUsaCY84M,5yvVYFDUpbnjcnRBgjwTzM,https://i.scdn.co/image/ab67616d00001e02c7c031ce9d06b131f8563676
2026-02-13,sg,Singapore,38,–,NOT CUTE ANYMORE,ILLIT,36cgvBn0aadzOijnjjwqMN,1k0JAiH11gHL9dc5dfQjQr,https://i.scdn.co/image/ab67616d00001e023d09075f6c7fabe9a7234cb3
2026-02-13,sg,Singapore,39,5,CHANEL,Tyla,3SozjO3Lat463tQICI9LcE,4VxTzYm00mg82MuoT35Ja7,https://i.scdn.co/image/ab67616d00001e02c67cc9596a3252490933e2f9
2026-02-13,sg,Singapore,40,1,善后,马师傅,0M668HC4fq39Ls98rUdsyS,6gYS6CQc7UMnj0Ubq3C0QT,https://i.scdn.co/image/ab67616d00001e023e8cd6ae4415fbaae876d3be
2026-02-13,sg,Singapore,41,6,Manchild,Sabrina Carpenter,74KM79TiuVKeVCqs8QtB0B,2BwO5K8Q7EPAJSGze3AAh9,https://i.scdn.co/image/ab67616d00001e02b1863bf95557ea7f357c4947
2026-02-13,sg,Singapore,42,6,像晴天像雨天（电视剧《难哄》心动曲）,Silence Wang,0PdNEiQ3MsJGCEgE13Tz60,1zFuSla4RQ5qAJwDIQYixW,https://i.scdn.co/image/ab67616d00001e02e315e968f364d79e460d8f62
2026-02-13,sg,Singapore,43,3,WILDFLOWER,Billie Eilish,6qqNVTkY8uBg9cP3Jd7DAH,3QaPy1KgI7nu9FJEQUgn6h,https://i.scdn.co/image/ab67616d00001e0271d62ea7ea8a5be92d3c1f62
2026-02-13,sg,Singapore,44,30,Seven (feat. Latto) (Explicit Ver.),Jung Kook; Latto,6HaGTQPmzraVmaVxvz6EUc; 3MdXrJWsbVzdn6fe5JYkSQ,2HRgqmZQC0MC7GeNuDIXHN,https://i.scdn.co/image/ab67616d00001e02741fd4807f442af3f7359316
2026-02-13,sg,Singapore,45,2,DAISIES,Justin Bieber,1uNFoZAHBGtllmzznpCI3s,5BZsQlgw21vDOAjoqkNgKb,https://i.scdn.co/image/ab67616d00001e02d65c4773bc5061fd27facc5b
2026-02-13,sg,Singapore,46,1,The Man Who Can't Be Moved,The Script,3AQRLZ9PuTAozP28Skbq8V,3nqqDo8CcCLke3ZoTgiOKf,https://i.scdn.co/image/ab67616d00001e02f33a9f529c12f79b116eb218
2026-02-13,sg,Singapore,47,1,嘉賓,张远,4Q6r8rqOodVCDkbAYm7F18,5jAmIkIpskwu2hRz2YaEHi,https://i.scdn.co/image/ab67616d00001e02c74b8ff07fe68b72b31c852e
2026-02-13,sg,Singapore,48,1,luther (with sza),Kendrick Lamar; SZA,2YZyLoL8N0Wb9xBt1NhZWg; 7tYKF4w9nC0nq9CsPZTHyP,2CGNAOSuO1MEFCbBRgUzjd,https://i.scdn.co/image/ab67616d00001e027e5e269471fe4a43a42e2f15
2026-02-13,sg,Singapore,49,2,Folded,Kehlani,0cGUm45nv7Z6M6qdXYQGTX,0bxPRWprUVpQK0UFcddkrA,https://i.scdn.co/image/ab67616d00001e02ce5bc87f637b46ad01831fc4
2026-02-13,sg,Singapore,50,–,That’s So True,Gracie Abrams,4tuJ0bMpJh08umKkEXKUI5,7ne4VBA60CxGM75vw0EYad,https://i.scdn.co/image/ab67616d00001e021dac3694b3289cd903cb3acf
2026-02-13,sg,Singapore,51,4,BAILE INoLVIDABLE,Bad Bunny,4q3ewBCX7sLwd24euuV69X,2lTm559tuIvatlT1u0JYG2,https://i.scdn.co/image/ab67616d00001e02bbd45c8d36e0e045ef640411
2026-02-13,sg,Singapore,52,–,About You,The 1975,3mIj9lX2MWuHmhNCA7LSCW,3hEfpBHxgieRLz4t3kLNEg,https://i.scdn.co/image/ab67616d00001e0200702474f8e0e2b6155d48e3
2026-02-13,sg,Singapore,53,–,Iris,The Goo Goo Dolls,2sil8z5kiy4r76CRTXxBCA,6Qyc6fS4DsZjB2mRW9DsQs,https://i.scdn.co/image/ab67616d00001e02eda9478c39a21e1cdc6609ca
2026-02-13,sg,Singapore,54,6,離開我的依賴,Evangeline Wong,7sEIHkZXRzGa3OBUCCxzU5,28VBdtYc5Cpmey4Cpvcrby,https://i.scdn.co/image/ab67616d00001e02bc2f8151c384496d34c683df
2026-02-13,sg,Singapore,55,7,Sailor Song,Gigi Perez,1iCnM8foFssWlPRLfAbIwo,21IYMdzTrzSe191Cy5eMap,https://i.scdn.co/image/ab67616d00001e0249c26270052e1671add569c1
2026-02-13,sg,Singapore,56,3,Moonwalkin',LNGSHOT,2F4oTJOWkcD1JaTeKEa9h6,46V2ciN6F5bxjQWityNhkY,https://i.scdn.co/image/ab67616d00001e029ae175cd44e09688bb7c0f4f
2026-02-13,sg,Singapore,57,2,Fame is a Gun,Addison Rae,4gvjmrtzydbMpyJaXUtwvP,7B3BwNecBhKvNwSMOOl7Gk,https://i.scdn.co/image/ab67616d00001e02089511953028cbfeb095c593
2026-02-13,sg,Singapore,58,12,擱淺,Jay Chou,2elBjNSdBE2Y3f0j1mjrql,0cOMncRq4cmDLO4tPQnkBF,https://i.scdn.co/image/ab67616d00001e0200b976d1df4243e5318a7712
2026-02-13,sg,Singapore,59,13,NO BATIDÃO,ZXKAI; slxughter,5tIkxADHN80ca0K6HCpWIt; 1M02J1PLobtQYok93DEvVa,7vg9noSnFEyPfwLiaCW4vi,https://i.scdn.co/image/ab67616d00001e027bff89cf90806ae22a6b72df
2026-02-13,sg,Singapore,60,1,Just Keep Watching (From F1® The Movie),Tate McRae; F1 The Album,45dkTj5sMRSjrmBSBeiHym; 3aly4xJOy3LVznzvRIvFYC,2yWlGEgEfPot0lv3OAjuG3,https://i.scdn.co/image/ab67616d00001e02a23d1b3449fb415346735a08
2026-02-13,sg,Singapore,61,7,Espresso,Sabrina Carpenter,74KM79TiuVKeVCqs8QtB0B,2HRqTpkrJO5ggZyyK6NPWz,https://i.scdn.co/image/ab67616d00001e02fd8d7a8d96871e791cb1f626
2026-02-13,sg,Singapore,62,4,Yellow,Coldplay,4gzpq5DPGxSnKTe4SA8HAU,3AJwUDP919kvQ9QcozQPxg,https://i.scdn.co/image/ab67616d00001e029164bafe9aaa168d93f4816a
2026-02-13,sg,Singapore,63,9,toxic till the end,ROSÉ,3eVa5w3URK5duf6eyVDbu9,1z5ebC9238uGoBgzYyvGpQ,https://i.scdn.co/image/ab67616d00001e027be65ce6672ed7e5aac6e966
2026-02-13,sg,Singapore,64,12,在加納共和國離婚,Firdhaus; DIOR 大穎,6fOqdhRNsMQqtwRwgo3NUv; 0czbvTRVGHfCdRsJLxbBGQ,6GyUt7yJ0sOktc5HjvVnFh,https://i.scdn.co/image/ab67616d00001e02bd7cdd9987dede8f59e62ec6
2026-02-13,sg,Singapore,65,–,we can't be friends (wait for your love),Ariana Grande,66CXWjxzNUsdJxJ2JdwvnR,51ZQ1vr10ffzbwIjDCwqm4,https://i.scdn.co/image/ab67616d00001e028b58d20f1b77295730db15b4
2026-02-13,sg,Singapore,66,9,Eenie Meenie,Sean Kingston; Justin Bieber,6S0dmVVn4udvppDhZIWxCr; 1uNFoZAHBGtllmzznpCI3s,4vVTI94F9uJ8lHNDWKv0i2,https://i.scdn.co/image/ab67616d00001e024dea4c1cdf30c359dbaec318
2026-02-13,sg,Singapore,67,6,No One Noticed,The Marías,2sSGPbdZJkaSE2AbcGOACx,3siwsiaEoU4Kuuc9WKMUy5,https://i.scdn.co/image/ab67616d00001e028aa339341a0b0c813909c831
2026-02-13,sg,Singapore,68,1,"One Of The Girls (with JENNIE, Lily Rose Depp)",The Weeknd; JENNIE; Lily-Rose Depp,1Xyo4u8uXC1ZmMpatF05PJ; 250b0Wlc5Vk0CoUsaCY84M; 1pBLC0qVRTB5zVMuteQ9jJ,7CyPwkp0oE8Ro9Dd5CUDjW,https://i.scdn.co/image/ab67616d00001e02b0dd6a5cd1dec96c4119c262
2026-02-13,sg,Singapore,69,13,EoO,Bad Bunny,4q3ewBCX7sLwd24euuV69X,6J5kc12BW5HuP3d7C3vvx8,https://i.scdn.co/image/ab67616d00001e02bbd45c8d36e0e045ef640411
2026-02-13,sg,Singapore,70,12,Night Changes,One Direction,4AK6F7OLvEQ5QYCBNiQWHq,5O2P9iiztwhomNh8xkR9lJ,https://i.scdn.co/image/ab67616d00001e0234a29f220057810cce98e1b4
2026-02-13,sg,Singapore,71,7,这是你期盼的长大吗,ZQS,6CvqU8itTtfpm1E8Pvez33,3AKYofM0vFekNthGbpjMpN,https://i.scdn.co/image/ab67616d00001e022d90720b3c403c14594ac23a
2026-02-13,sg,Singapore,72,8,Cruel Summer,Taylor Swift,06HL4z0CvFAxyc27GXpf02,1BxfuPKGuaTgP7aM0Bbdwr,https://i.scdn.co/image/ab67616d00001e02e787cffec20aa2a396a61647
2026-02-13,sg,Singapore,73,10,爱怎么了,陈村长,6zEkJebB8dCxTGyvyYa8FA,0c9gjnRGBRke9VmLaZWmhM,https://i.scdn.co/image/ab67616d00001e02fceba8f8dae0d3dc2640e955
2026-02-13,sg,Singapore,74,7,晴天,Jay Chou,2elBjNSdBE2Y3f0j1mjrql,5pIcwtJYNJx93l420oR2Vm,https://i.scdn.co/image/ab67616d00001e026850b3307853e0753ed53cc5
2026-02-13,sg,Singapore,75,10,blue,yung kai,6zO1dZ40fTZ5hY9NnnRJSk,6W614n8yLUeS3zsZSeBwyq,https://i.scdn.co/image/ab67616d00001e02def6ffd0e4b80cb0d2a0d00f
2026-02-13,sg,Singapore,76,New,"Mention Me - From The Movie ""GOAT""",CORTIS,1ebt9HnXdyYA6KgLXr1n4P,3f0OEJd7mlPNhmH3fUOrqy,https://i.scdn.co/image/ab67616d00001e0212fbc981d094ef600fd0cb42
2026-02-13,sg,Singapore,77,15,It Will Rain,Bruno Mars,0du5cEVh5yTK9QJze8zA0C,4rMNgxEwGWoPHIUcvB5BrB,https://i.scdn.co/image/ab67616d00001e02dec2e6bae5062b94fc4eeb84
2026-02-13,sg,Singapore,78,1,number one girl,ROSÉ,3eVa5w3URK5duf6eyVDbu9,1lcBt7LoEikqYmhUoa2cez,https://i.scdn.co/image/ab67616d00001e027be65ce6672ed7e5aac6e966
2026-02-13,sg,Singapore,79,12,SPAGHETTI,LE SSERAFIM; j-hope,4SpbR6yFEvexJuaBpgAU5p; 0b1sIQumIAsNbqAoIClSpy,2N9miXnewVmUrgl6JSK1FI,https://i.scdn.co/image/ab67616d00001e026c4a726c271daf4a4b97e35b
2026-02-13,sg,Singapore,80,1,"All The Stars (with SZA) - From ""Black Panther: The Album""",Kendrick Lamar; SZA,2YZyLoL8N0Wb9xBt1NhZWg; 7tYKF4w9nC0nq9CsPZTHyP,3GCdLUSnKSMJhs4Tj6CV3s,https://i.scdn.co/image/ab67616d00001e02c027ad28821777b00dcaa888
2026-02-13,sg,Singapore,81,6,Ghost,Justin Bieber,1uNFoZAHBGtllmzznpCI3s,6I3mqTwhRpn34SLVafSH7G,https://i.scdn.co/image/ab67616d00001e02e6f407c7f3a0ec98845e4431
2026-02-13,sg,Singapore,82,8,Just the Way You Are,Bruno Mars,0du5cEVh5yTK9QJze8zA0C,7BqBn9nzAq8spo5e7cZ0dJ,https://i.scdn.co/image/ab67616d00001e027039c1c841fc3dfa2ad8a0d8
2026-02-13,sg,Singapore,83,11,No Broke Boys,Disco Lines; Tinashe,5Kmr0b3ip8g9P2i0dLTC3Z; 0NIIxcxNHmOoyBx03SfTCD,3cZajhyr8LmtPfHZ9296tj,https://i.scdn.co/image/ab67616d00001e02699b0363dda94e1f1e32eef5
2026-02-13,sg,Singapore,84,2,Sorry,Justin Bieber,1uNFoZAHBGtllmzznpCI3s,09CtPGIpYB4BrO8qb1RGsF,https://i.scdn.co/image/ab67616d00001e02f46b9d202509a8f7384b90de
2026-02-13,sg,Singapore,85,35,Winter Ahead (with PARK HYO SHIN),V; Park Hyo Shin,3JsHnjpbhX4SnySpvpa9DK; 57htMBtzpppc1yoXgjbslj,7G7mSV4BebkoHWwKTDvXu9,https://i.scdn.co/image/ab67616d00001e0216ba2a3622bd0d0d985e3234
2026-02-13,sg,Singapore,86,9,Sienna,The Marías,2sSGPbdZJkaSE2AbcGOACx,0InIeZW4P6VO7dUGRM4AKH,https://i.scdn.co/image/ab67616d00001e028aa339341a0b0c813909c831
2026-02-13,sg,Singapore,87,27,Soda Pop,Saja Boys; Andrew Choi; Neckwav; Danny Chung; KEVIN WOO; samUIL Lee; KPop Demon Hunters Cast,0BJ2EjOqcfgFvlZXNKrNbE; 7JBaynR7JFeniONqbnn1U4; 5bXNU0MAF2HSqyFPhYtscH; 11pXvO7wYuzRWYONDOBd33; 2RYonYiVhhzBz82UFXOvEN; 1eDupbD9kIx8UaZlzcBG5r; 7mW7Tv7NvywKKXqafZo0Lc,02sy7FAs8dkDNYsHp4Ul3f,https://i.scdn.co/image/ab67616d00001e024dcb6c5df15cf74596ab25a4
2026-02-13,sg,Singapore,88,8,Style,Taylor Swift,06HL4z0CvFAxyc27GXpf02,0ug5NqcwcFR2xrfTkc7k8e,https://i.scdn.co/image/ab67616d00001e0252b2a3824413eefe9e33817a
2026-02-13,sg,Singapore,89,18,That's What I Like,Bruno Mars,0du5cEVh5yTK9QJze8zA0C,0KKkJNfGyhkQ5aFogxQAPU,https://i.scdn.co/image/ab67616d00001e02232711f7d66a1e19e89e28c5
2026-02-13,sg,Singapore,90,38,座位,于冬然,7mJv2vnmyEbD8eyI7tMLKs,4s3iUkYgh9gCeGYqCODrQe,https://i.scdn.co/image/ab67616d00001e0268c60c834b6e9dec1b70222f
2026-02-13,sg,Singapore,91,3,Payphone,Maroon 5; Wiz Khalifa,04gDigrS5kc9YWfZHwBETP; 137W8MRPWKqSmrBGDBFSop,1XGmzt0PVuFgQYYnV2It7A,https://i.scdn.co/image/ab67616d00001e02fc8633e22a7dba6aab817bff
2026-02-13,sg,Singapore,92,5,Somewhere Only We Know,Keane,53A0W3U0s8diEn9RhXQhVz,0ll8uFnc0nANY35E0Lfxvg,https://i.scdn.co/image/ab67616d00001e027d6cd95a046a3c0dacbc7d33
2026-02-13,sg,Singapore,93,6,Sweet Boy,Malcolm Todd,7eKkW1zo5uzW8kUntiiBvz,59c2xv2kMzYM6HR9oY6BIa,https://i.scdn.co/image/ab67616d00001e022c1f34ecc1929fb59908aad1
2026-02-13,sg,Singapore,94,15,Closer,The Chainsmokers; Halsey,69GGBxA162lTqCwzJG5jLp; 26VFTg2z8YR0cCuwLzESi2,7BKLCZ1jbUBVqRi2FVlTVw,https://i.scdn.co/image/ab67616d00001e02495ce6da9aeb159e94eaa453
2026-02-13,sg,Singapore,95,2,12 to 12,sombr,4G9NDjRyZFDlJKMRL8hx3S,05od2qm2MTSKCHxy1GBp5W,https://i.scdn.co/image/ab67616d00001e024229702de91cb3d3a4383302
2026-02-13,sg,Singapore,96,8,你，好不好？ - TVBS連續劇【遺憾拼圖】片尾曲,Eric Chou,5fEQLwq1BWWQNR8GzhOIvi,2gug6MRv4xQFYi9LA3PJCS,https://i.scdn.co/image/ab67616d00001e0205e895059be31891a3e0f01d
2026-02-13,sg,Singapore,97,1,Photograph,Ed Sheeran,6eUKZXaKkcviH0Ku9w2n3V,6fxVffaTuwjgEk5h9QyRjy,https://i.scdn.co/image/ab67616d00001e0213b3e37318a0c247b550bccd
2026-02-13,sg,Singapore,98,15,We Don't Talk Anymore (feat. Selena Gomez),Charlie Puth; Selena Gomez,6VuMaDnrHyPL1p4EHjYLi7; 0C8ZW7ezQVs4URX5aX7Kqx,54PbBpquVfhfrwRwvjSXbI,https://i.scdn.co/image/ab67616d00001e0215145482a542a9adb282250b
2026-02-13,sg,Singapore,99,11,A Couple Minutes,Olivia Dean,00x1fYSGhdqScXBRpSj3DW,312z6PZ8wwREck8613PkJk,https://i.scdn.co/image/ab67616d00001e029a336bfb6d40bbd90a507417
2026-02-13,sg,Singapore,100,2,最后一页 - Live,王赫野; 姚晓棠,2sAy0e2cL6jbo0ukxlxWNJ; 011UpPnnyUWchmKVyFFByL,0ahuxmprOO8tfKpG5Sgkt2,https://i.scdn.co/image/ab67616d00001e029f9f941d637e298723ba80b7
2026-02-13,sg,Singapore,101,47,Gameboy,KATSEYE,3c0gDdb9lhnHGFtP4prQpn,0LqbLHWFiy0qTfpk1Q1Ggc,https://i.scdn.co/image/ab67616d00001e029b80360cc75177c9f7cd3990
2026-02-13,sg,Singapore,102,12,TIT FOR TAT,Tate McRae,45dkTj5sMRSjrmBSBeiHym,1dByUyyoRKL99fJJ6VCQzb,https://i.scdn.co/image/ab67616d00001e02c40dccc1952bb5ed96986869
2026-02-13,sg,Singapore,103,7,Multo,Cup of Joe,61nn6nOoLWjVC1ER2qFAvN,5tlb0AxuzsMWL2GtEppXGX,https://i.scdn.co/image/ab67616d00001e0285a7fd707d00e5d255807add
2026-02-13,sg,Singapore,104,15,Adrenaline,ATEEZ,68KmkJeZGfwe1OUaivBa2L,2VKGO4DNyUK5UxCQB3b3DF,https://i.scdn.co/image/ab67616d00001e02086a75a16dcda8d0b64f022a
2026-02-13,sg,Singapore,105,68,感谢你曾来过,阿涵; Ayo97,0Nu7uGMynoaIdKnfLRgxJ8; 3RZsYqWpNRBTPoJ8oqsAwW,1JLtvvPsHwLyd2ufASdkWV,https://i.scdn.co/image/ab67616d00001e025032acc6e82b53aa2e4b17bd
2026-02-13,sg,Singapore,106,40,Touch,KATSEYE,3c0gDdb9lhnHGFtP4prQpn,6aJn7Cst74cj4lNIiPRgav,https://i.scdn.co/image/ab67616d00001e027e76c17cfbc723800452a24f
2026-02-13,sg,Singapore,107,91,HORSEH,薛家燕; Jaspers Lai; 3P,668nZs0XpEFx6CNj8y9JXf; 7fY9nr7g1gjyn3IdjdvX9k; 3NSGCBkfj6hEhXQhytRg4D,1HYqsWAiQDyB7L7IhNx7l0,https://i.scdn.co/image/ab67616d00001e021f630ddcbb38824e222e31c2
2026-02-13,sg,Singapore,108,24,Sports car,Tate McRae,45dkTj5sMRSjrmBSBeiHym,5UJbgR4XF4y1DvbkxEqe8S,https://i.scdn.co/image/ab67616d00001e026c691022744f42565f6b546e
2026-02-13,sg,Singapore,109,3,Apocalypse,Cigarettes After Sex,1QAJqy2dA3ihHBFIHRphZj,1oAwsWBovWRIp7qLMGPIet,https://i.scdn.co/image/ab67616d00001e02dfed999f959177dfc4f33cdc
2026-02-13,sg,Singapore,110,7,Beauty And A Beat,Justin Bieber; Nicki Minaj,1uNFoZAHBGtllmzznpCI3s; 0hCNtLu0JehylgoiP8L4Gh,6QFCMUUq1T2Vf5sFUXcuQ7,https://i.scdn.co/image/ab67616d00001e02f1d02a6cec967f8b6b78f76e
2026-02-13,sg,Singapore,111,11,Never Let Go,LNGSHOT,2F4oTJOWkcD1JaTeKEa9h6,37xebnhvUyM8VyyDDeo65d,https://i.scdn.co/image/ab67616d00001e029ae175cd44e09688bb7c0f4f
2026-02-13,sg,Singapore,112,4,演员,Joker Xue,1cg0bYpP5e2DNG0RgK2CMN,5Sib99jpYybZAicUMETb3h,https://i.scdn.co/image/ab67616d00001e02b561e8f785c92e136f37cd08
2026-02-13,sg,Singapore,113,Re-Entry,珊瑚海,Jay Chou; Lara Liang,2elBjNSdBE2Y3f0j1mjrql; 4VgfrD5wuAoN428fBZNSyW,3Qj9Fy8BPbWmICTiNkuqB7,https://i.scdn.co/image/ab67616d00001e022625625847482492f9e2e665
2026-02-13,sg,Singapore,114,21,Viva La Vida,Coldplay,4gzpq5DPGxSnKTe4SA8HAU,1mea3bSkSGXuIRvnydlB5b,https://i.scdn.co/image/ab67616d00001e02e21cc1db05580b6f2d2a3b6e
2026-02-13,sg,Singapore,115,14,Every Breath You Take,The Police,5NGO30tJxFlKixkPSgXcFE,1JSTJqkT5qHq8MDJnJbRE1,https://i.scdn.co/image/ab67616d00001e02c8e97cafeb2acb85b21a777e
2026-02-13,sg,Singapore,116,47,404 (New Era),KiiiKiii,63sat2XSMKdwKfqspmYQKP,7Dgh6z47wLzI5wikmGsYC3,https://i.scdn.co/image/ab67616d00001e020cc65398388cbc486fa4fff7
2026-02-13,sg,Singapore,117,4,Beautiful Things,Benson Boone,22wbnEMDvgVIAGdFeek6ET,3xkHsmpQCBMytMJNiDf3Ii,https://i.scdn.co/image/ab67616d00001e02831949037a1db10b87b005fa
2026-02-13,sg,Singapore,118,–,From The Start,Laufey,7gW0r5CkdEUMm42w9XpyZO,43iIQbw5hx986dUEZbr3eN,https://i.scdn.co/image/ab67616d00001e0274c732f8aa0e0ccbb3d17d96
2026-02-13,sg,Singapore,119,10,HYPNOTIZE,XG,0LOK81e9H5lr61HlGGHqwA,3fEX9NgOeklq816Fw00uoo,https://i.scdn.co/image/ab67616d00001e0224272a7f97cf5b5f8fcb60e0
2026-02-13,sg,Singapore,120,34,Something Just Like This,The Chainsmokers; Coldplay,69GGBxA162lTqCwzJG5jLp; 4gzpq5DPGxSnKTe4SA8HAU,6RUKPb4LETWmmr3iAEQktW,https://i.scdn.co/image/ab67616d00001e020c13d3d5a503c84fcc60ae94
2026-02-13,sg,Singapore,121,14,Sparks,Coldplay,4gzpq5DPGxSnKTe4SA8HAU,7D0RhFcb3CrfPuTJ0obrod,https://i.scdn.co/image/ab67616d00001e029164bafe9aaa168d93f4816a
2026-02-13,sg,Singapore,122,1,Starboy,The Weeknd; Daft Punk,1Xyo4u8uXC1ZmMpatF05PJ; 4tZwfgrHOc3mvqYlEYSvVi,7MXVkk9YMctZqd1Srtv4MB,https://i.scdn.co/image/ab67616d00001e024718e2b124f79258be7bc452
2026-02-13,sg,Singapore,123,7,Best Part (feat. H.E.R.),Daniel Caesar; H.E.R.,20wkVLutqVOYrc0kxFs7rA; 3Y7RZ31TRPVadSFVy1o8os,1Q7EgiMOuwDcB0PJC6AzON,https://i.scdn.co/image/ab67616d00001e027aa8783ad8def37cc548a9cf
2026-02-13,sg,Singapore,124,7,"Good Luck, Babe!",Chappell Roan,7GlBOeep6PqTfFi59PTUUN,0WbMK4wrZ1wFSty9F7FCgu,https://i.scdn.co/image/ab67616d00001e0291b4bc7c88d91a42e0f3a8b7
2026-02-13,sg,Singapore,125,6,Always,Daniel Caesar,20wkVLutqVOYrc0kxFs7rA,2LlOeW5rVcvl3QcPNPcDus,https://i.scdn.co/image/ab67616d00001e027c68face1dc58127f3a7b1cc
2026-02-13,sg,Singapore,126,17,Soft Spot,keshi,3pc0bOVB5whxmD50W79wwO,2aL4lMGhWdPpyPL6COPou7,https://i.scdn.co/image/ab67616d00001e02617997bc09bb7fa23624eff5
2026-02-13,sg,Singapore,127,–,GO!,CORTIS,1ebt9HnXdyYA6KgLXr1n4P,6OWWZtNQORY1McaZmOrwhc,https://i.scdn.co/image/ab67616d00001e024b56a34b0c2b3798fd46f855
2026-02-13,sg,Singapore,128,6,E85,Don Toliver,4Gso3d4CscCijv0lmajZWs,3B4cjvGlPvyBLNG3AzEgkZ,https://i.scdn.co/image/ab67616d00001e0225c28f3c9fbdbab1a88dd619
2026-02-13,sg,Singapore,129,28,Snooze,SZA,7tYKF4w9nC0nq9CsPZTHyP,4iZ4pt7kvcaH6Yo8UoZ4s2,https://i.scdn.co/image/ab67616d00001e02bc18bdade69ec5ef0bb25b17
2026-02-13,sg,Singapore,130,35,Internet Girl,KATSEYE,3c0gDdb9lhnHGFtP4prQpn,3THVfoVD5kdCxPviVaCPi7,https://i.scdn.co/image/ab67616d00001e0276cf80e10aea7ef055e34ea3
2026-02-13,sg,Singapore,131,20,Love Me Harder,Ariana Grande; The Weeknd,66CXWjxzNUsdJxJ2JdwvnR; 1Xyo4u8uXC1ZmMpatF05PJ,5J4ZkQpzMUFojo1CtAZYpn,https://i.scdn.co/image/ab67616d00001e02deec12a28d1e336c5052e9aa
2026-02-13,sg,Singapore,132,1,YUKON,Justin Bieber,1uNFoZAHBGtllmzznpCI3s,29iva9idM6rFCPUlu7Rhxl,https://i.scdn.co/image/ab67616d00001e02d65c4773bc5061fd27facc5b
2026-02-13,sg,Singapore,133,53,過了幾天(合唱版),郭家瑋; DIOR 大穎,5EZkv9iiDdCJvhSQaRMj2X; 0czbvTRVGHfCdRsJLxbBGQ,4GEWZ1vDFVkmhG55zpKFLO,https://i.scdn.co/image/ab67616d00001e021638625acf2084cca7630e8f
2026-02-13,sg,Singapore,134,29,SLOW DANCING IN THE DARK,Joji,3MZsBdqDrRTJihTHQrO6Dq,6rY5FAWxCdAGllYEOZMbjW,https://i.scdn.co/image/ab67616d00001e024cc52cd7a712842234e4fce2
2026-02-13,sg,Singapore,135,24,Aperture,Harry Styles,6KImCVD70vtIoJWnq6nGn3,45Z3m6yazmAi4jZuW0tzW0,https://i.scdn.co/image/ab67616d00001e026b10b937d94f055f8890cb62
2026-02-13,sg,Singapore,136,New,你好我好新年好,Danny Koo; Jasmine C; Chris 官杰皓; Miki咏瑄; Janelle Jiahuii,6wV3VcxKYg6ynYZOdjbwL9; 6H1fGzH3FVEgBEinAi4rcB; 1RmlAusTzAZxnL52oD223v; 6CB6lTJCzYObdXJ0jh7vUs; 2BtuqXTwj2cAPrgKCHfWIk,7h5e2sDk3f9DlAJ8hX8jXn,https://i.scdn.co/image/ab67616d00001e0218dc9e08d711fbb3962b6c52
2026-02-13,sg,Singapore,137,15,Magnetic,ILLIT,36cgvBn0aadzOijnjjwqMN,1aKvZDoLGkNMxoRYgkckZG,https://i.scdn.co/image/ab67616d00001e02f037c5fb9de6c78726cb8e2c
2026-02-13,sg,Singapore,138,13,Blank Space,Taylor Swift,06HL4z0CvFAxyc27GXpf02,1u8c2t2Cy7UBoG4ArRcF5g,https://i.scdn.co/image/ab67616d00001e0252b2a3824413eefe9e33817a
2026-02-13,sg,Singapore,139,13,怎麼了,Eric Chou,5fEQLwq1BWWQNR8GzhOIvi,5cU1O9P0EDA0rPkPDykhIm,https://i.scdn.co/image/ab67616d00001e02540dd1971439c343972a92b7
2026-02-13,sg,Singapore,140,9,嚣张,en王翊恩,7z7tLLiBfmH0kZ2lNVs8LW,1vfUASvUGt3gxQ1x3T3u1C,https://i.scdn.co/image/ab67616d00001e029ca65a2abe7108fd00ffe9fb
2026-02-13,sg,Singapore,141,6,Perfect,Ed Sheeran,6eUKZXaKkcviH0Ku9w2n3V,0tgVpDi06FyKpA1z0VMD4v,https://i.scdn.co/image/ab67616d00001e02ba5db46f4b838ef6027e6f96
2026-02-13,sg,Singapore,142,4,"如果可以 - 電影""月老""主題曲",WeiBird,7y3HnWCFEvWj4KM9GFSkiX,72OVnXDzugvrCU25lMi9au,https://i.scdn.co/image/ab67616d00001e02e7e0b58b56d99f8f704c6760
2026-02-13,sg,Singapore,143,6,Let Me Love You,DJ Snake; Justin Bieber,540vIaP2JwjQb9dm3aArA4; 1uNFoZAHBGtllmzznpCI3s,0lYBSQXN6rCTvUZvg9S0lU,https://i.scdn.co/image/ab67616d00001e02212d776c31027c511f0ee3bc
2026-02-13,sg,Singapore,144,29,greedy,Tate McRae,45dkTj5sMRSjrmBSBeiHym,3rUGC1vUpkDG9CZFHMur1t,https://i.scdn.co/image/ab67616d00001e025f677b5d3b81f08badd0775b
2026-02-13,sg,Singapore,145,13,FaSHioN,CORTIS,1ebt9HnXdyYA6KgLXr1n4P,4ecdsGz3Hg6TKPwQ0ZOdJz,https://i.scdn.co/image/ab67616d00001e024b56a34b0c2b3798fd46f855
2026-02-13,sg,Singapore,146,1,EYES CLOSED (with ZAYN),JISOO; ZAYN,6UZ0ba50XreR4TM8u322gs; 5ZsFI1h6hIdQRw2ti0hz81,4WFfPxJv1KRekG6mxn837K,https://i.scdn.co/image/ab67616d00001e021bc666f3fa4156c40c6f90d2
2026-02-13,sg,Singapore,147,5,Wide Awake,Katy Perry,6jJ0s89eD6GaHleKKya26X,1rUQmXEy41tXwHIKFECNTa,https://i.scdn.co/image/ab67616d00001e02a56dc57d708c7b62db950105
2026-02-13,sg,Singapore,148,24,Mantra,JENNIE,250b0Wlc5Vk0CoUsaCY84M,1kUyOJb3fzUo8r0OCz5SQk,https://i.scdn.co/image/ab67616d00001e02dcf27dec5e479b2e39c4c993
2026-02-13,sg,Singapore,149,19,Sweater Weather,The Neighbourhood,77SW9BnxLY8rJ0RciFqkHh,0cQVqPuHQP4KEwc7ZUQmj6,https://i.scdn.co/image/ab67616d00001e028265a736a1eb838ad5a0b921
2026-02-13,sg,Singapore,150,24,Counting Stars,OneRepublic,5Pwc4xIPtQLFEnJriah9YJ,2tpWsVSb9UEmDRxAl1zhX1,https://i.scdn.co/image/ab67616d00001e029e2f95ae77cf436017ada9cb
2026-02-13,sg,Singapore,151,18,Midnight Sun,Zara Larsson,1Xylc3o4UrD53lo9CvFvVg,1qRV1dKLOfH1s00b9J2LUQ,https://i.scdn.co/image/ab67616d00001e027657f9028ea8bb2c18dca99f
2026-02-13,sg,Singapore,152,5,Timeless (feat Playboi Carti),The Weeknd; Playboi Carti,1Xyo4u8uXC1ZmMpatF05PJ; 699OTQXzgjhIYAHMy9RyPD,0FIDCNYYjNvPVimz5icugS,https://i.scdn.co/image/ab67616d00001e02de79f330bc297af3fae736da
2026-02-13,sg,Singapore,153,1,I Wanna Be Yours,Arctic Monkeys,7Ln80lUS6He07XvHI8qqHH,5XeFesFbtLpXzIVDNQP22n,https://i.scdn.co/image/ab67616d00001e024ae1c4c5c45aabe565499163
2026-02-13,sg,Singapore,154,3,Zoo,Disney; Shakira,3xvaSlT4xsyk6lY1ESOspO; 0EmeFodog0BfCgMzAIvKQp,3vJIaiTIHxHhYafTSPNiH4,https://i.scdn.co/image/ab67616d00001e02a6c1dcda006bbf12825b7f43
2026-02-13,sg,Singapore,155,11,Talking to the Moon,Bruno Mars,0du5cEVh5yTK9QJze8zA0C,161DnLWsx1i3u1JT05lzqU,https://i.scdn.co/image/ab67616d00001e027039c1c841fc3dfa2ad8a0d8
2026-02-13,sg,Singapore,156,13,Dive,Olivia Dean,00x1fYSGhdqScXBRpSj3DW,36vmaZyO0iAE6FZ7287fg2,https://i.scdn.co/image/ab67616d00001e02cac9b52107643faf13a7587b
2026-02-13,sg,Singapore,157,35,我会等,承桓,3ZYhFl4nztqc9vx35vKdUI,5Rzpn60KTM11EBETHaF9Kt,https://i.scdn.co/image/ab67616d00001e025acf144a78b1c2ada7a3060b
2026-02-13,sg,Singapore,158,18,Let Down,Radiohead,4Z8W4fKeB5YxbusRsdQVPb,2fuYa3Lx06QQJAm0MjztKr,https://i.scdn.co/image/ab67616d00001e02c8b444df094279e70d0ed856
2026-02-13,sg,Singapore,159,23,特別的人,Khalil Fong,1YrtUPrWcPfgdl9BaD9nhd,0VTzUEuHYD8s7CgQ15cDPo,https://i.scdn.co/image/ab67616d00001e02e71979c121400469d76350cf
2026-02-13,sg,Singapore,160,New,新年好马,钟盛忠; Stella Chung; 娃娃; 钟旭辉; 孙琪欢; 郑雪钧; 冯韦诚; 李永钧,3tJiBxotnVJzNdx1BAeEnJ; 3BrG5EjjAeVzpHt5vT5Wk8; 6S8MrxRafKB4y6qUz8xKCg; 1K1r8X1fptuHNRpYCblDt6; 1czo9B16t2L0mUGhQ1ZX6y; 5roLaKllDwgiowG9ViZyHs; 3kaT8bkZ3J5Wu0beHJBj5H; 10gQZrIBqtjyk7zaVHD3tY,6KR1AEzSk4XwKTyInPXjMr,https://i.scdn.co/image/ab67616d00001e026ad7b2575f20eb39d62282de
2026-02-13,sg,Singapore,161,12,Nothin' on You (feat. Bruno Mars),B.o.B; Bruno Mars,5ndkK3dpZLKtBklKjxNQwT; 0du5cEVh5yTK9QJze8zA0C,59dLtGBS26x7kc0rHbaPrq,https://i.scdn.co/image/ab67616d00001e02caa23612279c2d059a0d3a82
2026-02-13,sg,Singapore,162,Re-Entry,What It Sounds Like,HUNTR/X; EJAE; AUDREY NUNA; REI AMI; KPop Demon Hunters Cast,2yNNYQBChuox9A5Ka93BIn; 0RMJOzHDhAKY1o2j0W0vxY; 0Wwji82sLA0Hcvtuak3omb; 6U1dV7aL68N7Gb0Naq34V5; 7mW7Tv7NvywKKXqafZo0Lc,5sBDrrtLGbV64QJnEqfjer,https://i.scdn.co/image/ab67616d00001e024dcb6c5df15cf74596ab25a4
2026-02-13,sg,Singapore,163,7,One Last Time,Ariana Grande,66CXWjxzNUsdJxJ2JdwvnR,7xoUc6faLbCqZO6fQEYprd,https://i.scdn.co/image/ab67616d00001e02deec12a28d1e336c5052e9aa
2026-02-13,sg,Singapore,164,24,"I Love You, I'm Sorry",Gracie Abrams,4tuJ0bMpJh08umKkEXKUI5,51rfRCiUSvxXlCSCfIztBy,https://i.scdn.co/image/ab67616d00001e026e2101520787791370f4a96b
2026-02-13,sg,Singapore,165,7,Love Yourself,Justin Bieber,1uNFoZAHBGtllmzznpCI3s,50kpGaPAhYJ3sGmk6vplg0,https://i.scdn.co/image/ab67616d00001e02f46b9d202509a8f7384b90de
2026-02-13,sg,Singapore,166,45,我走后 (深情版),en王翊恩,7z7tLLiBfmH0kZ2lNVs8LW,4iWXBvFiGanzt0ntGnMALN,https://i.scdn.co/image/ab67616d00001e020f69c3fd6c4ae5f9eae61c4a
2026-02-13,sg,Singapore,167,1,告白氣球,Jay Chou,2elBjNSdBE2Y3f0j1mjrql,2tqF9MPNdYdJU70U0ULO23,https://i.scdn.co/image/ab67616d00001e02db1172ca038c6818b6ae8bf2
2026-02-13,sg,Singapore,168,13,Cry,Cigarettes After Sex,1QAJqy2dA3ihHBFIHRphZj,3p4hRhMcb6ch8OLtATMaLw,https://i.scdn.co/image/ab67616d00001e028324db1ae37be249aed887e7
2026-02-13,sg,Singapore,169,8,Locked out of Heaven,Bruno Mars,0du5cEVh5yTK9QJze8zA0C,5g7sDjBhZ4I3gcFIpkrLuI,https://i.scdn.co/image/ab67616d00001e02926f43e7cce571e62720fd46
2026-02-13,sg,Singapore,170,New,Always Everywhere,Charli xcx,25uiPmTg16RbhZWAqwLBy5,6fGapufucZHPva1kvCqceA,https://i.scdn.co/image/ab67616d00001e025048960108f204f627b294b4
2026-02-13,sg,Singapore,171,23,泡沫,G.E.M.,7aRC4L63dBn3CiLDuWaLSI,2IfSPLPDW6RGosdB5huwAA,https://i.scdn.co/image/ab67616d00001e0270734b5ad18da897511c9b23
2026-02-13,sg,Singapore,172,22,When Did You Get Hot?,Sabrina Carpenter,74KM79TiuVKeVCqs8QtB0B,0je57Uq5eTk1wrPzn9sWbl,https://i.scdn.co/image/ab67616d00001e02b1863bf95557ea7f357c4947
2026-02-13,sg,Singapore,173,20,楓,Jay Chou,2elBjNSdBE2Y3f0j1mjrql,1pALOIA4ytESmhl7Fxjdic,https://i.scdn.co/image/ab67616d00001e022625625847482492f9e2e665
2026-02-13,sg,Singapore,174,4,說好的幸福呢,Jay Chou,2elBjNSdBE2Y3f0j1mjrql,4OoExItZJ0jePoCZDbHx4t,https://i.scdn.co/image/ab67616d00001e02c2321adb9887902f0c5bd8f1
2026-02-13,sg,Singapore,175,69,Attention,Charlie Puth,6VuMaDnrHyPL1p4EHjYLi7,5cF0dROlMOK5uNZtivgu50,https://i.scdn.co/image/ab67616d00001e02897f73256b9128a9d70eaf66
2026-02-13,sg,Singapore,176,12,As It Was,Harry Styles,6KImCVD70vtIoJWnq6nGn3,4Dvkj6JhhA12EX05fT7y2e,https://i.scdn.co/image/ab67616d00001e0282ce362511fb3d9dda6578ee
2026-02-13,sg,Singapore,177,13,Always Remember Us This Way,Lady Gaga,1HY2Jd0NmPuamShAr6KMms,2rbDhOo9Fh61Bbu23T2qCk,https://i.scdn.co/image/ab67616d00001e02b5d4b4ed17ec86c4b3944af2
2026-02-13,sg,Singapore,178,38,undressed,sombr,4G9NDjRyZFDlJKMRL8hx3S,0TFTAtCYhp2tQ9KcJIZb55,https://i.scdn.co/image/ab67616d00001e024229702de91cb3d3a4383302
2026-02-13,sg,Singapore,179,12,The Scientist,Coldplay,4gzpq5DPGxSnKTe4SA8HAU,75JFxkI2RXiU7L9VXzMkle,https://i.scdn.co/image/ab67616d00001e02de09e02aa7febf30b7c02d82
2026-02-13,sg,Singapore,180,10,Siren sounds (bonus),Tate McRae,45dkTj5sMRSjrmBSBeiHym,6A18pcBX8QZGwI8EkR7aIP,https://i.scdn.co/image/ab67616d00001e026c691022744f42565f6b546e
2026-02-13,sg,Singapore,181,4,When I Was Your Man,Bruno Mars,0du5cEVh5yTK9QJze8zA0C,0B7wvvmu9EISAwZnOpjhNI,https://i.scdn.co/image/ab67616d00001e02926f43e7cce571e62720fd46
2026-02-13,sg,Singapore,182,22,Please Please Please,Sabrina Carpenter,74KM79TiuVKeVCqs8QtB0B,2tHwzyyOLoWSFqYNjeVMzj,https://i.scdn.co/image/ab67616d00001e02fd8d7a8d96871e791cb1f626
2026-02-13,sg,Singapore,183,42,从前说,小阿七,7tDLiRbNQalA5uvTpX2bKh,3t5edAHbyFEW67wFApp7EO,https://i.scdn.co/image/ab67616d00001e0212f238292889f93a67acef42
2026-02-13,sg,Singapore,184,13,One Dance,Drake; Wizkid; Kyla,3TVXtAsR1Inumwj472S9r4; 3tVQdUvClmAT7URs9V3rsp; 6TK7fjRPdy2GW2pJzNF23L,1zi7xx7UVEFkmKfv06H8x0,https://i.scdn.co/image/ab67616d00001e029416ed64daf84936d89e671c
2026-02-13,sg,Singapore,185,19,STAY (with Justin Bieber),The Kid LAROI; Justin Bieber,2tIP7SsRs7vjIcLrU85W8J; 1uNFoZAHBGtllmzznpCI3s,567e29TDzLwZwfDuEpGTwo,https://i.scdn.co/image/ab67616d00001e02b4d59e6fa7e5e7cbc57ac33a
2026-02-13,sg,Singapore,186,7,Dynamite,BTS,3Nrfpe0tUJi4K4DXYWgMUX,5QDLhrAOJJdNAmCTJ8xMyW,https://i.scdn.co/image/ab67616d00001e02c07d5d2fdc02ae252fcd07e5
2026-02-13,sg,Singapore,187,4,青花瓷,Jay Chou,2elBjNSdBE2Y3f0j1mjrql,10VuSw48iPN2UK2xX9Y6P0,https://i.scdn.co/image/ab67616d00001e0222fe29cadcb2a28c2d3b9bb7
2026-02-13,sg,Singapore,188,13,Whiplash,aespa,6YVMFz59CuY7ngCxTxjpxE,7Cnpb1vBbC46RgVyyKLH7p,https://i.scdn.co/image/ab67616d00001e02e467a8e8d7b0aa92d354aa75
2026-02-13,sg,Singapore,189,Re-Entry,字字句句,卢卢快闭嘴,4wUR1NviIGE01yEfeLNkeV,7fAdinC2UTc0Y9GiKrkTtu,https://i.scdn.co/image/ab67616d00001e02684a1e58b82964609fcf7158
2026-02-13,sg,Singapore,190,11,party 4 u,Charli xcx,25uiPmTg16RbhZWAqwLBy5,2RdEC8Ff83WkX7kDVCHseE,https://i.scdn.co/image/ab67616d00001e025b8ef3c9b30d307df5245bfa
2026-02-13,sg,Singapore,191,11,Knife,ENHYPEN,5t5FqBwTcgKTaWmfEbwQY9,0TKCUjfV3YGuY99MxCKM5w,https://i.scdn.co/image/ab67616d00001e0292beb54472282ca313f34055
2026-02-13,sg,Singapore,192,7,Here With Me,d4vd,5y8tKLUfMvliMe8IKamR32,0dS2u2UFd88TIzDDaZDLvS,https://i.scdn.co/image/ab67616d00001e02e5ff1941799cd30cb2aa072b
2026-02-13,sg,Singapore,193,22,Someone You Loved,Lewis Capaldi,4GNC7GD6oZMSxPGyXy4MNB,7qEHsqek33rTcFNT9PFqLf,https://i.scdn.co/image/ab67616d00001e02fc2101e6889d6ce9025f85f2
2026-02-13,sg,Singapore,194,11,The One That Got Away,Katy Perry,6jJ0s89eD6GaHleKKya26X,6hkOqJ5mE093AQf2lbZnsG,https://i.scdn.co/image/ab67616d00001e021d955011a3ed477dc77865ad
2026-02-13,sg,Singapore,195,1,Life Goes On,BTS,3Nrfpe0tUJi4K4DXYWgMUX,5FVbvttjEvQ8r2BgUcJgNg,https://i.scdn.co/image/ab67616d00001e02c07d5d2fdc02ae252fcd07e5
2026-02-13,sg,Singapore,196,57,I Like Me Better,LAUV,5JZ7CnR6gTvEMKX4g70Amv,4MagTPnkPiDuIa4P8GtW1b,https://i.scdn.co/image/ab67616d00001e029ed5fcf212f05d55b1e61eae
2026-02-13,sg,Singapore,197,Re-Entry,Mystical Magical,Benson Boone,22wbnEMDvgVIAGdFeek6ET,2ipIPsgrgd0j2beDf4Ki70,https://i.scdn.co/image/ab67616d00001e023966ad1a94af993a41332d77
2026-02-13,sg,Singapore,198,Re-Entry,There's Nothing Holdin' Me Back,Shawn Mendes,7n2wHs1TKAczGzO7Dd2rGr,7JJmb5XwzOO8jgpou264Ml,https://i.scdn.co/image/ab67616d00001e02ea3ef7697cfd5705b8f47521
2026-02-13,sg,Singapore,199,New,Money Happy 都拿拿,林明禎; Danny Koo; Tomato李明鸿; Phei Yong,0VeTG0kxi1nDs8M4dP57Kp; 6wV3VcxKYg6ynYZOdjbwL9; 58zBBByZhYTABNKE5W2FUm; 7DYKmTSkqpZYsSSq8Ws3qj,7JVGqPjEZoQoTv14eFYyw2,https://i.scdn.co/image/ab67616d00001e0229f7ae58c00875c822d6c380
2026-02-13,sg,Singapore,200,New,时光大耳窿,3P,3NSGCBkfj6hEhXQhytRg4D,6kzuQumnMjqQUQhBmYotEy,https://i.scdn.co/image/ab67616d00001e0201684c3973a4b8dc08469be6
2026-02-13,th,Thailand,1,–,กลัวว่าฉันจะไม่เสียใจ (Fear),PURPEECH,3xlC7Dw0uiwprXDHCU9SAu,4ntIPuXf6DpvrZExXrn5QA,https://i.scdn.co/image/ab67616d00001e02d40ab8c072495fa960817cdd
2026-02-13,th,Thailand,2,–,ดาวตก (Wish) [feat. Z9],WANYAi; Z9,3yLZtAIGm6Eq4WSfnimZad; 4CuVt3p02OaWu4klQuJoDP,4YkPsxVBXkM4jBgMTAxtFz,https://i.scdn.co/image/ab67616d00001e02b82d5332a7a169def634827f
2026-02-13,th,Thailand,3,1,ใจฉันตามเธอไป,YOUNGOHM,0AvGycOEDZTaBFLCaiGd9S,75mFrseCKSI6Nz8WANXq90,https://i.scdn.co/image/ab67616d00001e0289010986807175896f24855e
2026-02-13,th,Thailand,4,1,Benz ดำ,YOUNGOHM,0AvGycOEDZTaBFLCaiGd9S,3RPiQqgZbe4jFNMIZtGoaU,https://i.scdn.co/image/ab67616d00001e0289010986807175896f24855e
2026-02-13,th,Thailand,5,–,Sunset In Pattaya,YOUNGOHM,0AvGycOEDZTaBFLCaiGd9S,3xAsJQO4g5ZBUL6U6k5CzW,https://i.scdn.co/image/ab67616d00001e0289010986807175896f24855e
2026-02-13,th,Thailand,6,–,ฝากให้เขารัก,Yes'sir Days,5fWMZzHHJQmCVt3W2ejVbV,198pPjDG0juHRjechZrWer,https://i.scdn.co/image/ab67616d00001e02b324274fba21a713c650259f
2026-02-13,th,Thailand,7,–,9 นาฬิกา,SPF,3ZUdKB3VGo26BxRSmnv5n2,1RIcNj56JKuH0WB9AyNARB,https://i.scdn.co/image/ab67616d00001e025fed9088f057bcec9ef9f25a
2026-02-13,th,Thailand,8,–,กลัวความเสียใจ,Saran; Pearpilincys,3moR9d0X97NAtZRhHWOta5; 3Htj1ew5zqwv3nJNNFfXxP,52ijTzD9HujnkPswlVPGrF,https://i.scdn.co/image/ab67616d00001e028cef18173b59380b5129b23c
2026-02-13,th,Thailand,9,–,นครดารา,YOUNGOHM,0AvGycOEDZTaBFLCaiGd9S,1x0rPOZKfNKkfWETw4nB6K,https://i.scdn.co/image/ab67616d00001e0289010986807175896f24855e
2026-02-13,th,Thailand,10,3,สมดุลรัก (Balance),SEA.; Sexski,0uu4cmaCJaaVOiUHQUG2ZC; 6QeYcD1n2YcWygCScfLhRE,2luYdyxKSSxuC3cSW8N6A0,https://i.scdn.co/image/ab67616d00001e020da22efb6e8336eefd57e979
2026-02-13,th,Thailand,11,5,จากกันโดยสมบูรณ์,guncharlie,1qveov8f3HXFhDIWtFO5tG,7LSUaVDiEO3W6Fp67yKumm,https://i.scdn.co/image/ab67616d00001e02afbae55931618ecd661b6db0
2026-02-13,th,Thailand,12,2,รสชาติชีวิต,LITTLE JOHN,6IyHyMlpel4mF7hTldZu3m,3S16LqUZZibsrTeG59kH4M,https://i.scdn.co/image/ab67616d00001e02aed1ff567765206bba1a6b47
2026-02-13,th,Thailand,13,2,ดอกกระเจียวบาน,Kong Huayrai,0QStHUbJoIoaNtvHVaBMGK,2GwkhYxTMUNoA82crG078s,https://i.scdn.co/image/ab67616d00001e02f0fc33a46575da3a6a9d3547
2026-02-13,th,Thailand,14,1,เจิดจรัส,YOUNGOHM,0AvGycOEDZTaBFLCaiGd9S,756CfCm14O6NqBUld3CWv3,https://i.scdn.co/image/ab67616d00001e0289010986807175896f24855e
2026-02-13,th,Thailand,15,3,Who,Jimin,1oSPZhvZMIrWW5I41kPkkY,7tI8dRuH2Yc6RuoTjxo4dU,https://i.scdn.co/image/ab67616d00001e02f02c451189a709b9a952aaec
2026-02-13,th,Thailand,16,6,Don’t Say You Love Me,Jin,5vV3bFXnN6D6N3Nj4xRvaV,27xkOIER6uDLKALIelHylZ,https://i.scdn.co/image/ab67616d00001e0289228504f700641956e29f5d
2026-02-13,th,Thailand,17,6,บทสรุปสุดท้าย,Z9,4CuVt3p02OaWu4klQuJoDP,0gpFtSxhDc1gC7kYJ927fJ,https://i.scdn.co/image/ab67616d00001e0205c3fb79c77c600a45e9c992
2026-02-13,th,Thailand,18,–,กรุงเทพมหานคร,YOUNGOHM,0AvGycOEDZTaBFLCaiGd9S,4sQjVDas1lw04lj3NGsoDC,https://i.scdn.co/image/ab67616d00001e0289010986807175896f24855e
2026-02-13,th,Thailand,19,–,อยากจะกอดเธอนาน ๆ (HAVE A GOOD TIME),BLVCKHEART,3Ld1g6LjfR2ILDB6SD8aJV,63oA4hG0SqvsUFfaEhgqVX,https://i.scdn.co/image/ab67616d00001e02dc679b969c81ebc604b1e7da
2026-02-13,th,Thailand,20,1,ที่คั่นหนังสือ (Sometimes),BOWKYLION; NONT TANONT,2SWWw5uB9cO5m7zJQZqwmr; 6chmC6o0wvACYVGTITw3Pz,6vn8nzgxByxZDKLmIKYAkn,https://i.scdn.co/image/ab67616d00001e0293078ffbe895d3504ccd9881
2026-02-13,th,Thailand,21,1,One Of My Life,BLVCKHEART; K6Y,3Ld1g6LjfR2ILDB6SD8aJV; 0QxCgzdTynqgvj1OWRllYt,6Mm77XGJld1QxvKyMrYbFj,https://i.scdn.co/image/ab67616d00001e024574863ddb40a0a5c9941ed1
2026-02-13,th,Thailand,22,2,BU,SURIYA MQT; P6ICK,47VCMoQZJ0SycPle77t12P; 52IxFzldfmZmsLcF078dnY,3X5Kco6l9HuvtO9CLCtzzq,https://i.scdn.co/image/ab67616d00001e02b397057eefe809f360993648
2026-02-13,th,Thailand,23,6,รู้ตัวอีกที,Sexski; 2T FLOW,6QeYcD1n2YcWygCScfLhRE; 1ymRpNPlxJRVT00kmJk8AZ,7kiPXq1mQ8yakcIYmqrw6t,https://i.scdn.co/image/ab67616d00001e02ee931143f33a710ca40c3236
2026-02-13,th,Thailand,24,4,เลือกเองกับมือ (Bad Choices),Season Five,2DWxd6CkiJVMnTqSbtd56H,4gHm2mJ5WC9nPomTXuwg3c,https://i.scdn.co/image/ab67616d00001e0237cfacd2bf590411cfe36c3c
2026-02-13,th,Thailand,25,–,ซาโยนาระ,Mild,2fLbT474RKQfdWHLw8Bf0G,1MkgN3lRBf5mXbxY6CWU9s,https://i.scdn.co/image/ab67616d00001e028e104724f24489a06887b626
2026-02-13,th,Thailand,26,2,ใจเหลือเหลือ,Dr.Fuu,5ksYtzE6rgRhlJPw0GTvy6,5mcCatVvcUeNQpli4Mpaxl,https://i.scdn.co/image/ab67616d00001e02bc6833fe0c8989d7a901e36e
2026-02-13,th,Thailand,27,7,ที่ผ่านมาขอบใจจริงๆ,LITTLE JOHN,6IyHyMlpel4mF7hTldZu3m,0Vx23Np7HAjaQIttqOAUPR,https://i.scdn.co/image/ab67616d00001e02bc3afa6710dd166b457c5502
2026-02-13,th,Thailand,28,18,ความทรงจำ,Musketeers,0OjRa6r1EIPF5RZPy1SGz9,24VfUtHxbkCrscWC00toom,https://i.scdn.co/image/ab67616d00001e02b0f744fa9ec23266c747a606
2026-02-13,th,Thailand,29,1,ที่เดิม,PUN,6HEMZkIMQAPnd36iLsUlTx,4KZRjuldIGTS7AQUPbUvbs,https://i.scdn.co/image/ab67616d00001e02cc05ec584ca006c1a29e54f0
2026-02-13,th,Thailand,30,1,Rockstar,LISA,5L1lO4eRHmJ7a0Q6csE5cT,65ZihkVQO3KqPj7ZKxmcev,https://i.scdn.co/image/ab67616d00001e0295ce3d848f4e452489d4a12c
2026-02-13,th,Thailand,31,–,เรื่องราวความรักในตำนาน,YOUNGOHM; GAVIN:D,0AvGycOEDZTaBFLCaiGd9S; 6gYafDbRgLFc6zFKxKCP22,4JVHa8eTUOEN0zS1zrA2j5,https://i.scdn.co/image/ab67616d00001e028c8ef01ec2df170143555605
2026-02-13,th,Thailand,32,5,เพลงรัก,Three Man Down,1qAOsY7jv9GFTv4HoVof5P,35wMKn5IxX8DYnCuyIEdQq,https://i.scdn.co/image/ab67616d00001e02b665b01883c990a870e2a99c
2026-02-13,th,Thailand,33,3,รออยู่อย่างนั้น,Saran; Z9; SIMON,3moR9d0X97NAtZRhHWOta5; 4CuVt3p02OaWu4klQuJoDP; 6gL6AwaRQKqK9VGBqi5zDo,24wXz2WuaF02y0mrKNPMsN,https://i.scdn.co/image/ab67616d00001e02f36dd862442eeb4f2eb53223
2026-02-13,th,Thailand,34,2,ก่อนตาย,Big Ass,0GsileCtd1UjaVh4OpW7Qv,5pqAbpHRuFhcACwvVBi69V,https://i.scdn.co/image/ab67616d00001e0252e0c225cf0eb353812294c7
2026-02-13,th,Thailand,35,16,I Just Wanna Know,PUN,6HEMZkIMQAPnd36iLsUlTx,2a78JDp7YVCyEydtRiHOn7,https://i.scdn.co/image/ab67616d00001e02cc05ec584ca006c1a29e54f0
2026-02-13,th,Thailand,36,3,ไฟเย็น,YOUNGOHM,0AvGycOEDZTaBFLCaiGd9S,4ZU069vAYkr7soRzdzNdjF,https://i.scdn.co/image/ab67616d00001e028c8ef01ec2df170143555605
2026-02-13,th,Thailand,37,1,Yours Ever (feat. Q Flure),Cocktail; Q Flure,6JrR3zrG0NQiXb9N9XSyGb; 2F8QVTDDHb8n0cwR9ftxFs,5W2IYA5Su42XiI90GDdscj,https://i.scdn.co/image/ab67616d00001e02a85ceab01b0f0a26275d2893
2026-02-13,th,Thailand,38,4,1 OF 1,P6ICK; SURIYA MQT,52IxFzldfmZmsLcF078dnY; 47VCMoQZJ0SycPle77t12P,7wEWayecQuw6YBcWZLukM0,https://i.scdn.co/image/ab67616d00001e029dbce78cb31f5ef5ebfd4250
2026-02-13,th,Thailand,39,8,อาจเป็นเพราะฉันเอง (me.),PURPEECH,3xlC7Dw0uiwprXDHCU9SAu,1QbP49w60Db4mrhYbsQ8bg,https://i.scdn.co/image/ab67616d00001e02bbff1471b24e1f5a7c50b658
2026-02-13,th,Thailand,40,5,ต่อยให้,Txrbo,45pQix6T07syL9LwzOoRNg,2cn4X3qXv6KcQYHr67st6T,https://i.scdn.co/image/ab67616d00001e02be8f24ca7ca95cc21e2412a1
2026-02-13,th,Thailand,41,6,เล่นของสูง,Big Ass,0GsileCtd1UjaVh4OpW7Qv,5ILPWem0xm3v85WeXqrTKP,https://i.scdn.co/image/ab67616d00001e025e3a93110fb655db8060bea8
2026-02-13,th,Thailand,42,7,สุดแต่ใจจะไขว่คว้า,LITTLE JOHN,6IyHyMlpel4mF7hTldZu3m,6QdPlI3flfUFMy4JNpsWcG,https://i.scdn.co/image/ab67616d00001e025eadf79d0b8851144bce154b
2026-02-13,th,Thailand,43,9,อยู่ได้แล้ว,Lipta; Mirrr,2DaMrZndfGgM3yd9ivadRC; 5zSQoNQ9o2dnT1LPTzDxg7,7b6fnnFEurhwq7E38VJBJP,https://i.scdn.co/image/ab67616d00001e02dc73047ca46754847db8a76d
2026-02-13,th,Thailand,44,3,มอง 2568,YOUNGOHM,0AvGycOEDZTaBFLCaiGd9S,4oOSJiNmrvZzhvr1OQPln2,https://i.scdn.co/image/ab67616d00001e0289010986807175896f24855e
2026-02-13,th,Thailand,45,27,You Give Me Butterflies,BLUE PONGTIWAT; TEN,2qOLzlqMqg4sUAcwdO4tYJ; 3Q5Qep7ytrjVleNnMnntgQ,4VjdrMPJtXDEAzbaiNmh7O,https://i.scdn.co/image/ab67616d00001e02fb601eb8626c58802f63ed4d
2026-02-13,th,Thailand,46,20,Seven (feat. Latto) (Explicit Ver.),Jung Kook; Latto,6HaGTQPmzraVmaVxvz6EUc; 3MdXrJWsbVzdn6fe5JYkSQ,2HRgqmZQC0MC7GeNuDIXHN,https://i.scdn.co/image/ab67616d00001e02741fd4807f442af3f7359316
2026-02-13,th,Thailand,47,21,วิงวอน (ex-change),BOWKYLION,2SWWw5uB9cO5m7zJQZqwmr,4XaJuCQuIPM4Xz8O6csrdZ,https://i.scdn.co/image/ab67616d00001e028ace3e29045e35179313e68a
2026-02-13,th,Thailand,48,5,PLEASE,atom chanakan,2iLCiSxdwUMDEfqyfkuLEw,3Ohb6hLc9rdw63nq8NMC17,https://i.scdn.co/image/ab67616d00001e024eec4ae9817e05bcce951f58
2026-02-13,th,Thailand,49,14,back to friends,sombr,4G9NDjRyZFDlJKMRL8hx3S,7qjZnBKE73H4Oxkopwulqe,https://i.scdn.co/image/ab67616d00001e024229702de91cb3d3a4383302
2026-02-13,th,Thailand,50,7,Faded - Special Version,2Ectasy; Z9,4WXkCBHyUCfIPPZrZFcP5m; 4CuVt3p02OaWu4klQuJoDP,5b2OC2aaioNReqHlQs1TbR,https://i.scdn.co/image/ab67616d00001e024a3961fa1cd17f29f671fbfa
2026-02-13,th,Thailand,51,13,Hurry up!,JayQ; 7Vibes,5SLXYrzObBv7IrLzo4I4S6; 1WJ1KSMt6Yuf1cQ0MVtqTC,7IrTPlLm2kczzMFlJCQRAw,https://i.scdn.co/image/ab67616d00001e024c9e28bf31822294a9684ade
2026-02-13,th,Thailand,52,9,I Thought I Saw Your Face Today,She & Him,3CIRif6ZAedT7kZSPvj2A4,0myRViRgmQ3J8izICXEAVO,https://i.scdn.co/image/ab67616d00001e02a47c6d8a934b4833c0916cc9
2026-02-13,th,Thailand,53,24,แก้บน,Kantong Tungngern,5j2wM66qbeuJAygcWdMNpv,1tBFg7D6aSmZb9KUl7FPbu,https://i.scdn.co/image/ab67616d00001e0213aa4c40076497d0e3a8493c
2026-02-13,th,Thailand,54,15,Living Death,PUN,6HEMZkIMQAPnd36iLsUlTx,0ze2gwpSfT2leQALslUXId,https://i.scdn.co/image/ab67616d00001e02fa0eba8392217e6b1d061791
2026-02-13,th,Thailand,55,11,CURSE (รักใครไม่เป็น),Z9; 2K; Saran,4CuVt3p02OaWu4klQuJoDP; 7w08uJNZmg9HTsS6XeHX9E; 3moR9d0X97NAtZRhHWOta5,77rZWogLvZ2NOf248oMd6N,https://i.scdn.co/image/ab67616d00001e02963e6fa67ad2f23d93eca930
2026-02-13,th,Thailand,56,12,Winter Ahead (with PARK HYO SHIN),V; Park Hyo Shin,3JsHnjpbhX4SnySpvpa9DK; 57htMBtzpppc1yoXgjbslj,7G7mSV4BebkoHWwKTDvXu9,https://i.scdn.co/image/ab67616d00001e0216ba2a3622bd0d0d985e3234
2026-02-13,th,Thailand,57,18,แค่คุณ,Musketeers,0OjRa6r1EIPF5RZPy1SGz9,5u8iqPNTa3ryOqeiNdgi6o,https://i.scdn.co/image/ab67616d00001e02e4bd381e15ab140ef2076c93
2026-02-13,th,Thailand,58,13,คิด(แต่ไม่)ถึง (Same Page?),Tilly Birds,4esoPgrgPKbWa6gwU8EGmH,6zZsio19rHayse0WDDLboq,https://i.scdn.co/image/ab67616d00001e028bdbd90bed616e60e47bfc07
2026-02-13,th,Thailand,59,–,รักรักรักรักรักรักรัก (Talk Less),D Gerrard,1k7MP2tMC43vM0b0wg8HHg,1LV7y6Foa5JFMOUc0qyj4b,https://i.scdn.co/image/ab67616d00001e02621b40910493a0abfcd46dda
2026-02-13,th,Thailand,60,5,ขี้หึง,Silly Fools,2xjp1njSsecnNhjgKZ35Ok,1nmdJTwB575vxvNm6PdXHq,https://i.scdn.co/image/ab67616d00001e02a3d8548ad8b8cc3da3194b0c
2026-02-13,th,Thailand,61,13,ไม่บอกเธอ,Bedroom Audio,5NTMa7YJCseQqw70zgF7b5,7F9ptErLnyt0r4Q0azfqDG,https://i.scdn.co/image/ab67616d00001e02420440a036c4a1a64e7eb421
2026-02-13,th,Thailand,62,12,สองรัก,Zeal,6f1tNwK04d6t8jFSOXGvrY,7sWVkwBJ8J1JPS1hmLwIYL,https://i.scdn.co/image/ab67616d00001e0262fdddd5a407f276664fad2b
2026-02-13,th,Thailand,63,7,เสียดายของ,Basher,5R4RoARrqvWRT5GEjYHcWp,2yDEfRpX5tRUcAo4VM0wFA,https://i.scdn.co/image/ab67616d00001e02d6f1a81512f909d4dfe42c9c
2026-02-13,th,Thailand,64,4,พอได้แล้ว,PORZAX,4ykAAPcxGHz8z6N0muxbIP,2Ur51n7KgBdtRYz1oCFfD6,https://i.scdn.co/image/ab67616d00001e02947e517111a5edc15b0bac1b
2026-02-13,th,Thailand,65,7,รักมือสอง,Bedroom Audio,5NTMa7YJCseQqw70zgF7b5,6FngEZyo8Gg5P4fzckJeX4,https://i.scdn.co/image/ab67616d00001e02c4437eb590c34989f940374d
2026-02-13,th,Thailand,66,33,สาธุ (Sathu) [feat. ปลาย กนกพร],ASIA7; ปลาย กนกพร,5ghOUzxpnQmnPQDwC1thIz; 5UtsnPxhjHtOM6cyv8iqVN,0pa70WIyVyI3DY4bcL2vZo,https://i.scdn.co/image/ab67616d00001e02b563a468b0dde8b8fbecdc2a
2026-02-13,th,Thailand,67,2,คนสวย,BETAYOURBITCH; N0RMA1; BARON,2xoedC37KSMtbCYLd1PVLc; 4JSLcITtMXeF5drdVO3f1b; 1Tf1lWGHooWhKhn6bwbMZv,4I0F3ItogIEpgH9qbjCiQz,https://i.scdn.co/image/ab67616d00001e0221f7bf1f9bbb6f5135342183
2026-02-13,th,Thailand,68,11,DAY ONE,PUN,6HEMZkIMQAPnd36iLsUlTx,5QxNmQBXpLPemzpDvsuiLM,https://i.scdn.co/image/ab67616d00001e02cc05ec584ca006c1a29e54f0
2026-02-13,th,Thailand,69,1,ดอกไม้กับหัวใจ,I-Zax,2qPwQcHdnoKhMYehUOt7EM,1JHQ4rCY6gFdHE5AGmv7uP,https://i.scdn.co/image/ab67616d00001e02cfdc8d1fbd48d2d14d3dae55
2026-02-13,th,Thailand,70,8,ไกล,Musketeers,0OjRa6r1EIPF5RZPy1SGz9,07ZIrtR00m3t9AcmeRZ7vQ,https://i.scdn.co/image/ab67616d00001e02b0f744fa9ec23266c747a606
2026-02-13,th,Thailand,71,18,เวลาเธอยิ้ม (You Had Me At Hello),Polycat,1ssEwBiz4ZKrbgR6o8vOeg,06DPpk0hUJEgpzl5cuWNI6,https://i.scdn.co/image/ab67616d00001e02d35e746a33990773fa9a7fb9
2026-02-13,th,Thailand,72,18,End of Beginning,Djo,5p9HO3XC5P3BLxJs5Mtrhm,3qhlB30KknSejmIvZZLjOD,https://i.scdn.co/image/ab67616d00001e02fddfffec51b4580acae727c1
2026-02-13,th,Thailand,73,7,wanna be yours (อยากให้เธอรัก),Violette Wautier,0XkEUMM4lJHAzfTK9vR0cu,2PP99Q3WvAlEongTB8PlLS,https://i.scdn.co/image/ab67616d00001e023ac0a9c94fa535f754372a47
2026-02-13,th,Thailand,74,32,คิดถึงฉันไหมเวลาที่เธอ...,Taxi,7GYGQbPxBVlemT6gxPs8Yk,0NrdH75exgYJWrF5M7fblm,https://i.scdn.co/image/ab67616d00001e0247a43b58b528193f7320da9c
2026-02-13,th,Thailand,75,18,ใจเย็น,Pancake,47FfXpy7XLVK5guGnK8NTL,6YbOPV8Of3AptlrNDsyCNf,https://i.scdn.co/image/ab67616d00001e02d3c7ff85ebf0f8abb6f889e7
2026-02-13,th,Thailand,76,1,Born Again (feat. Doja Cat & RAYE),LISA; Doja Cat; RAYE,5L1lO4eRHmJ7a0Q6csE5cT; 5cj0lLjcoR7YOSnhnX0Po5; 5KKpBU5eC2tJDzf0wmlRp2,7KNmIjcmGJIBrhP2s5Vioe,https://i.scdn.co/image/ab67616d00001e0295ce3d848f4e452489d4a12c
2026-02-13,th,Thailand,77,5,กอดไม่ได้,Bedroom Audio,5NTMa7YJCseQqw70zgF7b5,6OtTqu9t1RitlU1RjUfEXe,https://i.scdn.co/image/ab67616d00001e02420440a036c4a1a64e7eb421
2026-02-13,th,Thailand,78,–,ไม่ให้ไป,Three Man Down,1qAOsY7jv9GFTv4HoVof5P,70sb4kxm9A4fDw8ZltDpW2,https://i.scdn.co/image/ab67616d00001e02b665b01883c990a870e2a99c
2026-02-13,th,Thailand,79,3,พบกันใหม่ (So Long),Polycat,1ssEwBiz4ZKrbgR6o8vOeg,4IKn1t0eZZzF5mji1vraVI,https://i.scdn.co/image/ab67616d00001e02d35e746a33990773fa9a7fb9
2026-02-13,th,Thailand,80,26,สลักจิต (feat. ดา เอ็นโดรฟิน),Pop Pongkool; ดา เอ็นโดรฟิน,1C6qssOWal7Sii2guMg0mx; 2hmi6s1Fv2lxH8OurBfLVZ,151RFTqNBV4hcJLOAux0FR,https://i.scdn.co/image/ab67616d00001e02b27b12278e96d3a750492569
2026-02-13,th,Thailand,81,14,อยากอินเพลงรัก,Season Five; No One Else,2DWxd6CkiJVMnTqSbtd56H; 0UAiHanBWs5vRM1tSPf2RJ,0ZK7WAqADNAc2zY7WVRDTl,https://i.scdn.co/image/ab67616d00001e02643dcdeacbcb305c21678ade
2026-02-13,th,Thailand,82,8,ซ้ำรอย,Young J; DASHIE,5nYImteGVIjH7sXrD9quLp; 1svXJPocQXortkRBYQgSKJ,3uyjyWJgxoxLyNcFOk4vZK,https://i.scdn.co/image/ab67616d00001e027dee96493bd79d2f2094a770
2026-02-13,th,Thailand,83,108,"เจ็บแค่ไหนก็ยังรักอยู่ (feat. ฟิล์ม บงกช) - เพลงประกอบละคร ""อย่าลืมฉัน""",Yes'sir Days; Fymme Bongkot,5fWMZzHHJQmCVt3W2ejVbV; 5DU5PyU8u0JZSRyJdMWgsl,1ewNGqNQEfkZj9Wm4VqLuY,https://i.scdn.co/image/ab67616d00001e0284121406ae8995503a3df708
2026-02-13,th,Thailand,84,3,กุหลาบ,F.HERO; Kantong Tungngern; Saran,2MnMuRYL9qsGvWPsZGeDGQ; 5j2wM66qbeuJAygcWdMNpv; 3moR9d0X97NAtZRhHWOta5,1uFvvFnus5WZFizuRH02Q0,https://i.scdn.co/image/ab67616d00001e022874f11bddff3c6b6c9eca97
2026-02-13,th,Thailand,85,1,BIRDS OF A FEATHER,Billie Eilish,6qqNVTkY8uBg9cP3Jd7DAH,6dOtVTDdiauQNBQEDOtlAB,https://i.scdn.co/image/ab67616d00001e0271d62ea7ea8a5be92d3c1f62
2026-02-13,th,Thailand,86,6,ฉันไม่ต้องการตัวเธอในตอนนี้,LITTLE JOHN,6IyHyMlpel4mF7hTldZu3m,2QV4JzbjMvgBRXsZHE0vW5,https://i.scdn.co/image/ab67616d00001e027a122524ea320d005e36cbbb
2026-02-13,th,Thailand,87,11,เจ็บไปรักไป,Yes'sir Days,5fWMZzHHJQmCVt3W2ejVbV,5vXnRpMVm83Gl14gIMpech,https://i.scdn.co/image/ab67616d00001e02512c484f91ed9b8010739fca
2026-02-13,th,Thailand,88,–,คำตอบสุดท้าย,AirBorne,2uPPduOPqzYiWESkxR1SpB,6d9rWFahtOYiNblK9dvqK2,https://i.scdn.co/image/ab67616d00001e02ea73b55de73a09c21c2a6464
2026-02-13,th,Thailand,89,67,รองเท้าเก่า,Tattoo Colour,5pxvW2nJ0a77b9oX24Unwi,3Eu82PdSTJ8whj8KFJj4au,https://i.scdn.co/image/ab67616d00001e02e5c9e80322bca73f702809fd
2026-02-13,th,Thailand,90,9,เดินมาส่ง (BYE),First Anuwat; Saran,4KjqrvqKO5fbI5yDR5yzny; 3moR9d0X97NAtZRhHWOta5,7jq0O5rfrzEIqNOsc7v9JT,https://i.scdn.co/image/ab67616d00001e025e8d3a23e61b6f62fcb67cd8
2026-02-13,th,Thailand,91,4,ไร้รัก,Highhot,7clhNqbmk9enpeaBH9ACiZ,0ZapAgVfHzTxqDPweLPUyu,https://i.scdn.co/image/ab67616d00001e02abaaf313326b36ef2cf0e5ba
2026-02-13,th,Thailand,92,4,ลูกอม,Whatcharawalee,0cGfitvwmFr2sSywioWYNM,0GbWc31BXewOO7ZYRR9RVn,https://i.scdn.co/image/ab67616d00001e0275122452d0805c69415f26b9
2026-02-13,th,Thailand,93,8,จังหวะจะรัก,Violette Wautier,0XkEUMM4lJHAzfTK9vR0cu,2dhMTwg7O8n4kFYLpCaLC4,https://i.scdn.co/image/ab67616d00001e02026a6f2fade36796efb88eeb
2026-02-13,th,Thailand,94,27,เผื่อวันไหนเธอจะกลับมา,guncharlie,1qveov8f3HXFhDIWtFO5tG,0UlTAkFyXcBBs1HjtICAsD,https://i.scdn.co/image/ab67616d00001e02afbae55931618ecd661b6db0
2026-02-13,th,Thailand,95,10,คำเดียวง่าย ๆ,Z9; 1ST; 2K; 2T FLOW,4CuVt3p02OaWu4klQuJoDP; 5p5YOMEbKadO6P7e4YxwKC; 7w08uJNZmg9HTsS6XeHX9E; 1ymRpNPlxJRVT00kmJk8AZ,2ORyDq8ksO5Aj1A90tqQ4I,https://i.scdn.co/image/ab67616d00001e02f64de0b318460f1399078258
2026-02-13,th,Thailand,96,2,Unfriend,Helmetheads,5aiaFB4rhv39gS3KvwHgaF,1jMt6e5lYXEONJKoIG92H6,https://i.scdn.co/image/ab67616d00001e02cdeff23b9aaaee77246fb128
2026-02-13,th,Thailand,97,37,โลกทั้งใบ,เล็ก รัชเมศฐ์,4zqN3dav6iuwb2djzhhtSz,0L5mkLRkk05Mfz4Tk0zU70,https://i.scdn.co/image/ab67616d00001e02c81a41586d82eb3851c261a1
2026-02-13,th,Thailand,98,4,สักวันฉันจะหายดี,Ink Waruntorn,1Twi7NfmUzbXF7lEMaGCqF,1us1N0XEToufNnmzyhJPm5,https://i.scdn.co/image/ab67616d00001e02f98d5234dd9f3ca68abca0d0
2026-02-13,th,Thailand,99,10,Proud,fellow fellow,1aEKvjRnbf1laB7DVXFqsG,4jyfcb5s4H3hKl0CJXjYei,https://i.scdn.co/image/ab67616d00001e02b5eddea0d396d32199abfabf
2026-02-13,th,Thailand,100,19,ฉันจะรีบบอกรักเธอ,T!NE,325C5PNmvA8luRIOYy1dmQ,3yv2kSszlg31Ga5dWng3CQ,https://i.scdn.co/image/ab67616d00001e02f59cff9c7f5a9e8e7aeb3aff
2026-02-13,th,Thailand,101,15,ฝากไว้ให้ Kiss (feat. BLVCKHEART),JayQ; BLVCKHEART,5SLXYrzObBv7IrLzo4I4S6; 3Ld1g6LjfR2ILDB6SD8aJV,4psph4gNDqUnGvBSq6UwwE,https://i.scdn.co/image/ab67616d00001e024da3e4620641c41ad66f6d97
2026-02-13,th,Thailand,102,24,คนไม่เอาถ่าน,Big Ass,0GsileCtd1UjaVh4OpW7Qv,14Y7RH7bzQa5vrqhL53ukc,https://i.scdn.co/image/ab67616d00001e025e3a93110fb655db8060bea8
2026-02-13,th,Thailand,103,26,รักแรกพบ,Tattoo Colour,5pxvW2nJ0a77b9oX24Unwi,19VIBTwlLTX2SKK6e3erAf,https://i.scdn.co/image/ab67616d00001e02e182676ea0e420d45e7d941d
2026-02-13,th,Thailand,104,58,"คนจริงใจ (feat. พงศ์ พัทลุง, ปู่จ๋าน ลองไมค์ & Lamyai Haitongkam)",Cocktail; พงศ์ พัทลุง; ปู่จ๋าน ลองไมค์; Lamyai Haitongkam,6JrR3zrG0NQiXb9N9XSyGb; 5qNjSZ0y0Z9qqP1DFC5fnc; 23YWwPEvaO5HLqEMgiUXJa; 2JERRcsJmtVhbc9uTH7h4t,3PRRNMQUjnFbZhvtPd37F3,https://i.scdn.co/image/ab67616d00001e02d5257a4c854915d53958370f
2026-02-13,th,Thailand,105,7,Moonlit Floor (Kiss Me),LISA,5L1lO4eRHmJ7a0Q6csE5cT,2eyWFRvT7lOQmqfXI25oR1,https://i.scdn.co/image/ab67616d00001e024a5dbcceaff49f85a1f1e756
2026-02-13,th,Thailand,106,24,So Easy (To Fall In Love),Olivia Dean,00x1fYSGhdqScXBRpSj3DW,6sGIMrtIzQjdzNndVxe397,https://i.scdn.co/image/ab67616d00001e029a336bfb6d40bbd90a507417
2026-02-13,th,Thailand,107,46,คู่ชีวิต,Dr.Fuu,5ksYtzE6rgRhlJPw0GTvy6,254i0vjSnkV1wzQyKVRrLg,https://i.scdn.co/image/ab67616d00001e02bc6833fe0c8989d7a901e36e
2026-02-13,th,Thailand,108,8,อยู่ตรงนี้เสมอ,Clash,5rlTTe8s66xwopzOKJrA4n,4GgsMVJSASeaDu3e9FZIL8,https://i.scdn.co/image/ab67616d00001e027eee6563510598e57c9567c7
2026-02-13,th,Thailand,109,30,ไม่มีที่ไปก็ต้องไป,guncharlie,1qveov8f3HXFhDIWtFO5tG,4VOmQnvZtK8F53UEqyGkja,https://i.scdn.co/image/ab67616d00001e02afbae55931618ecd661b6db0
2026-02-13,th,Thailand,110,23,ลามปาม (circus),BOWKYLION; Jeff Satur,2SWWw5uB9cO5m7zJQZqwmr; 5xq3BK55BJmutN0X7eTyQB,30CRjTYAXaJf5YBsNQHIvG,https://i.scdn.co/image/ab67616d00001e02977d3582882c2bd839bf7639
2026-02-13,th,Thailand,111,8,SHE IS TOTALLY OUT OF MY LEAGUE (feat. Z9),P6ICK; Z9,52IxFzldfmZmsLcF078dnY; 4CuVt3p02OaWu4klQuJoDP,2UzdM3S5SrnjLCwQsleGrM,https://i.scdn.co/image/ab67616d00001e02a29e14550f6bcb942614b5f0
2026-02-13,th,Thailand,112,85,ไม่ใช่ไม่รัก,PORZAX,4ykAAPcxGHz8z6N0muxbIP,44lw3KVZGVZF4RvCTtLYTN,https://i.scdn.co/image/ab67616d00001e02d210682600f9dbdfaba06abb
2026-02-13,th,Thailand,113,35,สัญญาหน้าฝน,Carabao; Center Stage,1LCwH85p61LDPxSg2uWUL9; 4cZ3QVotang675EbMaicvU,1TaaHVn8FANFAyuSftwJLx,https://i.scdn.co/image/ab67616d00001e02aace3e0217af8394d1a4d9c5
2026-02-13,th,Thailand,114,4,ล้มแชมป์ (Only You Can),Tilly Birds; Polycat,4esoPgrgPKbWa6gwU8EGmH; 1ssEwBiz4ZKrbgR6o8vOeg,7pvu8UPXXIex1bChP4yyiS,https://i.scdn.co/image/ab67616d00001e02bd9bbe0f90432d6feec826f2
2026-02-13,th,Thailand,115,24,ทางของฝุ่น (Dust),atom chanakan,2iLCiSxdwUMDEfqyfkuLEw,0jxzVn8rr59knZFALDokLy,https://i.scdn.co/image/ab67616d00001e024eec4ae9817e05bcce951f58
2026-02-13,th,Thailand,116,22,เพลงของเรา,Tattoo Colour,5pxvW2nJ0a77b9oX24Unwi,6j0ptBWgkaFwOtK4rhUVsW,https://i.scdn.co/image/ab67616d00001e02e8578c2848a32c674776291f
2026-02-13,th,Thailand,117,52,บอกตัวเอง,Room 39; โป่ง หินเหล็กไฟ,3lHykUJhLCSYsiUaOQhIy4; 4EVFhcIKSAr2dtcOv6EzZa,7mx20wpMx3Flwh3GglnZPs,https://i.scdn.co/image/ab67616d00001e02149892a5816e3909902ec2be
2026-02-13,th,Thailand,118,13,รักเธอหัวทิ่มบ่อ,HANGMAN,4kTSU70JFddHShDyYIBxZN,22A3EEXoniinp3n7BlVlxT,https://i.scdn.co/image/ab67616d00001e02662102715c4137a678519412
2026-02-13,th,Thailand,119,4,Die On This Hill,SIENNA SPIRO,02gSuSAWEdWa5UOvqzjX6v,2gYTC8DsplN3RNdpdBcCOQ,https://i.scdn.co/image/ab67616d00001e020901e50bfaff4351a29f462b
2026-02-13,th,Thailand,120,5,ของขวัญปีใหม่ (Golden Night),Jeff Satur,5xq3BK55BJmutN0X7eTyQB,43JyEMmiEB4LJDwMDnIqvz,https://i.scdn.co/image/ab67616d00001e02f23b8492613c6576f7e9a49f
2026-02-13,th,Thailand,121,36,Good Goodbye,HWASA,7bmYpVgQub656uNTu6qGNQ,3cLXrotzCjYCkN73PewALM,https://i.scdn.co/image/ab67616d00001e02f7ec5c454a78dfb0086c0c97
2026-02-13,th,Thailand,122,5,เธอ,Cocktail,6JrR3zrG0NQiXb9N9XSyGb,3HlTt5df6OrvtwTvO6iFla,https://i.scdn.co/image/ab67616d00001e020a770590da24ef0f70fc0155
2026-02-13,th,Thailand,123,49,ตั้งแต่มีเธอฉันมีความสุข (This Time),Violette Wautier,0XkEUMM4lJHAzfTK9vR0cu,4rmspWmdoJIjw6Rm3cEvGm,https://i.scdn.co/image/ab67616d00001e02036f5602f49c29f23a5803c1
2026-02-13,th,Thailand,124,43,ฤดูร้อน,Paradox,32bq0Oy4ygWPR5ItUM5J5M,5ak9IDTCRglXNw34wASfXs,https://i.scdn.co/image/ab67616d00001e0290ba65f12b0c0c09d6e91578
2026-02-13,th,Thailand,125,11,พูดแล้วอยากจะร้องไห้,Dr.Fuu,5ksYtzE6rgRhlJPw0GTvy6,1ScnC2q4xnTeUfB2awBFX1,https://i.scdn.co/image/ab67616d00001e02ac534903a3f46c4abc8ea09a
2026-02-13,th,Thailand,126,18,"One Of The Girls (with JENNIE, Lily Rose Depp)",The Weeknd; JENNIE; Lily-Rose Depp,1Xyo4u8uXC1ZmMpatF05PJ; 250b0Wlc5Vk0CoUsaCY84M; 1pBLC0qVRTB5zVMuteQ9jJ,7CyPwkp0oE8Ro9Dd5CUDjW,https://i.scdn.co/image/ab67616d00001e02b0dd6a5cd1dec96c4119c262
2026-02-13,th,Thailand,127,19,ดาวหางฮัลเลย์,fellow fellow,1aEKvjRnbf1laB7DVXFqsG,0cHtr7i0P0TpEODZr2WZDE,https://i.scdn.co/image/ab67616d00001e02b5eddea0d396d32199abfabf
2026-02-13,th,Thailand,128,21,ปรารถนาสิ่งใดฤๅ,Cocktail,6JrR3zrG0NQiXb9N9XSyGb,6DYmZtsh68vmcI3JMpK5CN,https://i.scdn.co/image/ab67616d00001e02edb7b68c0c956b02b71e5823
2026-02-13,th,Thailand,129,6,ไกลแค่ไหน คือ ใกล้,getsunova,6vFz8SAf3JBH0kdz8UMSOh,49W9S1UPuhAEGG6rwOOdD7,https://i.scdn.co/image/ab67616d00001e0281518e6c14406a34ad587c30
2026-02-13,th,Thailand,130,29,เด็กอินเตอร์,YOUNGOHM,0AvGycOEDZTaBFLCaiGd9S,6koztzfSaFalbFxpiaFpjk,https://i.scdn.co/image/ab67616d00001e0293ad90b97deda6e1c3b83bc7
2026-02-13,th,Thailand,131,27,ใจพัง,Saran; GTK,3moR9d0X97NAtZRhHWOta5; 2xe3fpDD81re4J0NN3S8LV,30ho6wAl9w53sCtcqzHVMA,https://i.scdn.co/image/ab67616d00001e02780f6db09cc2ef1e3d27f702
2026-02-13,th,Thailand,132,39,อะไรฉันก็ยอม,Saran; Pondering; WHALJAY; SLOWVXNZ,3moR9d0X97NAtZRhHWOta5; 5vzCTzMec4uL6JCNkOFcZ2; 00DQn2x4PUykmPHF8EVpYy; 4MkjSVbVHB4IsCH37XhBH6,1Uirva9dJEp3Ctq3p6ejFQ,https://i.scdn.co/image/ab67616d00001e023e9253a9a65c7c50a0438da0
2026-02-13,th,Thailand,133,Re-Entry,Move On แบบใด,JOEY PHUWASIT,5RQZVhw9dwZYc10QQfNMf1,53XeQvCYruEEHVDgWmraKq,https://i.scdn.co/image/ab67616d00001e02a7b794ede758fbce751891a1
2026-02-13,th,Thailand,134,7,Victoria's Secret,DIAMOND MQT,0O6y1pr1YIKq65c6N3sI9c,6fON5gco8TNy1di0oBUr1Y,https://i.scdn.co/image/ab67616d00001e02c42198c9d5fe6844bd7e33b6
2026-02-13,th,Thailand,135,24,แอบหวัง,Anatomy Rabbit,73M9RjjrrKjXnf6Is6hNdg,3qMYr2bVu2HpSKrSJ2zj8K,https://i.scdn.co/image/ab67616d00001e023a80d74bea52b742239e721a
2026-02-13,th,Thailand,136,38,Love Me Not,Ravyn Lenae,5RTLRtXjbXI2lSXc6jxlAz,4WFgvKVfEhb3IUAFGrutTR,https://i.scdn.co/image/ab67616d00001e020e62daaea2c7b94053e1c142
2026-02-13,th,Thailand,137,Re-Entry,กอดกัน,K6Y; Lazyloxy; Jayrun,0QxCgzdTynqgvj1OWRllYt; 58Kuf8Ek5vheq5IRLiWjXO; 7dlpPQzVIOAtowgO59cxL7,1X3VD4oXVFe314hJ9AcvVy,https://i.scdn.co/image/ab67616d00001e02cd3db014ab1e239c9cc1c807
2026-02-13,th,Thailand,138,2,สถานีดวงจันทร์,Whatcharawalee,0cGfitvwmFr2sSywioWYNM,6PM9OBzgQbY7wAkPWBTl2V,https://i.scdn.co/image/ab67616d00001e0269685ea820df536ce8e8a287
2026-02-13,th,Thailand,139,29,ภาพจำ,Pop Pongkool,1C6qssOWal7Sii2guMg0mx,3z2QRQ0UiVA4YmglGPoINT,https://i.scdn.co/image/ab67616d00001e024324b7a18a089d52f875150c
2026-02-13,th,Thailand,140,20,เงา (Silhouette),WANYAi,3yLZtAIGm6Eq4WSfnimZad,1O1MTazGw4u7MOUQpagofb,https://i.scdn.co/image/ab67616d00001e025c0add12c47ff8e30e6d3ba7
2026-02-13,th,Thailand,141,37,เมื่อไหร่จะบอก,ETC.; The Parkinson,1qz5HLBHOge1yHlMVAZ9hO; 25vaRIUlu5PahDqAWeYdxR,2ATz55UP6o2ZANEa84dx1H,https://i.scdn.co/image/ab67616d00001e028e08906c58be58d029b3ee47
2026-02-13,th,Thailand,142,Re-Entry,ปล่อยดาว (Flaw),YEW,2xsBUJ327d3iC1LvL5hYrQ,7jGiXLzchqbDTW7WzSU7a3,https://i.scdn.co/image/ab67616d00001e02ac05ba9e07af6cfcf7758d9e
2026-02-13,th,Thailand,143,43,like JENNIE,JENNIE,250b0Wlc5Vk0CoUsaCY84M,0fK7ie6XwGxQTIkpFoWkd1,https://i.scdn.co/image/ab67616d00001e02dcf27dec5e479b2e39c4c993
2026-02-13,th,Thailand,144,10,Loop (ฉันจึงวนกลับมา),ASIA7,5ghOUzxpnQmnPQDwC1thIz,2wyMhqD3UtR8Ucg59UZhZd,https://i.scdn.co/image/ab67616d00001e02b563a468b0dde8b8fbecdc2a
2026-02-13,th,Thailand,145,10,Die With A Smile,Lady Gaga; Bruno Mars,1HY2Jd0NmPuamShAr6KMms; 0du5cEVh5yTK9QJze8zA0C,7so0lgd0zP2Sbgs2d7a1SZ,https://i.scdn.co/image/ab67616d00001e02b0860cf0a98e09663c82290c
2026-02-13,th,Thailand,146,12,พยายามกี่ครั้งก็ตามแต่...,HANGMAN,4kTSU70JFddHShDyYIBxZN,3georCIpP8OEGQkggOhuZw,https://i.scdn.co/image/ab67616d00001e02662102715c4137a678519412
2026-02-13,th,Thailand,147,31,หากจะเพียงขอ (Sincare),PURPEECH,3xlC7Dw0uiwprXDHCU9SAu,4njC4CPPqAQZ5bo6eEjP0e,https://i.scdn.co/image/ab67616d00001e02bbff1471b24e1f5a7c50b658
2026-02-13,th,Thailand,148,36,หลง,JODAI,0eKqmbA0GNAKxYXr5mLIPd,3PsB1HkYkzegKJfz4I5q4e,https://i.scdn.co/image/ab67616d00001e0282ce0dfd63ed1dbe5fb13722
2026-02-13,th,Thailand,149,Re-Entry,เพลงที่เธอไม่ฟัง,Bedroom Audio,5NTMa7YJCseQqw70zgF7b5,6KRj0vz2JEk8Ykt1Q0KKZX,https://i.scdn.co/image/ab67616d00001e02c4437eb590c34989f940374d
2026-02-13,th,Thailand,150,10,Love Me Harder,Ariana Grande; The Weeknd,66CXWjxzNUsdJxJ2JdwvnR; 1Xyo4u8uXC1ZmMpatF05PJ,5J4ZkQpzMUFojo1CtAZYpn,https://i.scdn.co/image/ab67616d00001e02deec12a28d1e336c5052e9aa
2026-02-13,th,Thailand,151,1,ครั้งสุดท้าย,OG-ANIC; GAVIN:D; NINO,1OXHqAK6r5mF0FV94nc0pD; 6gYafDbRgLFc6zFKxKCP22; 34pSpkZ0UQ8X0woG8FyOqj,1DPrXncHEnR0141ct0DF06,https://i.scdn.co/image/ab67616d00001e02e93c6730764464cfce9d4522
2026-02-13,th,Thailand,152,38,มีสิทธิ์อะไร,SPF,3ZUdKB3VGo26BxRSmnv5n2,4CgHXNpWpgM9tYxehdA4po,https://i.scdn.co/image/ab67616d00001e022f2f2cc7e58acf063fdd79ff
2026-02-13,th,Thailand,153,30,นิโคติน,Mirrr,5zSQoNQ9o2dnT1LPTzDxg7,6R9YzJHkfYoN6PianPhTdB,https://i.scdn.co/image/ab67616d00001e0208eafe276970bb6d24654ed9
2026-02-13,th,Thailand,154,26,นิทาน,Musketeers,0OjRa6r1EIPF5RZPy1SGz9,11sWcMeRIGlUR5rwvV6IS3,https://i.scdn.co/image/ab67616d00001e02e4bd381e15ab140ef2076c93
2026-02-13,th,Thailand,155,23,ที่สุดเลย,Rifle; Saran,3Kyev97NB5IuMYwMP1Ea2D; 3moR9d0X97NAtZRhHWOta5,36czGZFR3xI0F38AiZ0Xdq,https://i.scdn.co/image/ab67616d00001e02785698300d7ba4f654484f03
2026-02-13,th,Thailand,156,19,ฟีโรโมน,BLVCKHEART; 2TFLOW,3Ld1g6LjfR2ILDB6SD8aJV; 5gPpLgNHI1brQiqNmgN5bd,03Pc18Z9L1n2LcyBb6SKZ1,https://i.scdn.co/image/ab67616d00001e020228cb9fdef88e2ae56748b1
2026-02-13,th,Thailand,157,Re-Entry,Opalite,Taylor Swift,06HL4z0CvFAxyc27GXpf02,3yWuTOYDztXjZxdE2cIRUa,https://i.scdn.co/image/ab67616d00001e02d7812467811a7da6e6a44902
2026-02-13,th,Thailand,158,24,Haegeum,Agust D,5RmQ8k4l3HZ8JoPb4mNsML,4bjN59DRXFRxBE1g5ne6B1,https://i.scdn.co/image/ab67616d00001e02fa9247b68471b82d2125651e
2026-02-13,th,Thailand,159,29,วิทลัย หลายใจ,วิด ไฮเปอร์,6PDRXU6gmVQaWmQnxHxfI2,1l351Tu6M6J27ckHFbQi0U,https://i.scdn.co/image/ab67616d00001e02d9e6b74f998aa5d15c9bf591
2026-02-13,th,Thailand,160,71,"จะรักหรือจะร้าย - เพลงประกอบละคร ""กุหลาบเหนือเมฆ""",KLEAR,2PfxoKmrvMLvTAkn5azNZ6,2BnBKN87iznBjdLo0ap9n2,https://i.scdn.co/image/ab67616d00001e02e5c7286e13af2f5f0d6536d5
2026-02-13,th,Thailand,161,2,ที่ว่าง (Empty Space),Pause,1pTiPuAABytFjsXsUwgsNE,4l7LboEqEOMV1UPHoZ0KA9,https://i.scdn.co/image/ab67616d00001e02991f6275c8a245262fc799b3
2026-02-13,th,Thailand,162,122,สิ้นสุดความพยายาม,PORZAX,4ykAAPcxGHz8z6N0muxbIP,0eHTM1Udi2NLiOJ3ja63nh,https://i.scdn.co/image/ab67616d00001e02a83f0a0fa2ba5f4962b62917
2026-02-13,th,Thailand,163,14,จักรวาลไหน (feat. MONICA),Jigsaw Story; MONICA,42Q1POTb6v0GuRPQOk85rv; 47KiQg20CB8KsTCAtF5aIc,6kUGR3mPqLwcnobMQA557r,https://i.scdn.co/image/ab67616d00001e028af18087e4a1ade510cf1d7d
2026-02-13,th,Thailand,164,22,คู่ชีวิต,Cocktail,6JrR3zrG0NQiXb9N9XSyGb,6L6MkqgAgCdlEMAXUE9j3V,https://i.scdn.co/image/ab67616d00001e020a770590da24ef0f70fc0155
2026-02-13,th,Thailand,165,19,Galaxy (feat. Kob The X Factor),D Gerrard; Kob The X Factor,1k7MP2tMC43vM0b0wg8HHg; 7HCRjt5R29pEOReKFeVk42,7m4O2ffb7Amnk1tQGKeLEH,https://i.scdn.co/image/ab67616d00001e02bfdf9f2ad6fc889d8f2a8b9b
2026-02-13,th,Thailand,166,Re-Entry,The Fate of Ophelia,Taylor Swift,06HL4z0CvFAxyc27GXpf02,53iuhJlwXhSER5J2IYYv1W,https://i.scdn.co/image/ab67616d00001e02d7812467811a7da6e6a44902
2026-02-13,th,Thailand,167,16,PHOM BLONDE,spingy; Stickyrice Killah; YUNGTARR,65IgDP0KdfVt1klR6BzPl6; 4vRJ7PcK5rBxs9OjvMkNiN; 1KXxfYnhxzq9xBkhFZaYxX,58fszWKSBlxvPo1fR73kfS,https://i.scdn.co/image/ab67616d00001e023a8467b823f161f0eeeca8b5
2026-02-13,th,Thailand,168,33,สักวันฉันจะดีพอ,Bodyslam,76VTagPgPgPlFE7hfjT0Zt,4ehoivTPrgYmgKl7lFw6Ta,https://i.scdn.co/image/ab67616d00001e02b8ff243ecbfa301a569c8b26
2026-02-13,th,Thailand,169,56,วันนี้ปีที่แล้ว,MEYOU,4G5OlxtrOm9ADmu3VZgFbG,2HY5NVPfvygwTBM1x6jwvH,https://i.scdn.co/image/ab67616d00001e02f2c071dd119781dee1e809c9
2026-02-13,th,Thailand,170,Re-Entry,"สนิทใจ - เพลงจากละคร ""รักร้าย""",Palmy,3yfUy4dhvq5DwrSMsEE6od,1XdaaI0bz0ILJzl1oBq2In,https://i.scdn.co/image/ab67616d00001e021050a005ed305489e4c7018f
2026-02-13,th,Thailand,171,28,อิจฉา,MEYOU,4G5OlxtrOm9ADmu3VZgFbG,5dkjzwhEHF0pitjFW1vz2f,https://i.scdn.co/image/ab67616d00001e02ed1bfac03064e0fa09600dcd
2026-02-13,th,Thailand,172,89,ช่างมัน,Cocktail,6JrR3zrG0NQiXb9N9XSyGb,3sKlbOuJnyz5g019B8jTk8,https://i.scdn.co/image/ab67616d00001e02edb7b68c0c956b02b71e5823
2026-02-13,th,Thailand,173,26,แพ้ทาง,Labanoon,63vwPO1QheUOil1fkQsv0u,7MmT65V6LJ09mCokmlDQQv,https://i.scdn.co/image/ab67616d00001e026b11324c823c24a279c4916d
2026-02-13,th,Thailand,174,9,จางหาย,Goy Arachaporn,08i92Xw2ejoxy4D1agyMPC,6pTSm2Sw6fEEO4iKfOJqTL,https://i.scdn.co/image/ab67616d00001e02ba31a6129ecef21073431a15
2026-02-13,th,Thailand,175,Re-Entry,Kryptonite,PUN,6HEMZkIMQAPnd36iLsUlTx,1Gsxe1ulIVg3q9GASfmoD6,https://i.scdn.co/image/ab67616d00001e02ce8155d7fabcb7a3b3492141
2026-02-13,th,Thailand,176,27,จากตรงนี้ที่(เคย)สวยงาม [La La Bye],AYLA's,2XiaPu2j4nBMhF8pIlt6Bk,0D9lpJts3mXxe0fvovYUFv,https://i.scdn.co/image/ab67616d00001e021356d4a5234ea1fbbce47ff2
2026-02-13,th,Thailand,177,53,งานเต้นรำในคืนพระจันทร์เต็มดวง (feat. นิว นภัสสร),Cocktail; นิว นภัสสร,6JrR3zrG0NQiXb9N9XSyGb; 0iJaBAKlPHESsbO91Fjjcw,5zXYZPPSVH3lp0qGbmKT2Q,https://i.scdn.co/image/ab67616d00001e02ca4fe2eb55e514b872079e70
2026-02-13,th,Thailand,178,Re-Entry,ดูดี,Polycat,1ssEwBiz4ZKrbgR6o8vOeg,7oTnTfFLo4t1xbPb009oBI,https://i.scdn.co/image/ab67616d00001e0246f19ad1f6fd32baa3e1abe9
2026-02-13,th,Thailand,179,Re-Entry,เพื่อนเล่น ไม่เล่นเพื่อน (Just Being Friendly) [feat. MILLI],Tilly Birds; MILLI,4esoPgrgPKbWa6gwU8EGmH; 1eVPKI2R4NlX6P5FIuMXis,1sh04eulApho8oOmv2YYeX,https://i.scdn.co/image/ab67616d00001e0270a01ebd111e82b726f64050
2026-02-13,th,Thailand,180,9,I Wanna Be Yours,Arctic Monkeys,7Ln80lUS6He07XvHI8qqHH,5XeFesFbtLpXzIVDNQP22n,https://i.scdn.co/image/ab67616d00001e024ae1c4c5c45aabe565499163
2026-02-13,th,Thailand,181,20,Very Very Small,YOUNGOHM,0AvGycOEDZTaBFLCaiGd9S,2aOKroYzVYSkKetUpWvrkt,https://i.scdn.co/image/ab67616d00001e0293ad90b97deda6e1c3b83bc7
2026-02-13,th,Thailand,182,Re-Entry,ไปได้ดี (So Long),WANYAi,3yLZtAIGm6Eq4WSfnimZad,5iXqJk5DSfS5l57s0x8dTV,https://i.scdn.co/image/ab67616d00001e025c0add12c47ff8e30e6d3ba7
2026-02-13,th,Thailand,183,4,รักใครไม่ไหว,Three Man Down,1qAOsY7jv9GFTv4HoVof5P,3ZxGBncHdyXG7Mxa7d429r,https://i.scdn.co/image/ab67616d00001e02b665b01883c990a870e2a99c
2026-02-13,th,Thailand,184,9,ถ้าฉันเป็นเขา,Indigo,5505l53fTUi5P0uWQbRT0w,5kWEorPV6WHYf5htPXONcL,https://i.scdn.co/image/ab67616d00001e02764bbc099b3bf1fc8b15212e
2026-02-13,th,Thailand,185,Re-Entry,I'm Sorry (สีดา),THE RUBE,3eAfnFxBjEA1tpQF4U10Cm,7cSbUlj3FNBKNS7dcsb6fr,https://i.scdn.co/image/ab67616d00001e023710a51d9be2c3eabecbc7f3
2026-02-13,th,Thailand,186,7,Summertime,YEW; LANDOKMAI,2xsBUJ327d3iC1LvL5hYrQ; 4k22J4XE3nfRlv4IH7D5Vt,0ZcyX8hFV1jdJNWOI8mMXF,https://i.scdn.co/image/ab67616d00001e0252e22b6e5d64f137f690ae7a
2026-02-13,th,Thailand,187,35,ไม่ติด,URBOYTJ; GAVIN:D,1WLKjYJX9YHSlwufclauhg; 6gYafDbRgLFc6zFKxKCP22,5ARFnqIJJc9OgCRB7tEygC,https://i.scdn.co/image/ab67616d00001e02cda55dbc2aa4ba4e4a79e7fc
2026-02-13,th,Thailand,188,Re-Entry,Gabriela,KATSEYE,3c0gDdb9lhnHGFtP4prQpn,1xOqGUkyxGQRdCvGpvWKmL,https://i.scdn.co/image/ab67616d00001e02f8d4d00ffe09373efb13ce29
2026-02-13,th,Thailand,189,Re-Entry,ฉันรู้ดี,Spoonfulz,1CRZ3pBZF0DYTjAanxctzJ,2ZMexmN35zlx0fjb4nBwOW,https://i.scdn.co/image/ab67616d00001e022d66d8f7ff745d7db74ef2f0
2026-02-13,th,Thailand,190,Re-Entry,"ขาดเธอไม่ได้ - เพลงประกอบละคร ""หัวใจรักพิทักษ์เธอ""",Potato,6RQyog3L4JlA8t8Bf56otE,2q6eoqcDdza2R3uxrcNUwH,https://i.scdn.co/image/ab67616d00001e02b6c57afe5a754d1edd7aad38
2026-02-13,th,Thailand,191,Re-Entry,"ยิ้มง่าย (Better Together) - เพลงจากซีรีส์ ""9 Years of you แต่ละปีที่มีเธอ""",fellow fellow,1aEKvjRnbf1laB7DVXFqsG,51EN90GQ1JhX7n1noAB0s4,https://i.scdn.co/image/ab67616d00001e029f16a0bda2804c4a00137665
2026-02-13,th,Thailand,192,Re-Entry,Life Goes On,BTS,3Nrfpe0tUJi4K4DXYWgMUX,5FVbvttjEvQ8r2BgUcJgNg,https://i.scdn.co/image/ab67616d00001e02c07d5d2fdc02ae252fcd07e5
2026-02-13,th,Thailand,193,5,งานเต้นรำ,Musketeers,0OjRa6r1EIPF5RZPy1SGz9,3jQEXiy7AtzDMiilrYlO0H,https://i.scdn.co/image/ab67616d00001e02e4bd381e15ab140ef2076c93
2026-02-13,th,Thailand,194,4,หนุ่มเมกา,P6ICK; SURIYA MQT; Sexski,52IxFzldfmZmsLcF078dnY; 47VCMoQZJ0SycPle77t12P; 6QeYcD1n2YcWygCScfLhRE,5Zfprx7dvrK3oH7U82cTmO,https://i.scdn.co/image/ab67616d00001e025c73ea1f102da42dae39fcf2
2026-02-13,th,Thailand,195,Re-Entry,bittersweet,Madison Beer,2kRfqPViCqYdSGhYSM9R0Q,6vDVu9IM9s8L8XMQ1c1Yti,https://i.scdn.co/image/ab67616d00001e02391ad22354ea2e90c54f6b14
2026-02-13,th,Thailand,196,Re-Entry,คืนจันทร์,Loso,68ASbzKA9iG2gd7JRfPD71,5G9QIsPENzaSjyipcQQAqL,https://i.scdn.co/image/ab67616d00001e02467b0182ff2e5256ff656797
2026-02-13,th,Thailand,197,12,สำมะเรเทเมา,YOUNGOHM,0AvGycOEDZTaBFLCaiGd9S,6CQkLg1Yqn0YBtsLG4BKeZ,https://i.scdn.co/image/ab67616d00001e0293ad90b97deda6e1c3b83bc7
2026-02-13,th,Thailand,198,Re-Entry,ใจสั่งมา,Loso,68ASbzKA9iG2gd7JRfPD71,1RqIHW6YAOdDKzrRs9Cgll,https://i.scdn.co/image/ab67616d00001e02467b0182ff2e5256ff656797
2026-02-13,th,Thailand,199,82,ดีแต่ปาก,Big Ass,0GsileCtd1UjaVh4OpW7Qv,0Bh3vj0tPAyI1mUvijlEgy,https://i.scdn.co/image/ab67616d00001e025e3a93110fb655db8060bea8
2026-02-13,th,Thailand,200,27,That's What I Like,Bruno Mars,0du5cEVh5yTK9QJze8zA0C,0KKkJNfGyhkQ5aFogxQAPU,https://i.scdn.co/image/ab67616d00001e02232711f7d66a1e19e89e28c5