captured_date,market,market_name,rank,rank_change,track_name,artist_names,artist_spotify_ids,track_spotify_id,image_url
2026-03-14,vn,Vietnam,1,1,Seven (feat. Latto) (Explicit Ver.),Jung Kook; Latto,6HaGTQPmzraVmaVxvz6EUc; 3MdXrJWsbVzdn6fe5JYkSQ,2HRgqmZQC0MC7GeNuDIXHN,https://i.scdn.co/image/ab67616d00001e02741fd4807f442af3f7359316
2026-03-14,vn,Vietnam,2,1,Người Im Lặng Gặp Người Hay Nói,HIEUTHUHAI,5HZtdKfC4xU0wvhEyYDWiY,0wvpRHXXuImyrccNEPAXBo,https://i.scdn.co/image/ab67616d00001e02e5b8eb0e993da0cc1cd69a88
2026-03-14,vn,Vietnam,3,–,Không Buông,Hngle; Ari,7kBsX15IDun9YxuVmKCMYJ; 6cV92JqHZPWNfa7T4oAvR9,1ApIGNgp1azc0qB61x4GzG,https://i.scdn.co/image/ab67616d00001e028e2436033be92c06e4afee32
2026-03-14,vn,Vietnam,4,–,In Love,Low G; JustaTee,6TITnFVRcl0AcZ4syE7Toe; 3rjcQ5VIWCN4q7UFetzdeO,7uUuftbcr94tzGOCJSM25u,https://i.scdn.co/image/ab67616d00001e0223cf61113b6f831989e68725
2026-03-14,vn,Vietnam,5,–,Exit Sign,HIEUTHUHAI; marzuz,5HZtdKfC4xU0wvhEyYDWiY; 3y6Lfjkrdn5TgkbgDxbpvM,4nXrVH5xwN1w6TpmP7uu8n,https://i.scdn.co/image/ab67616d00001e02c006b0181a3846c1c63e178f
2026-03-14,vn,Vietnam,6,1,Ai Ngoài Anh,VSTRA; Tyronee,2aMo0CYbTieTisS0BlWc59; 04xz9bIBYTIqEpmRvQkfvu,6GM4ZOBDcDroldUxI8GZ2B,https://i.scdn.co/image/ab67616d00001e021e3ae4d328b0937f13e52c9f
2026-03-14,vn,Vietnam,7,2,Người Đầu Tiên,Juky San; buitruonglinh,51wGpVg4Z3lv1IjuZAQjXn; 7Cp2hGcriAaDUAWpXnSEwm,5DB1UwivnS4gmcZ27TiYnE,https://i.scdn.co/image/ab67616d00001e029b8f9d96ac892ebf1ad3cc56
2026-03-14,vn,Vietnam,8,2,Cảm Ơn Người Đã Thức Cùng Tôi,Phùng Khánh Linh; 30 Pictures,23Gbd21nBxC1kCtcG2Cd0C; 4fuBxSAuP6X7YxDZYVaLsz,0t8g66pWghsU8MphjUQIdg,https://i.scdn.co/image/ab67616d00001e02e292ad3d0b2c9439981132e5
2026-03-14,vn,Vietnam,9,19,Âm Thầm Bên Em,Sơn Tùng M-TP,5dfZ5uSmzR7VQK0udbAVpf,2wZAvkgiOE5tyrnqhB69KA,https://i.scdn.co/image/ab67616d00001e02794744c57c9f35db88249842
2026-03-14,vn,Vietnam,10,5,Nắng có mang em về,Shartnuss; Phankeo; Tr.D,2BoU3GzyaG397l5ci1twa9; 2rv0GwxSEWKhz54nLluNhK; 6jiITlNS4hrm3dq90ZDftJ,6kCU6i8iRrAAmJJ8Sj4JYC,https://i.scdn.co/image/ab67616d00001e029e8842387d1017cf5581c4cc
2026-03-14,vn,Vietnam,11,7,Mơ,Vũ Cát Tường,7yquVKfxBuNFJbG9cy2R8A,2a5hng9yXtbjtTVVm9UviC,https://i.scdn.co/image/ab67616d00001e028b40ad72aa86e76099297d7b
2026-03-14,vn,Vietnam,12,4,Không Thể Say,HIEUTHUHAI,5HZtdKfC4xU0wvhEyYDWiY,1K0HQ30Wc11okzlcnFA7Ub,https://i.scdn.co/image/ab67616d00001e02c006b0181a3846c1c63e178f
2026-03-14,vn,Vietnam,13,–,chẳng phải tình đầu sao đau đến thế,MIN; Dangrangto; antransax,0IdAjS2LRieBR3gzoazdAw; 5xY6E5PMZNtz9jDvxTRiGI; 3E3VtUZsU5Ci439SjOdCd0,3T7XHOdRcyhKU3QCB6kZG3,https://i.scdn.co/image/ab67616d00001e02e1b3669f2b8eba5bb7b10b3b
2026-03-14,vn,Vietnam,14,–,bình yên,Vũ.; Binz,57g2v7gJZepcwsuwssIfZs; 2nSO7JYDbJrYbJmP39qUzj,41DlPJXKTCypXdf2eSqa03,https://i.scdn.co/image/ab67616d00001e026f76636916ae7d5d930b1656
2026-03-14,vn,Vietnam,15,3,Không Thời Gian,Dương Domic,4KPyQxL1zqEiBcTwW6c9HE,6GUKRhIsWxA7VuZW8MKQLG,https://i.scdn.co/image/ab67616d00001e02d7c28617d440ee3430c5bf48
2026-03-14,vn,Vietnam,16,1,Vết Mưa,Vũ Cát Tường,7yquVKfxBuNFJbG9cy2R8A,5cn5oHiXJTLiuthgbgfkMh,https://i.scdn.co/image/ab67616d00001e024992bf290fe8c9f82a0e66e4
2026-03-14,vn,Vietnam,17,2,Và Thế Giới Đã Mất Đi Một Người Cô Đơn,marzuz; Changg,3y6Lfjkrdn5TgkbgDxbpvM; 1nX1HVIUo1Zfs3e2v3lFb9,6Qwl74olNi1rl65FNxG5We,https://i.scdn.co/image/ab67616d00001e02634fee188263a0d6bd8d822d
2026-03-14,vn,Vietnam,18,8,Wrong Times,Puppy; Dangrangto,2dC1IBU9NOD9xsQJ5RE7j7; 5xY6E5PMZNtz9jDvxTRiGI,3uT8QfoX0BE8ZJa4h98LDW,https://i.scdn.co/image/ab67616d00001e02566178ff844ca2b57f959374
2026-03-14,vn,Vietnam,19,3,Hẹn Lần Sau,MAYDAYs,2iYUs3FoNodbZXKf4mkjGM,1r9gNSD1WUFscqTSA2Rcet,https://i.scdn.co/image/ab67616d00001e02304b7adea4c0e548121784e6
2026-03-14,vn,Vietnam,20,9,3D (feat. Jack Harlow),Jung Kook; Jack Harlow,6HaGTQPmzraVmaVxvz6EUc; 2LIk90788K0zvyj2JJVwkJ,01qFKNWq73UfEslI0GvumE,https://i.scdn.co/image/ab67616d00001e0299583bb32b47e87d55c6064b
2026-03-14,vn,Vietnam,21,2,một đời,14 Casper; Bon Nghiêm; buitruonglinh,0zo8kCJVktn7oPnzpkbC2p; 6hnfLIkvDl6pjlAe1YRGXY; 7Cp2hGcriAaDUAWpXnSEwm,4gaxEUZE4z9pJAVTSFwgQI,https://i.scdn.co/image/ab67616d00001e0270cb943c9a67b7eda3414366
2026-03-14,vn,Vietnam,22,15,Hôm Nay Tôi Buồn,Phùng Khánh Linh,23Gbd21nBxC1kCtcG2Cd0C,5SzJs9cwYXdSm9G3xcXuA2,https://i.scdn.co/image/ab67616d00001e029cbfe886d191c4c06a132cab
2026-03-14,vn,Vietnam,23,1,DANCING IN THE DARK,SOOBIN,6CGGvCBHWqQ4HXtn5aLhbh,3x7Hh3zsE1wcXCU2G8l5tP,https://i.scdn.co/image/ab67616d00001e026633cc43560566dbdaa38d99
2026-03-14,vn,Vietnam,24,9,2AM,JustaTee; BigDaddy,2ZN2K5xz3BDmfWYaA5dgce; 3Tehj7YghQc7zH0I1faGc6,3DLtPObflLQBodZN8qGODT,https://i.scdn.co/image/ab67616d00001e020b97a73cab024885e9819a9e
2026-03-14,vn,Vietnam,25,1,Từng Là Của Nhau,Bảo Anh; Táo,4fCHhderLwLacsIOIKgu3J; 23xCr75lKvnFvKi8ImHE7S,5KYv3kORBKUmVEoqbRRWxt,https://i.scdn.co/image/ab67616d00001e0267e926bba0c1032a8414fc8c
2026-03-14,vn,Vietnam,26,5,Nếu Ngày Ấy,SOOBIN,6CGGvCBHWqQ4HXtn5aLhbh,4BdB08vuS9r4HOoY7GkAxT,https://i.scdn.co/image/ab67616d00001e0294bae292aed83118570ea86a
2026-03-14,vn,Vietnam,27,2,Mất Kết Nối,Dương Domic,4KPyQxL1zqEiBcTwW6c9HE,3CmacJj7VC4W6daC8BWd0h,https://i.scdn.co/image/ab67616d00001e02f2e33afbb2d8b486c1c98aa3
2026-03-14,vn,Vietnam,28,7,Phép Màu - Đàn Cá Gỗ Original Soundtrack,MAYDAYs; Minh Tốc & Lam,2iYUs3FoNodbZXKf4mkjGM; 27RoKwun6jKycKbH2iYUFU,1DVYafsLmcQySKkJnY4RCs,https://i.scdn.co/image/ab67616d00001e02c51258e41841d5b0365054e7
2026-03-14,vn,Vietnam,29,26,Nơi Này Có Anh,Sơn Tùng M-TP,5dfZ5uSmzR7VQK0udbAVpf,5rSAUmbOg4giDrM29vUyHe,https://i.scdn.co/image/ab67616d00001e02794744c57c9f35db88249842
2026-03-14,vn,Vietnam,30,5,Standing Next to You,Jung Kook,6HaGTQPmzraVmaVxvz6EUc,2KslE17cAJNHTsI2MI0jb2,https://i.scdn.co/image/ab67616d00001e02741fd4807f442af3f7359316
2026-03-14,vn,Vietnam,31,17,Có Em,Madihu; Low G,1OIYKbmhG0RxPXvVPNj3NN; 6TITnFVRcl0AcZ4syE7Toe,6Hs2xIgB8nzyGFDvVA8lFa,https://i.scdn.co/image/ab67616d00001e02556e7b75fb148c696f99a709
2026-03-14,vn,Vietnam,32,1,vạn vật như muốn ta bên nhau,RIO,4dH6uW4FU977FDuTcCHGUf,5WkuMbkHX7yR7nnBKCn7tV,https://i.scdn.co/image/ab67616d00001e02ef562e96cb05a6238204e15f
2026-03-14,vn,Vietnam,33,13,giá như,SOOBIN,6CGGvCBHWqQ4HXtn5aLhbh,58ZlEBxBrzISXtmcOPo476,https://i.scdn.co/image/ab67616d00001e026633cc43560566dbdaa38d99
2026-03-14,vn,Vietnam,34,2,A Little Dream Of Me,Công Dương; Nguyễn Lâm Thảo Tâm; 30 Pictures,7rpD9lGecstoaVj2vGXUex; 5YG0ioEAI3lSqkJqAP2bDO; 4fuBxSAuP6X7YxDZYVaLsz,66v7AvDs5gZfmkJgFMMtHL,https://i.scdn.co/image/ab67616d00001e02fdf13f949241aff6ff3e714f
2026-03-14,vn,Vietnam,35,3,NGƯỜI NHƯ ANH XỨNG ĐÁNG CÔ ĐƠN - KHÔNG ĐAU NỮA RỒI,Vũ Cát Tường; Negav; Jey B; Ngô Kiến Huy,7yquVKfxBuNFJbG9cy2R8A; 4fg8aMZ23d2bxKz7r2vt9v; 4nxHXVJhEDW8IBb2oUwWxA; 7at0gkjCnhOBrxwQlJPJ4s,6ag0c7tBr3PIqPb00C2rK4,https://i.scdn.co/image/ab67616d00001e02d3d0d8c5e50cbb05b2d2e6b2
2026-03-14,vn,Vietnam,36,6,漫步香港1999,白浩贤BlueC,07RSJfIHVWCe4SnFciwbmv,4D1eaEIisnWCVPMnYuMh7q,https://i.scdn.co/image/ab67616d00001e02dc91f08afd307aac02c27dd0
2026-03-14,vn,Vietnam,37,3,Từng Ngày Yêu Em,buitruonglinh,7Cp2hGcriAaDUAWpXnSEwm,3Ids3RXurYBgySph53qWnB,https://i.scdn.co/image/ab67616d00001e02fe0cbef064f18008462d29ef
2026-03-14,vn,Vietnam,38,11,Buông,Hngle,7kBsX15IDun9YxuVmKCMYJ,2ZBi1KpCR0grEWRNgySqwg,https://i.scdn.co/image/ab67616d00001e02a0f799b6e0d1e4edadc98a3a
2026-03-14,vn,Vietnam,39,1,Có Đôi Điều,Shiki,3hRnvEdu1iPyB6EzMBbuZq,2Pwou3Q2Cf59RxdX2V6MgV,https://i.scdn.co/image/ab67616d00001e023d8f5ef4ca6a5d6a22af538a
2026-03-14,vn,Vietnam,40,1,She Neva Knows,JustaTee,3rjcQ5VIWCN4q7UFetzdeO,0NyrI1tMvqcK3vU5z9DMdI,https://i.scdn.co/image/ab67616d00001e023ecc6ca902daf3617c75d336
2026-03-14,vn,Vietnam,41,15,Chuyện Đôi Ta (feat. Muộii),Emcee L (Da LAB); Da LAB; Muộii (Starry Night),4bPYvyUn1mWwUwIW57oST2; 6zUWZmyi5MLOEynQ5wCI5f; 1Tdy7LZnrufTyuEbgDi1D8,4CUvVaAYuXtvYURLFz7EIL,https://i.scdn.co/image/ab67616d00001e02a400211178f6d590d875f2da
2026-03-14,vn,Vietnam,42,17,Anh Đã Không Biết Cách Yêu Em,Quang Đăng Trần,2LX2SKJhvZjyH4Z7XMptjd,1hPbWyZnUPaeAWbOSKwkXJ,https://i.scdn.co/image/ab67616d00001e02b6dfaf73fca0fe1ca7461d80
2026-03-14,vn,Vietnam,43,1,Dạo Này,Obito,0ZbgKh0FgPYeFP38nVaEGp,4MCP9l0QB9YN2LCkIy8mz4,https://i.scdn.co/image/ab67616d00001e025ec4c60ff0fc01236d2653b0
2026-03-14,vn,Vietnam,44,5,vết thương,Fishy,7kSmS2G15QIw8rllwGex9r,6mKMGpkgP2cH5gmqILWe7b,https://i.scdn.co/image/ab67616d00001e02cb2a3066584a339e09508520
2026-03-14,vn,Vietnam,45,17,Đã Lỡ Yêu Em Nhiều,JustaTee,3rjcQ5VIWCN4q7UFetzdeO,3J3nv18iIrOhca1ZWNeuyW,https://i.scdn.co/image/ab67616d00001e02636bd3e9f31e1ea1e7bb389e
2026-03-14,vn,Vietnam,46,7,Vì Anh Đâu Có Biết,Madihu; Vũ.,1OIYKbmhG0RxPXvVPNj3NN; 57g2v7gJZepcwsuwssIfZs,6VXVYATpQXEIoZ97NnWCmn,https://i.scdn.co/image/ab67616d00001e022461003df8139247949c8a9d
2026-03-14,vn,Vietnam,47,10,Không Yêu Em Thì Yêu Ai?,Vũ.; Low G,57g2v7gJZepcwsuwssIfZs; 6TITnFVRcl0AcZ4syE7Toe,0e6fZkLArSmDIHnZcIua7t,https://i.scdn.co/image/ab67616d00001e026f76636916ae7d5d930b1656
2026-03-14,vn,Vietnam,48,32,Thức Giấc,Da LAB,6zUWZmyi5MLOEynQ5wCI5f,1MiJk3dXC5jzhvLFP0dUM7,https://i.scdn.co/image/ab67616d00001e02fea8333dc89ceb644766ab5b
2026-03-14,vn,Vietnam,49,20,"ex's hate me, Pt.2",AMEE,2aQnC3DbZB9GbauvhAw7ve,5tdz7T4hTxA1ipJMBe24uX,https://i.scdn.co/image/ab67616d00001e02819219f4ea0ad1e11cb78411
2026-03-14,vn,Vietnam,50,1,Hẹn Gặp Em Dưới Ánh Trăng,MANBO; HIEUTHUHAI; HURRYKNG,2rKtPYcwYmevNcaqzJOwvf; 5HZtdKfC4xU0wvhEyYDWiY; 5ulyphh5uJrH4Gb1JpSMkV,0s7RyyUlQfd8mnnboHe18n,https://i.scdn.co/image/ab67616d00001e0203828121665d8419f71f6499
2026-03-14,vn,Vietnam,51,15,Nếu Những Tiếc Nuối,Vũ.,57g2v7gJZepcwsuwssIfZs,2dPJtlvoa3GDowCh035M8P,https://i.scdn.co/image/ab67616d00001e026f76636916ae7d5d930b1656
2026-03-14,vn,Vietnam,52,1,Sinh Ra Đã Là Thứ Đối Lập Nhau (feat. Badbies),Emcee L (Da LAB); Da LAB; Badbies,4bPYvyUn1mWwUwIW57oST2; 6zUWZmyi5MLOEynQ5wCI5f; 2ZjO6APYelcHcLd2pWMx8x,5BTzf3doGTigDIYUFtbkI9,https://i.scdn.co/image/ab67616d00001e02d6ebd978c7c460eaf3f75f85
2026-03-14,vn,Vietnam,53,10,CHỜ ANH VỀ,"ANH TRAI ""SAY HI""; B Ray; AMEE",4wZ6awunqaaVLl5j0WpDFu; 1WvNgEoB66jmHodcj15Zi9; 2aQnC3DbZB9GbauvhAw7ve,7dlgEjrK3lHbP786dshKDV,https://i.scdn.co/image/ab67616d00001e02d007ad7672148e02d222d1b3
2026-03-14,vn,Vietnam,54,10,Thằng Điên,JustaTee; Phương Ly,3rjcQ5VIWCN4q7UFetzdeO; 5Kh0ta0UY4uJ4g2CIdq9V9,27Z9T0mSWHYWSj9SNOGvyt,https://i.scdn.co/image/ab67616d00001e0202dc41ad81138aa3c53d2b98
2026-03-14,vn,Vietnam,55,8,Bạn Đời,Karik; GDucky,2Bwp23pD4UVsSkchHDZw4F; 3T3DOlgOEkr243zdzFCrXW,0fGJiHH6xSUJU1MAVjxq5m,https://i.scdn.co/image/ab67616d00001e02b37fa6ada1fe1a79194db5a0
2026-03-14,vn,Vietnam,56,4,Vùng An Toàn,B Ray; V#,1WvNgEoB66jmHodcj15Zi9; 3XevJv2rTKu5WYtD0LW6om,6Zoi4ue74UdUeYmHXItXnf,https://i.scdn.co/image/ab67616d00001e024e1566cecfa3c836f48f80f6
2026-03-14,vn,Vietnam,57,18,nhắn nhủ,Ronboogz,0dBcEvEklr1jx4uZuhFX5e,2uZmeuNAxSm7XfVIwLkhCx,https://i.scdn.co/image/ab67616d00001e0284942e474336017c5bd1f90e
2026-03-14,vn,Vietnam,58,2,vaicaunoicokhiennguoithaydoi,GREY D; tlinh,6d0dLenjy5CnR5ZMn2agiV; 3diftVOq7aEIebXKkC34oR,25h0TqC9H3BcMA7KjK5nHK,https://i.scdn.co/image/ab67616d00001e0294df376aa7f0890380ea4688
2026-03-14,vn,Vietnam,59,19,Hư không,Kha,6tWaQSIL7reD85PKStNk28,3A9A7mfVDVm3rrS9SMGhg5,https://i.scdn.co/image/ab67616d00001e02854f9dc6ca88195136270b7c
2026-03-14,vn,Vietnam,60,32,Giờ Thì,buitruonglinh,7Cp2hGcriAaDUAWpXnSEwm,7mblTCdc14ylJ1JW71MODb,https://i.scdn.co/image/ab67616d00001e02fe0cbef064f18008462d29ef
2026-03-14,vn,Vietnam,61,–,Nói Dối,Ronboogz,0dBcEvEklr1jx4uZuhFX5e,3ET3xHCLMGd57u06A9RjJ0,https://i.scdn.co/image/ab67616d00001e026839560afdf58d075d3229bb
2026-03-14,vn,Vietnam,62,9,nếu lúc đó,tlinh; 2Pillz,3diftVOq7aEIebXKkC34oR; 0XtC2d9ZVigYA7iMy5YkW0,5ouxRyInSdRBQubu3KTd97,https://i.scdn.co/image/ab67616d00001e02484c56addba0e4dad8be48c9
2026-03-14,vn,Vietnam,63,5,hello em có khỏe không,Dfoxie37; myhoa; Tuann,4zg9WrDAFl1dGh2eSWLnOG; 2zosA3SHMUhpmKTmsfTANv; 0gyjtTN7dfUe59UT0a0fKR,25NLn8W1JxuVrXQTVrDA4c,https://i.scdn.co/image/ab67616d00001e029c066fabb8afc9943e042b77
2026-03-14,vn,Vietnam,64,44,Buông Đôi Tay Nhau Ra,Sơn Tùng M-TP,5dfZ5uSmzR7VQK0udbAVpf,3P3rcI48wwVEgxF5vPM6pG,https://i.scdn.co/image/ab67616d00001e02794744c57c9f35db88249842
2026-03-14,vn,Vietnam,65,2,10 Ngàn Năm,PC,3HD3V1nGFPwepBO7064Ij0,2pm7K14nHj2fLrpU8j9bit,https://i.scdn.co/image/ab67616d00001e0273af43a330332f0ad89d160b
2026-03-14,vn,Vietnam,66,1,Anh Đã Quen Với Cô Đơn,SOOBIN,6CGGvCBHWqQ4HXtn5aLhbh,39KWnPNEvbXt423CzjvBfA,https://i.scdn.co/image/ab67616d00001e022922307c16bb852a0849bea0
2026-03-14,vn,Vietnam,67,3,ANH LÀ THẰNG TỒI,Phùng Khánh Linh,23Gbd21nBxC1kCtcG2Cd0C,6GPcbZOX4h9MWert6xWpYw,https://i.scdn.co/image/ab67616d00001e02a849807eefddbac39873a784
2026-03-14,vn,Vietnam,68,22,1000 Ánh Mắt,Shiki; Obito,3hRnvEdu1iPyB6EzMBbuZq; 0ZbgKh0FgPYeFP38nVaEGp,5XfGQZA0ioQAWUjlyJRcHc,https://i.scdn.co/image/ab67616d00001e023d8f5ef4ca6a5d6a22af538a
2026-03-14,vn,Vietnam,69,24,Anh Tên Là,Anh Bằng; 24k.Right; Nhi$m; Ann Nguyễn,4GBykvsDgQheUyYel2RHZN; 0hUr8xEtATxbq2OTiJFAP0; 7jULSagYE6tHmQM8lxyBIH; 3zGXV6fAhn7uW8LtVtrXpM,1MQoZHbCAoL24LRCqLMnS9,https://i.scdn.co/image/ab67616d00001e0276468d44b61f3b0afa74402d
2026-03-14,vn,Vietnam,70,23,Chất Gây Hại,Quang Hùng MasterD; Low G; Hino,0slOzRzTQb1RBBVJbvRITP; 6TITnFVRcl0AcZ4syE7Toe; 46eYlws2VfnJJsyPk4cP7o,1i5SZL7Ngz0sYFaKmwieyw,https://i.scdn.co/image/ab67616d00001e0248cadfa28b4233ce0550d9bc
2026-03-14,vn,Vietnam,71,37,Tình Mình Lạ Kì,Lil Zpoet,0T8DkuhhFhdWAMN0bdeLL7,3VkV6L37ub0rtuYQoawAqz,https://i.scdn.co/image/ab67616d00001e02921051f4f50a3d20946afb16
2026-03-14,vn,Vietnam,72,9,Nghe Như Tình Yêu,HIEUTHUHAI,5HZtdKfC4xU0wvhEyYDWiY,1J12HjUuXfJnaUdubTEzSR,https://i.scdn.co/image/ab67616d00001e02ff825e8af61dad96490e8192
2026-03-14,vn,Vietnam,73,31,24H,Lyly; Magazine,4POahBr8YCPNKGErIiofyx; 6sMgWEav2BrXWMRmP56oRS,4UC3NBjtqbYcqPqRq1s57D,https://i.scdn.co/image/ab67616d00001e02fa10ce68802568a9f53ecb8a
2026-03-14,vn,Vietnam,74,16,Ngàn Năm Ánh Sáng,Đặng Vĩnh Thịnh; BMZ; Nguyễn Trung Đức,5HoKHEC3OTaMgMDnCqc00B; 3euFcFd5Dc7JAz6t7oKg7m; 0AOAMHZgHaxM71om8IDGsv,4nyoalDFgUaZOzIKqj3aS5,https://i.scdn.co/image/ab67616d00001e023208189a3af9c86777447120
2026-03-14,vn,Vietnam,75,19,id 072019,W/N,6NF9Oa4ThQWCj6mogFSrVD,1o6cYDMHvKOfizi4d9Lqxr,https://i.scdn.co/image/ab67616d00001e02dc031e2429585e32b4ccb69b
2026-03-14,vn,Vietnam,76,22,một bài hát không vui mấy - Extended Version,T.R.I; Dangrangto; DONAL,2rVYwIYNEsMxtt8j5yemHb; 5xY6E5PMZNtz9jDvxTRiGI; 3rSAej8VUifF02zpsGjsRZ,36fgG6NiEuQXznNgf5y2Ck,https://i.scdn.co/image/ab67616d00001e02be28c7163d45474004d49b9d
2026-03-14,vn,Vietnam,77,120,Tâm sự,Solmee; Dyteller; hoangkiet,16rOLENHUY7Y0BOSFIuHj9; 4fIpKRkFloYWihK3672gOl; 7eYaFuaghPKCLJPbAd26u0,1Ipu7wzbc2qM7muqszyiZD,https://i.scdn.co/image/ab67616d00001e02576fdccd215bb23a88be8326
2026-03-14,vn,Vietnam,78,21,tình yêu chậm trễ,MONSTAR; GREY D; NICKY; VƯƠNG BÌNH,2CLdtsyD2NsTOBBOVr7fi8; 6d0dLenjy5CnR5ZMn2agiV; 006RBJU7ScwRg9eouP4kJw; 351mBX7BjjI2plbfozIzqb,6jcLKVmEKAQIXIVHJZ8vzS,https://i.scdn.co/image/ab67616d00001e029f62ee847bc8904b5c2d2343
2026-03-14,vn,Vietnam,79,6,Đừng Làm Trái Tim Anh Đau,Sơn Tùng M-TP,5dfZ5uSmzR7VQK0udbAVpf,31VNCmwspR7nVJ6kruUuJt,https://i.scdn.co/image/ab67616d00001e02a1bc26cdd8eecd89da3adc39
2026-03-14,vn,Vietnam,80,2,Tràn Bộ Nhớ,Dương Domic,4KPyQxL1zqEiBcTwW6c9HE,0669gFIK8dYK9GGQ0K0QNF,https://i.scdn.co/image/ab67616d00001e02f2e33afbb2d8b486c1c98aa3
2026-03-14,vn,Vietnam,81,36,Đường Tôi Chở Em Về,buitruonglinh,7Cp2hGcriAaDUAWpXnSEwm,27F22WcGDyl4Z2KylVJkXL,https://i.scdn.co/image/ab67616d00001e0222029966c28f9d19ab54143c
2026-03-14,vn,Vietnam,82,13,Lạ Lùng,Vũ.,57g2v7gJZepcwsuwssIfZs,5Bti0azlFhMattVY76qFr9,https://i.scdn.co/image/ab67616d00001e024d2f9d43a77e3e72070bb27a
2026-03-14,vn,Vietnam,83,27,Sài Gòn Hôm Nay Mưa,JSOL; Hoàng Duyên,6EybZ5zwPNEtEngfrEMevN; 3LbBKYlyMaATS8IIe7HJ0d,1xoadYaxtOp9gHDwgmPDuz,https://i.scdn.co/image/ab67616d00001e025436229d006af6580dfee6bc
2026-03-14,vn,Vietnam,84,18,Đánh Đổi,Obito; Shiki; RPT MCK,0ZbgKh0FgPYeFP38nVaEGp; 3hRnvEdu1iPyB6EzMBbuZq; 1zSv9qZANOWB4HRE8sxeTL,1UQNU5O9VttUgO16pxUnjw,https://i.scdn.co/image/ab67616d00001e0292824dc99ef88e1bd6d79904
2026-03-14,vn,Vietnam,85,35,NOLOVENOLIFE,HIEUTHUHAI,5HZtdKfC4xU0wvhEyYDWiY,6D94p9ASguBcYlDC0o56vx,https://i.scdn.co/image/ab67616d00001e02c006b0181a3846c1c63e178f
2026-03-14,vn,Vietnam,86,9,Nếu Biết Đó Là Lần Cuối,Đức Trường; BMZ,4R2engiAed6QeIV63PDAz0; 3euFcFd5Dc7JAz6t7oKg7m,2w7jOvl0kpplNxisgfnCdT,https://i.scdn.co/image/ab67616d00001e02b667917dd1a458f91d15b146
2026-03-14,vn,Vietnam,87,28,Những Lời Hứa Bỏ Quên,Vũ.; Dear Jane,57g2v7gJZepcwsuwssIfZs; 6V1SwiosQqf5XvmoTMCGa9,1LJyhnPdYGRLerwJd8CmL1,https://i.scdn.co/image/ab67616d00001e026f76636916ae7d5d930b1656
2026-03-14,vn,Vietnam,88,28,Hà Nội,Obito; Shiki; VSTRA,0ZbgKh0FgPYeFP38nVaEGp; 3hRnvEdu1iPyB6EzMBbuZq; 2aMo0CYbTieTisS0BlWc59,5PGh9MyKry8slG5AfvD1eD,https://i.scdn.co/image/ab67616d00001e0292824dc99ef88e1bd6d79904
2026-03-14,vn,Vietnam,89,5,Em Đừng Khóc,Chillies,2xvW7dgL1640K8exTcRMS4,0JKEP4dB1riE6l7Kq5kJm1,https://i.scdn.co/image/ab67616d00001e02e8a6054b92e9c63bbf5ff205
2026-03-14,vn,Vietnam,90,2,PHÓNG ZÌN ZÌN,tlinh; Low G,3diftVOq7aEIebXKkC34oR; 6TITnFVRcl0AcZ4syE7Toe,3COYA2vgfcUhDyRlVpZy5p,https://i.scdn.co/image/ab67616d00001e02d7d3c1abbc451131fa7523e8
2026-03-14,vn,Vietnam,91,4,Tháng Năm,SOOBIN,6CGGvCBHWqQ4HXtn5aLhbh,0SmQ0UWeiHKQtxUej4Rem6,https://i.scdn.co/image/ab67616d00001e0287804726f6db818095a40a86
2026-03-14,vn,Vietnam,92,4,Em Còn Nhớ Anh Không - Remastered,Hoàng Tôn; Koo,6xRZoWlE9twEkMC5NW4Z9f; 19JOXyTbKnSp1QxnKEeXtq,7q1qYSyRkGT4ZaCc2ZQihP,https://i.scdn.co/image/ab67616d00001e020f51ab4082005cad23ea985f
2026-03-14,vn,Vietnam,93,20,Suýt Nữa Thì...,Andiez,0tBmmwc8j8zbJxISwdsvjA,1GJ3suxtUVaguVQRemw6Zp,https://i.scdn.co/image/ab67616d00001e02199311128379e6c0c4d86466
2026-03-14,vn,Vietnam,94,18,Love is,Dangrangto,5xY6E5PMZNtz9jDvxTRiGI,226ljdOTLM2clGpm4mZvAm,https://i.scdn.co/image/ab67616d00001e026ffd808cd4a0e3347ba6131e
2026-03-14,vn,Vietnam,95,23,Thanh Tân,VƯƠNG BÌNH,351mBX7BjjI2plbfozIzqb,2eVsKrWqJhTAVItaTRashw,https://i.scdn.co/image/ab67616d00001e026bdb084b44790e92eb775987
2026-03-14,vn,Vietnam,96,13,Thu Đợi,Wren Evans; itsnk,5M3ffmRiOX9Q8Y4jNeR5wu; 0hy8mfXxfD8kQ6MRQkDVrn,65st6HfPZyxq1RNTvqSIos,https://i.scdn.co/image/ab67616d00001e02bbbeacf07777727cc381797b
2026-03-14,vn,Vietnam,97,–,50 Năm Về Sau,F47 Cover; meChill; Đặng Thanh Tuyền,7HkfYjmBgiWf14YX4ww5RV; 4zT9icJK3hOOQ7agGPbICH; 3aRJMXmbg9yyrEoRFYx397,2rjjvcCCHF1CdnwptaXyF8,https://i.scdn.co/image/ab67616d00001e0254473eca7a5b7a2233d7ed68
2026-03-14,vn,Vietnam,98,24,Sau Cơn Mưa,CoolKid; RHYDER,1Qia4CTwh6x0CZbD0079zi; 1W2pigH6UYwuTuFbwoSfVZ,4fj4Jn4nw8fGX8xdbCntJf,https://i.scdn.co/image/ab67616d00001e02a873f1cbca66eb2a77052483
2026-03-14,vn,Vietnam,99,9,Xin Đừng Lặng Im,SOOBIN,6CGGvCBHWqQ4HXtn5aLhbh,4CVxKSRLUxqUuj2z9vn4fS,https://i.scdn.co/image/ab67616d00001e02a8b7898d6d2d9e85c9c51cb0
2026-03-14,vn,Vietnam,100,5,Trở Về,Wxrdie; JustaTee,1Jmkhzve9TuXHUUWGmpANw; 3rjcQ5VIWCN4q7UFetzdeO,0oL2jCTf9P9a7flY5mCpYu,https://i.scdn.co/image/ab67616d00001e02f3b9c8061be9fc0bdebad64e
2026-03-14,vn,Vietnam,101,2,SỚM MUỘN THÌ,"ANH TRAI ""SAY HI""; Hustlang Robber; Nhâm Phương Nam; Mason Nguyen; Jaysonlei; Khoi Vu; LAMOON",4wZ6awunqaaVLl5j0WpDFu; 3JWIaDWHJq11w1xPqJStEv; 4usb4zmoHVcrvPPHHkKYaV; 39UJlviUwzZGZrA8DiQy31; 5BQgZQPuGImYR5xgbytUKg; 71Cy7nzbfpuGJAS5FGxm93; 5kT9ftAJylK1roRMcdcsw2,4yy21UkGZ7gZEGbSERllpE,https://i.scdn.co/image/ab67616d00001e028dce2f1d6bf6de5a8af34cce
2026-03-14,vn,Vietnam,102,40,An Thần,Low G; Thắng,6TITnFVRcl0AcZ4syE7Toe; 1oD9fKbb7qQ2nhn9JJC24F,5C3fx9rdM4Bxf1MSOQC4Ym,https://i.scdn.co/image/ab67616d00001e02c8d355355c2c62b74b0809e4
2026-03-14,vn,Vietnam,103,5,Ngày Này Năm Ấy,Việt Anh,0cf0oidLIQoNhGTp0SHzhU,2pBZoglJzsRk4UeVey8n0k,https://i.scdn.co/image/ab67616d00001e02aeae15f8ddb16be02e781e51
2026-03-14,vn,Vietnam,104,4,NGƯỜI NHƯ ANH XỨNG ĐÁNG CÔ ĐƠN,"ANH TRAI ""SAY HI""; Vũ Cát Tường; Karik; Negav; Ngô Kiến Huy; Jey B",4wZ6awunqaaVLl5j0WpDFu; 7yquVKfxBuNFJbG9cy2R8A; 2Bwp23pD4UVsSkchHDZw4F; 4fg8aMZ23d2bxKz7r2vt9v; 7at0gkjCnhOBrxwQlJPJ4s; 4nxHXVJhEDW8IBb2oUwWxA,5u5AsK8JLgkr154QHZjJqh,https://i.scdn.co/image/ab67616d00001e02d33346ad3d2ae52cb3427f4b
2026-03-14,vn,Vietnam,105,19,Bông Hoa Đẹp Nhất,Quân A.P,2NRcG7E1j2sSi8vnUzCcpi,4TyQKEifYDWTfTSRwpxlYI,https://i.scdn.co/image/ab67616d00001e025a0419100f999929e19c6ca7
2026-03-14,vn,Vietnam,106,20,Pin Dự Phòng,Dương Domic; Lou Hoàng,4KPyQxL1zqEiBcTwW6c9HE; 75Ki5hBCOpDtKGoFyTvLxP,29Tj2R8sZZ3fzlXZVe1OyY,https://i.scdn.co/image/ab67616d00001e02f2e33afbb2d8b486c1c98aa3
2026-03-14,vn,Vietnam,107,18,Ghé Qua,PC; Dick; tofutns,3HD3V1nGFPwepBO7064Ij0; 1tikl40deDgJWS57GTKiVh; 0Ux2qIQbEeqvv7uYLgHhDH,6Q2oEdOhRjZ1DTv2a7j0lN,https://i.scdn.co/image/ab67616d00001e02acf81fac104612777326b0cf
2026-03-14,vn,Vietnam,108,6,Cho Mình Em,Binz; Đen,2nSO7JYDbJrYbJmP39qUzj; 1HMF5R4KSzEMxB54ihlOdj,51bYFYWODfYOZU0rwvjiCc,https://i.scdn.co/image/ab67616d00001e02b68fa08bdfd02ca2b6a044a3
2026-03-14,vn,Vietnam,109,13,daobuochongkong,NHONHO mơi nhạc,4fkaG6CTAlYm3daxCqiQzt,402pYgXoUIiWfZFhafcloO,https://i.scdn.co/image/ab67616d00001e02c555be07fe4839edd8753b09
2026-03-14,vn,Vietnam,110,25,IT’S GON’ BE ALRIGHT,"ANH TRAI ""SAY HI""; Negav; Văn Mai Hương",4wZ6awunqaaVLl5j0WpDFu; 4fg8aMZ23d2bxKz7r2vt9v; 63SNH9m8M034lCGELVC1dm,35sOT7zq5F0i9IsJF5whxm,https://i.scdn.co/image/ab67616d00001e02ccaec65a600912e14929c544
2026-03-14,vn,Vietnam,111,7,ĐỢI (feat. WEAN) - SPECIAL VERSION,52Hz; RIO; WEAN,1y28JlO6rDMUB5rkcA4RAh; 4dH6uW4FU977FDuTcCHGUf; 30eFAXoU2kTjJPf2cq80B8,33S16Xa5cZmLPhn6eZI4Nm,https://i.scdn.co/image/ab67616d00001e021363c4dca923db27e90266cf
2026-03-14,vn,Vietnam,112,5,Nước Mắt Em Lau Bằng Tình Yêu Mới,Da LAB; Tóc Tiên,6zUWZmyi5MLOEynQ5wCI5f; 4YkqEuVf1Jf2x2XDqJ2CvC,7J9l9ebYB3IEs5ea5J1M7a,https://i.scdn.co/image/ab67616d00001e02a8841feab76e269590320623
2026-03-14,vn,Vietnam,113,13,Thích Quá Rùi Nà,tlinh; Trung Trần,3diftVOq7aEIebXKkC34oR; 2v14NO80QYditUms7sbEIZ,4qJSUFwZFouto5VZUlln75,https://i.scdn.co/image/ab67616d00001e023b8fccabde0a2d2eb00c16b0
2026-03-14,vn,Vietnam,114,8,Anh Muốn Nhìn Thấy Em,The Wind; Dangrangto,5mPRDRL2rclNaPJXOg56Jy; 5xY6E5PMZNtz9jDvxTRiGI,5VGOYjxkEaf19LoRPIolD2,https://i.scdn.co/image/ab67616d00001e0291db5c2d5e551d1bb085b20c
2026-03-14,vn,Vietnam,115,41,tâm trí lang thang,Ánh Sáng AZA; Negav,0agWx6vy0Ss4FGafO8bEYc; 4fg8aMZ23d2bxKz7r2vt9v,3W77mLoXjQEkNjxvYRifjG,https://i.scdn.co/image/ab67616d00001e026327fc5999554134263e1ab9
2026-03-14,vn,Vietnam,116,22,Muộn Rồi Mà Sao Còn,Sơn Tùng M-TP,5dfZ5uSmzR7VQK0udbAVpf,4vfhartd7HDWGJbdVIycEu,https://i.scdn.co/image/ab67616d00001e020121ea113166222d5c743e2e
2026-03-14,vn,Vietnam,117,20,Hôn Lễ Của Em,Trọng Nhân; Tiểu Mỹ,4ZDUs7kEZVy7Cggu2wpRcs; 2dhE3KbB4xe7Kxc0OJZg51,1U84HVkHzJ6yU9AUplQCr5,https://i.scdn.co/image/ab67616d00001e02125cc0b77e36a9dcdaf68a78
2026-03-14,vn,Vietnam,118,27,Chiều Hôm Ấy,JayKii,4ZSYaCMxF2k6maN3KTP17F,5tmA5oQDF0ULqRI12LKCDw,https://i.scdn.co/image/ab67616d00001e02dd99a8ac0e175d34167d96f4
2026-03-14,vn,Vietnam,119,1,We Don't Talk Anymore (feat. Selena Gomez),Charlie Puth; Selena Gomez,6VuMaDnrHyPL1p4EHjYLi7; 0C8ZW7ezQVs4URX5aX7Kqx,54PbBpquVfhfrwRwvjSXbI,https://i.scdn.co/image/ab67616d00001e0215145482a542a9adb282250b
2026-03-14,vn,Vietnam,120,14,EM ĐAU,Phùng Khánh Linh; Thành Luke,23Gbd21nBxC1kCtcG2Cd0C; 4s1DRFQAYnDvXmKYFBUcYa,317Lh6QCAz9JpWbV3oxrCf,https://i.scdn.co/image/ab67616d00001e02a849807eefddbac39873a784
2026-03-14,vn,Vietnam,121,9,Lễ Đường,Kai Đinh,3E6LGptA8lBEXPHAQCE3vr,3y66li7DIrH7HLKIZzxR5H,https://i.scdn.co/image/ab67616d00001e02312aebc924ae317397fdcff5
2026-03-14,vn,Vietnam,122,43,Perfect,Shiki; Tyronee,3hRnvEdu1iPyB6EzMBbuZq; 04xz9bIBYTIqEpmRvQkfvu,2FnXZhpEKgIab8vI6t2C7e,https://i.scdn.co/image/ab67616d00001e023d8f5ef4ca6a5d6a22af538a
2026-03-14,vn,Vietnam,123,30,Có Ai Thương Em Như Anh,Tóc Tiên; Touliver,4YkqEuVf1Jf2x2XDqJ2CvC; 5UNWQJdUbO8Gbg9Qn3r52M,7AD5F85waSb3yZxZxEXhJM,https://i.scdn.co/image/ab67616d00001e02f7f36f33a9f857d12b00df42
2026-03-14,vn,Vietnam,124,1,Bước Qua Mùa Cô Đơn,Vũ.,57g2v7gJZepcwsuwssIfZs,6uxuJ8Fr1AAfSPJUF9N1yr,https://i.scdn.co/image/ab67616d00001e027c2c7660ba4e8060a10fc9c5
2026-03-14,vn,Vietnam,125,22,Đó Chỉ Là Thành Phố Của Anh,Luxuyen; New$oulz,0B9sKSEY2YQpILrF2HHng4; 7GKDb02uOcMnDS5fUixNEc,2qU7v0idyT8aTp8FVxl23c,https://i.scdn.co/image/ab67616d00001e0257fbe5bd828fc8974e7e0a9b
2026-03-14,vn,Vietnam,126,6,bao tiền một mớ bình yên?,14 Casper; Bon Nghiêm,0zo8kCJVktn7oPnzpkbC2p; 6hnfLIkvDl6pjlAe1YRGXY,7kgzRBNkBRArtTPkYjWLYT,https://i.scdn.co/image/ab67616d00001e0270cb943c9a67b7eda3414366
2026-03-14,vn,Vietnam,127,26,Đáng Lý Ra Phải Là Anh,Đức Trường; BMZ; Kun,4R2engiAed6QeIV63PDAz0; 3euFcFd5Dc7JAz6t7oKg7m; 0Wk1HnqgITK5L6UIR6h3pM,7HoAJ6Hc1P91eoOrn1WY5d,https://i.scdn.co/image/ab67616d00001e0282b5e415d9fda695d6d59738
2026-03-14,vn,Vietnam,128,31,Forget Me Now,Fishy; Trí Dũng,7kSmS2G15QIw8rllwGex9r; 3vrLtReLclPLq5VvCAxCik,12DNdwLD9oZOPADqM10oyE,https://i.scdn.co/image/ab67616d00001e02c02454f5d89c94e488b4ac45
2026-03-14,vn,Vietnam,129,12,Chờ Anh Nhé,Hoàng Dũng; Hoàng Rob,6OzE2OdvV2tGAxSBsBuZ74; 43qZrcVKZleWlmoBVRBPO8,2uxjHthUJd2A8PmWaUGGsI,https://i.scdn.co/image/ab67616d00001e02a09fb80b07fb17f8ab7b844a
2026-03-14,vn,Vietnam,130,1,Cơn Mưa Cuối,JustaTee; Binz,3rjcQ5VIWCN4q7UFetzdeO; 2nSO7JYDbJrYbJmP39qUzj,6E3P4uOfKHYXJLK6Q3s0Tj,https://i.scdn.co/image/ab67616d00001e0222612841829252b1f3018c2e
2026-03-14,vn,Vietnam,131,21,Đến Đây Bên Anh,Cloud 5; Dangrangto,4jpoAFITrFeFHeZ7Fgv3KZ; 5xY6E5PMZNtz9jDvxTRiGI,55Eo6NDkVhSRBonrT16kXM,https://i.scdn.co/image/ab67616d00001e02bed265ca42ecbd6daf08a7a1
2026-03-14,vn,Vietnam,132,1,Ordinary,Alex Warren,0fTSzq9jAh4c36UVb4V7CB,2RkZ5LkEzeHGRsmDqKwmaJ,https://i.scdn.co/image/ab67616d00001e028d18d73bbfc8985d52865edf
2026-03-14,vn,Vietnam,133,21,Bầu Trời Mới,Da LAB; Minh Tốc & Lam,6zUWZmyi5MLOEynQ5wCI5f; 27RoKwun6jKycKbH2iYUFU,7fCeYpR02Q8JVuD88hJZVT,https://i.scdn.co/image/ab67616d00001e0264eefeaaf062b7fdf9f7e6a0
2026-03-14,vn,Vietnam,134,1,Dù Cho Mai Về Sau,buitruonglinh,7Cp2hGcriAaDUAWpXnSEwm,4Iz5EWPCAT8jYNk4IpLoll,https://i.scdn.co/image/ab67616d00001e02ff2d5a6f74d5141af7a371ea
2026-03-14,vn,Vietnam,135,26,Winter Ahead (with PARK HYO SHIN),V; Park Hyo Shin,3JsHnjpbhX4SnySpvpa9DK; 57htMBtzpppc1yoXgjbslj,7G7mSV4BebkoHWwKTDvXu9,https://i.scdn.co/image/ab67616d00001e0216ba2a3622bd0d0d985e3234
2026-03-14,vn,Vietnam,136,29,Vùng Ký Ức,Chillies,2xvW7dgL1640K8exTcRMS4,3H6nzsPNMttEvUl3ai3xN8,https://i.scdn.co/image/ab67616d00001e02e8a6054b92e9c63bbf5ff205
2026-03-14,vn,Vietnam,137,20,Chúng Ta Của Hiện Tại,Sơn Tùng M-TP,5dfZ5uSmzR7VQK0udbAVpf,1J3SmWwlYAG68LGKr86MVH,https://i.scdn.co/image/ab67616d00001e022cd9649ea111a552283f0165
2026-03-14,vn,Vietnam,138,22,Ở Trong Khu Rừng - Cảm Ơn Người Đã Thức Cùng Tôi Original Soundtrack,Nguyễn Hùng,7oxw8G3qB7DwjCs18JWJt5,33Omv0QYK1IvSHvpxoLzJz,https://i.scdn.co/image/ab67616d00001e02391a9edea922a70a58ce0bb2
2026-03-14,vn,Vietnam,139,21,Yêu Một Người Có Lẽ,Lou Hoàng; Miu Lê,75Ki5hBCOpDtKGoFyTvLxP; 4e5LAUvM35jleGg8gElTsP,2o4dDfLK6NVI7TjBm5VoMv,https://i.scdn.co/image/ab67616d00001e02d28b4546b16fc8e0000f277e
2026-03-14,vn,Vietnam,140,29,Giữ Anh Em Cũng Làm Không Xong - From “Thỏ Ơi!!” Original Motion Picture Soundtrack,Lyly,4POahBr8YCPNKGErIiofyx,5KFKDA7Gp8pHXKRWgp3G3l,https://i.scdn.co/image/ab67616d00001e0217e333f87b484b5f6f2db9c8
2026-03-14,vn,Vietnam,141,3,KHÔNG ĐAU NỮA RỒI,"EM XINH ""SAY HI""; Orange; Mỹ Mỹ; 52Hz; Châu Bùi; Pháp Kiều",1I5CkmtLVWLUygTT3cLr5X; 5lAfakPZgxFKgiJD6xAF1G; 21trGUfOb8qkRjI4EyF1qm; 1y28JlO6rDMUB5rkcA4RAh; 6mKDR6IdsyqRp38x1uigAR; 13c4ijEkXNvEFoxGxwp5Su,1uiqiUzPn2EJpvHDy84PEZ,https://i.scdn.co/image/ab67616d00001e02d0b9c144f3a1db73f1b677dc
2026-03-14,vn,Vietnam,142,2,"One Of The Girls (with JENNIE, Lily Rose Depp)",The Weeknd; JENNIE; Lily-Rose Depp,1Xyo4u8uXC1ZmMpatF05PJ; 250b0Wlc5Vk0CoUsaCY84M; 1pBLC0qVRTB5zVMuteQ9jJ,7CyPwkp0oE8Ro9Dd5CUDjW,https://i.scdn.co/image/ab67616d00001e02b0dd6a5cd1dec96c4119c262
2026-03-14,vn,Vietnam,143,33,Simp Gái 808,Low G,6TITnFVRcl0AcZ4syE7Toe,2ppLwHSMgDGEQ5c8o6nAX2,https://i.scdn.co/image/ab67616d00001e021d66c4676b09e84c90333a14
2026-03-14,vn,Vietnam,144,20,Ex's Hate Me,B Ray; AMEE,1WvNgEoB66jmHodcj15Zi9; 2aQnC3DbZB9GbauvhAw7ve,170CNv2CAZn8wg6GxvHXYC,https://i.scdn.co/image/ab67616d00001e0225b293d1ca066c650a0f9c69
2026-03-14,vn,Vietnam,145,25,Cỏ Dại Và Hoa Dành Dành,F47 Cover,7HkfYjmBgiWf14YX4ww5RV,3w2fCdA3FeCyAwptmwtfwa,https://i.scdn.co/image/ab67616d00001e022dc8f561f9e158f944fb7d74
2026-03-14,vn,Vietnam,146,Re-Entry,Vườn mây vừa hay,Ân ngờ; MYLINA,3Myoe574gxIKLU5bKqjkFk; 4yx3BsXxY9l6BRyStNIB8y,084taGXkVELabQBsFMFGL8,https://i.scdn.co/image/ab67616d00001e02259e2b70d0ce15992ab7b006
2026-03-14,vn,Vietnam,147,38,Nghe kể năm 90s,Ân ngờ; Suzie MK; Zer Nguyễn,3Myoe574gxIKLU5bKqjkFk; 2Jk4p7LgyfgScSMChOC9Pp; 62WhadRyBmRJO56wP9oyPz,0bAmqokpYHnFWAHpzqDOxB,https://i.scdn.co/image/ab67616d00001e029e2926d23d5cfef4eedad2b9
2026-03-14,vn,Vietnam,148,Re-Entry,Người Bình Thường,Vũ Cát Tường,7yquVKfxBuNFJbG9cy2R8A,1fFvYVg1v3rpUSqKNCUh7b,https://i.scdn.co/image/ab67616d00001e024b261902f2f94e876adf9181
2026-03-14,vn,Vietnam,149,29,SAIROI,Khoi Vu,71Cy7nzbfpuGJAS5FGxm93,1nrC04lSCsxO6TwHktJKzj,https://i.scdn.co/image/ab67616d00001e021fdb05661083b0d546f4aeb7
2026-03-14,vn,Vietnam,150,31,Yêu 5,Rhymastic,0gGd4WhPXBSgDX6fdOHcOw,5U30iZBlmxkpHqzb1OSnBS,https://i.scdn.co/image/ab67616d00001e02d085c32d050bc832a8075ce6
2026-03-14,vn,Vietnam,151,23,Ai Đưa Em Về,TIA; Lê Thiện Hiếu,6LrBtADUmDoLlcTrg448Qt; 2U7kaq9BBq7eG2Vyn1D3Ab,7LTdc7R99Q9sHlD3I0e10t,https://i.scdn.co/image/ab67616d00001e021f44a0670a8fe17ee8acba15
2026-03-14,vn,Vietnam,152,33,Anh Cũng Đâu Có Muốn Tin?,Dab; Helinn,7dFC6SVFS2YkIcRfE2SyfV; 1Mvyth8k2SUg7F2H3HKjvT,6hytdEPX4UcGh91gDBUZDv,https://i.scdn.co/image/ab67616d00001e02faf989580fad4a6ae92ddd39
2026-03-14,vn,Vietnam,153,8,Trạng Thái Mộng Mơ,Đỗ Hoàng Long,7rkudDmJqV6OIv9EvCOWoG,0KA8tBqZ81mBe2po59GK5j,https://i.scdn.co/image/ab67616d00001e02c974be1c42a0e44df48f299c
2026-03-14,vn,Vietnam,154,Re-Entry,Em Không Hiểu,Changg; Minh Huy,1nX1HVIUo1Zfs3e2v3lFb9; 5zT1Ku9mzzl6RW5y4z0hUK,1izPmgSW7FV6XFdEOiTvOY,https://i.scdn.co/image/ab67616d00001e022882dbcd6195d4f0ef4b2cd4
2026-03-14,vn,Vietnam,155,11,Cảm Ơn Và Xin Lỗi - OST from “Thưa Mẹ Con Đi”,Chillies,2xvW7dgL1640K8exTcRMS4,7wHBNIBO353lf9aVvmUydT,https://i.scdn.co/image/ab67616d00001e025f84befe2eafac10e6dc63de
2026-03-14,vn,Vietnam,156,22,"Hẹn Một Mai - From"" 4 Năm 2 Chàng 1 Tình Yêu""",Bùi Anh Tuấn,2Gvp79Cmni6PX13CAlSGex,5BJqg07SKgmFnVLOBmLFvq,https://i.scdn.co/image/ab67616d00001e021be0834566aefd6c0ea9e9c4
2026-03-14,vn,Vietnam,157,30,Em,Binz,2nSO7JYDbJrYbJmP39qUzj,1UhQ0VwKq2PGnLiAZOJYV1,https://i.scdn.co/image/ab67616d00001e029b837a5dd78092c5940f51ff
2026-03-14,vn,Vietnam,158,14,Còn Gì Đẹp Hơn - Mưa Đỏ Original Soundtrack,Nguyễn Hùng,7oxw8G3qB7DwjCs18JWJt5,5zXCoF69UxPNLrpar8Rk7e,https://i.scdn.co/image/ab67616d00001e025afaa04ceef4392c7fae8db4
2026-03-14,vn,Vietnam,159,11,Mở Lòng Vì Ai - Thazh x Đông Remix,Inso; Thazh; Đông,3ODn1j8mbpExTD0Krkio62; 5wS0UASd1414G9lpEetQHB; 6oAI2yPQe2rJI5WBxMJBPI,78qgfGQXLCxLcJRShFeAyk,https://i.scdn.co/image/ab67616d00001e02b93823d1b10918c2d6166406
2026-03-14,vn,Vietnam,160,7,dự báo thời tiết hôm nay mưa,GREY D,6d0dLenjy5CnR5ZMn2agiV,7bFFUPBiF15n8m8RziqS4o,https://i.scdn.co/image/ab67616d00001e0212a6bd687aec4105bc06fcdf
2026-03-14,vn,Vietnam,161,31,hãy đến đây bên anh trong một chiều mùa thu,Dangrangto; DONAL,5xY6E5PMZNtz9jDvxTRiGI; 3rSAej8VUifF02zpsGjsRZ,6qDzk36tXJDLqHCSlmb885,https://i.scdn.co/image/ab67616d00001e0248af74171ed2b5f89902cadf
2026-03-14,vn,Vietnam,162,26,Anh Là Ai,Phương Ly,5Kh0ta0UY4uJ4g2CIdq9V9,3gLRyMbg5nWLcuKD46Uz72,https://i.scdn.co/image/ab67616d00001e02ed4d44c4f824776af51829d1
2026-03-14,vn,Vietnam,163,13,Đầu Đường Xó Chợ,Obito; Shiki; Lăng LD,0ZbgKh0FgPYeFP38nVaEGp; 3hRnvEdu1iPyB6EzMBbuZq; 0EOMdQwzUG6CKh9oWvcANr,2G5ujw3rrWcAXQqT8PVnrz,https://i.scdn.co/image/ab67616d00001e0292824dc99ef88e1bd6d79904
2026-03-14,vn,Vietnam,164,21,Mascara,Chillies,2xvW7dgL1640K8exTcRMS4,50cmxP6KlnQA9IG3q5ckKD,https://i.scdn.co/image/ab67616d00001e02e8a6054b92e9c63bbf5ff205
2026-03-14,vn,Vietnam,165,30,3107 3,W/N; Duongg; Nau; titie,6NF9Oa4ThQWCj6mogFSrVD; 3JkGKNawown8MgcJsDw1WT; 38QautgC2LNYKiu10BB0sF; 2I8garg5B5BsdmetbsXsjG,1EmMFSLRVkOszCa4ul9z0F,https://i.scdn.co/image/ab67616d00001e021f24e7802fe66cb93779a44b
2026-03-14,vn,Vietnam,166,27,thế giới của anh,Dangrangto; DONAL,5xY6E5PMZNtz9jDvxTRiGI; 3rSAej8VUifF02zpsGjsRZ,6TGwaBlfUGVoeZMBLzvXGP,https://i.scdn.co/image/ab67616d00001e021ebf29af848d1d40146bdb98
2026-03-14,vn,Vietnam,167,1,Thêm Bao Nhiêu Lâu,Đạt G,4R3mugkUqCALXgkwSptTbg,43zzuEWDotRcKlSFzrlJqs,https://i.scdn.co/image/ab67616d00001e02646bbe6d09903e5ecbc86d1c
2026-03-14,vn,Vietnam,168,12,Chìm Sâu,RPT MCK; Trung Trần,1zSv9qZANOWB4HRE8sxeTL; 2v14NO80QYditUms7sbEIZ,7jLSThU5Kg1RWt19Leiaxm,https://i.scdn.co/image/ab67616d00001e02d80191bebd0e8506c3533cd5
2026-03-14,vn,Vietnam,169,11,Haegeum,Agust D,5RmQ8k4l3HZ8JoPb4mNsML,4bjN59DRXFRxBE1g5ne6B1,https://i.scdn.co/image/ab67616d00001e02fa9247b68471b82d2125651e
2026-03-14,vn,Vietnam,170,Re-Entry,Yêu Từ Đâu Mà Ra,Lil Zpoet,0T8DkuhhFhdWAMN0bdeLL7,7yxogpPUBn4wVEKBgI5c7U,https://i.scdn.co/image/ab67616d00001e023ac7e6215bc52d5c162350f5
2026-03-14,vn,Vietnam,171,12,Die With A Smile,Lady Gaga; Bruno Mars,1HY2Jd0NmPuamShAr6KMms; 0du5cEVh5yTK9QJze8zA0C,7so0lgd0zP2Sbgs2d7a1SZ,https://i.scdn.co/image/ab67616d00001e02b0860cf0a98e09663c82290c
2026-03-14,vn,Vietnam,172,51,MOIEM,Dangrangto; DONAL,5xY6E5PMZNtz9jDvxTRiGI; 3rSAej8VUifF02zpsGjsRZ,265hQASPY3HFmUH38zZrSK,https://i.scdn.co/image/ab67616d00001e027e97b87560a9ec3e4168ee91
2026-03-14,vn,Vietnam,173,10,Tấm Lòng Cửu Long,Ricky Star,4jQZaxfgwiUJFQagCyZNV4,6roVxIZN2frBQoXFomdWW5,https://i.scdn.co/image/ab67616d00001e0284abd8d9b4858144add4a973
2026-03-14,vn,Vietnam,174,13,Già Cùng Nhau Là Được,Tùng TeA; PC; TaynguyenSound,2SWNzbf1maA3oR4x56Uv9W; 3HD3V1nGFPwepBO7064Ij0; 5ayWRfrcpObgDDlzheJ2Gr,0jHpGB1Xt2kIX0VaPFvStp,https://i.scdn.co/image/ab67616d00001e0276c10c0497647b0cee2dba35
2026-03-14,vn,Vietnam,175,–,Thanh Xuân,Da LAB,6zUWZmyi5MLOEynQ5wCI5f,3b34161QoxLwsqhWSPy9i5,https://i.scdn.co/image/ab67616d00001e02e6e2f687354cad6c6bfbfae8
2026-03-14,vn,Vietnam,176,47,Chuyện Chúng Ta Sau Này,Hải Đăng Doo; Weeza,0F1rSmrNT6sp3LYohgYKsT; 3KCwCM9okdx5d2iDbIxQ9l,0QIBqBajZLLcWfL6mpVsN3,https://i.scdn.co/image/ab67616d00001e0260da22a3dfebf95752d81dae
2026-03-14,vn,Vietnam,177,Re-Entry,Vị Nhà,Đen,1LEtM3AleYg1xabW6CRkpi,5WkJN8HoGWMrd0yDI0OxwA,https://i.scdn.co/image/ab67616d00001e0256378385e62ee4689b4d9f5e
2026-03-14,vn,Vietnam,178,25,Anh Nhớ Ra (feat. TRANG),Vũ.; TRANG,57g2v7gJZepcwsuwssIfZs; 2knyDFP4xw9wZEWA98JX6b,7eDrdQ7PK9Xm1CZCKWsgmH,https://i.scdn.co/image/ab67616d00001e027c2c7660ba4e8060a10fc9c5
2026-03-14,vn,Vietnam,179,25,"KIM PHÚT, KIM GIỜ (feat. HURRYKNG, HIEUTHUHAI, Negav, Pháp Kiều & Isaac)","ANH TRAI ""SAY HI""; HURRYKNG; HIEUTHUHAI; Negav; Pháp Kiều; Isaac",4wZ6awunqaaVLl5j0WpDFu; 5ulyphh5uJrH4Gb1JpSMkV; 5HZtdKfC4xU0wvhEyYDWiY; 4fg8aMZ23d2bxKz7r2vt9v; 13c4ijEkXNvEFoxGxwp5Su; 40JnMfFlpwqBnWitkL96g4,2GE2p2dFpxp7OIz2QOFBzW,https://i.scdn.co/image/ab67616d00001e0229827a801b2fb4e77a7bc08c
2026-03-14,vn,Vietnam,180,29,NGỰA Ô,Dangrangto; TeuYungBoy; DONAL,5xY6E5PMZNtz9jDvxTRiGI; 3oD2yI1g6aT3KawHD8ZYaU; 3rSAej8VUifF02zpsGjsRZ,4eeflgjzTF8xN8U2E0dech,https://i.scdn.co/image/ab67616d00001e02cf17facfa039ce40abfd555d
2026-03-14,vn,Vietnam,181,13,0 AI NGHĨ,Wxrdie,1Jmkhzve9TuXHUUWGmpANw,2kt7udEZmN2kj1Jsl118zY,https://i.scdn.co/image/ab67616d00001e020654d645c1868aa897ee1f19
2026-03-14,vn,Vietnam,182,27,Risk It All,Bruno Mars,0du5cEVh5yTK9QJze8zA0C,5y2ijHECwFYWqcAHKTZgzD,https://i.scdn.co/image/ab67616d00001e023eb8dc748f7efb1470f74395
2026-03-14,vn,Vietnam,183,12,đưa em về nhàa,GREY D; Chillies,6d0dLenjy5CnR5ZMn2agiV; 2xvW7dgL1640K8exTcRMS4,5LQpQ6SDeaz6SIkR0lvsoC,https://i.scdn.co/image/ab67616d00001e02f5f1c702277641302f435ad7
2026-03-14,vn,Vietnam,184,95,HONGKONG1,Nguyễn Trọng Tài; Don Raemo; Double X,2UCPMrvFm42t3w5duYfQHl; 4M86uhyARnHypunU4dhRqG; 1mOcX2DsOhhWYDIgeRXkmm,6UFvSmKzCZ16fxsybf4PhE,https://i.scdn.co/image/ab67616d00001e02e6508f2160d972cc736776fe
2026-03-14,vn,Vietnam,185,Re-Entry,Ánh Sao Và Bầu Trời,T.R.I,2rVYwIYNEsMxtt8j5yemHb,5iZHnufFUgATzrpGgH1K0W,https://i.scdn.co/image/ab67616d00001e02212f0300aefcb79b00d2a6cf
2026-03-14,vn,Vietnam,186,4,Em Không Khóc (feat. Vũ Phụng Tiên),buitruonglinh; Vũ Phụng Tiên,7Cp2hGcriAaDUAWpXnSEwm; 70ULEgr5A3zBL12foM4bnj,4N99EuIjwSSFFFMDfTeOLU,https://i.scdn.co/image/ab67616d00001e021dddee08b987379428e54168
2026-03-14,vn,Vietnam,187,18,Từng Quen,Wren Evans; itsnk,5M3ffmRiOX9Q8Y4jNeR5wu; 0hy8mfXxfD8kQ6MRQkDVrn,4qYfRfSxsmhJ1WMaywtLyI,https://i.scdn.co/image/ab67616d00001e0271d5ffe4407f913393ecdd11
2026-03-14,vn,Vietnam,188,60,Khi Em Lớn,Orange; Hoàng Dũng,5lAfakPZgxFKgiJD6xAF1G; 6OzE2OdvV2tGAxSBsBuZ74,3J06iY9IRWKr1H0zIxrUby,https://i.scdn.co/image/ab67616d00001e02376b1dd4653e78ea81f42dd2
2026-03-14,vn,Vietnam,189,Re-Entry,Từ Em Mà Ra,Lil Zpoet; Đức Anh,0T8DkuhhFhdWAMN0bdeLL7; 1JjEGhZENWaxmk5Ymf43Ss,1Up8B0iFpeg5IN2C7gFFNa,https://i.scdn.co/image/ab67616d00001e026a1f18d638fe0f64dea99a7f
2026-03-14,vn,Vietnam,190,28,Nằm Bên Anh,Minh Đinh; Hà An Huy,4NfuHLESitkh66LOZeyzsu; 6cz81gA7fLpRK4qKeLsGIn,5LuyL5o2BcFKK4FOJLYsSy,https://i.scdn.co/image/ab67616d00001e02a77f6467328fb3be03af1ff7
2026-03-14,vn,Vietnam,191,Re-Entry,like JENNIE,JENNIE,250b0Wlc5Vk0CoUsaCY84M,0fK7ie6XwGxQTIkpFoWkd1,https://i.scdn.co/image/ab67616d00001e02dcf27dec5e479b2e39c4c993
2026-03-14,vn,Vietnam,192,Re-Entry,GO!,CORTIS,1ebt9HnXdyYA6KgLXr1n4P,6OWWZtNQORY1McaZmOrwhc,https://i.scdn.co/image/ab67616d00001e024b56a34b0c2b3798fd46f855
2026-03-14,vn,Vietnam,193,Re-Entry,FaSHioN,CORTIS,1ebt9HnXdyYA6KgLXr1n4P,4ecdsGz3Hg6TKPwQ0ZOdJz,https://i.scdn.co/image/ab67616d00001e024b56a34b0c2b3798fd46f855
2026-03-14,vn,Vietnam,194,1,Có Em Chờ,MIN,0IdAjS2LRieBR3gzoazdAw,6KIhgRkprgyJNERRMu7Quh,https://i.scdn.co/image/ab67616d00001e021afa18b0fb9197e45352813a
2026-03-14,vn,Vietnam,195,9,NGƯỜI ĐẦU TIÊN,"EM XINH ""SAY HI""; Juky San",1I5CkmtLVWLUygTT3cLr5X; 51wGpVg4Z3lv1IjuZAQjXn,3qKeW2XJFZU5CvOQKStQW6,https://i.scdn.co/image/ab67616d00001e02a162d20d66ce9c1e8b4f8676
2026-03-14,vn,Vietnam,196,2,3 1 0 7 (feat. Duongg & Nâu),W/N; Duongg; Nâu,6NF9Oa4ThQWCj6mogFSrVD; 3JkGKNawown8MgcJsDw1WT; 5zifyPCJIZxUBhVq7AydsT,5xuaCJaNAqRLwV7OO5zPiF,https://i.scdn.co/image/ab67616d00001e02adc789d731eff56c9b448737
2026-03-14,vn,Vietnam,197,24,Mục Hạ Vô Nhân (feat. Binz),SOOBIN; Huỳnh Tú; Binz,6CGGvCBHWqQ4HXtn5aLhbh; 4186W4qcRPtnUl7LNqNSAK; 2nSO7JYDbJrYbJmP39qUzj,2jbwrUF3CCe68kztsvLsNC,https://i.scdn.co/image/ab67616d00001e028db1f6f70758c1bd28f0c8ad
2026-03-14,vn,Vietnam,198,Re-Entry,Hai Thằng Bịp,Mason Nguyen; 24k.Right; Hipz,39UJlviUwzZGZrA8DiQy31; 0hUr8xEtATxbq2OTiJFAP0; 3g8l4a4JtYNpYKqSMZMnK0,1cbLoF2FHZrdcAuH28eZ97,https://i.scdn.co/image/ab67616d00001e025ce2ceba332de950f91a9461
2026-03-14,vn,Vietnam,199,Re-Entry,Vai Lan Don Dua,SOOBIN,6CGGvCBHWqQ4HXtn5aLhbh,6hUpxEKFSjS8metuA1yxlf,https://i.scdn.co/image/ab67616d00001e02710f5334ce7a356e2b370822
2026-03-14,vn,Vietnam,200,Re-Entry,Cause I Love You,Noo Phước Thịnh,3mibIJiduF0MVLLAvHZAxw,5vODf231esazyTFBRN6Tdc,https://i.scdn.co/image/ab67616d00001e02100e0fb26ce43fd0e879911c
2026-03-14,sg,Singapore,1,–,Don’t Say You Love Me,Jin,5vV3bFXnN6D6N3Nj4xRvaV,27xkOIER6uDLKALIelHylZ,https://i.scdn.co/image/ab67616d00001e0289228504f700641956e29f5d
2026-03-14,sg,Singapore,2,–,Risk It All,Bruno Mars,0du5cEVh5yTK9QJze8zA0C,5y2ijHECwFYWqcAHKTZgzD,https://i.scdn.co/image/ab67616d00001e023eb8dc748f7efb1470f74395
2026-03-14,sg,Singapore,3,–,Who,Jimin,1oSPZhvZMIrWW5I41kPkkY,7tI8dRuH2Yc6RuoTjxo4dU,https://i.scdn.co/image/ab67616d00001e02f02c451189a709b9a952aaec
2026-03-14,sg,Singapore,4,–,Stateside + Zara Larsson,PinkPantheress; Zara Larsson,78rUTD7y6Cy67W1RVzYs7t; 1Xylc3o4UrD53lo9CvFvVg,1DwscornXpj8fmOmYVlqZt,https://i.scdn.co/image/ab67616d00001e02684ecc5bc1b724d0106ad694
2026-03-14,sg,Singapore,5,–,So Easy (To Fall In Love),Olivia Dean,00x1fYSGhdqScXBRpSj3DW,6sGIMrtIzQjdzNndVxe397,https://i.scdn.co/image/ab67616d00001e029a336bfb6d40bbd90a507417
2026-03-14,sg,Singapore,6,–,The Fate of Ophelia,Taylor Swift,06HL4z0CvFAxyc27GXpf02,53iuhJlwXhSER5J2IYYv1W,https://i.scdn.co/image/ab67616d00001e02d7812467811a7da6e6a44902
2026-03-14,sg,Singapore,7,5,Golden,HUNTR/X; EJAE; AUDREY NUNA; REI AMI; KPop Demon Hunters Cast,2yNNYQBChuox9A5Ka93BIn; 0RMJOzHDhAKY1o2j0W0vxY; 0Wwji82sLA0Hcvtuak3omb; 6U1dV7aL68N7Gb0Naq34V5; 7mW7Tv7NvywKKXqafZo0Lc,1CPZ5BxNNd0n0nF4Orb9JS,https://i.scdn.co/image/ab67616d00001e024dcb6c5df15cf74596ab25a4
2026-03-14,sg,Singapore,8,–,back to friends,sombr,4G9NDjRyZFDlJKMRL8hx3S,7qjZnBKE73H4Oxkopwulqe,https://i.scdn.co/image/ab67616d00001e024229702de91cb3d3a4383302
2026-03-14,sg,Singapore,9,–,End of Beginning,Djo,5p9HO3XC5P3BLxJs5Mtrhm,3qhlB30KknSejmIvZZLjOD,https://i.scdn.co/image/ab67616d00001e02fddfffec51b4580acae727c1
2026-03-14,sg,Singapore,10,–,Jumping Machine (跳楼机),LBI利比,1xMn0bhYRWHDV01mU8gP1J,1XZE0InCx3SdCnLpVsPpZl,https://i.scdn.co/image/ab67616d00001e0265bcb498250d15917f92464f
2026-03-14,sg,Singapore,11,–,Raindance (feat. Tems),Dave; Tems,6Ip8FS7vWT1uKkJSweANQK; 687cZJR45JO7jhk1LHIbgq,3oTuTpF1F3A7rEC6RKsMRz,https://i.scdn.co/image/ab67616d00001e02fecaa7826bb0cbe139a8cb83
2026-03-14,sg,Singapore,12,3,Man I Need,Olivia Dean,00x1fYSGhdqScXBRpSj3DW,1qbmS6ep2hbBRaEZFpn7BX,https://i.scdn.co/image/ab67616d00001e02e3d69e17dde129037a1f09e2
2026-03-14,sg,Singapore,13,7,Babydoll,Dominic Fike,6USv9qhCn6zfxlBQIYJ9qs,7yNf9YjeO5JXUE3JEBgnYc,https://i.scdn.co/image/ab67616d00001e027b1b6f41c1645af9757d5616
2026-03-14,sg,Singapore,14,1,Seven (feat. Latto) (Explicit Ver.),Jung Kook; Latto,6HaGTQPmzraVmaVxvz6EUc; 3MdXrJWsbVzdn6fe5JYkSQ,2HRgqmZQC0MC7GeNuDIXHN,https://i.scdn.co/image/ab67616d00001e02741fd4807f442af3f7359316
2026-03-14,sg,Singapore,15,1,I Just Might,Bruno Mars,0du5cEVh5yTK9QJze8zA0C,6f68Ac5tt5BQOpwr0BV9oN,https://i.scdn.co/image/ab67616d00001e023eb8dc748f7efb1470f74395
2026-03-14,sg,Singapore,16,1,Opalite,Taylor Swift,06HL4z0CvFAxyc27GXpf02,3yWuTOYDztXjZxdE2cIRUa,https://i.scdn.co/image/ab67616d00001e02d7812467811a7da6e6a44902
2026-03-14,sg,Singapore,17,6,Die With A Smile,Lady Gaga; Bruno Mars,1HY2Jd0NmPuamShAr6KMms; 0du5cEVh5yTK9QJze8zA0C,7so0lgd0zP2Sbgs2d7a1SZ,https://i.scdn.co/image/ab67616d00001e02b0860cf0a98e09663c82290c
2026-03-14,sg,Singapore,18,6,Dracula (with JENNIE),Tame Impala; JENNIE,5INjqkS1o8h1imAzPqGZBb; 250b0Wlc5Vk0CoUsaCY84M,5yvVYFDUpbnjcnRBgjwTzM,https://i.scdn.co/image/ab67616d00001e02c7c031ce9d06b131f8563676
2026-03-14,sg,Singapore,19,2,RUDE!,Hearts2Hearts,1ZLU77nRzQIaP23mVSYpCQ,0WA27lZzPKFJKAbiDRmQDc,https://i.scdn.co/image/ab67616d00001e02d505bec2fbfee5857725d333
2026-03-14,sg,Singapore,20,2,Who Knows,Daniel Caesar,20wkVLutqVOYrc0kxFs7rA,6DH13QYXK7lKkYHSU88N48,https://i.scdn.co/image/ab67616d00001e022bad6e56e77d5bef0aa3f2dc
2026-03-14,sg,Singapore,21,5,Love Me Not,Ravyn Lenae,5RTLRtXjbXI2lSXc6jxlAz,4WFgvKVfEhb3IUAFGrutTR,https://i.scdn.co/image/ab67616d00001e020e62daaea2c7b94053e1c142
2026-03-14,sg,Singapore,22,8,Die On This Hill,SIENNA SPIRO,02gSuSAWEdWa5UOvqzjX6v,2gYTC8DsplN3RNdpdBcCOQ,https://i.scdn.co/image/ab67616d00001e020901e50bfaff4351a29f462b
2026-03-14,sg,Singapore,23,5,GO,BLACKPINK,41MozSoPIsD1dJM0CLPjZF,3FZPp9lBUvhsxFxKJi3VkB,https://i.scdn.co/image/ab67616d00001e02d885644b72d5254dd621dc45
2026-03-14,sg,Singapore,24,5,看着我的眼睛说,张远,4Q6r8rqOodVCDkbAYm7F18,7d6eShN6yVeR4Y2Md9uCA4,https://i.scdn.co/image/ab67616d00001e02623da38934771207c19756d1
2026-03-14,sg,Singapore,25,3,BIRDS OF A FEATHER,Billie Eilish,6qqNVTkY8uBg9cP3Jd7DAH,6dOtVTDdiauQNBQEDOtlAB,https://i.scdn.co/image/ab67616d00001e0271d62ea7ea8a5be92d3c1f62
2026-03-14,sg,Singapore,26,5,The Man Who Can't Be Moved,The Script,3AQRLZ9PuTAozP28Skbq8V,3nqqDo8CcCLke3ZoTgiOKf,https://i.scdn.co/image/ab67616d00001e02f33a9f529c12f79b116eb218
2026-03-14,sg,Singapore,27,5,Lush Life,Zara Larsson,1Xylc3o4UrD53lo9CvFvVg,1rIKgCH4H52lrvDcz50hS8,https://i.scdn.co/image/ab67616d00001e02401bf6103d4b7f5230a21582
2026-03-14,sg,Singapore,28,3,American Girls,Harry Styles,6KImCVD70vtIoJWnq6nGn3,7gtG45ieyQzKtNKobfLd49,https://i.scdn.co/image/ab67616d00001e0274959140f550b11049c18a38
2026-03-14,sg,Singapore,29,9,Gabriela,KATSEYE,3c0gDdb9lhnHGFtP4prQpn,1xOqGUkyxGQRdCvGpvWKmL,https://i.scdn.co/image/ab67616d00001e02f8d4d00ffe09373efb13ce29
2026-03-14,sg,Singapore,30,1,like JENNIE,JENNIE,250b0Wlc5Vk0CoUsaCY84M,0fK7ie6XwGxQTIkpFoWkd1,https://i.scdn.co/image/ab67616d00001e02dcf27dec5e479b2e39c4c993
2026-03-14,sg,Singapore,31,4,DtMF,Bad Bunny,4q3ewBCX7sLwd24euuV69X,3sK8wGT43QFpWrvNQsrQya,https://i.scdn.co/image/ab67616d00001e02bbd45c8d36e0e045ef640411
2026-03-14,sg,Singapore,32,2,Ordinary,Alex Warren,0fTSzq9jAh4c36UVb4V7CB,2RkZ5LkEzeHGRsmDqKwmaJ,https://i.scdn.co/image/ab67616d00001e028d18d73bbfc8985d52865edf
2026-03-14,sg,Singapore,33,–,APT.,ROSÉ; Bruno Mars,3eVa5w3URK5duf6eyVDbu9; 0du5cEVh5yTK9QJze8zA0C,4wJ5Qq0jBN4ajy7ouZIV1c,https://i.scdn.co/image/ab67616d00001e027be65ce6672ed7e5aac6e966
2026-03-14,sg,Singapore,34,4,WHERE IS MY HUSBAND!,RAYE,5KKpBU5eC2tJDzf0wmlRp2,55lijDD6OAjLFFUHU9tcDm,https://i.scdn.co/image/ab67616d00001e026ac3c7938191585c53c8180d
2026-03-14,sg,Singapore,35,–,JUMP,BLACKPINK,41MozSoPIsD1dJM0CLPjZF,5H1sKFMzDeMtXwND3V6hRY,https://i.scdn.co/image/ab67616d00001e026224d1236b0e0a0e1586efbb
2026-03-14,sg,Singapore,36,1,Homewrecker,sombr,4G9NDjRyZFDlJKMRL8hx3S,7tICCrK3CcyRFKza7yrR0z,https://i.scdn.co/image/ab67616d00001e029a8d41dca4c7d0ef23d76dd7
2026-03-14,sg,Singapore,37,9,Iris,The Goo Goo Dolls,2sil8z5kiy4r76CRTXxBCA,6Qyc6fS4DsZjB2mRW9DsQs,https://i.scdn.co/image/ab67616d00001e02eda9478c39a21e1cdc6609ca
2026-03-14,sg,Singapore,38,2,像晴天像雨天（电视剧《难哄》心动曲）,Silence Wang,0PdNEiQ3MsJGCEgE13Tz60,1zFuSla4RQ5qAJwDIQYixW,https://i.scdn.co/image/ab67616d00001e02e315e968f364d79e460d8f62
2026-03-14,sg,Singapore,39,5,I Thought I Saw Your Face Today,She & Him,3CIRif6ZAedT7kZSPvj2A4,0myRViRgmQ3J8izICXEAVO,https://i.scdn.co/image/ab67616d00001e02a47c6d8a934b4833c0916cc9
2026-03-14,sg,Singapore,40,3,Sailor Song,Gigi Perez,1iCnM8foFssWlPRLfAbIwo,21IYMdzTrzSe191Cy5eMap,https://i.scdn.co/image/ab67616d00001e0249c26270052e1671add569c1
2026-03-14,sg,Singapore,41,2,嘉賓,张远,4Q6r8rqOodVCDkbAYm7F18,5jAmIkIpskwu2hRz2YaEHi,https://i.scdn.co/image/ab67616d00001e02c74b8ff07fe68b72b31c852e
2026-03-14,sg,Singapore,42,5,About You,The 1975,3mIj9lX2MWuHmhNCA7LSCW,3hEfpBHxgieRLz4t3kLNEg,https://i.scdn.co/image/ab67616d00001e0200702474f8e0e2b6155d48e3
2026-03-14,sg,Singapore,43,3,Good Goodbye,HWASA,7bmYpVgQub656uNTu6qGNQ,3cLXrotzCjYCkN73PewALM,https://i.scdn.co/image/ab67616d00001e02f7ec5c454a78dfb0086c0c97
2026-03-14,sg,Singapore,44,2,Champion,BLACKPINK,41MozSoPIsD1dJM0CLPjZF,43BJVWcBzHRIDaQCg7abnX,https://i.scdn.co/image/ab67616d00001e02d885644b72d5254dd621dc45
2026-03-14,sg,Singapore,45,12,NO BATIDÃO,ZXKAI; slxughter,5tIkxADHN80ca0K6HCpWIt; 1M02J1PLobtQYok93DEvVa,7vg9noSnFEyPfwLiaCW4vi,https://i.scdn.co/image/ab67616d00001e027bff89cf90806ae22a6b72df
2026-03-14,sg,Singapore,46,7,"One Of The Girls (with JENNIE, Lily Rose Depp)",The Weeknd; JENNIE; Lily-Rose Depp,1Xyo4u8uXC1ZmMpatF05PJ; 250b0Wlc5Vk0CoUsaCY84M; 1pBLC0qVRTB5zVMuteQ9jJ,7CyPwkp0oE8Ro9Dd5CUDjW,https://i.scdn.co/image/ab67616d00001e02b0dd6a5cd1dec96c4119c262
2026-03-14,sg,Singapore,47,2,bittersweet,Madison Beer,2kRfqPViCqYdSGhYSM9R0Q,6vDVu9IM9s8L8XMQ1c1Yti,https://i.scdn.co/image/ab67616d00001e02391ad22354ea2e90c54f6b14
2026-03-14,sg,Singapore,48,–,擱淺,Jay Chou,2elBjNSdBE2Y3f0j1mjrql,0cOMncRq4cmDLO4tPQnkBF,https://i.scdn.co/image/ab67616d00001e0200b976d1df4243e5318a7712
2026-03-14,sg,Singapore,49,10,Yellow,Coldplay,4gzpq5DPGxSnKTe4SA8HAU,3AJwUDP919kvQ9QcozQPxg,https://i.scdn.co/image/ab67616d00001e029164bafe9aaa168d93f4816a
2026-03-14,sg,Singapore,50,43,Running Wild,Jin,5vV3bFXnN6D6N3Nj4xRvaV,50zAEIE4B1QqhPjRMK2Xmh,https://i.scdn.co/image/ab67616d00001e0202dd46d1f82ce19b5927b269
2026-03-14,sg,Singapore,51,1,That’s So True,Gracie Abrams,4tuJ0bMpJh08umKkEXKUI5,7ne4VBA60CxGM75vw0EYad,https://i.scdn.co/image/ab67616d00001e021dac3694b3289cd903cb3acf
2026-03-14,sg,Singapore,52,3,E85,Don Toliver,4Gso3d4CscCijv0lmajZWs,3B4cjvGlPvyBLNG3AzEgkZ,https://i.scdn.co/image/ab67616d00001e0225c28f3c9fbdbab1a88dd619
2026-03-14,sg,Singapore,53,2,善后,马师傅,0M668HC4fq39Ls98rUdsyS,6gYS6CQc7UMnj0Ubq3C0QT,https://i.scdn.co/image/ab67616d00001e023e8cd6ae4415fbaae876d3be
2026-03-14,sg,Singapore,54,5,WILDFLOWER,Billie Eilish,6qqNVTkY8uBg9cP3Jd7DAH,3QaPy1KgI7nu9FJEQUgn6h,https://i.scdn.co/image/ab67616d00001e0271d62ea7ea8a5be92d3c1f62
2026-03-14,sg,Singapore,55,5,Dance With Me,Bruno Mars,0du5cEVh5yTK9QJze8zA0C,1myZ6GQewhAzMH2dKtKSWK,https://i.scdn.co/image/ab67616d00001e023eb8dc748f7efb1470f74395
2026-03-14,sg,Singapore,56,2,That's What I Like,Bruno Mars,0du5cEVh5yTK9QJze8zA0C,0KKkJNfGyhkQ5aFogxQAPU,https://i.scdn.co/image/ab67616d00001e02232711f7d66a1e19e89e28c5
2026-03-14,sg,Singapore,57,30,Just the Way You Are,Bruno Mars,0du5cEVh5yTK9QJze8zA0C,7BqBn9nzAq8spo5e7cZ0dJ,https://i.scdn.co/image/ab67616d00001e027039c1c841fc3dfa2ad8a0d8
2026-03-14,sg,Singapore,58,4,Jodoh Lebaran,Aisha Retno,1eizIry8svwmH0cSjLUEYy,3BcxLgdfM9wR2cyfMuyHL9,https://i.scdn.co/image/ab67616d00001e029039649215a69fd8eabf4286
2026-03-14,sg,Singapore,59,9,Night Changes,One Direction,4AK6F7OLvEQ5QYCBNiQWHq,5O2P9iiztwhomNh8xkR9lJ,https://i.scdn.co/image/ab67616d00001e0234a29f220057810cce98e1b4
2026-03-14,sg,Singapore,60,19,Just Keep Watching (From F1® The Movie),Tate McRae; F1 The Album,45dkTj5sMRSjrmBSBeiHym; 3aly4xJOy3LVznzvRIvFYC,2yWlGEgEfPot0lv3OAjuG3,https://i.scdn.co/image/ab67616d00001e02a23d1b3449fb415346735a08
2026-03-14,sg,Singapore,61,7,BANG BANG,IVE,6RHTUrRF63xao58xh9FXYJ,7pBE8YpFoZ9ankC2Ci5z9X,https://i.scdn.co/image/ab67616d00001e02ad80a9aabc17535c5eeb5317
2026-03-14,sg,Singapore,62,16,NOT CUTE ANYMORE,ILLIT,36cgvBn0aadzOijnjjwqMN,1k0JAiH11gHL9dc5dfQjQr,https://i.scdn.co/image/ab67616d00001e023d09075f6c7fabe9a7234cb3
2026-03-14,sg,Singapore,63,45,Viva La Vida,Coldplay,4gzpq5DPGxSnKTe4SA8HAU,1mea3bSkSGXuIRvnydlB5b,https://i.scdn.co/image/ab67616d00001e02e21cc1db05580b6f2d2a3b6e
2026-03-14,sg,Singapore,64,1,we can't be friends (wait for your love),Ariana Grande,66CXWjxzNUsdJxJ2JdwvnR,51ZQ1vr10ffzbwIjDCwqm4,https://i.scdn.co/image/ab67616d00001e028b58d20f1b77295730db15b4
2026-03-14,sg,Singapore,65,9,From The Start,Laufey,7gW0r5CkdEUMm42w9XpyZO,43iIQbw5hx986dUEZbr3eN,https://i.scdn.co/image/ab67616d00001e0274c732f8aa0e0ccbb3d17d96
2026-03-14,sg,Singapore,66,5,Manchild,Sabrina Carpenter,74KM79TiuVKeVCqs8QtB0B,2BwO5K8Q7EPAJSGze3AAh9,https://i.scdn.co/image/ab67616d00001e02b1863bf95557ea7f357c4947
2026-03-14,sg,Singapore,67,18,Cruel Summer,Taylor Swift,06HL4z0CvFAxyc27GXpf02,1BxfuPKGuaTgP7aM0Bbdwr,https://i.scdn.co/image/ab67616d00001e02e787cffec20aa2a396a61647
2026-03-14,sg,Singapore,68,8,Payphone,Maroon 5; Wiz Khalifa,04gDigrS5kc9YWfZHwBETP; 137W8MRPWKqSmrBGDBFSop,1XGmzt0PVuFgQYYnV2It7A,https://i.scdn.co/image/ab67616d00001e02fc8633e22a7dba6aab817bff
2026-03-14,sg,Singapore,69,5,CHANEL,Tyla,3SozjO3Lat463tQICI9LcE,4VxTzYm00mg82MuoT35Ja7,https://i.scdn.co/image/ab67616d00001e02c67cc9596a3252490933e2f9
2026-03-14,sg,Singapore,70,28,Something Just Like This,The Chainsmokers; Coldplay,69GGBxA162lTqCwzJG5jLp; 4gzpq5DPGxSnKTe4SA8HAU,6RUKPb4LETWmmr3iAEQktW,https://i.scdn.co/image/ab67616d00001e020c13d3d5a503c84fcc60ae94
2026-03-14,sg,Singapore,71,23,Somewhere Only We Know,Keane,53A0W3U0s8diEn9RhXQhVz,0ll8uFnc0nANY35E0Lfxvg,https://i.scdn.co/image/ab67616d00001e027d6cd95a046a3c0dacbc7d33
2026-03-14,sg,Singapore,72,6,Style,Taylor Swift,06HL4z0CvFAxyc27GXpf02,0ug5NqcwcFR2xrfTkc7k8e,https://i.scdn.co/image/ab67616d00001e0252b2a3824413eefe9e33817a
2026-03-14,sg,Singapore,73,37,Closer,The Chainsmokers; Halsey,69GGBxA162lTqCwzJG5jLp; 26VFTg2z8YR0cCuwLzESi2,7BKLCZ1jbUBVqRi2FVlTVw,https://i.scdn.co/image/ab67616d00001e02495ce6da9aeb159e94eaa453
2026-03-14,sg,Singapore,74,16,Espresso,Sabrina Carpenter,74KM79TiuVKeVCqs8QtB0B,2HRqTpkrJO5ggZyyK6NPWz,https://i.scdn.co/image/ab67616d00001e02fd8d7a8d96871e791cb1f626
2026-03-14,sg,Singapore,75,5,爱怎么了,陈村长,6zEkJebB8dCxTGyvyYa8FA,0c9gjnRGBRke9VmLaZWmhM,https://i.scdn.co/image/ab67616d00001e02fceba8f8dae0d3dc2640e955
2026-03-14,sg,Singapore,76,4,Locked out of Heaven,Bruno Mars,0du5cEVh5yTK9QJze8zA0C,5g7sDjBhZ4I3gcFIpkrLuI,https://i.scdn.co/image/ab67616d00001e02926f43e7cce571e62720fd46
2026-03-14,sg,Singapore,77,7,No One Noticed,The Marías,2sSGPbdZJkaSE2AbcGOACx,3siwsiaEoU4Kuuc9WKMUy5,https://i.scdn.co/image/ab67616d00001e028aa339341a0b0c813909c831
2026-03-14,sg,Singapore,78,17,It Will Rain,Bruno Mars,0du5cEVh5yTK9QJze8zA0C,4rMNgxEwGWoPHIUcvB5BrB,https://i.scdn.co/image/ab67616d00001e02dec2e6bae5062b94fc4eeb84
2026-03-14,sg,Singapore,79,14,luther (with sza),Kendrick Lamar; SZA,2YZyLoL8N0Wb9xBt1NhZWg; 7tYKF4w9nC0nq9CsPZTHyP,2CGNAOSuO1MEFCbBRgUzjd,https://i.scdn.co/image/ab67616d00001e027e5e269471fe4a43a42e2f15
2026-03-14,sg,Singapore,80,3,晴天,Jay Chou,2elBjNSdBE2Y3f0j1mjrql,5pIcwtJYNJx93l420oR2Vm,https://i.scdn.co/image/ab67616d00001e026850b3307853e0753ed53cc5
2026-03-14,sg,Singapore,81,6,離開我的依賴,Evangeline Wong,7sEIHkZXRzGa3OBUCCxzU5,28VBdtYc5Cpmey4Cpvcrby,https://i.scdn.co/image/ab67616d00001e02bc2f8151c384496d34c683df
2026-03-14,sg,Singapore,82,12,blue,yung kai,6zO1dZ40fTZ5hY9NnnRJSk,6W614n8yLUeS3zsZSeBwyq,https://i.scdn.co/image/ab67616d00001e02def6ffd0e4b80cb0d2a0d00f
2026-03-14,sg,Singapore,83,–,DAISIES,Justin Bieber,1uNFoZAHBGtllmzznpCI3s,5BZsQlgw21vDOAjoqkNgKb,https://i.scdn.co/image/ab67616d00001e02d65c4773bc5061fd27facc5b
2026-03-14,sg,Singapore,84,12,"All The Stars (with SZA) - From ""Black Panther: The Album""",Kendrick Lamar; SZA,2YZyLoL8N0Wb9xBt1NhZWg; 7tYKF4w9nC0nq9CsPZTHyP,3GCdLUSnKSMJhs4Tj6CV3s,https://i.scdn.co/image/ab67616d00001e02c027ad28821777b00dcaa888
2026-03-14,sg,Singapore,85,16,toxic till the end,ROSÉ,3eVa5w3URK5duf6eyVDbu9,1z5ebC9238uGoBgzYyvGpQ,https://i.scdn.co/image/ab67616d00001e027be65ce6672ed7e5aac6e966
2026-03-14,sg,Singapore,86,19,Folded,Kehlani,0cGUm45nv7Z6M6qdXYQGTX,0bxPRWprUVpQK0UFcddkrA,https://i.scdn.co/image/ab67616d00001e02ce5bc87f637b46ad01831fc4
2026-03-14,sg,Singapore,87,27,We Don't Talk Anymore (feat. Selena Gomez),Charlie Puth; Selena Gomez,6VuMaDnrHyPL1p4EHjYLi7; 0C8ZW7ezQVs4URX5aX7Kqx,54PbBpquVfhfrwRwvjSXbI,https://i.scdn.co/image/ab67616d00001e0215145482a542a9adb282250b
2026-03-14,sg,Singapore,88,12,Sweet Boy,Malcolm Todd,7eKkW1zo5uzW8kUntiiBvz,59c2xv2kMzYM6HR9oY6BIa,https://i.scdn.co/image/ab67616d00001e022c1f34ecc1929fb59908aad1
2026-03-14,sg,Singapore,89,81,Soda Pop,Saja Boys; Andrew Choi; Neckwav; Danny Chung; KEVIN WOO; samUIL Lee; KPop Demon Hunters Cast,0BJ2EjOqcfgFvlZXNKrNbE; 7JBaynR7JFeniONqbnn1U4; 5bXNU0MAF2HSqyFPhYtscH; 11pXvO7wYuzRWYONDOBd33; 2RYonYiVhhzBz82UFXOvEN; 1eDupbD9kIx8UaZlzcBG5r; 7mW7Tv7NvywKKXqafZo0Lc,02sy7FAs8dkDNYsHp4Ul3f,https://i.scdn.co/image/ab67616d00001e024dcb6c5df15cf74596ab25a4
2026-03-14,sg,Singapore,90,23,Fame is a Gun,Addison Rae,4gvjmrtzydbMpyJaXUtwvP,7B3BwNecBhKvNwSMOOl7Gk,https://i.scdn.co/image/ab67616d00001e02089511953028cbfeb095c593
2026-03-14,sg,Singapore,91,93,Touch,KATSEYE,3c0gDdb9lhnHGFtP4prQpn,6aJn7Cst74cj4lNIiPRgav,https://i.scdn.co/image/ab67616d00001e027e76c17cfbc723800452a24f
2026-03-14,sg,Singapore,92,15,Love Me Harder,Ariana Grande; The Weeknd,66CXWjxzNUsdJxJ2JdwvnR; 1Xyo4u8uXC1ZmMpatF05PJ,5J4ZkQpzMUFojo1CtAZYpn,https://i.scdn.co/image/ab67616d00001e02deec12a28d1e336c5052e9aa
2026-03-14,sg,Singapore,93,4,Starboy,The Weeknd; Daft Punk,1Xyo4u8uXC1ZmMpatF05PJ; 4tZwfgrHOc3mvqYlEYSvVi,7MXVkk9YMctZqd1Srtv4MB,https://i.scdn.co/image/ab67616d00001e024718e2b124f79258be7bc452
2026-03-14,sg,Singapore,94,12,Photograph,Ed Sheeran,6eUKZXaKkcviH0Ku9w2n3V,6fxVffaTuwjgEk5h9QyRjy,https://i.scdn.co/image/ab67616d00001e0213b3e37318a0c247b550bccd
2026-03-14,sg,Singapore,95,21,Every Breath You Take,The Police,5NGO30tJxFlKixkPSgXcFE,1JSTJqkT5qHq8MDJnJbRE1,https://i.scdn.co/image/ab67616d00001e02c8e97cafeb2acb85b21a777e
2026-03-14,sg,Singapore,96,41,Perfect,Ed Sheeran,6eUKZXaKkcviH0Ku9w2n3V,0tgVpDi06FyKpA1z0VMD4v,https://i.scdn.co/image/ab67616d00001e02ba5db46f4b838ef6027e6f96
2026-03-14,sg,Singapore,97,34,Sweater Weather,The Neighbourhood,77SW9BnxLY8rJ0RciFqkHh,0cQVqPuHQP4KEwc7ZUQmj6,https://i.scdn.co/image/ab67616d00001e028265a736a1eb838ad5a0b921
2026-03-14,sg,Singapore,98,19,I Wanna Be Yours,Arctic Monkeys,7Ln80lUS6He07XvHI8qqHH,5XeFesFbtLpXzIVDNQP22n,https://i.scdn.co/image/ab67616d00001e024ae1c4c5c45aabe565499163
2026-03-14,sg,Singapore,99,7,你，好不好？ - TVBS連續劇【遺憾拼圖】片尾曲,Eric Chou,5fEQLwq1BWWQNR8GzhOIvi,2gug6MRv4xQFYi9LA3PJCS,https://i.scdn.co/image/ab67616d00001e0205e895059be31891a3e0f01d
2026-03-14,sg,Singapore,100,5,The One That Got Away,Katy Perry,6jJ0s89eD6GaHleKKya26X,6hkOqJ5mE093AQf2lbZnsG,https://i.scdn.co/image/ab67616d00001e021d955011a3ed477dc77865ad
2026-03-14,sg,Singapore,101,28,Eenie Meenie,Sean Kingston; Justin Bieber,6S0dmVVn4udvppDhZIWxCr; 1uNFoZAHBGtllmzznpCI3s,4vVTI94F9uJ8lHNDWKv0i2,https://i.scdn.co/image/ab67616d00001e024dea4c1cdf30c359dbaec318
2026-03-14,sg,Singapore,102,16,Ghost,Justin Bieber,1uNFoZAHBGtllmzznpCI3s,6I3mqTwhRpn34SLVafSH7G,https://i.scdn.co/image/ab67616d00001e02e6f407c7f3a0ec98845e4431
2026-03-14,sg,Singapore,103,29,Sparks,Coldplay,4gzpq5DPGxSnKTe4SA8HAU,7D0RhFcb3CrfPuTJ0obrod,https://i.scdn.co/image/ab67616d00001e029164bafe9aaa168d93f4816a
2026-03-14,sg,Singapore,104,Re-Entry,Zoo,Disney; Shakira,3xvaSlT4xsyk6lY1ESOspO; 0EmeFodog0BfCgMzAIvKQp,3vJIaiTIHxHhYafTSPNiH4,https://i.scdn.co/image/ab67616d00001e02a6c1dcda006bbf12825b7f43
2026-03-14,sg,Singapore,105,71,Let Me Love You,DJ Snake; Justin Bieber,540vIaP2JwjQb9dm3aArA4; 1uNFoZAHBGtllmzznpCI3s,0lYBSQXN6rCTvUZvg9S0lU,https://i.scdn.co/image/ab67616d00001e02212d776c31027c511f0ee3bc
2026-03-14,sg,Singapore,106,63,珊瑚海,Jay Chou; Lara Liang,2elBjNSdBE2Y3f0j1mjrql; 4VgfrD5wuAoN428fBZNSyW,3Qj9Fy8BPbWmICTiNkuqB7,https://i.scdn.co/image/ab67616d00001e022625625847482492f9e2e665
2026-03-14,sg,Singapore,107,13,Beauty And A Beat,Justin Bieber; Nicki Minaj,1uNFoZAHBGtllmzznpCI3s; 0hCNtLu0JehylgoiP8L4Gh,6QFCMUUq1T2Vf5sFUXcuQ7,https://i.scdn.co/image/ab67616d00001e02f1d02a6cec967f8b6b78f76e
2026-03-14,sg,Singapore,108,3,Always,Daniel Caesar,20wkVLutqVOYrc0kxFs7rA,2LlOeW5rVcvl3QcPNPcDus,https://i.scdn.co/image/ab67616d00001e027c68face1dc58127f3a7b1cc
2026-03-14,sg,Singapore,109,8,感谢你曾来过,阿涵; Ayo97,0Nu7uGMynoaIdKnfLRgxJ8; 3RZsYqWpNRBTPoJ8oqsAwW,1JLtvvPsHwLyd2ufASdkWV,https://i.scdn.co/image/ab67616d00001e025032acc6e82b53aa2e4b17bd
2026-03-14,sg,Singapore,110,16,Apocalypse,Cigarettes After Sex,1QAJqy2dA3ihHBFIHRphZj,1oAwsWBovWRIp7qLMGPIet,https://i.scdn.co/image/ab67616d00001e02dfed999f959177dfc4f33cdc
2026-03-14,sg,Singapore,111,5,Talking to the Moon,Bruno Mars,0du5cEVh5yTK9QJze8zA0C,161DnLWsx1i3u1JT05lzqU,https://i.scdn.co/image/ab67616d00001e027039c1c841fc3dfa2ad8a0d8
2026-03-14,sg,Singapore,112,–,No Broke Boys,Disco Lines; Tinashe,5Kmr0b3ip8g9P2i0dLTC3Z; 0NIIxcxNHmOoyBx03SfTCD,3cZajhyr8LmtPfHZ9296tj,https://i.scdn.co/image/ab67616d00001e02699b0363dda94e1f1e32eef5
2026-03-14,sg,Singapore,113,40,在加納共和國離婚,Firdhaus; DIOR 大穎,6fOqdhRNsMQqtwRwgo3NUv; 0czbvTRVGHfCdRsJLxbBGQ,6GyUt7yJ0sOktc5HjvVnFh,https://i.scdn.co/image/ab67616d00001e02bd7cdd9987dede8f59e62ec6
2026-03-14,sg,Singapore,114,14,12 to 12,sombr,4G9NDjRyZFDlJKMRL8hx3S,05od2qm2MTSKCHxy1GBp5W,https://i.scdn.co/image/ab67616d00001e024229702de91cb3d3a4383302
2026-03-14,sg,Singapore,115,74,All I Did Was Dream of You (feat. The Marías),beabadoobee; The Marías,35l9BRT7MXmM8bv2WDQiyB; 2sSGPbdZJkaSE2AbcGOACx,0qWoOHqTirzo59FQ9eoECH,https://i.scdn.co/image/ab67616d00001e02e0cd9495603ed7f6b4867494
2026-03-14,sg,Singapore,116,30,Nothin' on You (feat. Bruno Mars),B.o.B; Bruno Mars,5ndkK3dpZLKtBklKjxNQwT; 0du5cEVh5yTK9QJze8zA0C,59dLtGBS26x7kc0rHbaPrq,https://i.scdn.co/image/ab67616d00001e02caa23612279c2d059a0d3a82
2026-03-14,sg,Singapore,117,8,Multo,Cup of Joe,61nn6nOoLWjVC1ER2qFAvN,5tlb0AxuzsMWL2GtEppXGX,https://i.scdn.co/image/ab67616d00001e0285a7fd707d00e5d255807add
2026-03-14,sg,Singapore,118,14,When I Was Your Man,Bruno Mars,0du5cEVh5yTK9QJze8zA0C,0B7wvvmu9EISAwZnOpjhNI,https://i.scdn.co/image/ab67616d00001e02926f43e7cce571e62720fd46
2026-03-14,sg,Singapore,119,28,这是你期盼的长大吗,ZQS,6CvqU8itTtfpm1E8Pvez33,3AKYofM0vFekNthGbpjMpN,https://i.scdn.co/image/ab67616d00001e022d90720b3c403c14594ac23a
2026-03-14,sg,Singapore,120,1,As It Was,Harry Styles,6KImCVD70vtIoJWnq6nGn3,4Dvkj6JhhA12EX05fT7y2e,https://i.scdn.co/image/ab67616d00001e0282ce362511fb3d9dda6578ee
2026-03-14,sg,Singapore,121,22,Drag Path,Twenty One Pilots,3YQKmKGau1PzlVlkL1iodx,0TlcczkVTGpinpkGJpT81L,https://i.scdn.co/image/ab67616d00001e02b5b991fd65053a3acb8c2db2
2026-03-14,sg,Singapore,122,4,SLOW DANCING IN THE DARK,Joji,3MZsBdqDrRTJihTHQrO6Dq,6rY5FAWxCdAGllYEOZMbjW,https://i.scdn.co/image/ab67616d00001e024cc52cd7a712842234e4fce2
2026-03-14,sg,Singapore,123,15,iloveitiloveitiloveit,Bella Kay,4Z8MrrKMBHMPa8d04Ivur8,5IMpnpD0tQVcqWlVIgtAtV,https://i.scdn.co/image/ab67616d00001e02e74e15fe75e80ea69f38a680
2026-03-14,sg,Singapore,124,6,"Good Luck, Babe!",Chappell Roan,7GlBOeep6PqTfFi59PTUUN,0WbMK4wrZ1wFSty9F7FCgu,https://i.scdn.co/image/ab67616d00001e0291b4bc7c88d91a42e0f3a8b7
2026-03-14,sg,Singapore,125,40,Counting Stars,OneRepublic,5Pwc4xIPtQLFEnJriah9YJ,2tpWsVSb9UEmDRxAl1zhX1,https://i.scdn.co/image/ab67616d00001e029e2f95ae77cf436017ada9cb
2026-03-14,sg,Singapore,126,9,One Last Time,Ariana Grande,66CXWjxzNUsdJxJ2JdwvnR,7xoUc6faLbCqZO6fQEYprd,https://i.scdn.co/image/ab67616d00001e02deec12a28d1e336c5052e9aa
2026-03-14,sg,Singapore,127,32,Kiss It Better,Rihanna,5pKCCKE2ajJHZ9KAiaK11H,0UHB9METy4VCXNgkcGqHqS,https://i.scdn.co/image/ab67616d00001e026be9bac15995f089579074de
2026-03-14,sg,Singapore,128,23,怎麼了,Eric Chou,5fEQLwq1BWWQNR8GzhOIvi,5cU1O9P0EDA0rPkPDykhIm,https://i.scdn.co/image/ab67616d00001e02540dd1971439c343972a92b7
2026-03-14,sg,Singapore,129,32,I Like Me Better,LAUV,5JZ7CnR6gTvEMKX4g70Amv,4MagTPnkPiDuIa4P8GtW1b,https://i.scdn.co/image/ab67616d00001e029ed5fcf212f05d55b1e61eae
2026-03-14,sg,Singapore,130,3,Beautiful Things,Benson Boone,22wbnEMDvgVIAGdFeek6ET,3xkHsmpQCBMytMJNiDf3Ii,https://i.scdn.co/image/ab67616d00001e02831949037a1db10b87b005fa
2026-03-14,sg,Singapore,131,29,最后一页 - Live,王赫野; 姚晓棠,2sAy0e2cL6jbo0ukxlxWNJ; 011UpPnnyUWchmKVyFFByL,0ahuxmprOO8tfKpG5Sgkt2,https://i.scdn.co/image/ab67616d00001e029f9f941d637e298723ba80b7
2026-03-14,sg,Singapore,132,35,Coming Up Roses,Harry Styles,6KImCVD70vtIoJWnq6nGn3,0QPdjsMOUhwouq1NS3HwfQ,https://i.scdn.co/image/ab67616d00001e0274959140f550b11049c18a38
2026-03-14,sg,Singapore,133,42,Magnetic,ILLIT,36cgvBn0aadzOijnjjwqMN,1aKvZDoLGkNMxoRYgkckZG,https://i.scdn.co/image/ab67616d00001e02f037c5fb9de6c78726cb8e2c
2026-03-14,sg,Singapore,134,46,number one girl,ROSÉ,3eVa5w3URK5duf6eyVDbu9,1lcBt7LoEikqYmhUoa2cez,https://i.scdn.co/image/ab67616d00001e027be65ce6672ed7e5aac6e966
2026-03-14,sg,Singapore,135,54,Winter Ahead (with PARK HYO SHIN),V; Park Hyo Shin,3JsHnjpbhX4SnySpvpa9DK; 57htMBtzpppc1yoXgjbslj,7G7mSV4BebkoHWwKTDvXu9,https://i.scdn.co/image/ab67616d00001e0216ba2a3622bd0d0d985e3234
2026-03-14,sg,Singapore,136,2,Let Down,Radiohead,4Z8W4fKeB5YxbusRsdQVPb,2fuYa3Lx06QQJAm0MjztKr,https://i.scdn.co/image/ab67616d00001e02c8b444df094279e70d0ed856
2026-03-14,sg,Singapore,137,16,Promise,Laufey,7gW0r5CkdEUMm42w9XpyZO,08PdFBcXzpkn1cWNgmKqhn,https://i.scdn.co/image/ab67616d00001e0274c732f8aa0e0ccbb3d17d96
2026-03-14,sg,Singapore,138,35,"Pavazha Malli - From ""Think Indie""",Sai Abhyankkar; Shruti Haasan; Vivek,5jJrJU7VVmxQQLcLAmmxXc; 06vOoTzj6cIac9FMbNXz9h; 25Pa1Vz1ZuTHmXPiYeMcgx,4yur1GSBfuS1VADyUYocqd,https://i.scdn.co/image/ab67616d00001e02f5f2a6705dfe3c2fe11028c8
2026-03-14,sg,Singapore,139,15,Attention,Charlie Puth,6VuMaDnrHyPL1p4EHjYLi7,5cF0dROlMOK5uNZtivgu50,https://i.scdn.co/image/ab67616d00001e02897f73256b9128a9d70eaf66
2026-03-14,sg,Singapore,140,7,Lover Girl,Laufey,7gW0r5CkdEUMm42w9XpyZO,3E619cvUK3bgsm4xH9A34H,https://i.scdn.co/image/ab67616d00001e028f68f6e65c1cfd36bb21561c
2026-03-14,sg,Singapore,141,57,Into You,Ariana Grande,66CXWjxzNUsdJxJ2JdwvnR,76FZM38RC8XaAjJ77CVTNe,https://i.scdn.co/image/ab67616d00001e0233342c57a9b2c4e04c97b3f5
2026-03-14,sg,Singapore,142,8,Sienna,The Marías,2sSGPbdZJkaSE2AbcGOACx,0InIeZW4P6VO7dUGRM4AKH,https://i.scdn.co/image/ab67616d00001e028aa339341a0b0c813909c831
2026-03-14,sg,Singapore,143,42,Sports car,Tate McRae,45dkTj5sMRSjrmBSBeiHym,5UJbgR4XF4y1DvbkxEqe8S,https://i.scdn.co/image/ab67616d00001e026c691022744f42565f6b546e
2026-03-14,sg,Singapore,144,29,Aperture,Harry Styles,6KImCVD70vtIoJWnq6nGn3,1sA1DhT0bLyeICf8NalPS7,https://i.scdn.co/image/ab67616d00001e0274959140f550b11049c18a38
2026-03-14,sg,Singapore,145,4,Cry,Cigarettes After Sex,1QAJqy2dA3ihHBFIHRphZj,3p4hRhMcb6ch8OLtATMaLw,https://i.scdn.co/image/ab67616d00001e028324db1ae37be249aed887e7
2026-03-14,sg,Singapore,146,Re-Entry,What It Sounds Like,HUNTR/X; EJAE; AUDREY NUNA; REI AMI; KPop Demon Hunters Cast,2yNNYQBChuox9A5Ka93BIn; 0RMJOzHDhAKY1o2j0W0vxY; 0Wwji82sLA0Hcvtuak3omb; 6U1dV7aL68N7Gb0Naq34V5; 7mW7Tv7NvywKKXqafZo0Lc,5sBDrrtLGbV64QJnEqfjer,https://i.scdn.co/image/ab67616d00001e024dcb6c5df15cf74596ab25a4
2026-03-14,sg,Singapore,147,11,Life Goes On,BTS,3Nrfpe0tUJi4K4DXYWgMUX,5FVbvttjEvQ8r2BgUcJgNg,https://i.scdn.co/image/ab67616d00001e02c07d5d2fdc02ae252fcd07e5
2026-03-14,sg,Singapore,148,38,The Scientist,Coldplay,4gzpq5DPGxSnKTe4SA8HAU,75JFxkI2RXiU7L9VXzMkle,https://i.scdn.co/image/ab67616d00001e02de09e02aa7febf30b7c02d82
2026-03-14,sg,Singapore,149,4,Timeless (feat Playboi Carti),The Weeknd; Playboi Carti,1Xyo4u8uXC1ZmMpatF05PJ; 699OTQXzgjhIYAHMy9RyPD,0FIDCNYYjNvPVimz5icugS,https://i.scdn.co/image/ab67616d00001e02de79f330bc297af3fae736da
2026-03-14,sg,Singapore,150,Re-Entry,Shape of You,Ed Sheeran,6eUKZXaKkcviH0Ku9w2n3V,7qiZfU4dY1lWllzX7mPBI3,https://i.scdn.co/image/ab67616d00001e02ba5db46f4b838ef6027e6f96
2026-03-14,sg,Singapore,151,8,說好的幸福呢,Jay Chou,2elBjNSdBE2Y3f0j1mjrql,4OoExItZJ0jePoCZDbHx4t,https://i.scdn.co/image/ab67616d00001e02c2321adb9887902f0c5bd8f1
2026-03-14,sg,Singapore,152,8,Taste Back,Harry Styles,6KImCVD70vtIoJWnq6nGn3,3xClevycpBON8bkyxFbAna,https://i.scdn.co/image/ab67616d00001e0274959140f550b11049c18a38
2026-03-14,sg,Singapore,153,39,A Couple Minutes,Olivia Dean,00x1fYSGhdqScXBRpSj3DW,312z6PZ8wwREck8613PkJk,https://i.scdn.co/image/ab67616d00001e029a336bfb6d40bbd90a507417
2026-03-14,sg,Singapore,154,11,嚣张,en王翊恩,7z7tLLiBfmH0kZ2lNVs8LW,1vfUASvUGt3gxQ1x3T3u1C,https://i.scdn.co/image/ab67616d00001e029ca65a2abe7108fd00ffe9fb
2026-03-14,sg,Singapore,155,–,undressed,sombr,4G9NDjRyZFDlJKMRL8hx3S,0TFTAtCYhp2tQ9KcJIZb55,https://i.scdn.co/image/ab67616d00001e024229702de91cb3d3a4383302
2026-03-14,sg,Singapore,156,Re-Entry,Serumpun,Mimifly,1m5SzX4xy5b0fdvEZAJmyw,3uXtPOeDPx812uTfhz3dEf,https://i.scdn.co/image/ab67616d00001e02c358995f05f12776243cb425
2026-03-14,sg,Singapore,157,Re-Entry,Gameboy,KATSEYE,3c0gDdb9lhnHGFtP4prQpn,0LqbLHWFiy0qTfpk1Q1Ggc,https://i.scdn.co/image/ab67616d00001e029b80360cc75177c9f7cd3990
2026-03-14,sg,Singapore,158,24,Love Yourself,Justin Bieber,1uNFoZAHBGtllmzznpCI3s,50kpGaPAhYJ3sGmk6vplg0,https://i.scdn.co/image/ab67616d00001e02f46b9d202509a8f7384b90de
2026-03-14,sg,Singapore,159,12,Dracula,Tame Impala,5INjqkS1o8h1imAzPqGZBb,1NXbNEAcPvY5G1xvfN57aA,https://i.scdn.co/image/ab67616d00001e02208500450dcd0fd294d7bd3b
2026-03-14,sg,Singapore,160,23,Earrings,Malcolm Todd,7eKkW1zo5uzW8kUntiiBvz,0eAuGrXyGFYwur9ARUe7LJ,https://i.scdn.co/image/ab67616d00001e022c1f34ecc1929fb59908aad1
2026-03-14,sg,Singapore,161,22,告白氣球,Jay Chou,2elBjNSdBE2Y3f0j1mjrql,2tqF9MPNdYdJU70U0ULO23,https://i.scdn.co/image/ab67616d00001e02db1172ca038c6818b6ae8bf2
2026-03-14,sg,Singapore,162,37,Sorry,Justin Bieber,1uNFoZAHBGtllmzznpCI3s,09CtPGIpYB4BrO8qb1RGsF,https://i.scdn.co/image/ab67616d00001e02f46b9d202509a8f7384b90de
2026-03-14,sg,Singapore,163,6,"如果可以 - 電影""月老""主題曲",WeiBird,7y3HnWCFEvWj4KM9GFSkiX,72OVnXDzugvrCU25lMi9au,https://i.scdn.co/image/ab67616d00001e02e7e0b58b56d99f8f704c6760
2026-03-14,sg,Singapore,164,10,演员,Joker Xue,1cg0bYpP5e2DNG0RgK2CMN,5Sib99jpYybZAicUMETb3h,https://i.scdn.co/image/ab67616d00001e02b561e8f785c92e136f37cd08
2026-03-14,sg,Singapore,165,31,SPAGHETTI,LE SSERAFIM; j-hope,4SpbR6yFEvexJuaBpgAU5p; 0b1sIQumIAsNbqAoIClSpy,2N9miXnewVmUrgl6JSK1FI,https://i.scdn.co/image/ab67616d00001e026c4a726c271daf4a4b97e35b
2026-03-14,sg,Singapore,166,12,3D (feat. Jack Harlow),Jung Kook; Jack Harlow,6HaGTQPmzraVmaVxvz6EUc; 2LIk90788K0zvyj2JJVwkJ,01qFKNWq73UfEslI0GvumE,https://i.scdn.co/image/ab67616d00001e0299583bb32b47e87d55c6064b
2026-03-14,sg,Singapore,167,3,海屿你,马也_Crabbit,1V6Bl7Ny5loHozQUalAd6M,6UO9nrihAk6sFGvVHDVTz8,https://i.scdn.co/image/ab67616d00001e027d721d0483ccd72e6581e858
2026-03-14,sg,Singapore,168,32,Standing Next to You,Jung Kook,6HaGTQPmzraVmaVxvz6EUc,2KslE17cAJNHTsI2MI0jb2,https://i.scdn.co/image/ab67616d00001e02741fd4807f442af3f7359316
2026-03-14,sg,Singapore,169,19,(When You Gonna) Give It Up to Me - Radio Version,Sean Paul; Keyshia Cole,3Isy6kedDrgPYoTS1dazA9; 1vfezMIyCr4XUdYRaKIKi3,5nEdwtSv0qqeE0l4o1lR4q,https://i.scdn.co/image/ab67616d00001e02a539563b3d77bd3ba17d016e
2026-03-14,sg,Singapore,170,Re-Entry,Young And Beautiful,Lana Del Rey,00FQb4jTyendYWaN8pK0wa,2nMeu6UenVvwUktBCpLMK9,https://i.scdn.co/image/ab67616d00001e02d7fb3e4c63020039d1cff6b2
2026-03-14,sg,Singapore,171,3,Midnight Sun,Zara Larsson,1Xylc3o4UrD53lo9CvFvVg,1qRV1dKLOfH1s00b9J2LUQ,https://i.scdn.co/image/ab67616d00001e027657f9028ea8bb2c18dca99f
2026-03-14,sg,Singapore,172,49,Soft Spot,keshi,3pc0bOVB5whxmD50W79wwO,2aL4lMGhWdPpyPL6COPou7,https://i.scdn.co/image/ab67616d00001e02617997bc09bb7fa23624eff5
2026-03-14,sg,Singapore,173,Re-Entry,Best Part (feat. H.E.R.),Daniel Caesar; H.E.R.,20wkVLutqVOYrc0kxFs7rA; 3Y7RZ31TRPVadSFVy1o8os,1Q7EgiMOuwDcB0PJC6AzON,https://i.scdn.co/image/ab67616d00001e027aa8783ad8def37cc548a9cf
2026-03-14,sg,Singapore,174,Re-Entry,a thousand years,Christina Perri,7H55rcKCfwqkyDFH9wpKM6,6lanRgr6wXibZr8KgzXxBl,https://i.scdn.co/image/ab67616d00001e023dea4a2ccd58ad1f8e4dbb03
2026-03-14,sg,Singapore,175,Re-Entry,Dandelions,Ruth B.,2WzaAvm2bBCf4pEhyuDgCY,2eAvDnpXP5W0cVtiI0PUxV,https://i.scdn.co/image/ab67616d00001e02b09403f05bc0c306cf96990f
2026-03-14,sg,Singapore,176,Re-Entry,Someone You Loved,Lewis Capaldi,4GNC7GD6oZMSxPGyXy4MNB,7qEHsqek33rTcFNT9PFqLf,https://i.scdn.co/image/ab67616d00001e02fc2101e6889d6ce9025f85f2
2026-03-14,sg,Singapore,177,Re-Entry,Here With Me,d4vd,5y8tKLUfMvliMe8IKamR32,0dS2u2UFd88TIzDDaZDLvS,https://i.scdn.co/image/ab67616d00001e02e5ff1941799cd30cb2aa072b
2026-03-14,sg,Singapore,178,6,404 (New Era),KiiiKiii,63sat2XSMKdwKfqspmYQKP,24rDDbSlFY9OHrlJb48CRh,https://i.scdn.co/image/ab67616d00001e020cc65398388cbc486fa4fff7
2026-03-14,sg,Singapore,179,54,座位,于冬然,7mJv2vnmyEbD8eyI7tMLKs,4s3iUkYgh9gCeGYqCODrQe,https://i.scdn.co/image/ab67616d00001e0268c60c834b6e9dec1b70222f
2026-03-14,sg,Singapore,180,38,Why You Wanna Fight?,Bruno Mars,0du5cEVh5yTK9QJze8zA0C,3Ac4AjYkqsvop2ydbSAhTX,https://i.scdn.co/image/ab67616d00001e023eb8dc748f7efb1470f74395
2026-03-14,sg,Singapore,181,–,"I Love You, I'm Sorry",Gracie Abrams,4tuJ0bMpJh08umKkEXKUI5,51rfRCiUSvxXlCSCfIztBy,https://i.scdn.co/image/ab67616d00001e026e2101520787791370f4a96b
2026-03-14,sg,Singapore,182,2,STAY (with Justin Bieber),The Kid LAROI; Justin Bieber,2tIP7SsRs7vjIcLrU85W8J; 1uNFoZAHBGtllmzznpCI3s,567e29TDzLwZwfDuEpGTwo,https://i.scdn.co/image/ab67616d00001e02b4d59e6fa7e5e7cbc57ac33a
2026-03-14,sg,Singapore,183,Re-Entry,Suasana Di Hari Raya,Anuar & Ellina,3SDiNzzzX6i660bxil2I3M,1IMsCuONQDaYYrgt4ehMbI,https://i.scdn.co/image/ab67616d00001e02022d1353d909dd7e717d900e
2026-03-14,sg,Singapore,184,5,One Dance,Drake; Wizkid; Kyla,3TVXtAsR1Inumwj472S9r4; 3tVQdUvClmAT7URs9V3rsp; 6TK7fjRPdy2GW2pJzNF23L,1zi7xx7UVEFkmKfv06H8x0,https://i.scdn.co/image/ab67616d00001e029416ed64daf84936d89e671c
2026-03-14,sg,Singapore,185,18,EYES CLOSED (with ZAYN),JISOO; ZAYN,6UZ0ba50XreR4TM8u322gs; 5ZsFI1h6hIdQRw2ti0hz81,4WFfPxJv1KRekG6mxn837K,https://i.scdn.co/image/ab67616d00001e021bc666f3fa4156c40c6f90d2
2026-03-14,sg,Singapore,186,34,Blank Space,Taylor Swift,06HL4z0CvFAxyc27GXpf02,1u8c2t2Cy7UBoG4ArRcF5g,https://i.scdn.co/image/ab67616d00001e0252b2a3824413eefe9e33817a
2026-03-14,sg,Singapore,187,29,Snooze,SZA,7tYKF4w9nC0nq9CsPZTHyP,4iZ4pt7kvcaH6Yo8UoZ4s2,https://i.scdn.co/image/ab67616d00001e02bc18bdade69ec5ef0bb25b17
2026-03-14,sg,Singapore,188,Re-Entry,Superpowers,Daniel Caesar,20wkVLutqVOYrc0kxFs7rA,736PP5LTtREkDgktNmX3Gu,https://i.scdn.co/image/ab67616d00001e027c68face1dc58127f3a7b1cc
2026-03-14,sg,Singapore,189,16,Creep,Radiohead,4Z8W4fKeB5YxbusRsdQVPb,70LcF31zb1H0PyJoS1Sx1r,https://i.scdn.co/image/ab67616d00001e02ec548c00d3ac2f10be73366d
2026-03-14,sg,Singapore,190,68,過了幾天(合唱版),郭家瑋; DIOR 大穎,5EZkv9iiDdCJvhSQaRMj2X; 0czbvTRVGHfCdRsJLxbBGQ,4GEWZ1vDFVkmhG55zpKFLO,https://i.scdn.co/image/ab67616d00001e021638625acf2084cca7630e8f
2026-03-14,sg,Singapore,191,35,Moonwalkin',LNGSHOT,2F4oTJOWkcD1JaTeKEa9h6,46V2ciN6F5bxjQWityNhkY,https://i.scdn.co/image/ab67616d00001e029ae175cd44e09688bb7c0f4f
2026-03-14,sg,Singapore,192,18,double take,Dhruv,70NcAr4ZtA3FAqU16iQZSb,0QzuaeCEEOV40Pn7IvKEny,https://i.scdn.co/image/ab67616d00001e026f04e53cb5309f8e88286842
2026-03-14,sg,Singapore,193,4,七里香,Jay Chou,2elBjNSdBE2Y3f0j1mjrql,57w29bSwdIZ6gr6xXOqwc1,https://i.scdn.co/image/ab67616d00001e0200b976d1df4243e5318a7712
2026-03-14,sg,Singapore,194,54,Versace on the Floor,Bruno Mars,0du5cEVh5yTK9QJze8zA0C,0kN8xEmgMW9mh7UmDYHlJP,https://i.scdn.co/image/ab67616d00001e02232711f7d66a1e19e89e28c5
2026-03-14,sg,Singapore,195,Re-Entry,The Less I Know The Better,Tame Impala,5INjqkS1o8h1imAzPqGZBb,6K4t31amVTZDgR3sKmwUJJ,https://i.scdn.co/image/ab67616d00001e029e1cfc756886ac782e363d79
2026-03-14,sg,Singapore,196,Re-Entry,Dive,Olivia Dean,00x1fYSGhdqScXBRpSj3DW,36vmaZyO0iAE6FZ7287fg2,https://i.scdn.co/image/ab67616d00001e02cac9b52107643faf13a7587b
2026-03-14,sg,Singapore,197,48,Cha Cha Cha,Bruno Mars,0du5cEVh5yTK9QJze8zA0C,6QletrrmpkUpeJkipX9pgf,https://i.scdn.co/image/ab67616d00001e023eb8dc748f7efb1470f74395
2026-03-14,sg,Singapore,198,50,我走后 (深情版),en王翊恩,7z7tLLiBfmH0kZ2lNVs8LW,4iWXBvFiGanzt0ntGnMALN,https://i.scdn.co/image/ab67616d00001e020f69c3fd6c4ae5f9eae61c4a
2026-03-14,sg,Singapore,199,78,人的這一生,DIOR 大穎,0czbvTRVGHfCdRsJLxbBGQ,2Jox8DFhnUpJZJWLsVAsAR,https://i.scdn.co/image/ab67616d00001e02f75cd8d2c4ad4469063ec361
2026-03-14,sg,Singapore,200,Re-Entry,Blinding Lights,The Weeknd,1Xyo4u8uXC1ZmMpatF05PJ,0VjIjW4GlUZAMYd2vXMi3b,https://i.scdn.co/image/ab67616d00001e028863bc11d2aa12b54f5aeb36
2026-03-14,my,Malaysia,1,–,Risk It All,Bruno Mars,0du5cEVh5yTK9QJze8zA0C,5y2ijHECwFYWqcAHKTZgzD,https://i.scdn.co/image/ab67616d00001e023eb8dc748f7efb1470f74395
2026-03-14,my,Malaysia,2,–,Jodoh Lebaran,Aisha Retno,1eizIry8svwmH0cSjLUEYy,3BcxLgdfM9wR2cyfMuyHL9,https://i.scdn.co/image/ab67616d00001e029039649215a69fd8eabf4286
2026-03-14,my,Malaysia,3,–,kota ini tak sama tanpamu,Nadhif Basalamah,6UgERnTHmjk3qXM9x5vzyO,13CwOTXUgBugeBByE9oIWb,https://i.scdn.co/image/ab67616d00001e02f3e3f888fbfcc916ecce50a9
2026-03-14,my,Malaysia,4,–,Bahagia Lagi,Piche Kota,5zAYPlhV1TirCul0R4NKGM,5tZaKZPJtiHh6teQfVEHB5,https://i.scdn.co/image/ab67616d00001e025bd00b369e89c5cbc74d827b
2026-03-14,my,Malaysia,5,2,bergema sampai selamanya,Nadhif Basalamah,6UgERnTHmjk3qXM9x5vzyO,0ql6fgz8qk0pAEKrGeSppJ,https://i.scdn.co/image/ab67616d00001e02f3e3f888fbfcc916ecce50a9
2026-03-14,my,Malaysia,6,1,Sedia Aku Sebelum Hujan,Idgitaf,7pFWMC2E7h8eL3SZyHRsRq,64qfw9JZl3RYCrq4Mn0WvT,https://i.scdn.co/image/ab67616d00001e028dc8c573565969d55f9f3477
2026-03-14,my,Malaysia,7,1,Die On This Hill,SIENNA SPIRO,02gSuSAWEdWa5UOvqzjX6v,2gYTC8DsplN3RNdpdBcCOQ,https://i.scdn.co/image/ab67616d00001e020901e50bfaff4351a29f462b
2026-03-14,my,Malaysia,8,–,Suasana Di Hari Raya,Anuar & Ellina,3SDiNzzzX6i660bxil2I3M,1IMsCuONQDaYYrgt4ehMbI,https://i.scdn.co/image/ab67616d00001e02022d1353d909dd7e717d900e
2026-03-14,my,Malaysia,9,2,back to friends,sombr,4G9NDjRyZFDlJKMRL8hx3S,7qjZnBKE73H4Oxkopwulqe,https://i.scdn.co/image/ab67616d00001e024229702de91cb3d3a4383302
2026-03-14,my,Malaysia,10,–,Ada titik-titik di ujung doa,Sal Priadi,1NjxFrpEGZTV2Ny0OJxeWu,1E7zLPDdqo0OvzVmGj5aoV,https://i.scdn.co/image/ab67616d00001e02686acaaa87bfc6ebb42b3bd2
2026-03-14,my,Malaysia,11,8,Kasih Lebaran,Sufian Suhaimi,6KEEEdAqmCL7PYOrjZCnEa,0sifzWpJd8P1uZ15x4nIWY,https://i.scdn.co/image/ab67616d00001e021da71321bdf49518e183e95c
2026-03-14,my,Malaysia,12,–,Stateside + Zara Larsson,PinkPantheress; Zara Larsson,78rUTD7y6Cy67W1RVzYs7t; 1Xylc3o4UrD53lo9CvFvVg,1DwscornXpj8fmOmYVlqZt,https://i.scdn.co/image/ab67616d00001e02684ecc5bc1b724d0106ad694
2026-03-14,my,Malaysia,13,4,SO ASU,Naykilla,79omf4LgzaVAnXIRWPkJUq,56TRhAB4SqpRn5NdqHSAFy,https://i.scdn.co/image/ab67616d00001e02bc3ac83da4a6bda98247e694
2026-03-14,my,Malaysia,14,1,The Fate of Ophelia,Taylor Swift,06HL4z0CvFAxyc27GXpf02,53iuhJlwXhSER5J2IYYv1W,https://i.scdn.co/image/ab67616d00001e02d7812467811a7da6e6a44902
2026-03-14,my,Malaysia,15,–,Seloka Hari Raya,Uji Rashid; Hail Amir,51yFVX4bDGD1me2jOFKTmw; 6w7JZrwA9u6IBUP65k7K3j,1hqDHz3JOIMSVxW9pXoRiV,https://i.scdn.co/image/ab67616d00001e0296af9ad4df40d61cada8aafb
2026-03-14,my,Malaysia,16,2,Sesuci Lebaran,Dato' Sri Siti Nurhaliza,5d0bxRte3J74ZXyEGRL8uU,20gz9dYTVbtnDUFV2YmJC0,https://i.scdn.co/image/ab67616d00001e0206d31a00c4a01a6dfd571ff3
2026-03-14,my,Malaysia,17,7,Serumpun,Mimifly,1m5SzX4xy5b0fdvEZAJmyw,3uXtPOeDPx812uTfhz3dEf,https://i.scdn.co/image/ab67616d00001e02c358995f05f12776243cb425
2026-03-14,my,Malaysia,18,2,WILDFLOWER,Billie Eilish,6qqNVTkY8uBg9cP3Jd7DAH,3QaPy1KgI7nu9FJEQUgn6h,https://i.scdn.co/image/ab67616d00001e0271d62ea7ea8a5be92d3c1f62
2026-03-14,my,Malaysia,19,13,Pejam Celik Hari Raya,Iman Troye,1Jvj122gN1QiaYUrNhn3Fq,11ZgYbFZQ16i3F3KGRLbkI,https://i.scdn.co/image/ab67616d00001e0245a8d84b730bc2df961e0a1a
2026-03-14,my,Malaysia,20,9,Senandung Hari Raya Untukmu,Dayangku Intan,3D4uyEk5z3Ko3kwREUNsUt,6oPIg3ql5chwh04iS9JfX9,https://i.scdn.co/image/ab67616d00001e0271e383777ccc574a4674723c
2026-03-14,my,Malaysia,21,7,So Easy (To Fall In Love),Olivia Dean,00x1fYSGhdqScXBRpSj3DW,6sGIMrtIzQjdzNndVxe397,https://i.scdn.co/image/ab67616d00001e029a336bfb6d40bbd90a507417
2026-03-14,my,Malaysia,22,1,Satu Hari Di Hari Raya,M. Nasir,2O8MDsUKNHTgwoodOefHYD,6ZN42sab1v6S5jfBzOLndl,https://i.scdn.co/image/ab67616d00001e02941f8c99ba8e06ff612d6d61
2026-03-14,my,Malaysia,23,26,like JENNIE,JENNIE,250b0Wlc5Vk0CoUsaCY84M,0fK7ie6XwGxQTIkpFoWkd1,https://i.scdn.co/image/ab67616d00001e02dcf27dec5e479b2e39c4c993
2026-03-14,my,Malaysia,24,1,Selamat Hari Raya,Puan Sri Saloma,6RhtPXXQGPfHrVrbw6srzL,7rGfXJN92ttB0FX0FWtHGR,https://i.scdn.co/image/ab67616d00001e02197f745d178e6498b726317f
2026-03-14,my,Malaysia,25,3,End of Beginning,Djo,5p9HO3XC5P3BLxJs5Mtrhm,3qhlB30KknSejmIvZZLjOD,https://i.scdn.co/image/ab67616d00001e02fddfffec51b4580acae727c1
2026-03-14,my,Malaysia,26,–,Die With A Smile,Lady Gaga; Bruno Mars,1HY2Jd0NmPuamShAr6KMms; 0du5cEVh5yTK9QJze8zA0C,7so0lgd0zP2Sbgs2d7a1SZ,https://i.scdn.co/image/ab67616d00001e02b0860cf0a98e09663c82290c
2026-03-14,my,Malaysia,27,6,Selamat Berhari Raya,Rahimah Rahim,7H2gOfWDAVINu72BGZctLn,74SXA9SsaHeOXyg3NxRymf,https://i.scdn.co/image/ab67616d00001e02abed9a8f2801bb01ffffbdfa
2026-03-14,my,Malaysia,28,8,Raindance (feat. Tems),Dave; Tems,6Ip8FS7vWT1uKkJSweANQK; 687cZJR45JO7jhk1LHIbgq,3oTuTpF1F3A7rEC6RKsMRz,https://i.scdn.co/image/ab67616d00001e02fecaa7826bb0cbe139a8cb83
2026-03-14,my,Malaysia,29,1,"Masa ini, Nanti, dan Masa Indah Lainnya",Nuca,5x3nSujruZLuB6xBicI6Ai,3TTZfjYqhTowNALncAmY5v,https://i.scdn.co/image/ab67616d00001e0272efdd27a433732ba1ab6269
2026-03-14,my,Malaysia,30,3,Hanya Aku,Hyper Act,0zo8fkOQyrawuBfIhy99jb,0hlZ8daapg8QHpHsDyaqbg,https://i.scdn.co/image/ab67616d00001e02fa7c08cb17a4e1288465ad19
2026-03-14,my,Malaysia,31,13,Alamak Raya Lagi!,De Fam,4m8URcWW3beNdxt4DnihgK,2VTLUKd4CbW14uKI973vl4,https://i.scdn.co/image/ab67616d00001e02c21dcf47c58ba5dd5a3447d9
2026-03-14,my,Malaysia,32,10,Ketipak Ketipung Raya,Aisha Retno; Aziz Harun,1eizIry8svwmH0cSjLUEYy; 1dmuM6bG5J8sDFyp26x9Nf,7eaCFseO4fOljCMxLTM5ta,https://i.scdn.co/image/ab67616d00001e02000fec5f352bc898dc74802e
2026-03-14,my,Malaysia,33,4,Raya Mana?,Nabila Razali,2yWleHZF4HaaNjmiU8snKO,5h1XKdRpbAFO13upDjgGUC,https://i.scdn.co/image/ab67616d00001e02aa28af18f62988d3232011bd
2026-03-14,my,Malaysia,34,1,penjaga hati,Nadhif Basalamah,6UgERnTHmjk3qXM9x5vzyO,6i9Ci0IN1q1GcnhdbKU7kZ,https://i.scdn.co/image/ab67616d00001e0225001f594384ffb7fb952347
2026-03-14,my,Malaysia,35,–,P Ramlee Saloma,Alpha,0s2MtYt7PZx0kP8CqLt38t,7p2GUA0ShGenHoqeIhTg5i,https://i.scdn.co/image/ab67616d00001e022ece326ad7dea11e2719fb8a
2026-03-14,my,Malaysia,36,4,TABOLA BALE,Silet Open Up; Jacson Seran; Juan Reza; Diva Aurel,5naPJsWUJ6y22yKXA6dX36; 7sGSFhUe26nmXPxw3KuXrj; 0eYCIajsbVsMjVUIkcomIY; 5aOpLMYo7aOOxoXBFkiJ4u,7mqG8I1JG0iQAejC53qpbU,https://i.scdn.co/image/ab67616d00001e02f6f7d0c06b8b2bd22ba3eae4
2026-03-14,my,Malaysia,37,1,Menjelang Hari Raya,Dato' DJ Dave,6C4Prk8bokz0g2UiDb5DY2,5VKesrhjbKQNfsI4NIxZCi,https://i.scdn.co/image/ab67616d00001e02d7aa87a8edc032538f6335a7
2026-03-14,my,Malaysia,38,4,Love Me Not,Ravyn Lenae,5RTLRtXjbXI2lSXc6jxlAz,4WFgvKVfEhb3IUAFGrutTR,https://i.scdn.co/image/ab67616d00001e020e62daaea2c7b94053e1c142
2026-03-14,my,Malaysia,39,–,Ku Pohon Restu Ayah & Ibu,Mamat,4Ws4Jicjsn8gsG40NALncZ,73i60Qy5YEYab2DZZ0Xhdp,https://i.scdn.co/image/ab67616d00001e02941f8c99ba8e06ff612d6d61
2026-03-14,my,Malaysia,40,6,MALU MALU,dia; INDAHKUS,6WgjNWwGACXaBy7NZripBu; 1O4yyjVsY0VUpGMZiK7zNB,4nx5dujfgjriMeQg1OWMsp,https://i.scdn.co/image/ab67616d00001e025c157ac76f31ba099cdd6993
2026-03-14,my,Malaysia,41,–,BIRDS OF A FEATHER,Billie Eilish,6qqNVTkY8uBg9cP3Jd7DAH,6dOtVTDdiauQNBQEDOtlAB,https://i.scdn.co/image/ab67616d00001e0271d62ea7ea8a5be92d3c1f62
2026-03-14,my,Malaysia,42,33,Don’t Say You Love Me,Jin,5vV3bFXnN6D6N3Nj4xRvaV,27xkOIER6uDLKALIelHylZ,https://i.scdn.co/image/ab67616d00001e0289228504f700641956e29f5d
2026-03-14,my,Malaysia,43,7,Who Knows,Daniel Caesar,20wkVLutqVOYrc0kxFs7rA,6DH13QYXK7lKkYHSU88N48,https://i.scdn.co/image/ab67616d00001e022bad6e56e77d5bef0aa3f2dc
2026-03-14,my,Malaysia,44,16,It Will Rain,Bruno Mars,0du5cEVh5yTK9QJze8zA0C,4rMNgxEwGWoPHIUcvB5BrB,https://i.scdn.co/image/ab67616d00001e02dec2e6bae5062b94fc4eeb84
2026-03-14,my,Malaysia,45,18,kota ini tak sama tanpamu (with Aziz Harun & Aisha Retno),Nadhif Basalamah; Aziz Harun; Aisha Retno,6UgERnTHmjk3qXM9x5vzyO; 1dmuM6bG5J8sDFyp26x9Nf; 1eizIry8svwmH0cSjLUEYy,75DnXTAoFiorMrqkPVbjSH,https://i.scdn.co/image/ab67616d00001e0287e7224938aa91019b17b791
2026-03-14,my,Malaysia,46,14,Gabriela,KATSEYE,3c0gDdb9lhnHGFtP4prQpn,1xOqGUkyxGQRdCvGpvWKmL,https://i.scdn.co/image/ab67616d00001e02f8d4d00ffe09373efb13ce29
2026-03-14,my,Malaysia,47,5,Raya Raya Raya,DOLLA,3SRXsr6dPMvVGSSpccDWjO,5bu4tKnKyjBwQhLdDK7VWe,https://i.scdn.co/image/ab67616d00001e026426fd1bb451c61b572e6b6d
2026-03-14,my,Malaysia,48,1,"One Of The Girls (with JENNIE, Lily Rose Depp)",The Weeknd; JENNIE; Lily-Rose Depp,1Xyo4u8uXC1ZmMpatF05PJ; 250b0Wlc5Vk0CoUsaCY84M; 1pBLC0qVRTB5zVMuteQ9jJ,7CyPwkp0oE8Ro9Dd5CUDjW,https://i.scdn.co/image/ab67616d00001e02b0dd6a5cd1dec96c4119c262
2026-03-14,my,Malaysia,49,4,Jom Raya,Daiyan Trisha; Alfie Zumi,7xegqEOtukVFMdHyWnYkta; 4SkJ6iSvBXWjEzLEY4BmVV,1yT4svUG02wQSgxpB1c5yZ,https://i.scdn.co/image/ab67616d00001e02c2e63ff7140932f3de0dfdf7
2026-03-14,my,Malaysia,50,19,Mangu,Fourtwnty; Charita Utami,46cVq2dwPgzPE3X1VR9TMj; 48yQuRfvklyupKmridU1du,4e6TmHCC4PRUj75knNplNP,https://i.scdn.co/image/ab67616d00001e0232ab17f5515e51490841f648
2026-03-14,my,Malaysia,51,–,Suasana Hari Raya,Datuk Sharifah Aini,0EAfDSxGzS4bal72IMoHHQ,69xmMtzLEVxACrVckHBrY3,https://i.scdn.co/image/ab67616d00001e02f67081f591f6a83e8108b785
2026-03-14,my,Malaysia,52,24,Balik Kampung,Dato' Sudirman,1HvVjPpCzFFgIo2XrDxM2x,5GIyCpbdhQ5QC17jNUbWbn,https://i.scdn.co/image/ab67616d00001e025d37298b8ae62dd2573f7e80
2026-03-14,my,Malaysia,53,10,Bincang Raya,Amira Othman; Irfan Haris,31aRV0LJpJ88B7WX6PNspi; 0k30WyXe7aXAIgFKgUVAtP,38QbpX9jAIO5ZsV0MpKJyT,https://i.scdn.co/image/ab67616d00001e02caefc7e2939e6e80d2cb77cf
2026-03-14,my,Malaysia,54,6,Meriah Lain Macam,Hael Husaini; Nadeera,1FIUUafdGtfqLIP8pmPymL; 4KMw2UKyEd9miV1F3uRQXB,174D7DoFp0e6bS1Qu9rnXs,https://i.scdn.co/image/ab67616d00001e02d82e9aa590a9f48063557628
2026-03-14,my,Malaysia,55,2,mejikuhibiniu,Tenxi; Suisei; Jemsii,6vP4azTCk053nGL0xAYnVH; 2Iw3yPRqjz5Xh4veKj7oqi; 5PTw7KmM8c9QfBjU5caHWs,13KXgSl4vs7h8y2G7V6GrB,https://i.scdn.co/image/ab67616d00001e02ebdd8446bacd87dc7796cede
2026-03-14,my,Malaysia,56,10,Bahagiamu Deritaku,Hafiz Suip,08nApps9ThD6cZD2jXC4vW,5vNhfRa1WTzUDZcU8DAO1a,https://i.scdn.co/image/ab67616d00001e028fea0786d4aa86948156e799
2026-03-14,my,Malaysia,57,7,I Thought I Saw Your Face Today,She & Him,3CIRif6ZAedT7kZSPvj2A4,0myRViRgmQ3J8izICXEAVO,https://i.scdn.co/image/ab67616d00001e02a47c6d8a934b4833c0916cc9
2026-03-14,my,Malaysia,58,–,Dirimu Yang Dulu,Anggis Devaki,7lXTU6VtJQWfiN2vuZyzqf,3GIiXoibZNOxoB4QJ0b8UR,https://i.scdn.co/image/ab67616d00001e02d7105ffabf2ff9ddd265eab1
2026-03-14,my,Malaysia,59,5,The Man Who Can't Be Moved,The Script,3AQRLZ9PuTAozP28Skbq8V,3nqqDo8CcCLke3ZoTgiOKf,https://i.scdn.co/image/ab67616d00001e02f33a9f529c12f79b116eb218
2026-03-14,my,Malaysia,60,1,Indahnya Beraya Di Desa,Azlina Aziz,6dcMIBW9nvLYwNjigIDuS2,1kfMvCj7gGd5zfqx5gtZPo,https://i.scdn.co/image/ab67616d00001e0271e383777ccc574a4674723c
2026-03-14,my,Malaysia,61,6,RUDE!,Hearts2Hearts,1ZLU77nRzQIaP23mVSYpCQ,0WA27lZzPKFJKAbiDRmQDc,https://i.scdn.co/image/ab67616d00001e02d505bec2fbfee5857725d333
2026-03-14,my,Malaysia,62,6,Mama Papa Raya,Dato' Sri Aliff Syukri; Datin Sri Nur Shahida; Qadeejah; Ammar Ahyan,28EjmOA1xrfZfVFp9qQU0R; 2FSHYYJ2XcbDRlsfEq1hoe; 3X4WxcDnfbyqj1DE9eu5yi; 0KEhUPUYhjX8xBl4RHpPkl,6CYkcCjIVZfrZ8p8XUli4A,https://i.scdn.co/image/ab67616d00001e022640303a193ad42814c84a00
2026-03-14,my,Malaysia,63,1,Nazam Lebaran,Dato' Sri Siti Nurhaliza,5d0bxRte3J74ZXyEGRL8uU,1liq9fnB5siKzxqajo5hxm,https://i.scdn.co/image/ab67616d00001e0206d31a00c4a01a6dfd571ff3
2026-03-14,my,Malaysia,64,31,Golden,HUNTR/X; EJAE; AUDREY NUNA; REI AMI; KPop Demon Hunters Cast,2yNNYQBChuox9A5Ka93BIn; 0RMJOzHDhAKY1o2j0W0vxY; 0Wwji82sLA0Hcvtuak3omb; 6U1dV7aL68N7Gb0Naq34V5; 7mW7Tv7NvywKKXqafZo0Lc,1CPZ5BxNNd0n0nF4Orb9JS,https://i.scdn.co/image/ab67616d00001e024dcb6c5df15cf74596ab25a4
2026-03-14,my,Malaysia,65,4,Warna Warni Aidilfitri,Nyanyian Ramai,5GcHlX35KE7BMgZzvb78CX,2NuXB2BK357vJ2yvLL7OB0,https://i.scdn.co/image/ab67616d00001e02941f8c99ba8e06ff612d6d61
2026-03-14,my,Malaysia,66,4,Ngga Dulu,Akbar Chalay; Zynakal; ciloqciliq,0dIJRlr9m4hUwdBYmKUTjW; 3Cs5QQYz6pMhbEKaBNCtfi; 3zcke1TsWc6mZhzB1BCC9T,3c3JC5TjFrEqEKheU7227c,https://i.scdn.co/image/ab67616d00001e029e607297510b0d097867caf4
2026-03-14,my,Malaysia,67,11,bittersweet,Madison Beer,2kRfqPViCqYdSGhYSM9R0Q,6vDVu9IM9s8L8XMQ1c1Yti,https://i.scdn.co/image/ab67616d00001e02391ad22354ea2e90c54f6b14
2026-03-14,my,Malaysia,68,4,Pulang Di Hari Raya,Noorkumalasari,4cc8MC7czXxH1AIoOPfPgG,63YwwfIXQr1FQRpPZXMkEk,https://i.scdn.co/image/ab67616d00001e02550ef75bec3414d39d78ece6
2026-03-14,my,Malaysia,69,4,Cinta Ini Membunuhku,D’MASIV,1hioeMAsVwJ3bvcb9lxBpB,3jqOKTYh4XH9khpOXQp89Y,https://i.scdn.co/image/ab67616d00001e027a53bc0dfa374c632d394e98
2026-03-14,my,Malaysia,70,10,Kasih Aba Aba,Naykilla; Tenxi; Jemsii,79omf4LgzaVAnXIRWPkJUq; 6vP4azTCk053nGL0xAYnVH; 5PTw7KmM8c9QfBjU5caHWs,5rhwXZP0luMucnEPnYJpbI,https://i.scdn.co/image/ab67616d00001e028afa25403ff8a518ee7a9f94
2026-03-14,my,Malaysia,71,104,Nyam Nyam Ketupat,Dinda Dania; MissAlvy; Wani Kayrie; Zizan Razak,6zA8TCZT3O5MRvbyh50kxo; 64JkeaABU8Eck3A5KzZIGS; 623y6Eo7aOEpYo9LSZCQ1M; 7GkUskIBOKpJRyzpE7WQBD,1MtoGgSCCIeRfluMqyZQaN,https://i.scdn.co/image/ab67616d00001e02eedb25d4b91d6ec1928ae73f
2026-03-14,my,Malaysia,72,3,SENCY,dia; Tenxi,6WgjNWwGACXaBy7NZripBu; 6vP4azTCk053nGL0xAYnVH,1vUQYZpgqGrQVEOxk3JuSU,https://i.scdn.co/image/ab67616d00001e02bc6ee0a7c05af5d905d9a7ac
2026-03-14,my,Malaysia,73,1,Locked out of Heaven,Bruno Mars,0du5cEVh5yTK9QJze8zA0C,5g7sDjBhZ4I3gcFIpkrLuI,https://i.scdn.co/image/ab67616d00001e02926f43e7cce571e62720fd46
2026-03-14,my,Malaysia,74,9,Ingat,ALYPH,3qeuv2ijwaAcbX3KVMJfuj,0QnyIDSjy366dQZjcHS2yF,https://i.scdn.co/image/ab67616d00001e02aeaf0ac1f551769d707e2ea8
2026-03-14,my,Malaysia,75,14,Menerima Luka,Natasya Sabella,2w2xKlumnOzCf5eVTkmNXn,6Twf2B2IGXAN0YDJeTxkt2,https://i.scdn.co/image/ab67616d00001e02666b93e07f4a5ef345e83fe1
2026-03-14,my,Malaysia,76,10,Bersama Di Hari Raya,Cenderawasih,58L8OvnHTDYi9bZVRSw5DC,7FpwJEve44YORFJ04Obu63,https://i.scdn.co/image/ab67616d00001e0202c6f37e39473eb8aff8f2bd
2026-03-14,my,Malaysia,77,35,Sesal Separuh Nyawa,Alyah,2bUKiCTlseN47NCfkpDTEZ,6Kqc2T2YiYLkzW6zD0GO8y,https://i.scdn.co/image/ab67616d00001e0275ce82fa538fadf1f9deb913
2026-03-14,my,Malaysia,78,21,GO,BLACKPINK,41MozSoPIsD1dJM0CLPjZF,3FZPp9lBUvhsxFxKJi3VkB,https://i.scdn.co/image/ab67616d00001e02d885644b72d5254dd621dc45
2026-03-14,my,Malaysia,79,3,Sailor Song,Gigi Perez,1iCnM8foFssWlPRLfAbIwo,21IYMdzTrzSe191Cy5eMap,https://i.scdn.co/image/ab67616d00001e0249c26270052e1671add569c1
2026-03-14,my,Malaysia,80,1,Talking to the Moon,Bruno Mars,0du5cEVh5yTK9QJze8zA0C,161DnLWsx1i3u1JT05lzqU,https://i.scdn.co/image/ab67616d00001e027039c1c841fc3dfa2ad8a0d8
2026-03-14,my,Malaysia,81,16,Bintang 5,Tenxi; Jemsii,6vP4azTCk053nGL0xAYnVH; 5PTw7KmM8c9QfBjU5caHWs,0HoWTALX2BktSIrSmflWSP,https://i.scdn.co/image/ab67616d00001e02ebdd8446bacd87dc7796cede
2026-03-14,my,Malaysia,82,1,Suasana Riang Di Hari Raya,Junainah M.Amin,5Y7rfNMmW7AGTDBEcfWUYI,7uvKupP8xo3uq17ObZvbZz,https://i.scdn.co/image/ab67616d00001e02044de2bc3f2b6f25e00b2729
2026-03-14,my,Malaysia,83,5,When I Was Your Man,Bruno Mars,0du5cEVh5yTK9QJze8zA0C,0B7wvvmu9EISAwZnOpjhNI,https://i.scdn.co/image/ab67616d00001e02926f43e7cce571e62720fd46
2026-03-14,my,Malaysia,84,14,Dari Jauh Kupohon Maaf,Dato' Sudirman,1HvVjPpCzFFgIo2XrDxM2x,3brV0xXqxX3NHvqY1QJ3xj,https://i.scdn.co/image/ab67616d00001e025d37298b8ae62dd2573f7e80
2026-03-14,my,Malaysia,85,18,Senyum Gugur Di Penghujung Doa,Dayang Nurfaizah,1E5aZPein8p4Jf9zkPpBsV,5Xm4n43xPVyg3YqCogYw5X,https://i.scdn.co/image/ab67616d00001e02cde4b9b354f82ca0d5807dd2
2026-03-14,my,Malaysia,86,1,Garam & Madu (Sakit Dadaku),Tenxi; Naykilla; Jemsii,6vP4azTCk053nGL0xAYnVH; 79omf4LgzaVAnXIRWPkJUq; 5PTw7KmM8c9QfBjU5caHWs,3jJkB9wdKpwxnkjgUBnE4c,https://i.scdn.co/image/ab67616d00001e02ebdd8446bacd87dc7796cede
2026-03-14,my,Malaysia,87,1,Air Mata Syawal,Dato' Sri Siti Nurhaliza,5d0bxRte3J74ZXyEGRL8uU,4v1jAfui9gHygoPSs1B6Lz,https://i.scdn.co/image/ab67616d00001e0206d31a00c4a01a6dfd571ff3
2026-03-14,my,Malaysia,88,9,That's What I Like,Bruno Mars,0du5cEVh5yTK9QJze8zA0C,0KKkJNfGyhkQ5aFogxQAPU,https://i.scdn.co/image/ab67616d00001e02232711f7d66a1e19e89e28c5
2026-03-14,my,Malaysia,89,21,Monolog,Pamungkas,7d86ERlvO5UG44j7Va0Y0C,1zu5ZpnrSArdoaT6Qq3yo9,https://i.scdn.co/image/ab67616d00001e023e2cf96ce4558b8f2376b79a
2026-03-14,my,Malaysia,90,2,Raya ya ya,Iman Troye; Dato' Sri Aliff Syukri,1Jvj122gN1QiaYUrNhn3Fq; 28EjmOA1xrfZfVFp9qQU0R,3veoUajhvh3RRu3Be1ilr8,https://i.scdn.co/image/ab67616d00001e0200ae5527de966718cd97819e
2026-03-14,my,Malaysia,91,6,Selamat Hari Raya,Datuk Ahmad Jais,5DR3x1kevrEtZGk2FSSsB7,4R3BqGWGboh1b6RaRVXxWE,https://i.scdn.co/image/ab67616d00001e02940acf59e0bc718a8fd9cc5f
2026-03-14,my,Malaysia,92,4,we can't be friends (wait for your love),Ariana Grande,66CXWjxzNUsdJxJ2JdwvnR,51ZQ1vr10ffzbwIjDCwqm4,https://i.scdn.co/image/ab67616d00001e028b58d20f1b77295730db15b4
2026-03-14,my,Malaysia,93,3,Aidilfitri,Sanisah Huri,57uWnv67tvDbc2QIXt1L62,0vxPY5zo69nPxKmmRRx2fQ,https://i.scdn.co/image/ab67616d00001e02507c609ecb5c83521a798f97
2026-03-14,my,Malaysia,94,8,Night Changes,One Direction,4AK6F7OLvEQ5QYCBNiQWHq,5O2P9iiztwhomNh8xkR9lJ,https://i.scdn.co/image/ab67616d00001e0234a29f220057810cce98e1b4
2026-03-14,my,Malaysia,95,6,Babydoll,Dominic Fike,6USv9qhCn6zfxlBQIYJ9qs,7yNf9YjeO5JXUE3JEBgnYc,https://i.scdn.co/image/ab67616d00001e027b1b6f41c1645af9757d5616
2026-03-14,my,Malaysia,96,25,We Don't Talk Anymore (feat. Selena Gomez),Charlie Puth; Selena Gomez,6VuMaDnrHyPL1p4EHjYLi7; 0C8ZW7ezQVs4URX5aX7Kqx,54PbBpquVfhfrwRwvjSXbI,https://i.scdn.co/image/ab67616d00001e0215145482a542a9adb282250b
2026-03-14,my,Malaysia,97,12,Kenangan Terindah,SAMSONS,6HHje5tfmzWK8PsSaoJ9Xp,5TtmfZaNSYEcTR49cureT0,https://i.scdn.co/image/ab67616d00001e02607aaef4f806cb926096f1ae
2026-03-14,my,Malaysia,98,10,I Wanna Be Yours,Arctic Monkeys,7Ln80lUS6He07XvHI8qqHH,5XeFesFbtLpXzIVDNQP22n,https://i.scdn.co/image/ab67616d00001e024ae1c4c5c45aabe565499163
2026-03-14,my,Malaysia,99,53,Bawaku Pergi,Zizan Razak; Kaka Azraff,7GkUskIBOKpJRyzpE7WQBD; 4a6rcjvQs6YOwK5sVlybKV,3gnWZtlLKqYQeBPuFDwFbd,https://i.scdn.co/image/ab67616d00001e02ae4f1868ec32b657aa68b0ca
2026-03-14,my,Malaysia,100,5,Cahaya Aidilfitri,Black Dog Bone,2J7Y71FYEeL9Ksv2e5sdkf,77QVIMNs9jeiTsTURUkhGa,https://i.scdn.co/image/ab67616d00001e021626c440aeac1d2d0381bc8e
2026-03-14,my,Malaysia,101,1,Lesung Pipi,Raim Laode,5LcNPa8f8bRmZqELgoRFkN,04mOx59pM3upWDkpp9PYkb,https://i.scdn.co/image/ab67616d00001e02dfa3d7031a8f658d0a9b89fd
2026-03-14,my,Malaysia,102,8,Bila Takbir Bergema,Rafeah Buang,4NnBbi48c3iFGh39L4jELO,2jIdcT0HmgwUV2nJk5qzfL,https://i.scdn.co/image/ab67616d00001e02052eb4fbe4249f97ad8064f1
2026-03-14,my,Malaysia,103,10,Untuk Mencintaimu,Seventeen,5uUb3J6HqLhBWwzuh84LUZ,04tvOIuyk8y0QVA8Ta0UOd,https://i.scdn.co/image/ab67616d00001e02b9f510504efb5b8109708b71
2026-03-14,my,Malaysia,104,27,Sempurna,Insomniacks,3uSnvyMAFJTm7XkZJFo0xP,67C6LHREqmytK923Ak6R0I,https://i.scdn.co/image/ab67616d00001e02ddb1b2c929f06a2484ab9522
2026-03-14,my,Malaysia,105,2,No One Noticed,The Marías,2sSGPbdZJkaSE2AbcGOACx,3siwsiaEoU4Kuuc9WKMUy5,https://i.scdn.co/image/ab67616d00001e028aa339341a0b0c813909c831
2026-03-14,my,Malaysia,106,9,Tapi Bukan Aku,Kerispatih,73OtDyghUEJ9QfGtu1pkaJ,0BrH4b7su9uLELM1h5Xlzw,https://i.scdn.co/image/ab67616d00001e024986516d6ce56f0d19cdc41d
2026-03-14,my,Malaysia,107,18,Cinnamon Girl,Lana Del Rey,00FQb4jTyendYWaN8pK0wa,2mdEsXPu8ZmkHRRtAdC09e,https://i.scdn.co/image/ab67616d00001e02879e9318cb9f4e05ee552ac9
2026-03-14,my,Malaysia,108,9,Kepulangan Yang Di Nanti,Aman Shah,5Za3d8fOzNa1aYojLj6fSh,5eI3a4RJ5Qfum61vdQMy6B,https://i.scdn.co/image/ab67616d00001e02fbaf05e4021f59f4979d3bdf
2026-03-14,my,Malaysia,109,12,Pesan Terakhir,Lyodra,6Sv2jkzH9sWQjwghW5ArMG,3FwQ3RYYEekzjEeL3jdpUZ,https://i.scdn.co/image/ab67616d00001e02d00e5994b61f1d93dafe9221
2026-03-14,my,Malaysia,110,36,Dance With Me,Bruno Mars,0du5cEVh5yTK9QJze8zA0C,1myZ6GQewhAzMH2dKtKSWK,https://i.scdn.co/image/ab67616d00001e023eb8dc748f7efb1470f74395
2026-03-14,my,Malaysia,111,4,Starboy,The Weeknd; Daft Punk,1Xyo4u8uXC1ZmMpatF05PJ; 4tZwfgrHOc3mvqYlEYSvVi,7MXVkk9YMctZqd1Srtv4MB,https://i.scdn.co/image/ab67616d00001e024718e2b124f79258be7bc452
2026-03-14,my,Malaysia,112,1,Pulang,Insomniacks,3uSnvyMAFJTm7XkZJFo0xP,1DVHCvTwuwtZrpYDV4irH5,https://i.scdn.co/image/ab67616d00001e020a1f83fe0ff9c9ff1a366d5d
2026-03-14,my,Malaysia,113,22,Jangan Paksa Rindu - Beda,Ifan Seventeen,2vbWy0ntJGJ2H1erLJFMZZ,79tbBuciPV221EozY3RKQv,https://i.scdn.co/image/ab67616d00001e02b1f0e17d6a48da664cbdcbe5
2026-03-14,my,Malaysia,114,30,I Just Might,Bruno Mars,0du5cEVh5yTK9QJze8zA0C,6f68Ac5tt5BQOpwr0BV9oN,https://i.scdn.co/image/ab67616d00001e023eb8dc748f7efb1470f74395
2026-03-14,my,Malaysia,115,12,Just the Way You Are,Bruno Mars,0du5cEVh5yTK9QJze8zA0C,7BqBn9nzAq8spo5e7cZ0dJ,https://i.scdn.co/image/ab67616d00001e027039c1c841fc3dfa2ad8a0d8
2026-03-14,my,Malaysia,116,45,Pok Pek Raya,De Fam,4m8URcWW3beNdxt4DnihgK,3U0PCY8mQEmMdvel0fXydj,https://i.scdn.co/image/ab67616d00001e02b5ef89f7e00c5eaf19cc2683
2026-03-14,my,Malaysia,117,82,Sepasang Kurung Biru,Khairil Johari Johar,5zwOFEgl0YcJG2RXJTwFdS,3sGn74bHO14lznKAftyJID,https://i.scdn.co/image/ab67616d00001e02e77d7ecd5ca6c4fbe6502bef
2026-03-14,my,Malaysia,118,4,Reminisensi,Insomniacks,3uSnvyMAFJTm7XkZJFo0xP,0TRKtVvsVmOkXCvnq5AgNE,https://i.scdn.co/image/ab67616d00001e02fa18e23520c6e919b7fc6a24
2026-03-14,my,Malaysia,119,Re-Entry,Takkan Pergi,Hyper Act,0zo8fkOQyrawuBfIhy99jb,4RpBCmAFDHmUGGrYKMySQI,https://i.scdn.co/image/ab67616d00001e024dcff9cef4f883ddb2f1940c
2026-03-14,my,Malaysia,120,20,NOT CUTE ANYMORE,ILLIT,36cgvBn0aadzOijnjjwqMN,1k0JAiH11gHL9dc5dfQjQr,https://i.scdn.co/image/ab67616d00001e023d09075f6c7fabe9a7234cb3
2026-03-14,my,Malaysia,121,3,Nanti Kita Seperti Ini,Batas Senja,4AhHkaGz7W2bKKJK90IaV2,3y8RcMPYG22fRnrOi4oFJ1,https://i.scdn.co/image/ab67616d00001e02c6092bd9b2579479e5fa9891
2026-03-14,my,Malaysia,122,14,Seven (feat. Latto) (Explicit Ver.),Jung Kook; Latto,6HaGTQPmzraVmaVxvz6EUc; 3MdXrJWsbVzdn6fe5JYkSQ,2HRgqmZQC0MC7GeNuDIXHN,https://i.scdn.co/image/ab67616d00001e02741fd4807f442af3f7359316
2026-03-14,my,Malaysia,123,25,EEEE A,dia,6WgjNWwGACXaBy7NZripBu,4h07ne6Xf5AaCIGkrgNq1i,https://i.scdn.co/image/ab67616d00001e02bc6ee0a7c05af5d905d9a7ac
2026-03-14,my,Malaysia,124,7,Payphone,Maroon 5; Wiz Khalifa,04gDigrS5kc9YWfZHwBETP; 137W8MRPWKqSmrBGDBFSop,1XGmzt0PVuFgQYYnV2It7A,https://i.scdn.co/image/ab67616d00001e02fc8633e22a7dba6aab817bff
2026-03-14,my,Malaysia,125,–,Sedetik Lebih,Anuar Zain,4jseSNWUg2haVIdUZS8R1a,0wU81ztD9Phud7dVlJXvcx,https://i.scdn.co/image/ab67616d00001e024da77847bb09fb285ad3c482
2026-03-14,my,Malaysia,126,7,Dan...,Sheila On 7,6q87vizIEdEN4NvlR6mjfT,1MdjZzEInrmDBXf8zs0nKS,https://i.scdn.co/image/ab67616d00001e0254270208627aa8061a8abe21
2026-03-14,my,Malaysia,127,20,Bawa Dia Kembali,Mahalini,3wOsYKZM0zcKNasi3I7fP4,25M9piWxSsq0xLcjQW5yz6,https://i.scdn.co/image/ab67616d00001e026f713eb92ebf7ca05a562542
2026-03-14,my,Malaysia,128,13,Berkunjung Di Hari Raya,Aina Abdul,48FNCGA8dKjcsfTO3TMcAV,12duuWI4EyHX3htcBur7Zi,https://i.scdn.co/image/ab67616d00001e0240e85ec988f774bb0d1b1eb8
2026-03-14,my,Malaysia,129,Re-Entry,Let Me Love You,DJ Snake; Justin Bieber,540vIaP2JwjQb9dm3aArA4; 1uNFoZAHBGtllmzznpCI3s,0lYBSQXN6rCTvUZvg9S0lU,https://i.scdn.co/image/ab67616d00001e02212d776c31027c511f0ee3bc
2026-03-14,my,Malaysia,130,43,Harapan,Hyper Act,0zo8fkOQyrawuBfIhy99jb,6NexU0n0t8nlczyeoAfIwA,https://i.scdn.co/image/ab67616d00001e02fa7c08cb17a4e1288465ad19
2026-03-14,my,Malaysia,131,2,Kepuraanmu,Luqman Faiz,2ZhUfT19cZKRi7sayQcEZH,5tNfSGN2zQ6y3E5pl5Wggy,https://i.scdn.co/image/ab67616d00001e02efdcbd8345ac34c3d21e0a14
2026-03-14,my,Malaysia,132,16,Attention,Charlie Puth,6VuMaDnrHyPL1p4EHjYLi7,5cF0dROlMOK5uNZtivgu50,https://i.scdn.co/image/ab67616d00001e02897f73256b9128a9d70eaf66
2026-03-14,my,Malaysia,133,13,Bersyukur Seadanya,Hael Husaini,1FIUUafdGtfqLIP8pmPymL,5Jqrn0JiV1vA5FAwgEioD3,https://i.scdn.co/image/ab67616d00001e027a11072828de36fba285e3b8
2026-03-14,my,Malaysia,134,10,Bersabarlah Sayang,Sanisah Huri,57uWnv67tvDbc2QIXt1L62,460DbFlJM33MPBPBJ31ZfD,https://i.scdn.co/image/ab67616d00001e02121a22f55e21c6ad3f774021
2026-03-14,my,Malaysia,135,8,Kasih Tau Mama (Malam Minggu),Rombongan Bodonk Koplo,4lMaxyOo5D7cOWzv2wiRZs,3egqzae8XAs7VXIb1ikB4I,https://i.scdn.co/image/ab67616d00001e02e7b989cb06b6ba8efec00c04
2026-03-14,my,Malaysia,136,32,Opalite,Taylor Swift,06HL4z0CvFAxyc27GXpf02,3yWuTOYDztXjZxdE2cIRUa,https://i.scdn.co/image/ab67616d00001e02d7812467811a7da6e6a44902
2026-03-14,my,Malaysia,137,39,Biarkanlah,Drama Band,5NWfEZx5XGbVCAQTjhSxlR,0TbxuF4pkOZBfdBipPorYQ,https://i.scdn.co/image/ab67616d00001e02956f6207e1817d7a7b9c7365
2026-03-14,my,Malaysia,138,3,The One That Got Away,Katy Perry,6jJ0s89eD6GaHleKKya26X,6hkOqJ5mE093AQf2lbZnsG,https://i.scdn.co/image/ab67616d00001e021d955011a3ed477dc77865ad
2026-03-14,my,Malaysia,139,31,Bukan Ku Tak Sudi,Iklim,6JC3uifC84pTUZssGSnBD5,5TQ67TxfxEiAl58Vmtx5ew,https://i.scdn.co/image/ab67616d00001e0289bc3d2926d8903688d805dd
2026-03-14,my,Malaysia,140,14,Di Matamu,Sufian Suhaimi,6KEEEdAqmCL7PYOrjZCnEa,5jAqkM00R41cm1Y2T0mGzb,https://i.scdn.co/image/ab67616d00001e02df738f0f699dc72745e937fc
2026-03-14,my,Malaysia,141,28,SLOW DANCING IN THE DARK,Joji,3MZsBdqDrRTJihTHQrO6Dq,6rY5FAWxCdAGllYEOZMbjW,https://i.scdn.co/image/ab67616d00001e024cc52cd7a712842234e4fce2
2026-03-14,my,Malaysia,142,27,Rumah Ke Rumah,Hindia,51kyrUsAVqUBcoDEMFkX12,2wAiFWjRupWmnDkQcu91MF,https://i.scdn.co/image/ab67616d00001e02d623688488865906052ef96b
2026-03-14,my,Malaysia,143,11,Menjaga Jodoh Orang Lain,Ara Johari,0xuL8l2qakTAyURbZb1gtc,2CneKWpjKErzqZhHID0avV,https://i.scdn.co/image/ab67616d00001e0201c8234d472a85cc65702dd7
2026-03-14,my,Malaysia,144,2,Nothin' on You (feat. Bruno Mars),B.o.B; Bruno Mars,5ndkK3dpZLKtBklKjxNQwT; 0du5cEVh5yTK9QJze8zA0C,59dLtGBS26x7kc0rHbaPrq,https://i.scdn.co/image/ab67616d00001e02caa23612279c2d059a0d3a82
2026-03-14,my,Malaysia,145,5,Sempurna,Andra & The Backbone,4ucwey7FxkHXkLK7jSfevU,2UgCs0i0rNHUH2jKE5NZHE,https://i.scdn.co/image/ab67616d00001e020df7dec70511dd4f2e69dc34
2026-03-14,my,Malaysia,146,5,Nobody Gets Me,SZA,7tYKF4w9nC0nq9CsPZTHyP,5Y35SjAfXjjG0sFQ3KOxmm,https://i.scdn.co/image/ab67616d00001e02bc18bdade69ec5ef0bb25b17
2026-03-14,my,Malaysia,147,41,Here With Me,d4vd,5y8tKLUfMvliMe8IKamR32,0dS2u2UFd88TIzDDaZDLvS,https://i.scdn.co/image/ab67616d00001e02e5ff1941799cd30cb2aa072b
2026-03-14,my,Malaysia,148,5,About You,The 1975,3mIj9lX2MWuHmhNCA7LSCW,3hEfpBHxgieRLz4t3kLNEg,https://i.scdn.co/image/ab67616d00001e0200702474f8e0e2b6155d48e3
2026-03-14,my,Malaysia,149,Re-Entry,Confident,Justin Bieber; Chance the Rapper,1uNFoZAHBGtllmzznpCI3s; 1anyVhU62p31KFi8MEzkbf,6czM6UMQD9qE5GAUp68oud,https://i.scdn.co/image/ab67616d00001e0258ae8fddecbd2630005409c9
2026-03-14,my,Malaysia,150,21,Pulanglah,Aishah,4YSKGMF40IgP6ouU5jbhnb,78MSBwceqOJ756bin6exzb,https://i.scdn.co/image/ab67616d00001e029b79caae08af7793797e1525
2026-03-14,my,Malaysia,151,12,Romancinta,Mojo,1nxfzZDDm0a0msuLz0W4lx,5XCNHa4uhsI3zYdbVHZaGE,https://i.scdn.co/image/ab67616d00001e023f65b7a1a57401ae8f966c19
2026-03-14,my,Malaysia,152,53,Versace on the Floor,Bruno Mars,0du5cEVh5yTK9QJze8zA0C,0kN8xEmgMW9mh7UmDYHlJP,https://i.scdn.co/image/ab67616d00001e02232711f7d66a1e19e89e28c5
2026-03-14,my,Malaysia,153,24,Always,Daniel Caesar,20wkVLutqVOYrc0kxFs7rA,2LlOeW5rVcvl3QcPNPcDus,https://i.scdn.co/image/ab67616d00001e027c68face1dc58127f3a7b1cc
2026-03-14,my,Malaysia,154,20,Bintang,Budak Kacamata,4thhnp2dS6gYcYMUvEGqOw,6Oeukysi7qGU8sVYv6daur,https://i.scdn.co/image/ab67616d00001e02345afa81baafd76fe7d7107a
2026-03-14,my,Malaysia,155,17,Dracula (with JENNIE),Tame Impala; JENNIE,5INjqkS1o8h1imAzPqGZBb; 250b0Wlc5Vk0CoUsaCY84M,5yvVYFDUpbnjcnRBgjwTzM,https://i.scdn.co/image/ab67616d00001e02c7c031ce9d06b131f8563676
2026-03-14,my,Malaysia,156,Re-Entry,Perfect,Ed Sheeran,6eUKZXaKkcviH0Ku9w2n3V,0tgVpDi06FyKpA1z0VMD4v,https://i.scdn.co/image/ab67616d00001e02ba5db46f4b838ef6027e6f96
2026-03-14,my,Malaysia,157,1,Those Eyes,New West,69bG9tC62d8oTFC9aTTosn,2psRActEWsTlYYd7EDoyVR,https://i.scdn.co/image/ab67616d00001e02aacd27a096e6e59ff555b46c
2026-03-14,my,Malaysia,158,21,Man I Need,Olivia Dean,00x1fYSGhdqScXBRpSj3DW,1qbmS6ep2hbBRaEZFpn7BX,https://i.scdn.co/image/ab67616d00001e02e3d69e17dde129037a1f09e2
2026-03-14,my,Malaysia,159,23,Dendang Perantau,Tan Sri P. Ramlee,7vgBEzAtjH9f1IbbqeRnwi,528CbND0yjvLamijkYdrMH,https://i.scdn.co/image/ab67616d00001e0266982022be473485febca4c9
2026-03-14,my,Malaysia,160,Re-Entry,Mengenangmu,Kerispatih,73OtDyghUEJ9QfGtu1pkaJ,6l9L0ssWzD5XI1aJgVFpaS,https://i.scdn.co/image/ab67616d00001e024986516d6ce56f0d19cdc41d
2026-03-14,my,Malaysia,161,24,APT.,ROSÉ; Bruno Mars,3eVa5w3URK5duf6eyVDbu9; 0du5cEVh5yTK9QJze8zA0C,4wJ5Qq0jBN4ajy7ouZIV1c,https://i.scdn.co/image/ab67616d00001e027be65ce6672ed7e5aac6e966
2026-03-14,my,Malaysia,162,40,Cry,Cigarettes After Sex,1QAJqy2dA3ihHBFIHRphZj,3p4hRhMcb6ch8OLtATMaLw,https://i.scdn.co/image/ab67616d00001e028324db1ae37be249aed887e7
2026-03-14,my,Malaysia,163,39,Anugerah Terindah,Andmesh,6IDsZZ4IHgs9VblBgQQSmt,6gjkHuMOR0CrN7Vb2NoEdg,https://i.scdn.co/image/ab67616d00001e023b83fd19945daf89d7cbfc00
2026-03-14,my,Malaysia,164,19,Moonwalkin',LNGSHOT,2F4oTJOWkcD1JaTeKEa9h6,46V2ciN6F5bxjQWityNhkY,https://i.scdn.co/image/ab67616d00001e029ae175cd44e09688bb7c0f4f
2026-03-14,my,Malaysia,165,59,Champion,BLACKPINK,41MozSoPIsD1dJM0CLPjZF,43BJVWcBzHRIDaQCg7abnX,https://i.scdn.co/image/ab67616d00001e02d885644b72d5254dd621dc45
2026-03-14,my,Malaysia,166,36,everything u are,Hindia,51kyrUsAVqUBcoDEMFkX12,5WOSNVChcadlsCRiqXE45K,https://i.scdn.co/image/ab67616d00001e0205898628baab6ef07a0a4d03
2026-03-14,my,Malaysia,167,41,Anugerah Aidilfitri,Dato' Sri Siti Nurhaliza,5d0bxRte3J74ZXyEGRL8uU,4fzk2lXjCick6qsXIZ0KWv,https://i.scdn.co/image/ab67616d00001e0206d31a00c4a01a6dfd571ff3
2026-03-14,my,Malaysia,168,Re-Entry,"All The Stars (with SZA) - From ""Black Panther: The Album""",Kendrick Lamar; SZA,2YZyLoL8N0Wb9xBt1NhZWg; 7tYKF4w9nC0nq9CsPZTHyP,3GCdLUSnKSMJhs4Tj6CV3s,https://i.scdn.co/image/ab67616d00001e02c027ad28821777b00dcaa888
2026-03-14,my,Malaysia,169,30,Hari Raya,IamNeeta; Najwa Latif; Mimie Haris; Deanna Hussin,6g7i9qhTwxhEuxNUhU1mCg; 5uuA00QFo3PFnc16RVZwwt; 4K49jbUZ1mf1vaA6S88YOk; 4Du4XSeOI3UEIhy7Jx96dB,10uaVIBFN0Xur2eaSc3nNm,https://i.scdn.co/image/ab67616d00001e02a86ababad5cf630f3bbdcf11
2026-03-14,my,Malaysia,170,25,Kembali Pulang,Suara Kayu; Feby Putri,327ipGIr9bD3MkLb2eucqC; 66NmU5epI0ONGmdCRbLpmW,6xeqCawPZngDVqw2W2aGaR,https://i.scdn.co/image/ab67616d00001e020fa7d0f0589cf5cf7c9300fd
2026-03-14,my,Malaysia,171,5,JUMP,BLACKPINK,41MozSoPIsD1dJM0CLPjZF,5H1sKFMzDeMtXwND3V6hRY,https://i.scdn.co/image/ab67616d00001e026224d1236b0e0a0e1586efbb
2026-03-14,my,Malaysia,172,Re-Entry,Closer,The Chainsmokers; Halsey,69GGBxA162lTqCwzJG5jLp; 26VFTg2z8YR0cCuwLzESi2,7BKLCZ1jbUBVqRi2FVlTVw,https://i.scdn.co/image/ab67616d00001e02495ce6da9aeb159e94eaa453
2026-03-14,my,Malaysia,173,13,Die For You,The Weeknd,1Xyo4u8uXC1ZmMpatF05PJ,2LBqCSwhJGcFQeTHMVGwy3,https://i.scdn.co/image/ab67616d00001e02a048415db06a5b6fa7ec4e1a
2026-03-14,my,Malaysia,174,Re-Entry,Iris,The Goo Goo Dolls,2sil8z5kiy4r76CRTXxBCA,6Qyc6fS4DsZjB2mRW9DsQs,https://i.scdn.co/image/ab67616d00001e02eda9478c39a21e1cdc6609ca
2026-03-14,my,Malaysia,175,Re-Entry,Yellow,Coldplay,4gzpq5DPGxSnKTe4SA8HAU,3AJwUDP919kvQ9QcozQPxg,https://i.scdn.co/image/ab67616d00001e029164bafe9aaa168d93f4816a
2026-03-14,my,Malaysia,176,Re-Entry,Selimut Tetangga,Repvblik,7tohsn2AQCjic6ktgTbhU4,2IEyBxyv3xWaSCSWi5w2re,https://i.scdn.co/image/ab67616d00001e02dcb3d7e0ce48901646170cb3
2026-03-14,my,Malaysia,177,9,Andainya Takdir,Anuar Zain,4jseSNWUg2haVIdUZS8R1a,6BHipP6z0SEES9KbhTUxr1,https://i.scdn.co/image/ab67616d00001e022cf2707600254da7f02b8166
2026-03-14,my,Malaysia,178,55,number one girl,ROSÉ,3eVa5w3URK5duf6eyVDbu9,1lcBt7LoEikqYmhUoa2cez,https://i.scdn.co/image/ab67616d00001e027be65ce6672ed7e5aac6e966
2026-03-14,my,Malaysia,179,Re-Entry,Manchild,Sabrina Carpenter,74KM79TiuVKeVCqs8QtB0B,2BwO5K8Q7EPAJSGze3AAh9,https://i.scdn.co/image/ab67616d00001e02b1863bf95557ea7f357c4947
2026-03-14,my,Malaysia,180,Re-Entry,Somewhere Only We Know,Keane,53A0W3U0s8diEn9RhXQhVz,0ll8uFnc0nANY35E0Lfxvg,https://i.scdn.co/image/ab67616d00001e027d6cd95a046a3c0dacbc7d33
2026-03-14,my,Malaysia,181,43,luther (with sza),Kendrick Lamar; SZA,2YZyLoL8N0Wb9xBt1NhZWg; 7tYKF4w9nC0nq9CsPZTHyP,2CGNAOSuO1MEFCbBRgUzjd,https://i.scdn.co/image/ab67616d00001e027e5e269471fe4a43a42e2f15
2026-03-14,my,Malaysia,182,14,Bila Hari Raya Menjelma,Dato' Sri Siti Nurhaliza,5d0bxRte3J74ZXyEGRL8uU,2Abh3TNjvVW7OsKYDwQpiP,https://i.scdn.co/image/ab67616d00001e0206d31a00c4a01a6dfd571ff3
2026-03-14,my,Malaysia,183,18,Sofea Jane,Black,37KElXv2uiEQIAyatQIPqw,2MZ0RuMzefjx9W0SSI5JcJ,https://i.scdn.co/image/ab67616d00001e02b6aef14d966febe241720519
2026-03-14,my,Malaysia,184,Re-Entry,Eenie Meenie,Sean Kingston; Justin Bieber,6S0dmVVn4udvppDhZIWxCr; 1uNFoZAHBGtllmzznpCI3s,4vVTI94F9uJ8lHNDWKv0i2,https://i.scdn.co/image/ab67616d00001e024dea4c1cdf30c359dbaec318
2026-03-14,my,Malaysia,185,5,Multo,Cup of Joe,61nn6nOoLWjVC1ER2qFAvN,5tlb0AxuzsMWL2GtEppXGX,https://i.scdn.co/image/ab67616d00001e0285a7fd707d00e5d255807add
2026-03-14,my,Malaysia,186,Re-Entry,From The Start,Laufey,7gW0r5CkdEUMm42w9XpyZO,43iIQbw5hx986dUEZbr3eN,https://i.scdn.co/image/ab67616d00001e0274c732f8aa0e0ccbb3d17d96
2026-03-14,my,Malaysia,187,Re-Entry,Terakhir,Sufian Suhaimi,6KEEEdAqmCL7PYOrjZCnEa,4LeP389CNcbrQX8ZECZlPw,https://i.scdn.co/image/ab67616d00001e023d5d2fb9ce449eb563ace97a
2026-03-14,my,Malaysia,188,31,Alamak,Rizky Febian; Adrian Khalif,28DdkLhrzQNizZ0ExQpyku; 6X28gNASnalAWseUA8uI4X,1vkwlZncsYqFukl2Q7M6Fe,https://i.scdn.co/image/ab67616d00001e0201b9750a33d771645d7f043a
2026-03-14,my,Malaysia,189,27,Never Let Go,LNGSHOT,2F4oTJOWkcD1JaTeKEa9h6,37xebnhvUyM8VyyDDeo65d,https://i.scdn.co/image/ab67616d00001e029ae175cd44e09688bb7c0f4f
2026-03-14,my,Malaysia,190,8,Kill Bill,SZA,7tYKF4w9nC0nq9CsPZTHyP,1Qrg8KqiBpW07V7PNxwwwL,https://i.scdn.co/image/ab67616d00001e02c5276ed6cb0287df8d9be07f
2026-03-14,my,Malaysia,191,42,Kita Usahakan Lagi,Batas Senja,4AhHkaGz7W2bKKJK90IaV2,1wfbqUSPWbnPjkiBA9UmoF,https://i.scdn.co/image/ab67616d00001e02246e30c4bef2c5336465aca7
2026-03-14,my,Malaysia,192,37,"Pavazha Malli - From ""Think Indie""",Sai Abhyankkar; Shruti Haasan; Vivek,5jJrJU7VVmxQQLcLAmmxXc; 06vOoTzj6cIac9FMbNXz9h; 25Pa1Vz1ZuTHmXPiYeMcgx,4yur1GSBfuS1VADyUYocqd,https://i.scdn.co/image/ab67616d00001e02f5f2a6705dfe3c2fe11028c8
2026-03-14,my,Malaysia,193,2,一半一半,Top Barry; INDEcompany,3CSQfCUHVB3sZBfUfdWuph; 3bFdBTYErmHlLmdRZZxffh,21x0N6lu6D9kO8rVtTU3mH,https://i.scdn.co/image/ab67616d00001e02b581842eaf194382c21a30da
2026-03-14,my,Malaysia,194,Re-Entry,Selamat Hari Raya,Fazidah Joned,2o6qbelGsoA3HmW02e7tND,7vCNi9mpNQCB8BPsja8U76,https://i.scdn.co/image/ab67616d00001e022f266a1e2b441678a2681c7c
2026-03-14,my,Malaysia,195,5,Calon Mantu Idaman (feat. Ncum),Rombongan Bodonk Koplo; Ncum,4lMaxyOo5D7cOWzv2wiRZs; 7J6fZ8wiC84JWju54ZmD65,5EWyweCJ5igLl6bjbGRmGm,https://i.scdn.co/image/ab67616d00001e02f1c5d43869a5d3699f7a9b4b
2026-03-14,my,Malaysia,196,Re-Entry,Nostalgia Aidilfitri,Datuk Sharifah Aini,0EAfDSxGzS4bal72IMoHHQ,2NTay1SiXWWGPhX8J1pEqt,https://i.scdn.co/image/ab67616d00001e02f0bf5b4dedddfea35c4b6426
2026-03-14,my,Malaysia,197,10,Dalam Diam,Zynakal; Zamir Harith; Mojack Hafiz; Bel Janni,3Cs5QQYz6pMhbEKaBNCtfi; 053dJUug3KoJGNH4q2B1Vu; 6b7Sx8k12iNt7JGHURdR3E; 5l7c6Bfkb3sHeDOOojVqvB,2eGp0zNLHCMaCltJ7fKdZ8,https://i.scdn.co/image/ab67616d00001e0205c17d7889e1bc8158f200d6
2026-03-14,my,Malaysia,198,21,Dan Bila Esok,Sofaz,4EWTiE61XKSdCi3DwW8fee,1xMeSSPoaUivQJqOdH5r12,https://i.scdn.co/image/ab67616d00001e020f0fa33950e98919923aca79
2026-03-14,my,Malaysia,199,10,Suara Lebaran Kita,Hael Husaini; DOLLA,1FIUUafdGtfqLIP8pmPymL; 3SRXsr6dPMvVGSSpccDWjO,6oFpHmJ7kVwGlCJgdPZbdx,https://i.scdn.co/image/ab67616d00001e02d2bc97694a3c88849ebdac77
2026-03-14,my,Malaysia,200,Re-Entry,Car's Outside,James Arthur,4IWBUUAFIplrNtaOHcJPRM,0otRX6Z89qKkHkQ9OqJpKt,https://i.scdn.co/image/ab67616d00001e02f740f5f279648d0a1147e6a6
2026-03-14,global,Global,1,–,Stateside + Zara Larsson,PinkPantheress; Zara Larsson,78rUTD7y6Cy67W1RVzYs7t; 1Xylc3o4UrD53lo9CvFvVg,1DwscornXpj8fmOmYVlqZt,https://i.scdn.co/image/ab67616d00001e02684ecc5bc1b724d0106ad694
2026-03-14,global,Global,2,1,Babydoll,Dominic Fike,6USv9qhCn6zfxlBQIYJ9qs,7yNf9YjeO5JXUE3JEBgnYc,https://i.scdn.co/image/ab67616d00001e027b1b6f41c1645af9757d5616
2026-03-14,global,Global,3,2,DtMF,Bad Bunny,4q3ewBCX7sLwd24euuV69X,3sK8wGT43QFpWrvNQsrQya,https://i.scdn.co/image/ab67616d00001e02bbd45c8d36e0e045ef640411
2026-03-14,global,Global,4,2,Risk It All,Bruno Mars,0du5cEVh5yTK9QJze8zA0C,5y2ijHECwFYWqcAHKTZgzD,https://i.scdn.co/image/ab67616d00001e023eb8dc748f7efb1470f74395
2026-03-14,global,Global,5,2,Man I Need,Olivia Dean,00x1fYSGhdqScXBRpSj3DW,1qbmS6ep2hbBRaEZFpn7BX,https://i.scdn.co/image/ab67616d00001e02e3d69e17dde129037a1f09e2
2026-03-14,global,Global,6,–,End of Beginning,Djo,5p9HO3XC5P3BLxJs5Mtrhm,3qhlB30KknSejmIvZZLjOD,https://i.scdn.co/image/ab67616d00001e02fddfffec51b4580acae727c1
2026-03-14,global,Global,7,3,American Girls,Harry Styles,6KImCVD70vtIoJWnq6nGn3,7gtG45ieyQzKtNKobfLd49,https://i.scdn.co/image/ab67616d00001e0274959140f550b11049c18a38
2026-03-14,global,Global,8,–,The Fate of Ophelia,Taylor Swift,06HL4z0CvFAxyc27GXpf02,53iuhJlwXhSER5J2IYYv1W,https://i.scdn.co/image/ab67616d00001e02d7812467811a7da6e6a44902
2026-03-14,global,Global,9,–,So Easy (To Fall In Love),Olivia Dean,00x1fYSGhdqScXBRpSj3DW,6sGIMrtIzQjdzNndVxe397,https://i.scdn.co/image/ab67616d00001e029a336bfb6d40bbd90a507417
2026-03-14,global,Global,10,1,back to friends,sombr,4G9NDjRyZFDlJKMRL8hx3S,7qjZnBKE73H4Oxkopwulqe,https://i.scdn.co/image/ab67616d00001e024229702de91cb3d3a4383302
2026-03-14,global,Global,11,1,Raindance (feat. Tems),Dave; Tems,6Ip8FS7vWT1uKkJSweANQK; 687cZJR45JO7jhk1LHIbgq,3oTuTpF1F3A7rEC6RKsMRz,https://i.scdn.co/image/ab67616d00001e02fecaa7826bb0cbe139a8cb83
2026-03-14,global,Global,12,–,BAILE INoLVIDABLE,Bad Bunny,4q3ewBCX7sLwd24euuV69X,2lTm559tuIvatlT1u0JYG2,https://i.scdn.co/image/ab67616d00001e02bbd45c8d36e0e045ef640411
2026-03-14,global,Global,13,–,NUEVAYoL,Bad Bunny,4q3ewBCX7sLwd24euuV69X,5TFD2bmFKGhoCRbX61nXY5,https://i.scdn.co/image/ab67616d00001e02bbd45c8d36e0e045ef640411
2026-03-14,global,Global,14,5,Golden,HUNTR/X; EJAE; AUDREY NUNA; REI AMI; KPop Demon Hunters Cast,2yNNYQBChuox9A5Ka93BIn; 0RMJOzHDhAKY1o2j0W0vxY; 0Wwji82sLA0Hcvtuak3omb; 6U1dV7aL68N7Gb0Naq34V5; 7mW7Tv7NvywKKXqafZo0Lc,1CPZ5BxNNd0n0nF4Orb9JS,https://i.scdn.co/image/ab67616d00001e024dcb6c5df15cf74596ab25a4
2026-03-14,global,Global,15,3,Lush Life,Zara Larsson,1Xylc3o4UrD53lo9CvFvVg,1rIKgCH4H52lrvDcz50hS8,https://i.scdn.co/image/ab67616d00001e02401bf6103d4b7f5230a21582
2026-03-14,global,Global,16,2,WHERE IS MY HUSBAND!,RAYE,5KKpBU5eC2tJDzf0wmlRp2,55lijDD6OAjLFFUHU9tcDm,https://i.scdn.co/image/ab67616d00001e026ac3c7938191585c53c8180d
2026-03-14,global,Global,17,2,Ordinary,Alex Warren,0fTSzq9jAh4c36UVb4V7CB,2RkZ5LkEzeHGRsmDqKwmaJ,https://i.scdn.co/image/ab67616d00001e028d18d73bbfc8985d52865edf
2026-03-14,global,Global,18,1,I Just Might,Bruno Mars,0du5cEVh5yTK9QJze8zA0C,6f68Ac5tt5BQOpwr0BV9oN,https://i.scdn.co/image/ab67616d00001e023eb8dc748f7efb1470f74395
2026-03-14,global,Global,19,5,Iris,The Goo Goo Dolls,2sil8z5kiy4r76CRTXxBCA,6Qyc6fS4DsZjB2mRW9DsQs,https://i.scdn.co/image/ab67616d00001e02eda9478c39a21e1cdc6609ca
2026-03-14,global,Global,20,4,iloveitiloveitiloveit,Bella Kay,4Z8MrrKMBHMPa8d04Ivur8,5IMpnpD0tQVcqWlVIgtAtV,https://i.scdn.co/image/ab67616d00001e02e74e15fe75e80ea69f38a680
2026-03-14,global,Global,21,1,Tití Me Preguntó,Bad Bunny,4q3ewBCX7sLwd24euuV69X,1IHWl5LamUGEuP4ozKQSXZ,https://i.scdn.co/image/ab67616d00001e0249d694203245f241a1bcaa72
2026-03-14,global,Global,22,3,EoO,Bad Bunny,4q3ewBCX7sLwd24euuV69X,6J5kc12BW5HuP3d7C3vvx8,https://i.scdn.co/image/ab67616d00001e02bbd45c8d36e0e045ef640411
2026-03-14,global,Global,23,–,Die With A Smile,Lady Gaga; Bruno Mars,1HY2Jd0NmPuamShAr6KMms; 0du5cEVh5yTK9QJze8zA0C,7so0lgd0zP2Sbgs2d7a1SZ,https://i.scdn.co/image/ab67616d00001e02b0860cf0a98e09663c82290c
2026-03-14,global,Global,24,3,Die On This Hill,SIENNA SPIRO,02gSuSAWEdWa5UOvqzjX6v,2gYTC8DsplN3RNdpdBcCOQ,https://i.scdn.co/image/ab67616d00001e020901e50bfaff4351a29f462b
2026-03-14,global,Global,25,6,Every Breath You Take,The Police,5NGO30tJxFlKixkPSgXcFE,1JSTJqkT5qHq8MDJnJbRE1,https://i.scdn.co/image/ab67616d00001e02c8e97cafeb2acb85b21a777e
2026-03-14,global,Global,26,–,Love Me Not,Ravyn Lenae,5RTLRtXjbXI2lSXc6jxlAz,4WFgvKVfEhb3IUAFGrutTR,https://i.scdn.co/image/ab67616d00001e020e62daaea2c7b94053e1c142
2026-03-14,global,Global,27,2,BIRDS OF A FEATHER,Billie Eilish,6qqNVTkY8uBg9cP3Jd7DAH,6dOtVTDdiauQNBQEDOtlAB,https://i.scdn.co/image/ab67616d00001e0271d62ea7ea8a5be92d3c1f62
2026-03-14,global,Global,28,8,Sweater Weather,The Neighbourhood,77SW9BnxLY8rJ0RciFqkHh,0cQVqPuHQP4KEwc7ZUQmj6,https://i.scdn.co/image/ab67616d00001e028265a736a1eb838ad5a0b921
2026-03-14,global,Global,29,11,Manchild,Sabrina Carpenter,74KM79TiuVKeVCqs8QtB0B,2BwO5K8Q7EPAJSGze3AAh9,https://i.scdn.co/image/ab67616d00001e02b1863bf95557ea7f357c4947
2026-03-14,global,Global,30,4,12 to 12,sombr,4G9NDjRyZFDlJKMRL8hx3S,05od2qm2MTSKCHxy1GBp5W,https://i.scdn.co/image/ab67616d00001e024229702de91cb3d3a4383302
2026-03-14,global,Global,31,1,Sailor Song,Gigi Perez,1iCnM8foFssWlPRLfAbIwo,21IYMdzTrzSe191Cy5eMap,https://i.scdn.co/image/ab67616d00001e0249c26270052e1671add569c1
2026-03-14,global,Global,32,6,I Thought I Saw Your Face Today,She & Him,3CIRif6ZAedT7kZSPvj2A4,0myRViRgmQ3J8izICXEAVO,https://i.scdn.co/image/ab67616d00001e02a47c6d8a934b4833c0916cc9
2026-03-14,global,Global,33,3,Aperture,Harry Styles,6KImCVD70vtIoJWnq6nGn3,1sA1DhT0bLyeICf8NalPS7,https://i.scdn.co/image/ab67616d00001e0274959140f550b11049c18a38
2026-03-14,global,Global,34,7,Taste Back,Harry Styles,6KImCVD70vtIoJWnq6nGn3,3xClevycpBON8bkyxFbAna,https://i.scdn.co/image/ab67616d00001e0274959140f550b11049c18a38
2026-03-14,global,Global,35,6,(When You Gonna) Give It Up to Me - Radio Version,Sean Paul; Keyshia Cole,3Isy6kedDrgPYoTS1dazA9; 1vfezMIyCr4XUdYRaKIKi3,5nEdwtSv0qqeE0l4o1lR4q,https://i.scdn.co/image/ab67616d00001e02a539563b3d77bd3ba17d016e
2026-03-14,global,Global,36,1,Homewrecker,sombr,4G9NDjRyZFDlJKMRL8hx3S,7tICCrK3CcyRFKza7yrR0z,https://i.scdn.co/image/ab67616d00001e029a8d41dca4c7d0ef23d76dd7
2026-03-14,global,Global,37,13,Mr. Brightside,The Killers,0C0XlULifJtAgn6ZNCW2eu,003vvx7Niy0yvhvHt4a68B,https://i.scdn.co/image/ab67616d00001e02ccdddd46119a4ff53eaf1f5d
2026-03-14,global,Global,38,1,Locked out of Heaven,Bruno Mars,0du5cEVh5yTK9QJze8zA0C,5g7sDjBhZ4I3gcFIpkrLuI,https://i.scdn.co/image/ab67616d00001e02926f43e7cce571e62720fd46
2026-03-14,global,Global,39,11,Coming Up Roses,Harry Styles,6KImCVD70vtIoJWnq6nGn3,0QPdjsMOUhwouq1NS3HwfQ,https://i.scdn.co/image/ab67616d00001e0274959140f550b11049c18a38
2026-03-14,global,Global,40,2,One Dance,Drake; Wizkid; Kyla,3TVXtAsR1Inumwj472S9r4; 3tVQdUvClmAT7URs9V3rsp; 6TK7fjRPdy2GW2pJzNF23L,1zi7xx7UVEFkmKfv06H8x0,https://i.scdn.co/image/ab67616d00001e029416ed64daf84936d89e671c
2026-03-14,global,Global,41,4,White Keys,Dominic Fike,6USv9qhCn6zfxlBQIYJ9qs,5ViLKrbyL3HD6wsq3AB9eI,https://i.scdn.co/image/ab67616d00001e023696096119ef08824cf85ede
2026-03-14,global,Global,42,3,Opalite,Taylor Swift,06HL4z0CvFAxyc27GXpf02,3yWuTOYDztXjZxdE2cIRUa,https://i.scdn.co/image/ab67616d00001e02d7812467811a7da6e6a44902
2026-03-14,global,Global,43,5,Choosin' Texas,Ella Langley,6BRxQ8cD3eqnrVj6WKDok8,65DbTqJKhbwqYbZ1Okr0rc,https://i.scdn.co/image/ab67616d00001e0290958927fbba47a62c3e63f8
2026-03-14,global,Global,44,7,Cuando No Era Cantante - Remix,El Bogueto; Anuel AA; Fuerza Regida; Yung Beef,3S9Hg7sRKhmtWunFZ2yAYP; 2R21vXR83lH98kGeO99Y66; 0ys2OFYzWYB5hRDLCsBqxt; 1rTUwYS38LkQTlT2fhikch,2pbSCYzxrG0wa6qcj8IyiE,https://i.scdn.co/image/ab67616d00001e0276ca2bb969e79a911090df63
2026-03-14,global,Global,45,15,VOY A LLeVARTE PA PR,Bad Bunny,4q3ewBCX7sLwd24euuV69X,59D4DOkspUbWyMmbAPQkxZ,https://i.scdn.co/image/ab67616d00001e02bbd45c8d36e0e045ef640411
2026-03-14,global,Global,46,9,Bairan,Banjaare,7IbxsPdlYelceWNyHAor55,0RsH8g8DxdYZgdGcod5I36,https://i.scdn.co/image/ab67616d00001e02cdce9a38222807fa703b4396
2026-03-14,global,Global,47,3,Creep,Radiohead,4Z8W4fKeB5YxbusRsdQVPb,70LcF31zb1H0PyJoS1Sx1r,https://i.scdn.co/image/ab67616d00001e02ec548c00d3ac2f10be73366d
2026-03-14,global,Global,48,11,Beautiful Things,Benson Boone,22wbnEMDvgVIAGdFeek6ET,3xkHsmpQCBMytMJNiDf3Ii,https://i.scdn.co/image/ab67616d00001e02831949037a1db10b87b005fa
2026-03-14,global,Global,49,8,I Wanna Be Yours,Arctic Monkeys,7Ln80lUS6He07XvHI8qqHH,5XeFesFbtLpXzIVDNQP22n,https://i.scdn.co/image/ab67616d00001e024ae1c4c5c45aabe565499163
2026-03-14,global,Global,50,17,"Ready, Steady, Go!",Harry Styles,6KImCVD70vtIoJWnq6nGn3,0i4qKfuKJ3juUsEwnJAxk3,https://i.scdn.co/image/ab67616d00001e0274959140f550b11049c18a38
2026-03-14,global,Global,51,14,No Broke Boys,Disco Lines; Tinashe,5Kmr0b3ip8g9P2i0dLTC3Z; 0NIIxcxNHmOoyBx03SfTCD,3cZajhyr8LmtPfHZ9296tj,https://i.scdn.co/image/ab67616d00001e02699b0363dda94e1f1e32eef5
2026-03-14,global,Global,52,26,Gabriela,KATSEYE,3c0gDdb9lhnHGFtP4prQpn,1xOqGUkyxGQRdCvGpvWKmL,https://i.scdn.co/image/ab67616d00001e02f8d4d00ffe09373efb13ce29
2026-03-14,global,Global,53,14,Espresso,Sabrina Carpenter,74KM79TiuVKeVCqs8QtB0B,2HRqTpkrJO5ggZyyK6NPWz,https://i.scdn.co/image/ab67616d00001e02fd8d7a8d96871e791cb1f626
2026-03-14,global,Global,54,12,dopamina,Peso Pluma; Tito Double P,12GqGscKJx3aE4t07u7eVZ; 5eumcnUkdmGvkvcsx1WFNG,3e32UUqXzrI4g2y5kNZrwC,https://i.scdn.co/image/ab67616d00001e02a9e6a250ea86a8f387873ef9
2026-03-14,global,Global,55,13,Yellow,Coldplay,4gzpq5DPGxSnKTe4SA8HAU,3AJwUDP919kvQ9QcozQPxg,https://i.scdn.co/image/ab67616d00001e029164bafe9aaa168d93f4816a
2026-03-14,global,Global,56,10,WILDFLOWER,Billie Eilish,6qqNVTkY8uBg9cP3Jd7DAH,3QaPy1KgI7nu9FJEQUgn6h,https://i.scdn.co/image/ab67616d00001e0271d62ea7ea8a5be92d3c1f62
2026-03-14,global,Global,57,4,That's What I Like,Bruno Mars,0du5cEVh5yTK9QJze8zA0C,0KKkJNfGyhkQ5aFogxQAPU,https://i.scdn.co/image/ab67616d00001e02232711f7d66a1e19e89e28c5
2026-03-14,global,Global,58,5,Feel Good Inc.,Gorillaz; De La Soul,3AA28KZvwAUcZuOKwyblJQ; 1Z8ODXyhEBi3WynYw0Rya6,0d28khcov6AiegSCpG5TuT,https://i.scdn.co/image/ab67616d00001e02622aefd794f6fe4d8e714358
2026-03-14,global,Global,59,16,FEVER DREAM,Alex Warren,0fTSzq9jAh4c36UVb4V7CB,7ogpGbKc4Io6NCU6ydxXwZ,https://i.scdn.co/image/ab67616d00001e02867f5a2310b84cf508f9764b
2026-03-14,global,Global,60,8,"One Of The Girls (with JENNIE, Lily Rose Depp)",The Weeknd; JENNIE; Lily-Rose Depp,1Xyo4u8uXC1ZmMpatF05PJ; 250b0Wlc5Vk0CoUsaCY84M; 1pBLC0qVRTB5zVMuteQ9jJ,7CyPwkp0oE8Ro9Dd5CUDjW,https://i.scdn.co/image/ab67616d00001e02b0dd6a5cd1dec96c4119c262
2026-03-14,global,Global,61,1,Dracula (with JENNIE),Tame Impala; JENNIE,5INjqkS1o8h1imAzPqGZBb; 250b0Wlc5Vk0CoUsaCY84M,5yvVYFDUpbnjcnRBgjwTzM,https://i.scdn.co/image/ab67616d00001e02c7c031ce9d06b131f8563676
2026-03-14,global,Global,62,42,Porch Light,Noah Kahan,2RQXRUsr4IW1f3mKyKsy4B,0AV4GhGeGCVJphsMTxDWdE,https://i.scdn.co/image/ab67616d00001e029053118f64c1871ed8cd4da4
2026-03-14,global,Global,63,6,As It Was,Harry Styles,6KImCVD70vtIoJWnq6nGn3,4Dvkj6JhhA12EX05fT7y2e,https://i.scdn.co/image/ab67616d00001e0282ce362511fb3d9dda6578ee
2026-03-14,global,Global,64,8,Starboy,The Weeknd; Daft Punk,1Xyo4u8uXC1ZmMpatF05PJ; 4tZwfgrHOc3mvqYlEYSvVi,7MXVkk9YMctZqd1Srtv4MB,https://i.scdn.co/image/ab67616d00001e024718e2b124f79258be7bc452
2026-03-14,global,Global,65,7,E85,Don Toliver,4Gso3d4CscCijv0lmajZWs,3B4cjvGlPvyBLNG3AzEgkZ,https://i.scdn.co/image/ab67616d00001e0225c28f3c9fbdbab1a88dd619
2026-03-14,global,Global,66,2,LA CANCIÓN,J Balvin; Bad Bunny,1vyhD5VmyZ7KMfW5gqLgo5; 4q3ewBCX7sLwd24euuV69X,0fea68AdmYNygeTGI4RC18,https://i.scdn.co/image/ab67616d00001e024891d9b25d8919448388f3bb
2026-03-14,global,Global,67,7,Dreams - 2004 Remaster,Fleetwood Mac,08GQAI4eElDnROBrJRGE0X,0ofHAoxe9vBkTCp2UQIavz,https://i.scdn.co/image/ab67616d00001e02e52a59a28efa4773dd2bfe1b
2026-03-14,global,Global,68,13,Riptide,Vance Joy,10exVja0key0uqUkk6LJRT,2uXlHCUbq9OMUwx3hrk06o,https://i.scdn.co/image/ab67616d00001e0205d081cbdc2f67d37a364d63
2026-03-14,global,Global,69,22,Qué Pasaría...,Rauw Alejandro; Bad Bunny,1mcTU81TzQhprhouKaTkpq; 4q3ewBCX7sLwd24euuV69X,0l0vcZMU7AOeQmUIREoI2U,https://i.scdn.co/image/ab67616d00001e02a6224f2f93c0ab4b2e01b44b
2026-03-14,global,Global,70,15,Danza Kuduro - Version MTO,Lucenzo; Don Omar,5bv5RplEOwdCvhq0EILh9E; 33ScadVnbm2X8kkUqOkC6Z,2a1o6ZejUi8U3wzzOtCOYw,https://i.scdn.co/image/ab67616d00001e02dd6b19d30e8b2531c625fbc4
2026-03-14,global,Global,71,19,APT.,ROSÉ; Bruno Mars,3eVa5w3URK5duf6eyVDbu9; 0du5cEVh5yTK9QJze8zA0C,4wJ5Qq0jBN4ajy7ouZIV1c,https://i.scdn.co/image/ab67616d00001e027be65ce6672ed7e5aac6e966
2026-03-14,global,Global,72,3,In the End,Linkin Park,6XyY86QOPPrYVGvF9ch6wz,60a0Rd6pjrkxjPbaKzXjfq,https://i.scdn.co/image/ab67616d00001e02e2f039481babe23658fc719a
2026-03-14,global,Global,73,16,Billie Jean,Michael Jackson,3fMbdgg4jU18AjLCKBhRSm,7J1uxwnxfQLu4APicE5Rnj,https://i.scdn.co/image/ab67616d00001e0232a7d87248d1b75463483df5
2026-03-14,global,Global,74,14,LA VILLA,Ryan Castro; Kapo; Gangsta,7j6DKwmjbxvpQO8h914uEz; 3UTF2no3muGdiFXVujl94i; 5ayJu41CsIbLfnMldF6bj3,2ZyrAym0sRLwt4PhGotHuI,https://i.scdn.co/image/ab67616d00001e024f0b5d2c8e5f6b86fcd73ca9
2026-03-14,global,Global,75,46,Viva La Vida,Coldplay,4gzpq5DPGxSnKTe4SA8HAU,1mea3bSkSGXuIRvnydlB5b,https://i.scdn.co/image/ab67616d00001e02e21cc1db05580b6f2d2a3b6e
2026-03-14,global,Global,76,3,daño,Peso Pluma; Tito Double P,12GqGscKJx3aE4t07u7eVZ; 5eumcnUkdmGvkvcsx1WFNG,136BeIIoBGrrU9fI1jbcDR,https://i.scdn.co/image/ab67616d00001e02a9e6a250ea86a8f387873ef9
2026-03-14,global,Global,77,15,Cuando No Era Cantante,El Bogueto; Yung Beef,3S9Hg7sRKhmtWunFZ2yAYP; 1rTUwYS38LkQTlT2fhikch,6N2iccqxRInhTLHc2Fu3W0,https://i.scdn.co/image/ab67616d00001e02842ff43668299304d6f021b2
2026-03-14,global,Global,78,29,Pop,Harry Styles,6KImCVD70vtIoJWnq6nGn3,028i7HBfp8uE5epmx5ieMA,https://i.scdn.co/image/ab67616d00001e0274959140f550b11049c18a38
2026-03-14,global,Global,79,7,"All The Stars (with SZA) - From ""Black Panther: The Album""",Kendrick Lamar; SZA,2YZyLoL8N0Wb9xBt1NhZWg; 7tYKF4w9nC0nq9CsPZTHyP,3GCdLUSnKSMJhs4Tj6CV3s,https://i.scdn.co/image/ab67616d00001e02c027ad28821777b00dcaa888
2026-03-14,global,Global,80,4,Lose Control,Teddy Swims,33qOK5uJ8AR2xuQQAhHump,17phhZDn6oGtzMe56NuWvj,https://i.scdn.co/image/ab67616d00001e02ebea8d4457c4db5b2088f287
2026-03-14,global,Global,81,5,Rein Me In (with Olivia Dean),Sam Fender; Olivia Dean,6zlR5ttMfMNmwf2lecU9Cc; 00x1fYSGhdqScXBRpSj3DW,0MUXBhPUDF8or0kfQ0EHwV,https://i.scdn.co/image/ab67616d00001e0270722c52a53ef4a56f0c2eb0
2026-03-14,global,Global,82,9,505,Arctic Monkeys,7Ln80lUS6He07XvHI8qqHH,58ge6dfP91o9oXMzq3XkIS,https://i.scdn.co/image/ab67616d00001e02b1f8da74f225fa1225cdface
2026-03-14,global,Global,83,29,Are You Listening Yet?,Harry Styles,6KImCVD70vtIoJWnq6nGn3,7s7v5EoNLD6TwDu4Nw51Oy,https://i.scdn.co/image/ab67616d00001e0274959140f550b11049c18a38
2026-03-14,global,Global,84,21,Let Me Love You,DJ Snake; Justin Bieber,540vIaP2JwjQb9dm3aArA4; 1uNFoZAHBGtllmzznpCI3s,0lYBSQXN6rCTvUZvg9S0lU,https://i.scdn.co/image/ab67616d00001e02212d776c31027c511f0ee3bc
2026-03-14,global,Global,85,8,Just the Way You Are,Bruno Mars,0du5cEVh5yTK9QJze8zA0C,7BqBn9nzAq8spo5e7cZ0dJ,https://i.scdn.co/image/ab67616d00001e027039c1c841fc3dfa2ad8a0d8
2026-03-14,global,Global,86,40,Shape of You,Ed Sheeran,6eUKZXaKkcviH0Ku9w2n3V,7qiZfU4dY1lWllzX7mPBI3,https://i.scdn.co/image/ab67616d00001e02ba5db46f4b838ef6027e6f96
2026-03-14,global,Global,87,15,Dracula,Tame Impala,5INjqkS1o8h1imAzPqGZBb,1NXbNEAcPvY5G1xvfN57aA,https://i.scdn.co/image/ab67616d00001e02208500450dcd0fd294d7bd3b
2026-03-14,global,Global,88,8,La Plena - W Sound 05,W Sound; Beéle; Ovy On The Drums,5uwa6tAMMfNbBFIHiI6NV4; 7a0XAaPaK2aDSqa8p3QnC7; 3m5qlPf2OkihLz3dRYnkPA,6iOndD4OFo7GkaDypWQIou,https://i.scdn.co/image/ab67616d00001e02c0353d023daf5ebda0eb003b
2026-03-14,global,Global,89,10,Pvta Luna,Neton Vega,6pV5zH2LzjOUHaAvENdMMa,33MeEaRCeIQMSRyFTr5ZJU,https://i.scdn.co/image/ab67616d00001e020c3ba1d7cd1468c7e5a2ddda
2026-03-14,global,Global,90,8,undressed,sombr,4G9NDjRyZFDlJKMRL8hx3S,0TFTAtCYhp2tQ9KcJIZb55,https://i.scdn.co/image/ab67616d00001e024229702de91cb3d3a4383302
2026-03-14,global,Global,91,22,Todo Lo Fue,Lenin Ramírez,3hTffafUYLLgO4yuPAxb5U,0Sa8aRfGckW0qUGLrBwoBG,https://i.scdn.co/image/ab67616d00001e0234fc9cf3365e3e9d5f86ffe3
2026-03-14,global,Global,92,41,Si Antes Te Hubiera Conocido,KAROL G,790FomKkXshlbRYZFtlgla,73scB4Q4fcOmnsBVZPmk32,https://i.scdn.co/image/ab67616d00001e026c0294796e2ee5cf87a47b5f
2026-03-14,global,Global,93,13,Bahagia Lagi,Piche Kota,5zAYPlhV1TirCul0R4NKGM,5tZaKZPJtiHh6teQfVEHB5,https://i.scdn.co/image/ab67616d00001e025bd00b369e89c5cbc74d827b
2026-03-14,global,Global,94,–,Bring Me To Life,Evanescence,5nGIFgo0shDenQYSE0Sn7c,0COqiPhxzoWICwFCS4eZcp,https://i.scdn.co/image/ab67616d00001e0225f49ab23f0ec6332efef432
2026-03-14,global,Global,95,8,Ya Borracho,Herencia De Grandes,0ocHleb3SllGNQQcDH35Xz,4NyUIohBa3CEMGcXURYSOh,https://i.scdn.co/image/ab67616d00001e02595c866ba8d19bd9dd531bdc
2026-03-14,global,Global,96,9,We Are The People,Empire Of The Sun,67hb7towEyKvt5Z8Bx306c,3zEN0ii6s4DHHBpnTp3RP7,https://i.scdn.co/image/ab67616d00001e02f3aa0e6ca22a382007f61e4d
2026-03-14,global,Global,97,12,Give Me Everything (feat. Nayer),Pitbull; AFROJACK; Ne-Yo; Nayer,0TnOYISbd1XYRBk9myaseg; 4D75GcNG95ebPtNvoNVXhz; 21E3waRsmPlU7jZsS13rcj; 1ruutHJcECI7cos2n5TqpO,4QNpBfC0zvjKqPJcyqBy9W,https://i.scdn.co/image/ab67616d00001e021dc7483a9fcfce54822a2f19
2026-03-14,global,Global,98,3,kota ini tak sama tanpamu,Nadhif Basalamah,6UgERnTHmjk3qXM9x5vzyO,13CwOTXUgBugeBByE9oIWb,https://i.scdn.co/image/ab67616d00001e02f3e3f888fbfcc916ecce50a9
2026-03-14,global,Global,99,9,VeLDÁ,Bad Bunny; Omar Courtz; Dei V,4q3ewBCX7sLwd24euuV69X; 3E12tRURRvPfHz0hAMCFYc; 2YRyPiW98bpkARAS4B3OQP,7d6yK8v8J484SWH5prIQiE,https://i.scdn.co/image/ab67616d00001e02bbd45c8d36e0e045ef640411
2026-03-14,global,Global,100,17,Who,Jimin,1oSPZhvZMIrWW5I41kPkkY,7tI8dRuH2Yc6RuoTjxo4dU,https://i.scdn.co/image/ab67616d00001e02f02c451189a709b9a952aaec
2026-03-14,global,Global,101,3,That’s So True,Gracie Abrams,4tuJ0bMpJh08umKkEXKUI5,7ne4VBA60CxGM75vw0EYad,https://i.scdn.co/image/ab67616d00001e021dac3694b3289cd903cb3acf
2026-03-14,global,Global,102,28,The Man Who Can't Be Moved,The Script,3AQRLZ9PuTAozP28Skbq8V,3nqqDo8CcCLke3ZoTgiOKf,https://i.scdn.co/image/ab67616d00001e02f33a9f529c12f79b116eb218
2026-03-14,global,Global,103,22,COQUETA,Fuerza Regida; Grupo Frontera,0ys2OFYzWYB5hRDLCsBqxt; 6XkjpgcEsYab502Vr1bBeW,1PREzVLuDT6PSE9sej4wnV,https://i.scdn.co/image/ab67616d00001e0204874856f3c501181d060128
2026-03-14,global,Global,104,16,Midnight Sun,Zara Larsson,1Xylc3o4UrD53lo9CvFvVg,1qRV1dKLOfH1s00b9J2LUQ,https://i.scdn.co/image/ab67616d00001e027657f9028ea8bb2c18dca99f
2026-03-14,global,Global,105,27,Marlboro Rojo,Fuerza Regida,0ys2OFYzWYB5hRDLCsBqxt,3hpm0fTeSqlhJbnqAgaLZs,https://i.scdn.co/image/ab67616d00001e02a2e90fbdec84b25e46573469
2026-03-14,global,Global,106,23,Blinding Lights,The Weeknd,1Xyo4u8uXC1ZmMpatF05PJ,0VjIjW4GlUZAMYd2vXMi3b,https://i.scdn.co/image/ab67616d00001e028863bc11d2aa12b54f5aeb36
2026-03-14,global,Global,107,9,Smells Like Teen Spirit,Nirvana,6olE6TJLqED3rqDCT0FyPh,0gucTLf7trAf37Ua1uAyAu,https://i.scdn.co/image/ab67616d00001e02fbc71c99f9c1296c56dd51b6
2026-03-14,global,Global,108,1,The Less I Know The Better,Tame Impala,5INjqkS1o8h1imAzPqGZBb,6K4t31amVTZDgR3sKmwUJJ,https://i.scdn.co/image/ab67616d00001e029e1cfc756886ac782e363d79
2026-03-14,global,Global,109,12,Sparks,Coldplay,4gzpq5DPGxSnKTe4SA8HAU,7D0RhFcb3CrfPuTJ0obrod,https://i.scdn.co/image/ab67616d00001e029164bafe9aaa168d93f4816a
2026-03-14,global,Global,110,2,"Good Luck, Babe!",Chappell Roan,7GlBOeep6PqTfFi59PTUUN,0WbMK4wrZ1wFSty9F7FCgu,https://i.scdn.co/image/ab67616d00001e0291b4bc7c88d91a42e0f3a8b7
2026-03-14,global,Global,111,6,Somewhere Only We Know,Keane,53A0W3U0s8diEn9RhXQhVz,0ll8uFnc0nANY35E0Lfxvg,https://i.scdn.co/image/ab67616d00001e027d6cd95a046a3c0dacbc7d33
2026-03-14,global,Global,112,11,See You Again (feat. Kali Uchis),"Tyler, The Creator; Kali Uchis",4V8LLVI7PbaPR0K2TGSxFF; 1U1el3k54VvEUzo3ybLPlM,7KA4W4McWYRpgf0fWsJZWB,https://i.scdn.co/image/ab67616d00001e028940ac99f49e44f59e6f7fb3
2026-03-14,global,Global,113,28,Have You Ever Seen The Rain,Creedence Clearwater Revival,3IYUhFvPQItj6xySrBmZkd,2LawezPeJhN4AWuSB0GtAU,https://i.scdn.co/image/ab67616d00001e0251f311c2fb06ad2789e3ff91
2026-03-14,global,Global,114,20,Don't Stop The Music,Rihanna,5pKCCKE2ajJHZ9KAiaK11H,1Jo0Zg7XlrA6z0mFTZVdkn,https://i.scdn.co/image/ab67616d00001e02f9f27162ab1ed45b8d7a7e98
2026-03-14,global,Global,115,29,no tiene sentido,Beéle,7a0XAaPaK2aDSqa8p3QnC7,1HEwEN64NjgTaHmo7LfkX8,https://i.scdn.co/image/ab67616d00001e022feb67a486bcf117e7fb15b0
2026-03-14,global,Global,116,15,Timeless (feat Playboi Carti),The Weeknd; Playboi Carti,1Xyo4u8uXC1ZmMpatF05PJ; 699OTQXzgjhIYAHMy9RyPD,0FIDCNYYjNvPVimz5icugS,https://i.scdn.co/image/ab67616d00001e02de79f330bc297af3fae736da
2026-03-14,global,Global,117,46,Dance No More,Harry Styles,6KImCVD70vtIoJWnq6nGn3,0VV0AMmgLBUhzuFedr3F3e,https://i.scdn.co/image/ab67616d00001e0274959140f550b11049c18a38
2026-03-14,global,Global,118,9,Numb,Linkin Park,6XyY86QOPPrYVGvF9ch6wz,2nLtzopw4rPReszdYBJU6h,https://i.scdn.co/image/ab67616d00001e025f1f51d14e8bea89484ecd1b
2026-03-14,global,Global,119,9,7-3,Peso Pluma; Tito Double P,12GqGscKJx3aE4t07u7eVZ; 5eumcnUkdmGvkvcsx1WFNG,4lzo6zPM2paqyP8oBp3DOs,https://i.scdn.co/image/ab67616d00001e02a9e6a250ea86a8f387873ef9
2026-03-14,global,Global,120,50,The Waiting Game,Harry Styles,6KImCVD70vtIoJWnq6nGn3,0tV6LXuVzJR4yifqwQuNwN,https://i.scdn.co/image/ab67616d00001e0274959140f550b11049c18a38
2026-03-14,global,Global,121,33,Africa,TOTO,0PFtn5NtBbbUNbU9EAmIWF,2374M0fQpWi3dLnB54qaLX,https://i.scdn.co/image/ab67616d00001e02ebd6d20c0082524244ef83df
2026-03-14,global,Global,122,4,Who Knows,Daniel Caesar,20wkVLutqVOYrc0kxFs7rA,6DH13QYXK7lKkYHSU88N48,https://i.scdn.co/image/ab67616d00001e022bad6e56e77d5bef0aa3f2dc
2026-03-14,global,Global,123,1,When I Was Your Man,Bruno Mars,0du5cEVh5yTK9QJze8zA0C,0B7wvvmu9EISAwZnOpjhNI,https://i.scdn.co/image/ab67616d00001e02926f43e7cce571e62720fd46
2026-03-14,global,Global,124,45,Hips Don't Lie (feat. Wyclef Jean),Shakira; Wyclef Jean,0EmeFodog0BfCgMzAIvKQp; 7aBzpmFXB4WWpPl2F7RjBe,3d0WouFnFmr0K3kjeza3fF,https://i.scdn.co/image/ab67616d00001e0285432abc16fd92be0d435cb9
2026-03-14,global,Global,125,11,Nice To Each Other,Olivia Dean,00x1fYSGhdqScXBRpSj3DW,7gKxCvTDWwV9wBhdeBbr3l,https://i.scdn.co/image/ab67616d00001e02a9e75099d7065c71cc7ede72
2026-03-14,global,Global,126,17,Only Girl (In The World),Rihanna,5pKCCKE2ajJHZ9KAiaK11H,2ENexcMEMsYk0rVJigVD3i,https://i.scdn.co/image/ab67616d00001e0231548865f7c729290b96c794
2026-03-14,global,Global,127,16,Seven (feat. Latto) (Explicit Ver.),Jung Kook; Latto,6HaGTQPmzraVmaVxvz6EUc; 3MdXrJWsbVzdn6fe5JYkSQ,2HRgqmZQC0MC7GeNuDIXHN,https://i.scdn.co/image/ab67616d00001e02741fd4807f442af3f7359316
2026-03-14,global,Global,128,51,Carla's Song,Harry Styles,6KImCVD70vtIoJWnq6nGn3,3QuRLv8zkIYH31O5VgEpmo,https://i.scdn.co/image/ab67616d00001e0274959140f550b11049c18a38
2026-03-14,global,Global,129,19,Can't Hold Us (feat. Ray Dalton),Macklemore; Ryan Lewis; Macklemore & Ryan Lewis; Ray Dalton,3JhNCzhSMTxs9WLGJJxWOY; 5mZJerulcERBZV7xnhrVp1; 5BcAKTbp20cv7tC5VqPFoC; 4e0nWw2r4BoQSKPQ2zpU13,22skzmqfdWrjJylampe0kt,https://i.scdn.co/image/ab67616d00001e022a6b364528b128a4a17d100d
2026-03-14,global,Global,130,30,The Night We Met,Lord Huron,6ltzsmQQbmdoHHbLZ4ZN25,5yJaXWIErrrsjQ3J0eR5aK,https://i.scdn.co/image/ab67616d00001e02b4916183f769aca218acb85f
2026-03-14,global,Global,131,16,No One Noticed,The Marías,2sSGPbdZJkaSE2AbcGOACx,3siwsiaEoU4Kuuc9WKMUy5,https://i.scdn.co/image/ab67616d00001e028aa339341a0b0c813909c831
2026-03-14,global,Global,132,7,Fame is a Gun,Addison Rae,4gvjmrtzydbMpyJaXUtwvP,7B3BwNecBhKvNwSMOOl7Gk,https://i.scdn.co/image/ab67616d00001e02089511953028cbfeb095c593
2026-03-14,global,Global,133,27,Poker Face,Lady Gaga,1HY2Jd0NmPuamShAr6KMms,1QV6tiMFM6fSOKOGLMHYYg,https://i.scdn.co/image/ab67616d00001e02e691217483df8798445c82e2
2026-03-14,global,Global,134,20,Body,Don Toliver,4Gso3d4CscCijv0lmajZWs,0FlcmZ13DGRmscCroro9GO,https://i.scdn.co/image/ab67616d00001e0225c28f3c9fbdbab1a88dd619
2026-03-14,global,Global,135,30,Perfect,Ed Sheeran,6eUKZXaKkcviH0Ku9w2n3V,0tgVpDi06FyKpA1z0VMD4v,https://i.scdn.co/image/ab67616d00001e02ba5db46f4b838ef6027e6f96
2026-03-14,global,Global,136,14,Counting Stars,OneRepublic,5Pwc4xIPtQLFEnJriah9YJ,2tpWsVSb9UEmDRxAl1zhX1,https://i.scdn.co/image/ab67616d00001e029e2f95ae77cf436017ada9cb
2026-03-14,global,Global,137,26,Me Rehúso,Danny Ocean,5H1nN1SzW0qNeUEZvuXjAj,6ifUES3keWjwXgae8pXI3o,https://i.scdn.co/image/ab67616d00001e02d8243a13e6f41310a5fa7b96
2026-03-14,global,Global,138,4,CHANEL,Tyla,3SozjO3Lat463tQICI9LcE,4VxTzYm00mg82MuoT35Ja7,https://i.scdn.co/image/ab67616d00001e02c67cc9596a3252490933e2f9
2026-03-14,global,Global,139,11,Without Me,Eminem,7dGJo4pcD2V6oG8kP0tJRR,7lQ8MOhq6IN2w8EYcFNSUk,https://i.scdn.co/image/ab67616d00001e026ca5c90113b30c3c43ffb8f4
2026-03-14,global,Global,140,Re-Entry,Es un Secreto,Plan B,2jSGzJw0ebJLu7OLVSOcBP,3KZCP2StVGdWkOKyRZNWA4,https://i.scdn.co/image/ab67616d00001e022bf273f977582e8f890192fe
2026-03-14,global,Global,141,18,Promiscuous,Nelly Furtado; Timbaland,2jw70GZXlAI8QzWeY2bgRc; 5Y5TRrQiqgUO4S36tzjIRZ,2gam98EZKrF9XuOkU13ApN,https://i.scdn.co/image/ab67616d00001e02a6f439c8957170652f9410e2
2026-03-14,global,Global,142,7,Sweet Child O' Mine,Guns N' Roses,3qm84nBOXUEQ2vnTfUTTFC,7snQQk1zcKl8gZ92AnueZW,https://i.scdn.co/image/ab67616d00001e0221ebf49b3292c3f0f575f0f5
2026-03-14,global,Global,143,25,Gangsta's Paradise,Coolio; L.V.,3y24n3XhZ96wgwRXjvS17T; 2LhsePRtgCo4THVKULQBL7,1DIXPcTDzTj8ZMHt3PDt8p,https://i.scdn.co/image/ab67616d00001e027438996f6fe67c59d75d4e43
2026-03-14,global,Global,144,Re-Entry,Zoo,Disney; Shakira,3xvaSlT4xsyk6lY1ESOspO; 0EmeFodog0BfCgMzAIvKQp,3vJIaiTIHxHhYafTSPNiH4,https://i.scdn.co/image/ab67616d00001e02a6c1dcda006bbf12825b7f43
2026-03-14,global,Global,145,84,Don’t Say You Love Me,Jin,5vV3bFXnN6D6N3Nj4xRvaV,27xkOIER6uDLKALIelHylZ,https://i.scdn.co/image/ab67616d00001e0289228504f700641956e29f5d
2026-03-14,global,Global,146,31,Shut up My Moms Calling,Hotel Ugly,35WVTyRnKAoaGExqgktVyb,3hxIUxnT27p5WcmjGUXNwx,https://i.scdn.co/image/ab67616d00001e02350ab7a839c04bfd5225a9f5
2026-03-14,global,Global,147,34,Closer,The Chainsmokers; Halsey,69GGBxA162lTqCwzJG5jLp; 26VFTg2z8YR0cCuwLzESi2,7BKLCZ1jbUBVqRi2FVlTVw,https://i.scdn.co/image/ab67616d00001e02495ce6da9aeb159e94eaa453
2026-03-14,global,Global,148,26,Kiss It Better,Rihanna,5pKCCKE2ajJHZ9KAiaK11H,0UHB9METy4VCXNgkcGqHqS,https://i.scdn.co/image/ab67616d00001e026be9bac15995f089579074de
2026-03-14,global,Global,149,47,It Will Rain,Bruno Mars,0du5cEVh5yTK9QJze8zA0C,4rMNgxEwGWoPHIUcvB5BrB,https://i.scdn.co/image/ab67616d00001e02dec2e6bae5062b94fc4eeb84
2026-03-14,global,Global,150,6,Young And Beautiful,Lana Del Rey,00FQb4jTyendYWaN8pK0wa,2nMeu6UenVvwUktBCpLMK9,https://i.scdn.co/image/ab67616d00001e02d7fb3e4c63020039d1cff6b2
2026-03-14,global,Global,151,Re-Entry,Take on Me,a-ha,2jzc5TC5TVFLXQlBNiIUzE,04aigH9HRGebQZu1JAN6X1,https://i.scdn.co/image/ab67616d00001e02e8dd4db47e7177c63b0b7d53
2026-03-14,global,Global,152,72,Season 2 Weight Loss,Harry Styles,6KImCVD70vtIoJWnq6nGn3,6GteP2UCnpHRWSZTL63QHe,https://i.scdn.co/image/ab67616d00001e0274959140f550b11049c18a38
2026-03-14,global,Global,153,22,No Pole,Don Toliver,4Gso3d4CscCijv0lmajZWs,0eaVIYo2zeOaGJeqZ5TwYz,https://i.scdn.co/image/ab67616d00001e02307323fa550564b0201b1d76
2026-03-14,global,Global,154,17,Another Love,Tom Odell,2txHhyCwHjUEpJjWrEyqyX,7jtQIBanIiJOMS6RyCx6jZ,https://i.scdn.co/image/ab67616d00001e021917a0f3f4152622a040913f
2026-03-14,global,Global,155,36,Cinnamon Girl,Lana Del Rey,00FQb4jTyendYWaN8pK0wa,2mdEsXPu8ZmkHRRtAdC09e,https://i.scdn.co/image/ab67616d00001e02879e9318cb9f4e05ee552ac9
2026-03-14,global,Global,156,18,Sedia Aku Sebelum Hujan,Idgitaf,7pFWMC2E7h8eL3SZyHRsRq,64qfw9JZl3RYCrq4Mn0WvT,https://i.scdn.co/image/ab67616d00001e028dc8c573565969d55f9f3477
2026-03-14,global,Global,157,22,Something Just Like This,The Chainsmokers; Coldplay,69GGBxA162lTqCwzJG5jLp; 4gzpq5DPGxSnKTe4SA8HAU,6RUKPb4LETWmmr3iAEQktW,https://i.scdn.co/image/ab67616d00001e020c13d3d5a503c84fcc60ae94
2026-03-14,global,Global,158,30,Everybody Wants To Rule The World,Tears For Fears,4bthk9UfsYUYdcFyqxmSUU,2YiCMmONQcoMPX2bV1LxE0,https://i.scdn.co/image/ab67616d00001e025e12c35cb4c848a927ef4b69
2026-03-14,global,Global,159,7,Ada titik-titik di ujung doa,Sal Priadi,1NjxFrpEGZTV2Ny0OJxeWu,1E7zLPDdqo0OvzVmGj5aoV,https://i.scdn.co/image/ab67616d00001e02686acaaa87bfc6ebb42b3bd2
2026-03-14,global,Global,160,25,chiclona,Peso Pluma; Tito Double P; LENCHO,12GqGscKJx3aE4t07u7eVZ; 5eumcnUkdmGvkvcsx1WFNG; 34pmYm95tyjrnk8Cbj6nFo,5Q4HTsEGKanxOwL1nYCnhQ,https://i.scdn.co/image/ab67616d00001e028ff0dc6e03af2b4b83e9e274
2026-03-14,global,Global,161,10,Just Keep Watching (From F1® The Movie),Tate McRae; F1 The Album,45dkTj5sMRSjrmBSBeiHym; 3aly4xJOy3LVznzvRIvFYC,2yWlGEgEfPot0lv3OAjuG3,https://i.scdn.co/image/ab67616d00001e02a23d1b3449fb415346735a08
2026-03-14,global,Global,162,5,Unforgettable,French Montana; Swae Lee,6vXTefBL93Dj5IqAWq6OTv; 1zNqQNIdeOUZHb8zbZRFMX,3B54sVLJ402zGa6Xm4YGNe,https://i.scdn.co/image/ab67616d00001e028a31195a371b2233456f6c07
2026-03-14,global,Global,163,25,luther (with sza),Kendrick Lamar; SZA,2YZyLoL8N0Wb9xBt1NhZWg; 7tYKF4w9nC0nq9CsPZTHyP,2CGNAOSuO1MEFCbBRgUzjd,https://i.scdn.co/image/ab67616d00001e027e5e269471fe4a43a42e2f15
2026-03-14,global,Global,164,48,A Couple Minutes,Olivia Dean,00x1fYSGhdqScXBRpSj3DW,312z6PZ8wwREck8613PkJk,https://i.scdn.co/image/ab67616d00001e029a336bfb6d40bbd90a507417
2026-03-14,global,Global,165,Re-Entry,NO BATIDÃO,ZXKAI; slxughter,5tIkxADHN80ca0K6HCpWIt; 1M02J1PLobtQYok93DEvVa,7vg9noSnFEyPfwLiaCW4vi,https://i.scdn.co/image/ab67616d00001e027bff89cf90806ae22a6b72df
2026-03-14,global,Global,166,Re-Entry,TU VAS SIN (fav),Rels B,2IMZYfNi21MGqxopj9fWx8,6uiQ0DqbXTBc8tl0AUKZkR,https://i.scdn.co/image/ab67616d00001e020e409fad9527196e73e423ba
2026-03-14,global,Global,167,10,We Found Love,Rihanna; Calvin Harris,5pKCCKE2ajJHZ9KAiaK11H; 7CajNmpbOovFoOoasH2HaY,1zv3WFUbZ5vPxFq9I2jAU1,https://i.scdn.co/image/ab67616d00001e02bef074de9ca825bddaeb9f46
2026-03-14,global,Global,168,21,What You Saying,Lil Uzi Vert,4O15NlyKLIASxsJ0PrXPfz,7cjoZVmWe2xsGR4wcXiV2v,https://i.scdn.co/image/ab67616d00001e0222e541a121e1c2fee630dbf3
2026-03-14,global,Global,169,14,S&M,Rihanna,5pKCCKE2ajJHZ9KAiaK11H,7ySUcLPVX7KudhnmNcgY2D,https://i.scdn.co/image/ab67616d00001e0231548865f7c729290b96c794
2026-03-14,global,Global,170,22,like JENNIE,JENNIE,250b0Wlc5Vk0CoUsaCY84M,0fK7ie6XwGxQTIkpFoWkd1,https://i.scdn.co/image/ab67616d00001e02dcf27dec5e479b2e39c4c993
2026-03-14,global,Global,171,124,The Visitor,SIENNA SPIRO,02gSuSAWEdWa5UOvqzjX6v,36OpC3NK7kQzcOo8qiCHaA,https://i.scdn.co/image/ab67616d00001e02ef729e70c894394c1a4461fb
2026-03-14,global,Global,172,2,Payphone,Maroon 5; Wiz Khalifa,04gDigrS5kc9YWfZHwBETP; 137W8MRPWKqSmrBGDBFSop,1XGmzt0PVuFgQYYnV2It7A,https://i.scdn.co/image/ab67616d00001e02fc8633e22a7dba6aab817bff
2026-03-14,global,Global,173,Re-Entry,Breakin' Dishes,Rihanna,5pKCCKE2ajJHZ9KAiaK11H,5EcG8eMMlwkHRVa4aTR1qd,https://i.scdn.co/image/ab67616d00001e02f9f27162ab1ed45b8d7a7e98
2026-03-14,global,Global,174,2,From The Start,Laufey,7gW0r5CkdEUMm42w9XpyZO,43iIQbw5hx986dUEZbr3eN,https://i.scdn.co/image/ab67616d00001e0274c732f8aa0e0ccbb3d17d96
2026-03-14,global,Global,175,7,Sorry,Justin Bieber,1uNFoZAHBGtllmzznpCI3s,09CtPGIpYB4BrO8qb1RGsF,https://i.scdn.co/image/ab67616d00001e02f46b9d202509a8f7384b90de
2026-03-14,global,Global,176,15,The Scientist,Coldplay,4gzpq5DPGxSnKTe4SA8HAU,75JFxkI2RXiU7L9VXzMkle,https://i.scdn.co/image/ab67616d00001e02de09e02aa7febf30b7c02d82
2026-03-14,global,Global,177,13,TU SANCHO,Fuerza Regida,0ys2OFYzWYB5hRDLCsBqxt,6eLQXa6uk2EW8drsiKbABZ,https://i.scdn.co/image/ab67616d00001e02a2e90fbdec84b25e46573469
2026-03-14,global,Global,178,7,Style,Taylor Swift,06HL4z0CvFAxyc27GXpf02,0ug5NqcwcFR2xrfTkc7k8e,https://i.scdn.co/image/ab67616d00001e0252b2a3824413eefe9e33817a
2026-03-14,global,Global,179,27,Photograph,Ed Sheeran,6eUKZXaKkcviH0Ku9w2n3V,6fxVffaTuwjgEk5h9QyRjy,https://i.scdn.co/image/ab67616d00001e0213b3e37318a0c247b550bccd
2026-03-14,global,Global,180,14,Sheesha - Aakhya Mai Aakh Ghali Jo Bairan,Mitta Ror; Swara Verma,3qWCWW0lyHpnj6E1cYwtKV; 1p8AG9V0Y60vhvdYdRbxqn,412poAqbwD8OC0dYD1nBkV,https://i.scdn.co/image/ab67616d00001e02190b5b394a6fc5574ceea4da
2026-03-14,global,Global,181,Re-Entry,Cruel Summer,Taylor Swift,06HL4z0CvFAxyc27GXpf02,1BxfuPKGuaTgP7aM0Bbdwr,https://i.scdn.co/image/ab67616d00001e02e787cffec20aa2a396a61647
2026-03-14,global,Global,182,Re-Entry,Confident,Justin Bieber; Chance the Rapper,1uNFoZAHBGtllmzznpCI3s; 1anyVhU62p31KFi8MEzkbf,6czM6UMQD9qE5GAUp68oud,https://i.scdn.co/image/ab67616d00001e0258ae8fddecbd2630005409c9
2026-03-14,global,Global,183,5,The Chain - 2004 Remaster,Fleetwood Mac,08GQAI4eElDnROBrJRGE0X,5e9TFTbltYBg2xThimr0rU,https://i.scdn.co/image/ab67616d00001e02e52a59a28efa4773dd2bfe1b
2026-03-14,global,Global,184,Re-Entry,Unwritten,Natasha Bedingfield,7o95ZoZt5ZYn31e9z1Hc0a,3U5JVgI2x4rDyHGObzJfNf,https://i.scdn.co/image/ab67616d00001e02b337e1ca6629a53c66a3b0d4
2026-03-14,global,Global,185,Re-Entry,JETSKI,PEDRO SAMPAIO; MC Meno K; Melody,5wbf52LA6kcaboHSN6NEF1; 1CbQrKvCpEnekM3QMGJtXK; 7ySZCEP4HFGckYYPK5rqFI,3jhyw60F61gc7nC4dblqtC,https://i.scdn.co/image/ab67616d00001e02ff932c2dcd38600e7d097e09
2026-03-14,global,Global,186,Re-Entry,Last Friday Night (T.G.I.F.),Katy Perry,6jJ0s89eD6GaHleKKya26X,3avYqdwHKEq8beXbeWCKqJ,https://i.scdn.co/image/ab67616d00001e021d955011a3ed477dc77865ad
2026-03-14,global,Global,187,14,we can't be friends (wait for your love),Ariana Grande,66CXWjxzNUsdJxJ2JdwvnR,51ZQ1vr10ffzbwIjDCwqm4,https://i.scdn.co/image/ab67616d00001e028b58d20f1b77295730db15b4
2026-03-14,global,Global,188,Re-Entry,Sunflower - Spider-Man: Into the Spider-Verse,Post Malone; Swae Lee,246dkjvS1zLTtiykXe5h60; 1zNqQNIdeOUZHb8zbZRFMX,0RiRZpuVRbi7oqRdSMwhQY,https://i.scdn.co/image/ab67616d00001e029478c87599550dd73bfa7e02
2026-03-14,global,Global,189,5,Wonderwall - Remastered,Oasis,2DaxqgrOhkeH0fpeiQq2f4,5qqabIl2vWzo9ApSC317sa,https://i.scdn.co/image/ab67616d00001e0285e5dcc05cc216a10f141480
2026-03-14,global,Global,190,5,DAISIES,Justin Bieber,1uNFoZAHBGtllmzznpCI3s,5BZsQlgw21vDOAjoqkNgKb,https://i.scdn.co/image/ab67616d00001e02d65c4773bc5061fd27facc5b
2026-03-14,global,Global,191,Re-Entry,Highway to Hell,AC/DC,711MCceyCBcFnzjGY4Q7Un,2zYzyRzz6pRmhPzyfMEC8s,https://i.scdn.co/image/ab67616d00001e0243058ea096fa35ac33c43587
2026-03-14,global,Global,192,34,Apocalypse,Cigarettes After Sex,1QAJqy2dA3ihHBFIHRphZj,1oAwsWBovWRIp7qLMGPIet,https://i.scdn.co/image/ab67616d00001e02dfed999f959177dfc4f33cdc
2026-03-14,global,Global,193,Re-Entry,Sex on Fire,Kings of Leon,2qk9voo8llSGYcZ6xrBzKx,0ntQJM78wzOLVeCUAW7Y45,https://i.scdn.co/image/ab67616d00001e022519d01c0cca06f134eeadd8
2026-03-14,global,Global,194,48,Let Down,Radiohead,4Z8W4fKeB5YxbusRsdQVPb,2fuYa3Lx06QQJAm0MjztKr,https://i.scdn.co/image/ab67616d00001e02c8b444df094279e70d0ed856
2026-03-14,global,Global,195,8,KLOuFRENS,Bad Bunny,4q3ewBCX7sLwd24euuV69X,4MUrUT38U98olfnyzMBCzm,https://i.scdn.co/image/ab67616d00001e02bbd45c8d36e0e045ef640411
2026-03-14,global,Global,196,Re-Entry,2+2,Omar Camacho; Victor Mendivil,0rUu2qzqezBrCddX1RuUyJ; 5YqI7p8zYsOpKJtjxYdOce,2GP6UzoA55p6yYiPCGyEhg,https://i.scdn.co/image/ab67616d00001e0286626ffe26c2d2c68e8956b7
2026-03-14,global,Global,197,8,Can't Stop,Red Hot Chili Peppers,0L8ExT028jH3ddEcZwqJJ5,6ojiTSzyv2qPMWqyhUKAqz,https://i.scdn.co/image/ab67616d00001e02de1af2785a83cc660155a0c4
2026-03-14,global,Global,198,45,Come As You Are,Nirvana,6olE6TJLqED3rqDCT0FyPh,5AEOqLsRJFAoSS4ay4Jzao,https://i.scdn.co/image/ab67616d00001e02fbc71c99f9c1296c56dd51b6
2026-03-14,global,Global,199,6,Boys Don't Cry,The Cure,7bu3H8JO7d0UbMoVzbo70s,1QFh8OH1e78dGd3VyJZCAC,https://i.scdn.co/image/ab67616d00001e02145f62824c79efecf474081f
2026-03-14,global,Global,200,39,Flashing Lights,Kanye West; Dwele,5K4W6rqBFWDnAN6FQUkS6x; 7u6LfVyYpEzMpHLL7jTyvU,5TRPicyLGbAF2LGBFbHGvO,https://i.scdn.co/image/ab67616d00001e0226f7f19c7f0381e56156c94a
2026-03-14,th,Thailand,1,–,กลัวว่าฉันจะไม่เสียใจ (Fear),PURPEECH,3xlC7Dw0uiwprXDHCU9SAu,4ntIPuXf6DpvrZExXrn5QA,https://i.scdn.co/image/ab67616d00001e02d40ab8c072495fa960817cdd
2026-03-14,th,Thailand,2,–,ดาวตก (Wish) [feat. Z9],WANYAi; Z9,3yLZtAIGm6Eq4WSfnimZad; 4CuVt3p02OaWu4klQuJoDP,4YkPsxVBXkM4jBgMTAxtFz,https://i.scdn.co/image/ab67616d00001e02b82d5332a7a169def634827f
2026-03-14,th,Thailand,3,9,Sunset In Pattaya,YOUNGOHM,0AvGycOEDZTaBFLCaiGd9S,3xAsJQO4g5ZBUL6U6k5CzW,https://i.scdn.co/image/ab67616d00001e0289010986807175896f24855e
2026-03-14,th,Thailand,4,9,Seven (feat. Latto) (Explicit Ver.),Jung Kook; Latto,6HaGTQPmzraVmaVxvz6EUc; 3MdXrJWsbVzdn6fe5JYkSQ,2HRgqmZQC0MC7GeNuDIXHN,https://i.scdn.co/image/ab67616d00001e02741fd4807f442af3f7359316
2026-03-14,th,Thailand,5,1,ฝากให้เขารัก,Yes'sir Days,5fWMZzHHJQmCVt3W2ejVbV,198pPjDG0juHRjechZrWer,https://i.scdn.co/image/ab67616d00001e02b324274fba21a713c650259f
2026-03-14,th,Thailand,6,3,Benz ดำ,YOUNGOHM,0AvGycOEDZTaBFLCaiGd9S,3RPiQqgZbe4jFNMIZtGoaU,https://i.scdn.co/image/ab67616d00001e0289010986807175896f24855e
2026-03-14,th,Thailand,7,2,Who,Jimin,1oSPZhvZMIrWW5I41kPkkY,7tI8dRuH2Yc6RuoTjxo4dU,https://i.scdn.co/image/ab67616d00001e02f02c451189a709b9a952aaec
2026-03-14,th,Thailand,8,1,ใจฉันตามเธอไป,YOUNGOHM,0AvGycOEDZTaBFLCaiGd9S,75mFrseCKSI6Nz8WANXq90,https://i.scdn.co/image/ab67616d00001e0289010986807175896f24855e
2026-03-14,th,Thailand,9,2,อ๊ะป่าว?,The 38 Years Ago,2SA48aCaiOpXDVgoLQNWX8,38fifVNFjaZJqoI4ZSHSHN,https://i.scdn.co/image/ab67616d00001e0208c44ff0658a39aac6fdce73
2026-03-14,th,Thailand,10,2,รสชาติชีวิต,LITTLE JOHN,6IyHyMlpel4mF7hTldZu3m,3S16LqUZZibsrTeG59kH4M,https://i.scdn.co/image/ab67616d00001e02aed1ff567765206bba1a6b47
2026-03-14,th,Thailand,11,1,กลัวความเสียใจ,Saran; Pearpilincys,3moR9d0X97NAtZRhHWOta5; 3Htj1ew5zqwv3nJNNFfXxP,52ijTzD9HujnkPswlVPGrF,https://i.scdn.co/image/ab67616d00001e028cef18173b59380b5129b23c
2026-03-14,th,Thailand,12,2,Rain Zone,Maiyarap; Z9,4QLlbZcntdcWpm40NooC2M; 4CuVt3p02OaWu4klQuJoDP,7nSkSqb1WDtZ7hY2dVEvWY,https://i.scdn.co/image/ab67616d00001e0290518e881786f10df122a475
2026-03-14,th,Thailand,13,3,9 นาฬิกา,SPF,3ZUdKB3VGo26BxRSmnv5n2,1RIcNj56JKuH0WB9AyNARB,https://i.scdn.co/image/ab67616d00001e025fed9088f057bcec9ef9f25a
2026-03-14,th,Thailand,14,5,นครดารา,YOUNGOHM,0AvGycOEDZTaBFLCaiGd9S,1x0rPOZKfNKkfWETw4nB6K,https://i.scdn.co/image/ab67616d00001e0289010986807175896f24855e
2026-03-14,th,Thailand,15,9,จากกันโดยสมบูรณ์,guncharlie,1qveov8f3HXFhDIWtFO5tG,7LSUaVDiEO3W6Fp67yKumm,https://i.scdn.co/image/ab67616d00001e02afbae55931618ecd661b6db0
2026-03-14,th,Thailand,16,2,รู้ตัวอีกที,Sexski; 2T FLOW,6QeYcD1n2YcWygCScfLhRE; 1ymRpNPlxJRVT00kmJk8AZ,7kiPXq1mQ8yakcIYmqrw6t,https://i.scdn.co/image/ab67616d00001e02ee931143f33a710ca40c3236
2026-03-14,th,Thailand,17,2,บทสรุปสุดท้าย,Z9,4CuVt3p02OaWu4klQuJoDP,0gpFtSxhDc1gC7kYJ927fJ,https://i.scdn.co/image/ab67616d00001e0205c3fb79c77c600a45e9c992
2026-03-14,th,Thailand,18,2,ที่คั่นหนังสือ (Sometimes),BOWKYLION; NONT TANONT,2SWWw5uB9cO5m7zJQZqwmr; 6chmC6o0wvACYVGTITw3Pz,6vn8nzgxByxZDKLmIKYAkn,https://i.scdn.co/image/ab67616d00001e0293078ffbe895d3504ccd9881
2026-03-14,th,Thailand,19,3,กรุงเทพมหานคร,YOUNGOHM,0AvGycOEDZTaBFLCaiGd9S,4sQjVDas1lw04lj3NGsoDC,https://i.scdn.co/image/ab67616d00001e0289010986807175896f24855e
2026-03-14,th,Thailand,20,3,Don’t Say You Love Me,Jin,5vV3bFXnN6D6N3Nj4xRvaV,27xkOIER6uDLKALIelHylZ,https://i.scdn.co/image/ab67616d00001e0289228504f700641956e29f5d
2026-03-14,th,Thailand,21,9,BU,SURIYA MQT; P6ICK,47VCMoQZJ0SycPle77t12P; 52IxFzldfmZmsLcF078dnY,3X5Kco6l9HuvtO9CLCtzzq,https://i.scdn.co/image/ab67616d00001e02b397057eefe809f360993648
2026-03-14,th,Thailand,22,3,ไม่บอกเธอ,Bedroom Audio,5NTMa7YJCseQqw70zgF7b5,7F9ptErLnyt0r4Q0azfqDG,https://i.scdn.co/image/ab67616d00001e02420440a036c4a1a64e7eb421
2026-03-14,th,Thailand,23,4,ดอกกระเจียวบาน,Kong Huayrai,0QStHUbJoIoaNtvHVaBMGK,2GwkhYxTMUNoA82crG078s,https://i.scdn.co/image/ab67616d00001e02f0fc33a46575da3a6a9d3547
2026-03-14,th,Thailand,24,4,เจิดจรัส,YOUNGOHM,0AvGycOEDZTaBFLCaiGd9S,756CfCm14O6NqBUld3CWv3,https://i.scdn.co/image/ab67616d00001e0289010986807175896f24855e
2026-03-14,th,Thailand,25,7,ที่ผ่านมาขอบใจจริงๆ,LITTLE JOHN,6IyHyMlpel4mF7hTldZu3m,0Vx23Np7HAjaQIttqOAUPR,https://i.scdn.co/image/ab67616d00001e02bc3afa6710dd166b457c5502
2026-03-14,th,Thailand,26,7,1 OF 1,P6ICK; SURIYA MQT,52IxFzldfmZmsLcF078dnY; 47VCMoQZJ0SycPle77t12P,7wEWayecQuw6YBcWZLukM0,https://i.scdn.co/image/ab67616d00001e029dbce78cb31f5ef5ebfd4250
2026-03-14,th,Thailand,27,7,ความทรงจำ,Musketeers,0OjRa6r1EIPF5RZPy1SGz9,24VfUtHxbkCrscWC00toom,https://i.scdn.co/image/ab67616d00001e02b0f744fa9ec23266c747a606
2026-03-14,th,Thailand,28,8,ที่เดิม,PUN,6HEMZkIMQAPnd36iLsUlTx,4KZRjuldIGTS7AQUPbUvbs,https://i.scdn.co/image/ab67616d00001e02cc05ec584ca006c1a29e54f0
2026-03-14,th,Thailand,29,2,Living Death,PUN,6HEMZkIMQAPnd36iLsUlTx,0ze2gwpSfT2leQALslUXId,https://i.scdn.co/image/ab67616d00001e02fa0eba8392217e6b1d061791
2026-03-14,th,Thailand,30,7,เพลงรัก,Three Man Down,1qAOsY7jv9GFTv4HoVof5P,35wMKn5IxX8DYnCuyIEdQq,https://i.scdn.co/image/ab67616d00001e02b665b01883c990a870e2a99c
2026-03-14,th,Thailand,31,12,ซาโยนาระ,Mild,2fLbT474RKQfdWHLw8Bf0G,1MkgN3lRBf5mXbxY6CWU9s,https://i.scdn.co/image/ab67616d00001e028e104724f24489a06887b626
2026-03-14,th,Thailand,32,3,อยากจะกอดเธอนาน ๆ (HAVE A GOOD TIME),BLVCKHEART,3Ld1g6LjfR2ILDB6SD8aJV,63oA4hG0SqvsUFfaEhgqVX,https://i.scdn.co/image/ab67616d00001e02dc679b969c81ebc604b1e7da
2026-03-14,th,Thailand,33,14,Yours Ever (feat. Q Flure),Cocktail; Q Flure,6JrR3zrG0NQiXb9N9XSyGb; 2F8QVTDDHb8n0cwR9ftxFs,5W2IYA5Su42XiI90GDdscj,https://i.scdn.co/image/ab67616d00001e02a85ceab01b0f0a26275d2893
2026-03-14,th,Thailand,34,10,One Of My Life,BLVCKHEART; K6Y,3Ld1g6LjfR2ILDB6SD8aJV; 0QxCgzdTynqgvj1OWRllYt,6Mm77XGJld1QxvKyMrYbFj,https://i.scdn.co/image/ab67616d00001e024574863ddb40a0a5c9941ed1
2026-03-14,th,Thailand,35,6,ไฟเย็น,YOUNGOHM,0AvGycOEDZTaBFLCaiGd9S,4ZU069vAYkr7soRzdzNdjF,https://i.scdn.co/image/ab67616d00001e028c8ef01ec2df170143555605
2026-03-14,th,Thailand,36,1,รออยู่อย่างนั้น,Saran; Z9; SIMON,3moR9d0X97NAtZRhHWOta5; 4CuVt3p02OaWu4klQuJoDP; 6gL6AwaRQKqK9VGBqi5zDo,24wXz2WuaF02y0mrKNPMsN,https://i.scdn.co/image/ab67616d00001e02f36dd862442eeb4f2eb53223
2026-03-14,th,Thailand,37,11,เรื่องราวความรักในตำนาน,YOUNGOHM; GAVIN:D,0AvGycOEDZTaBFLCaiGd9S; 6gYafDbRgLFc6zFKxKCP22,4JVHa8eTUOEN0zS1zrA2j5,https://i.scdn.co/image/ab67616d00001e028c8ef01ec2df170143555605
2026-03-14,th,Thailand,38,14,สมดุลรัก (Balance),SEA.; Sexski,0uu4cmaCJaaVOiUHQUG2ZC; 6QeYcD1n2YcWygCScfLhRE,2luYdyxKSSxuC3cSW8N6A0,https://i.scdn.co/image/ab67616d00001e020da22efb6e8336eefd57e979
2026-03-14,th,Thailand,39,18,Rockstar,LISA,5L1lO4eRHmJ7a0Q6csE5cT,65ZihkVQO3KqPj7ZKxmcev,https://i.scdn.co/image/ab67616d00001e0295ce3d848f4e452489d4a12c
2026-03-14,th,Thailand,40,6,ใจเหลือเหลือ,Dr.Fuu,5ksYtzE6rgRhlJPw0GTvy6,5mcCatVvcUeNQpli4Mpaxl,https://i.scdn.co/image/ab67616d00001e02bc6833fe0c8989d7a901e36e
2026-03-14,th,Thailand,41,1,สลักจิต (feat. ดา เอ็นโดรฟิน),Pop Pongkool; ดา เอ็นโดรฟิน,1C6qssOWal7Sii2guMg0mx; 2hmi6s1Fv2lxH8OurBfLVZ,151RFTqNBV4hcJLOAux0FR,https://i.scdn.co/image/ab67616d00001e02b27b12278e96d3a750492569
2026-03-14,th,Thailand,42,4,Winter Ahead (with PARK HYO SHIN),V; Park Hyo Shin,3JsHnjpbhX4SnySpvpa9DK; 57htMBtzpppc1yoXgjbslj,7G7mSV4BebkoHWwKTDvXu9,https://i.scdn.co/image/ab67616d00001e0216ba2a3622bd0d0d985e3234
2026-03-14,th,Thailand,43,10,ฤดูร้อน,Paradox,32bq0Oy4ygWPR5ItUM5J5M,5ak9IDTCRglXNw34wASfXs,https://i.scdn.co/image/ab67616d00001e0290ba65f12b0c0c09d6e91578
2026-03-14,th,Thailand,44,4,สุดแต่ใจจะไขว่คว้า,LITTLE JOHN,6IyHyMlpel4mF7hTldZu3m,6QdPlI3flfUFMy4JNpsWcG,https://i.scdn.co/image/ab67616d00001e025eadf79d0b8851144bce154b
2026-03-14,th,Thailand,45,18,อาจเป็นเพราะฉันเอง (me.),PURPEECH,3xlC7Dw0uiwprXDHCU9SAu,1QbP49w60Db4mrhYbsQ8bg,https://i.scdn.co/image/ab67616d00001e02bbff1471b24e1f5a7c50b658
2026-03-14,th,Thailand,46,3,อยู่ได้แล้ว,Lipta; Mirrr,2DaMrZndfGgM3yd9ivadRC; 5zSQoNQ9o2dnT1LPTzDxg7,7b6fnnFEurhwq7E38VJBJP,https://i.scdn.co/image/ab67616d00001e02dc73047ca46754847db8a76d
2026-03-14,th,Thailand,47,4,ไม่ใช่ไม่รัก,PORZAX,4ykAAPcxGHz8z6N0muxbIP,44lw3KVZGVZF4RvCTtLYTN,https://i.scdn.co/image/ab67616d00001e02d210682600f9dbdfaba06abb
2026-03-14,th,Thailand,48,12,แค่คุณ,Musketeers,0OjRa6r1EIPF5RZPy1SGz9,5u8iqPNTa3ryOqeiNdgi6o,https://i.scdn.co/image/ab67616d00001e02e4bd381e15ab140ef2076c93
2026-03-14,th,Thailand,49,5,I Just Wanna Know,PUN,6HEMZkIMQAPnd36iLsUlTx,2a78JDp7YVCyEydtRiHOn7,https://i.scdn.co/image/ab67616d00001e02cc05ec584ca006c1a29e54f0
2026-03-14,th,Thailand,50,–,รักใครไม่ไหว,Three Man Down,1qAOsY7jv9GFTv4HoVof5P,3ZxGBncHdyXG7Mxa7d429r,https://i.scdn.co/image/ab67616d00001e02b665b01883c990a870e2a99c
2026-03-14,th,Thailand,51,12,PLEASE,atom chanakan,2iLCiSxdwUMDEfqyfkuLEw,3Ohb6hLc9rdw63nq8NMC17,https://i.scdn.co/image/ab67616d00001e024eec4ae9817e05bcce951f58
2026-03-14,th,Thailand,52,26,เลือกเองกับมือ (Bad Choices),Season Five,2DWxd6CkiJVMnTqSbtd56H,4gHm2mJ5WC9nPomTXuwg3c,https://i.scdn.co/image/ab67616d00001e0237cfacd2bf590411cfe36c3c
2026-03-14,th,Thailand,53,3,ทิ้งไป,Only Monday,2zByTMDKM5g76Kbz4huf0A,4MEn5CNtwf4VVEfmZVcpTC,https://i.scdn.co/image/ab67616d00001e0215ef96619aef22d39355760c
2026-03-14,th,Thailand,54,1,เล่นของสูง,Big Ass,0GsileCtd1UjaVh4OpW7Qv,5ILPWem0xm3v85WeXqrTKP,https://i.scdn.co/image/ab67616d00001e025e3a93110fb655db8060bea8
2026-03-14,th,Thailand,55,2,ขี้หึง,Silly Fools,2xjp1njSsecnNhjgKZ35Ok,1nmdJTwB575vxvNm6PdXHq,https://i.scdn.co/image/ab67616d00001e02a3d8548ad8b8cc3da3194b0c
2026-03-14,th,Thailand,56,17,ไกล,Musketeers,0OjRa6r1EIPF5RZPy1SGz9,07ZIrtR00m3t9AcmeRZ7vQ,https://i.scdn.co/image/ab67616d00001e02b0f744fa9ec23266c747a606
2026-03-14,th,Thailand,57,12,กอดไม่ได้,Bedroom Audio,5NTMa7YJCseQqw70zgF7b5,6OtTqu9t1RitlU1RjUfEXe,https://i.scdn.co/image/ab67616d00001e02420440a036c4a1a64e7eb421
2026-03-14,th,Thailand,58,1,back to friends,sombr,4G9NDjRyZFDlJKMRL8hx3S,7qjZnBKE73H4Oxkopwulqe,https://i.scdn.co/image/ab67616d00001e024229702de91cb3d3a4383302
2026-03-14,th,Thailand,59,6,Faded - Special Version,2Ectasy; Z9,4WXkCBHyUCfIPPZrZFcP5m; 4CuVt3p02OaWu4klQuJoDP,5b2OC2aaioNReqHlQs1TbR,https://i.scdn.co/image/ab67616d00001e024a3961fa1cd17f29f671fbfa
2026-03-14,th,Thailand,60,6,ก่อนตาย,Big Ass,0GsileCtd1UjaVh4OpW7Qv,5pqAbpHRuFhcACwvVBi69V,https://i.scdn.co/image/ab67616d00001e0252e0c225cf0eb353812294c7
2026-03-14,th,Thailand,61,26,ไม่ให้ไป,Three Man Down,1qAOsY7jv9GFTv4HoVof5P,70sb4kxm9A4fDw8ZltDpW2,https://i.scdn.co/image/ab67616d00001e02b665b01883c990a870e2a99c
2026-03-14,th,Thailand,62,1,CURSE (รักใครไม่เป็น),Z9; 2K; Saran,4CuVt3p02OaWu4klQuJoDP; 7w08uJNZmg9HTsS6XeHX9E; 3moR9d0X97NAtZRhHWOta5,77rZWogLvZ2NOf248oMd6N,https://i.scdn.co/image/ab67616d00001e02963e6fa67ad2f23d93eca930
2026-03-14,th,Thailand,63,12,มอง 2568,YOUNGOHM,0AvGycOEDZTaBFLCaiGd9S,4oOSJiNmrvZzhvr1OQPln2,https://i.scdn.co/image/ab67616d00001e0289010986807175896f24855e
2026-03-14,th,Thailand,64,3,เดินมาส่ง (BYE),First Anuwat; Saran,4KjqrvqKO5fbI5yDR5yzny; 3moR9d0X97NAtZRhHWOta5,7jq0O5rfrzEIqNOsc7v9JT,https://i.scdn.co/image/ab67616d00001e025e8d3a23e61b6f62fcb67cd8
2026-03-14,th,Thailand,65,5,เวลาเธอยิ้ม (You Had Me At Hello),Polycat,1ssEwBiz4ZKrbgR6o8vOeg,06DPpk0hUJEgpzl5cuWNI6,https://i.scdn.co/image/ab67616d00001e02d35e746a33990773fa9a7fb9
2026-03-14,th,Thailand,66,8,คิด(แต่ไม่)ถึง (Same Page?),Tilly Birds,4esoPgrgPKbWa6gwU8EGmH,6zZsio19rHayse0WDDLboq,https://i.scdn.co/image/ab67616d00001e028bdbd90bed616e60e47bfc07
2026-03-14,th,Thailand,67,5,วิงวอน (ex-change),BOWKYLION,2SWWw5uB9cO5m7zJQZqwmr,4XaJuCQuIPM4Xz8O6csrdZ,https://i.scdn.co/image/ab67616d00001e028ace3e29045e35179313e68a
2026-03-14,th,Thailand,68,8,ลูกอม,Whatcharawalee,0cGfitvwmFr2sSywioWYNM,0GbWc31BXewOO7ZYRR9RVn,https://i.scdn.co/image/ab67616d00001e0275122452d0805c69415f26b9
2026-03-14,th,Thailand,69,8,คิดถึงฉันไหมเวลาที่เธอ...,Taxi,7GYGQbPxBVlemT6gxPs8Yk,0NrdH75exgYJWrF5M7fblm,https://i.scdn.co/image/ab67616d00001e0247a43b58b528193f7320da9c
2026-03-14,th,Thailand,70,8,รักมือสอง,Bedroom Audio,5NTMa7YJCseQqw70zgF7b5,6FngEZyo8Gg5P4fzckJeX4,https://i.scdn.co/image/ab67616d00001e02c4437eb590c34989f940374d
2026-03-14,th,Thailand,71,14,คนสวย,BETAYOURBITCH; N0RMA1; BARON,2xoedC37KSMtbCYLd1PVLc; 4JSLcITtMXeF5drdVO3f1b; 1Tf1lWGHooWhKhn6bwbMZv,4I0F3ItogIEpgH9qbjCiQz,https://i.scdn.co/image/ab67616d00001e0221f7bf1f9bbb6f5135342183
2026-03-14,th,Thailand,72,4,Hurry up!,JayQ; 7Vibes,5SLXYrzObBv7IrLzo4I4S6; 1WJ1KSMt6Yuf1cQ0MVtqTC,7IrTPlLm2kczzMFlJCQRAw,https://i.scdn.co/image/ab67616d00001e024c9e28bf31822294a9684ade
2026-03-14,th,Thailand,73,62,ทุกความทรงจำ,Only Monday,2zByTMDKM5g76Kbz4huf0A,1fBIWQh21BNWLhuhXDMog1,https://i.scdn.co/image/ab67616d00001e0215ef96619aef22d39355760c
2026-03-14,th,Thailand,74,5,สิ้นสุดความพยายาม,PORZAX,4ykAAPcxGHz8z6N0muxbIP,0eHTM1Udi2NLiOJ3ja63nh,https://i.scdn.co/image/ab67616d00001e02a83f0a0fa2ba5f4962b62917
2026-03-14,th,Thailand,75,16,รักรักรักรักรักรักรัก (Talk Less),D Gerrard,1k7MP2tMC43vM0b0wg8HHg,1LV7y6Foa5JFMOUc0qyj4b,https://i.scdn.co/image/ab67616d00001e02621b40910493a0abfcd46dda
2026-03-14,th,Thailand,76,5,I Thought I Saw Your Face Today,She & Him,3CIRif6ZAedT7kZSPvj2A4,0myRViRgmQ3J8izICXEAVO,https://i.scdn.co/image/ab67616d00001e02a47c6d8a934b4833c0916cc9
2026-03-14,th,Thailand,77,7,แก้บน,Kantong Tungngern,5j2wM66qbeuJAygcWdMNpv,1tBFg7D6aSmZb9KUl7FPbu,https://i.scdn.co/image/ab67616d00001e0213aa4c40076497d0e3a8493c
2026-03-14,th,Thailand,78,24,"เจ็บแค่ไหนก็ยังรักอยู่ (feat. ฟิล์ม บงกช) - เพลงประกอบละคร ""อย่าลืมฉัน""",Yes'sir Days; Fymme Bongkot,5fWMZzHHJQmCVt3W2ejVbV; 5DU5PyU8u0JZSRyJdMWgsl,1ewNGqNQEfkZj9Wm4VqLuY,https://i.scdn.co/image/ab67616d00001e0284121406ae8995503a3df708
2026-03-14,th,Thailand,79,13,ต่อยให้,Txrbo,45pQix6T07syL9LwzOoRNg,2cn4X3qXv6KcQYHr67st6T,https://i.scdn.co/image/ab67616d00001e02be8f24ca7ca95cc21e2412a1
2026-03-14,th,Thailand,80,6,สองรัก,Zeal,6f1tNwK04d6t8jFSOXGvrY,7sWVkwBJ8J1JPS1hmLwIYL,https://i.scdn.co/image/ab67616d00001e0262fdddd5a407f276664fad2b
2026-03-14,th,Thailand,81,–,ดอกไม้กับหัวใจ,I-Zax,2qPwQcHdnoKhMYehUOt7EM,1JHQ4rCY6gFdHE5AGmv7uP,https://i.scdn.co/image/ab67616d00001e02cfdc8d1fbd48d2d14d3dae55
2026-03-14,th,Thailand,82,2,หนึ่งคนตรงนี้ (I'm here),PURPEECH,3xlC7Dw0uiwprXDHCU9SAu,5GwXBrY91rDCB18cwpjsBz,https://i.scdn.co/image/ab67616d00001e026557b9b4ce41d95bac522542
2026-03-14,th,Thailand,83,–,อยากอินเพลงรัก,Season Five; No One Else,2DWxd6CkiJVMnTqSbtd56H; 0UAiHanBWs5vRM1tSPf2RJ,0ZK7WAqADNAc2zY7WVRDTl,https://i.scdn.co/image/ab67616d00001e02643dcdeacbcb305c21678ade
2026-03-14,th,Thailand,84,46,คำตอบสุดท้าย,AirBorne,2uPPduOPqzYiWESkxR1SpB,6d9rWFahtOYiNblK9dvqK2,https://i.scdn.co/image/ab67616d00001e02ea73b55de73a09c21c2a6464
2026-03-14,th,Thailand,85,8,สักวันฉันจะหายดี,Ink Waruntorn,1Twi7NfmUzbXF7lEMaGCqF,1us1N0XEToufNnmzyhJPm5,https://i.scdn.co/image/ab67616d00001e02f98d5234dd9f3ca68abca0d0
2026-03-14,th,Thailand,86,4,BIRDS OF A FEATHER,Billie Eilish,6qqNVTkY8uBg9cP3Jd7DAH,6dOtVTDdiauQNBQEDOtlAB,https://i.scdn.co/image/ab67616d00001e0271d62ea7ea8a5be92d3c1f62
2026-03-14,th,Thailand,87,18,เสียดายของ,Basher,5R4RoARrqvWRT5GEjYHcWp,2yDEfRpX5tRUcAo4VM0wFA,https://i.scdn.co/image/ab67616d00001e02d6f1a81512f909d4dfe42c9c
2026-03-14,th,Thailand,88,1,ถ้าเธอรักฉันจริง,Three Man Down,1qAOsY7jv9GFTv4HoVof5P,0CNElNCOYVyMX5ZX8NvJCI,https://i.scdn.co/image/ab67616d00001e022bff7ebac2ac29d107d284e7
2026-03-14,th,Thailand,89,55,จังหวะจะรัก,Violette Wautier,0XkEUMM4lJHAzfTK9vR0cu,2dhMTwg7O8n4kFYLpCaLC4,https://i.scdn.co/image/ab67616d00001e02026a6f2fade36796efb88eeb
2026-03-14,th,Thailand,90,12,ขอ (WARM EYES),Lomosonic,3RnRECOTd7fAWTPgmwRYMc,5MZe9NqyaSvtoaZKCeyGee,https://i.scdn.co/image/ab67616d00001e02e526774be56912b327398dbe
2026-03-14,th,Thailand,91,5,เผื่อวันไหนเธอจะกลับมา,guncharlie,1qveov8f3HXFhDIWtFO5tG,0UlTAkFyXcBBs1HjtICAsD,https://i.scdn.co/image/ab67616d00001e02afbae55931618ecd661b6db0
2026-03-14,th,Thailand,92,28,ทางของฝุ่น (Dust),atom chanakan,2iLCiSxdwUMDEfqyfkuLEw,0jxzVn8rr59knZFALDokLy,https://i.scdn.co/image/ab67616d00001e024eec4ae9817e05bcce951f58
2026-03-14,th,Thailand,93,1,เจ็บไปรักไป,Yes'sir Days,5fWMZzHHJQmCVt3W2ejVbV,5vXnRpMVm83Gl14gIMpech,https://i.scdn.co/image/ab67616d00001e02512c484f91ed9b8010739fca
2026-03-14,th,Thailand,94,1,ขอให้เราทั้งคู่โชคดี (Good Luck to The Both of Us),Tattoo Colour,5pxvW2nJ0a77b9oX24Unwi,4GMsgN54SdPxMamKu9qQam,https://i.scdn.co/image/ab67616d00001e024fe2bb8dfe87421e10cef8bb
2026-03-14,th,Thailand,95,67,การหลบหนี (Get Away),HACKR,4Tx71elTpBcxZtXodJnhF5,1GjRz9PTAnadN04dWZjIuT,https://i.scdn.co/image/ab67616d00001e028ef49bc7ba89b1c471cf8185
2026-03-14,th,Thailand,96,12,Love Me Harder,Ariana Grande; The Weeknd,66CXWjxzNUsdJxJ2JdwvnR; 1Xyo4u8uXC1ZmMpatF05PJ,5J4ZkQpzMUFojo1CtAZYpn,https://i.scdn.co/image/ab67616d00001e02deec12a28d1e336c5052e9aa
2026-03-14,th,Thailand,97,30,DAY ONE,PUN,6HEMZkIMQAPnd36iLsUlTx,5QxNmQBXpLPemzpDvsuiLM,https://i.scdn.co/image/ab67616d00001e02cc05ec584ca006c1a29e54f0
2026-03-14,th,Thailand,98,4,Unfriend,Helmetheads,5aiaFB4rhv39gS3KvwHgaF,1jMt6e5lYXEONJKoIG92H6,https://i.scdn.co/image/ab67616d00001e02cdeff23b9aaaee77246fb128
2026-03-14,th,Thailand,99,17,BOTH SIDES,NCT JNJM,1LljMyYd0jLd4Q7z1iDR5H,3b8RmBMHKwhVzsn3EMGqpK,https://i.scdn.co/image/ab67616d00001e029b659dbf40eb1fe9be4594dc
2026-03-14,th,Thailand,100,12,Born Again (feat. Doja Cat & RAYE),LISA; Doja Cat; RAYE,5L1lO4eRHmJ7a0Q6csE5cT; 5cj0lLjcoR7YOSnhnX0Po5; 5KKpBU5eC2tJDzf0wmlRp2,7KNmIjcmGJIBrhP2s5Vioe,https://i.scdn.co/image/ab67616d00001e0295ce3d848f4e452489d4a12c
2026-03-14,th,Thailand,101,Re-Entry,ใจเย็น,Pancake,47FfXpy7XLVK5guGnK8NTL,6YbOPV8Of3AptlrNDsyCNf,https://i.scdn.co/image/ab67616d00001e02d3c7ff85ebf0f8abb6f889e7
2026-03-14,th,Thailand,102,3,พบกันใหม่ (So Long),Polycat,1ssEwBiz4ZKrbgR6o8vOeg,4IKn1t0eZZzF5mji1vraVI,https://i.scdn.co/image/ab67616d00001e02d35e746a33990773fa9a7fb9
2026-03-14,th,Thailand,103,1,End of Beginning,Djo,5p9HO3XC5P3BLxJs5Mtrhm,3qhlB30KknSejmIvZZLjOD,https://i.scdn.co/image/ab67616d00001e02fddfffec51b4580acae727c1
2026-03-14,th,Thailand,104,44,Haegeum,Agust D,5RmQ8k4l3HZ8JoPb4mNsML,4bjN59DRXFRxBE1g5ne6B1,https://i.scdn.co/image/ab67616d00001e02fa9247b68471b82d2125651e
2026-03-14,th,Thailand,105,90,ภาพจำ,Pop Pongkool,1C6qssOWal7Sii2guMg0mx,3z2QRQ0UiVA4YmglGPoINT,https://i.scdn.co/image/ab67616d00001e024324b7a18a089d52f875150c
2026-03-14,th,Thailand,106,23,รักแรกพบ,Tattoo Colour,5pxvW2nJ0a77b9oX24Unwi,19VIBTwlLTX2SKK6e3erAf,https://i.scdn.co/image/ab67616d00001e02e182676ea0e420d45e7d941d
2026-03-14,th,Thailand,107,18,จากตรงนี้ที่(เคย)สวยงาม [La La Bye],AYLA's,2XiaPu2j4nBMhF8pIlt6Bk,0D9lpJts3mXxe0fvovYUFv,https://i.scdn.co/image/ab67616d00001e021356d4a5234ea1fbbce47ff2
2026-03-14,th,Thailand,108,86,คนไม่เอาถ่าน,Big Ass,0GsileCtd1UjaVh4OpW7Qv,14Y7RH7bzQa5vrqhL53ukc,https://i.scdn.co/image/ab67616d00001e025e3a93110fb655db8060bea8
2026-03-14,th,Thailand,109,78,PHOM BLONDE,spingy; Stickyrice Killah; YUNGTARR,65IgDP0KdfVt1klR6BzPl6; 4vRJ7PcK5rBxs9OjvMkNiN; 1KXxfYnhxzq9xBkhFZaYxX,58fszWKSBlxvPo1fR73kfS,https://i.scdn.co/image/ab67616d00001e023a8467b823f161f0eeeca8b5
2026-03-14,th,Thailand,110,11,ดาวหางฮัลเลย์,fellow fellow,1aEKvjRnbf1laB7DVXFqsG,0cHtr7i0P0TpEODZr2WZDE,https://i.scdn.co/image/ab67616d00001e02b5eddea0d396d32199abfabf
2026-03-14,th,Thailand,111,40,เด็กอินเตอร์,YOUNGOHM,0AvGycOEDZTaBFLCaiGd9S,6koztzfSaFalbFxpiaFpjk,https://i.scdn.co/image/ab67616d00001e0293ad90b97deda6e1c3b83bc7
2026-03-14,th,Thailand,112,2,"One Of The Girls (with JENNIE, Lily Rose Depp)",The Weeknd; JENNIE; Lily-Rose Depp,1Xyo4u8uXC1ZmMpatF05PJ; 250b0Wlc5Vk0CoUsaCY84M; 1pBLC0qVRTB5zVMuteQ9jJ,7CyPwkp0oE8Ro9Dd5CUDjW,https://i.scdn.co/image/ab67616d00001e02b0dd6a5cd1dec96c4119c262
2026-03-14,th,Thailand,113,–,ซ้ำรอย,Young J; DASHIE,5nYImteGVIjH7sXrD9quLp; 1svXJPocQXortkRBYQgSKJ,3uyjyWJgxoxLyNcFOk4vZK,https://i.scdn.co/image/ab67616d00001e027dee96493bd79d2f2094a770
2026-03-14,th,Thailand,114,3,ไร้รัก,Highhot,7clhNqbmk9enpeaBH9ACiZ,0ZapAgVfHzTxqDPweLPUyu,https://i.scdn.co/image/ab67616d00001e02abaaf313326b36ef2cf0e5ba
2026-03-14,th,Thailand,115,12,Summertime,YEW; LANDOKMAI,2xsBUJ327d3iC1LvL5hYrQ; 4k22J4XE3nfRlv4IH7D5Vt,0ZcyX8hFV1jdJNWOI8mMXF,https://i.scdn.co/image/ab67616d00001e0252e22b6e5d64f137f690ae7a
2026-03-14,th,Thailand,116,7,Love Me Not,Ravyn Lenae,5RTLRtXjbXI2lSXc6jxlAz,4WFgvKVfEhb3IUAFGrutTR,https://i.scdn.co/image/ab67616d00001e020e62daaea2c7b94053e1c142
2026-03-14,th,Thailand,117,38,ฝนตกไหม,Three Man Down,1qAOsY7jv9GFTv4HoVof5P,28LO3kx9x3fPRbXfAHprp2,https://i.scdn.co/image/ab67616d00001e022bff7ebac2ac29d107d284e7
2026-03-14,th,Thailand,118,5,"จะรักหรือจะร้าย - เพลงประกอบละคร ""กุหลาบเหนือเมฆ""",KLEAR,2PfxoKmrvMLvTAkn5azNZ6,2BnBKN87iznBjdLo0ap9n2,https://i.scdn.co/image/ab67616d00001e02e5c7286e13af2f5f0d6536d5
2026-03-14,th,Thailand,119,12,ฉันจะรีบบอกรักเธอ,T!NE,325C5PNmvA8luRIOYy1dmQ,3yv2kSszlg31Ga5dWng3CQ,https://i.scdn.co/image/ab67616d00001e02f59cff9c7f5a9e8e7aeb3aff
2026-03-14,th,Thailand,120,10,รักเธอหัวทิ่มบ่อ,HANGMAN,4kTSU70JFddHShDyYIBxZN,22A3EEXoniinp3n7BlVlxT,https://i.scdn.co/image/ab67616d00001e02662102715c4137a678519412
2026-03-14,th,Thailand,121,3,วันนี้ปีที่แล้ว,MEYOU,4G5OlxtrOm9ADmu3VZgFbG,2HY5NVPfvygwTBM1x6jwvH,https://i.scdn.co/image/ab67616d00001e02f2c071dd119781dee1e809c9
2026-03-14,th,Thailand,122,2,ข้างกัน (City) [feat. ออม TELEx TELEXs],Three Man Down; ออม TELEx TELEXs,1qAOsY7jv9GFTv4HoVof5P; 6aObOjvP9BvKPXnuoeUIKH,6SlSJRkTz3PduGBlfbzAsR,https://i.scdn.co/image/ab67616d00001e022bff7ebac2ac29d107d284e7
2026-03-14,th,Thailand,123,17,จางหาย,Goy Arachaporn,08i92Xw2ejoxy4D1agyMPC,6pTSm2Sw6fEEO4iKfOJqTL,https://i.scdn.co/image/ab67616d00001e02ba31a6129ecef21073431a15
2026-03-14,th,Thailand,124,66,ใจบาง,LUMMUN,6Qk2g62cWGo8Ji8hSBoriS,1znP3iOktHkMy0P8ZFPFe9,https://i.scdn.co/image/ab67616d00001e0270048701303d388430a9977f
2026-03-14,th,Thailand,125,14,กุหลาบ,F.HERO; Kantong Tungngern; Saran,2MnMuRYL9qsGvWPsZGeDGQ; 5j2wM66qbeuJAygcWdMNpv; 3moR9d0X97NAtZRhHWOta5,1uFvvFnus5WZFizuRH02Q0,https://i.scdn.co/image/ab67616d00001e022874f11bddff3c6b6c9eca97
2026-03-14,th,Thailand,126,1,Move On แบบใด,JOEY PHUWASIT,5RQZVhw9dwZYc10QQfNMf1,53XeQvCYruEEHVDgWmraKq,https://i.scdn.co/image/ab67616d00001e02a7b794ede758fbce751891a1
2026-03-14,th,Thailand,127,30,ใจพัง,Saran; GTK,3moR9d0X97NAtZRhHWOta5; 2xe3fpDD81re4J0NN3S8LV,30ho6wAl9w53sCtcqzHVMA,https://i.scdn.co/image/ab67616d00001e02780f6db09cc2ef1e3d27f702
2026-03-14,th,Thailand,128,28,พลังงานจน (feat. เปาวลี พรพิมล),Labanoon; Paowalee Pornpimon,63vwPO1QheUOil1fkQsv0u; 19Qamuu4Xq2ZWxvVt9KLpt,4mJYdmBiCXwKphqjPan8GL,https://i.scdn.co/image/ab67616d00001e026b11324c823c24a279c4916d
2026-03-14,th,Thailand,129,29,So Easy (To Fall In Love),Olivia Dean,00x1fYSGhdqScXBRpSj3DW,6sGIMrtIzQjdzNndVxe397,https://i.scdn.co/image/ab67616d00001e029a336bfb6d40bbd90a507417
2026-03-14,th,Thailand,130,Re-Entry,นิทาน,Musketeers,0OjRa6r1EIPF5RZPy1SGz9,11sWcMeRIGlUR5rwvV6IS3,https://i.scdn.co/image/ab67616d00001e02e4bd381e15ab140ef2076c93
2026-03-14,th,Thailand,131,14,สิ้นสุดแรงรั้ง,PORZAX,4ykAAPcxGHz8z6N0muxbIP,7Ce2kaeKcbcj0IoIwghUYl,https://i.scdn.co/image/ab67616d00001e021cf3a012a836deb3cb2eca72
2026-03-14,th,Thailand,132,13,จดจำ,Only Monday,2zByTMDKM5g76Kbz4huf0A,4kvBebTWC2UmFevtoG0BXy,https://i.scdn.co/image/ab67616d00001e0263af37734c6cd746e73dd099
2026-03-14,th,Thailand,133,7,เธอ,Cocktail,6JrR3zrG0NQiXb9N9XSyGb,3HlTt5df6OrvtwTvO6iFla,https://i.scdn.co/image/ab67616d00001e020a770590da24ef0f70fc0155
2026-03-14,th,Thailand,134,41,ฝากไว้ให้ Kiss (feat. BLVCKHEART),JayQ; BLVCKHEART,5SLXYrzObBv7IrLzo4I4S6; 3Ld1g6LjfR2ILDB6SD8aJV,4psph4gNDqUnGvBSq6UwwE,https://i.scdn.co/image/ab67616d00001e024da3e4620641c41ad66f6d97
2026-03-14,th,Thailand,135,3,ครองโลก,YUNGTARR,1KXxfYnhxzq9xBkhFZaYxX,76j0uitplft5gODYnoQ62V,https://i.scdn.co/image/ab67616d00001e029cbf10ca43831dbd536a7073
2026-03-14,th,Thailand,136,24,ล้มแชมป์ (Only You Can),Tilly Birds; Polycat,4esoPgrgPKbWa6gwU8EGmH; 1ssEwBiz4ZKrbgR6o8vOeg,7pvu8UPXXIex1bChP4yyiS,https://i.scdn.co/image/ab67616d00001e02bd9bbe0f90432d6feec826f2
2026-03-14,th,Thailand,137,6,wanna be yours (อยากให้เธอรัก),Violette Wautier,0XkEUMM4lJHAzfTK9vR0cu,2PP99Q3WvAlEongTB8PlLS,https://i.scdn.co/image/ab67616d00001e023ac0a9c94fa535f754372a47
2026-03-14,th,Thailand,138,4,"อยากเป็นคนนั้น (feat. มาเรียม B5) - เพลงประกอบละคร ""แรงปรารถนา""",Ab Normal; Mariam B5,61GpNXCcaeUQ72RbwD0S57; 7oE4tISSNSajnQMVp2ZfCL,6feHY0TLHPd5aPCQm91ipg,https://i.scdn.co/image/ab67616d00001e0205d6c43b8db88619ccded9da
2026-03-14,th,Thailand,139,15,Proud,fellow fellow,1aEKvjRnbf1laB7DVXFqsG,4jyfcb5s4H3hKl0CJXjYei,https://i.scdn.co/image/ab67616d00001e02b5eddea0d396d32199abfabf
2026-03-14,th,Thailand,140,Re-Entry,คำยินดี,KLEAR,2PfxoKmrvMLvTAkn5azNZ6,1ur8R3ThdEg3BdD844G6Mw,https://i.scdn.co/image/ab67616d00001e02e44a6c1b09844f232da0872b
2026-03-14,th,Thailand,141,24,พอได้แล้ว,PORZAX,4ykAAPcxGHz8z6N0muxbIP,2Ur51n7KgBdtRYz1oCFfD6,https://i.scdn.co/image/ab67616d00001e02947e517111a5edc15b0bac1b
2026-03-14,th,Thailand,142,39,สาธุ (Sathu) [feat. ปลาย กนกพร],ASIA7; ปลาย กนกพร,5ghOUzxpnQmnPQDwC1thIz; 5UtsnPxhjHtOM6cyv8iqVN,0pa70WIyVyI3DY4bcL2vZo,https://i.scdn.co/image/ab67616d00001e02b563a468b0dde8b8fbecdc2a
2026-03-14,th,Thailand,143,28,Moonlit Floor (Kiss Me),LISA,5L1lO4eRHmJ7a0Q6csE5cT,2eyWFRvT7lOQmqfXI25oR1,https://i.scdn.co/image/ab67616d00001e024a5dbcceaff49f85a1f1e756
2026-03-14,th,Thailand,144,Re-Entry,ตั้งแต่มีเธอฉันมีความสุข (This Time),Violette Wautier,0XkEUMM4lJHAzfTK9vR0cu,4rmspWmdoJIjw6Rm3cEvGm,https://i.scdn.co/image/ab67616d00001e02036f5602f49c29f23a5803c1
2026-03-14,th,Thailand,145,18,มีสิทธิ์อะไร,SPF,3ZUdKB3VGo26BxRSmnv5n2,4CgHXNpWpgM9tYxehdA4po,https://i.scdn.co/image/ab67616d00001e022f2f2cc7e58acf063fdd79ff
2026-03-14,th,Thailand,146,48,หลง,JODAI,0eKqmbA0GNAKxYXr5mLIPd,3PsB1HkYkzegKJfz4I5q4e,https://i.scdn.co/image/ab67616d00001e0282ce0dfd63ed1dbe5fb13722
2026-03-14,th,Thailand,147,17,ใจเธอกอดใคร,NeoX,1Qs5K3Hu7LvPUCNnsLf4K3,7KPnyUwuJiiNQf3p326etS,https://i.scdn.co/image/ab67616d00001e0240442865fee1860a68214844
2026-03-14,th,Thailand,148,7,SHE IS TOTALLY OUT OF MY LEAGUE (feat. Z9),P6ICK; Z9,52IxFzldfmZmsLcF078dnY; 4CuVt3p02OaWu4klQuJoDP,2UzdM3S5SrnjLCwQsleGrM,https://i.scdn.co/image/ab67616d00001e02a29e14550f6bcb942614b5f0
2026-03-14,th,Thailand,149,42,กอดกัน,K6Y; Lazyloxy; Jayrun,0QxCgzdTynqgvj1OWRllYt; 58Kuf8Ek5vheq5IRLiWjXO; 7dlpPQzVIOAtowgO59cxL7,1X3VD4oXVFe314hJ9AcvVy,https://i.scdn.co/image/ab67616d00001e02cd3db014ab1e239c9cc1c807
2026-03-14,th,Thailand,150,3,อะไรฉันก็ยอม,Saran; Pondering; WHALJAY; SLOWVXNZ,3moR9d0X97NAtZRhHWOta5; 5vzCTzMec4uL6JCNkOFcZ2; 00DQn2x4PUykmPHF8EVpYy; 4MkjSVbVHB4IsCH37XhBH6,1Uirva9dJEp3Ctq3p6ejFQ,https://i.scdn.co/image/ab67616d00001e023e9253a9a65c7c50a0438da0
2026-03-14,th,Thailand,151,Re-Entry,เคยรัก,9tokyo; 2K,3FxGLtMGpuO4myzWo0gktr; 7w08uJNZmg9HTsS6XeHX9E,5kphwAzHksSZrkrQbQdfXy,https://i.scdn.co/image/ab67616d00001e02d2ecaeebd58adf1196b62d83
2026-03-14,th,Thailand,152,–,เพื่อนเล่น ไม่เล่นเพื่อน (Just Being Friendly) [feat. MILLI],Tilly Birds; MILLI,4esoPgrgPKbWa6gwU8EGmH; 1eVPKI2R4NlX6P5FIuMXis,1sh04eulApho8oOmv2YYeX,https://i.scdn.co/image/ab67616d00001e0270a01ebd111e82b726f64050
2026-03-14,th,Thailand,153,20,บอกตัวเอง,Room 39; โป่ง หินเหล็กไฟ,3lHykUJhLCSYsiUaOQhIy4; 4EVFhcIKSAr2dtcOv6EzZa,7mx20wpMx3Flwh3GglnZPs,https://i.scdn.co/image/ab67616d00001e02149892a5816e3909902ec2be
2026-03-14,th,Thailand,154,6,Victoria's Secret,DIAMOND MQT,0O6y1pr1YIKq65c6N3sI9c,6fON5gco8TNy1di0oBUr1Y,https://i.scdn.co/image/ab67616d00001e02c42198c9d5fe6844bd7e33b6
2026-03-14,th,Thailand,155,–,วิทลัย หลายใจ,วิด ไฮเปอร์,6PDRXU6gmVQaWmQnxHxfI2,1l351Tu6M6J27ckHFbQi0U,https://i.scdn.co/image/ab67616d00001e02d9e6b74f998aa5d15c9bf591
2026-03-14,th,Thailand,156,28,แอบหวัง,Anatomy Rabbit,73M9RjjrrKjXnf6Is6hNdg,3qMYr2bVu2HpSKrSJ2zj8K,https://i.scdn.co/image/ab67616d00001e023a80d74bea52b742239e721a
2026-03-14,th,Thailand,157,2,ปล่อย (Miss),Clockwork Motionless,7G0bt2MCFXxNlKmZA1sjsU,6ZNY9ymFAHtvuVGG0cfKTM,https://i.scdn.co/image/ab67616d00001e027b77f4742bec014c7a16c314
2026-03-14,th,Thailand,158,52,ฉันไม่ต้องการตัวเธอในตอนนี้,LITTLE JOHN,6IyHyMlpel4mF7hTldZu3m,2QV4JzbjMvgBRXsZHE0vW5,https://i.scdn.co/image/ab67616d00001e027a122524ea320d005e36cbbb
2026-03-14,th,Thailand,159,5,งานเต้นรำ,Musketeers,0OjRa6r1EIPF5RZPy1SGz9,3jQEXiy7AtzDMiilrYlO0H,https://i.scdn.co/image/ab67616d00001e02e4bd381e15ab140ef2076c93
2026-03-14,th,Thailand,160,2,พูดแล้วอยากจะร้องไห้,Dr.Fuu,5ksYtzE6rgRhlJPw0GTvy6,1ScnC2q4xnTeUfB2awBFX1,https://i.scdn.co/image/ab67616d00001e02ac534903a3f46c4abc8ea09a
2026-03-14,th,Thailand,161,19,ของขวัญปีใหม่ (Golden Night),Jeff Satur,5xq3BK55BJmutN0X7eTyQB,43JyEMmiEB4LJDwMDnIqvz,https://i.scdn.co/image/ab67616d00001e02f23b8492613c6576f7e9a49f
2026-03-14,th,Thailand,162,1,I'm Sorry (สีดา),THE RUBE,3eAfnFxBjEA1tpQF4U10Cm,7cSbUlj3FNBKNS7dcsb6fr,https://i.scdn.co/image/ab67616d00001e023710a51d9be2c3eabecbc7f3
2026-03-14,th,Thailand,163,6,จากฉันถึงเธอ (feat. พงษ์สิทธิ์ คำภีร์),Cocktail; พงษ์สิทธิ์ คำภีร์,6JrR3zrG0NQiXb9N9XSyGb; 0lEc37ck2MW2K9L8wV7QpP,6K6ViK83pWq6XcpdcYgHT4,https://i.scdn.co/image/ab67616d00001e02b0d97eb80bc919617a93babc
2026-03-14,th,Thailand,164,Re-Entry,ไกลแค่ไหน คือ ใกล้,getsunova,6vFz8SAf3JBH0kdz8UMSOh,49W9S1UPuhAEGG6rwOOdD7,https://i.scdn.co/image/ab67616d00001e0281518e6c14406a34ad587c30
2026-03-14,th,Thailand,165,17,ช่างมัน,Cocktail,6JrR3zrG0NQiXb9N9XSyGb,3sKlbOuJnyz5g019B8jTk8,https://i.scdn.co/image/ab67616d00001e02edb7b68c0c956b02b71e5823
2026-03-14,th,Thailand,166,65,อิจฉา,MEYOU,4G5OlxtrOm9ADmu3VZgFbG,5dkjzwhEHF0pitjFW1vz2f,https://i.scdn.co/image/ab67616d00001e02ed1bfac03064e0fa09600dcd
2026-03-14,th,Thailand,167,3,Die With A Smile,Lady Gaga; Bruno Mars,1HY2Jd0NmPuamShAr6KMms; 0du5cEVh5yTK9QJze8zA0C,7so0lgd0zP2Sbgs2d7a1SZ,https://i.scdn.co/image/ab67616d00001e02b0860cf0a98e09663c82290c
2026-03-14,th,Thailand,168,Re-Entry,เพลงที่เธอไม่ฟัง,Bedroom Audio,5NTMa7YJCseQqw70zgF7b5,6KRj0vz2JEk8Ykt1Q0KKZX,https://i.scdn.co/image/ab67616d00001e02c4437eb590c34989f940374d
2026-03-14,th,Thailand,169,16,แพ้ทาง,Labanoon,63vwPO1QheUOil1fkQsv0u,7MmT65V6LJ09mCokmlDQQv,https://i.scdn.co/image/ab67616d00001e026b11324c823c24a279c4916d
2026-03-14,th,Thailand,170,20,Loop (ฉันจึงวนกลับมา),ASIA7,5ghOUzxpnQmnPQDwC1thIz,2wyMhqD3UtR8Ucg59UZhZd,https://i.scdn.co/image/ab67616d00001e02b563a468b0dde8b8fbecdc2a
2026-03-14,th,Thailand,171,Re-Entry,สัญญาหน้าฝน,Carabao; Center Stage,1LCwH85p61LDPxSg2uWUL9; 4cZ3QVotang675EbMaicvU,1TaaHVn8FANFAyuSftwJLx,https://i.scdn.co/image/ab67616d00001e02aace3e0217af8394d1a4d9c5
2026-03-14,th,Thailand,172,50,อยู่ตรงนี้เสมอ,Clash,5rlTTe8s66xwopzOKJrA4n,4GgsMVJSASeaDu3e9FZIL8,https://i.scdn.co/image/ab67616d00001e027eee6563510598e57c9567c7
2026-03-14,th,Thailand,173,4,ครั้งสุดท้าย,OG-ANIC; GAVIN:D; NINO,1OXHqAK6r5mF0FV94nc0pD; 6gYafDbRgLFc6zFKxKCP22; 34pSpkZ0UQ8X0woG8FyOqj,1DPrXncHEnR0141ct0DF06,https://i.scdn.co/image/ab67616d00001e02e93c6730764464cfce9d4522
2026-03-14,th,Thailand,174,22,Very Very Small,YOUNGOHM,0AvGycOEDZTaBFLCaiGd9S,2aOKroYzVYSkKetUpWvrkt,https://i.scdn.co/image/ab67616d00001e0293ad90b97deda6e1c3b83bc7
2026-03-14,th,Thailand,175,28,SSAK (Feat. Loco) (Prod. By GRAY),OXYNOVA; MASON HOME; MILLI; Foggyatthebottom; OSUN; Loco,72b3VgmhJa2YqlypqHdrXa; 6fUWivVaWaEgN2G0m7c0Wa; 1eVPKI2R4NlX6P5FIuMXis; 3fXHHmLxAY43pSTlWnbYd7; 5B0qfgiKQ1593oBKreR5Fb; 2e4G04F77jxVuDYo44TCSm,0FOReGSXypVBP1q3CLEbfN,https://i.scdn.co/image/ab67616d00001e023745e2d4fd21e243eca7d36c
2026-03-14,th,Thailand,176,38,Kryptonite,PUN,6HEMZkIMQAPnd36iLsUlTx,1Gsxe1ulIVg3q9GASfmoD6,https://i.scdn.co/image/ab67616d00001e02ce8155d7fabcb7a3b3492141
2026-03-14,th,Thailand,177,43,หากจะเพียงขอ (Sincare),PURPEECH,3xlC7Dw0uiwprXDHCU9SAu,4njC4CPPqAQZ5bo6eEjP0e,https://i.scdn.co/image/ab67616d00001e02bbff1471b24e1f5a7c50b658
2026-03-14,th,Thailand,178,Re-Entry,จะน่ารักไปไหน,K.AGLET; GUNNER; DIAMOND MQT,3MjUtSzU4lplyjnX01fTSw; 1JySn0pz3hvdDvWPTZf7hv; 0O6y1pr1YIKq65c6N3sI9c,0tmckE7qL6n5t85O7bpXBG,https://i.scdn.co/image/ab67616d00001e02ab032546b9c02885f700597f
2026-03-14,th,Thailand,179,20,ซ่อนกลิ่น,Palmy,3yfUy4dhvq5DwrSMsEE6od,26lzabIoVuQd6Bs2fMKaWu,https://i.scdn.co/image/ab67616d00001e029215ee0213984e1b021aa54f
2026-03-14,th,Thailand,180,4,"คนจริงใจ (feat. พงศ์ พัทลุง, ปู่จ๋าน ลองไมค์ & Lamyai Haitongkam)",Cocktail; พงศ์ พัทลุง; ปู่จ๋าน ลองไมค์; Lamyai Haitongkam,6JrR3zrG0NQiXb9N9XSyGb; 5qNjSZ0y0Z9qqP1DFC5fnc; 23YWwPEvaO5HLqEMgiUXJa; 2JERRcsJmtVhbc9uTH7h4t,3PRRNMQUjnFbZhvtPd37F3,https://i.scdn.co/image/ab67616d00001e02d5257a4c854915d53958370f
2026-03-14,th,Thailand,181,85,รองเท้าเก่า,Tattoo Colour,5pxvW2nJ0a77b9oX24Unwi,3Eu82PdSTJ8whj8KFJj4au,https://i.scdn.co/image/ab67616d00001e02e5c9e80322bca73f702809fd
2026-03-14,th,Thailand,182,11,I Wanna Be Yours,Arctic Monkeys,7Ln80lUS6He07XvHI8qqHH,5XeFesFbtLpXzIVDNQP22n,https://i.scdn.co/image/ab67616d00001e024ae1c4c5c45aabe565499163
2026-03-14,th,Thailand,183,Re-Entry,สถานีดวงจันทร์,Whatcharawalee,0cGfitvwmFr2sSywioWYNM,6PM9OBzgQbY7wAkPWBTl2V,https://i.scdn.co/image/ab67616d00001e0269685ea820df536ce8e8a287
2026-03-14,th,Thailand,184,Re-Entry,โลกทั้งใบ,เล็ก รัชเมศฐ์,4zqN3dav6iuwb2djzhhtSz,0L5mkLRkk05Mfz4Tk0zU70,https://i.scdn.co/image/ab67616d00001e02c81a41586d82eb3851c261a1
2026-03-14,th,Thailand,185,Re-Entry,ลืมไป (Blind) [feat. ปู่จ๋าน ลองไมค์],WANYAi; ปู่จ๋าน ลองไมค์,3yLZtAIGm6Eq4WSfnimZad; 23YWwPEvaO5HLqEMgiUXJa,0ZZe0Q16MEXp86laMBb8Em,https://i.scdn.co/image/ab67616d00001e025c0add12c47ff8e30e6d3ba7
2026-03-14,th,Thailand,186,Re-Entry,ถามคำ,URBOYTJ,1WLKjYJX9YHSlwufclauhg,3sLTOt7ZMwEWEB7YdLaeZS,https://i.scdn.co/image/ab67616d00001e028b1d41c0d47afcae8e1bdb0a
2026-03-14,th,Thailand,187,Re-Entry,ก่อนนอนคืนนี้,YOUNGOHM,0AvGycOEDZTaBFLCaiGd9S,57NV6TzzYS473R7OgmDepf,https://i.scdn.co/image/ab67616d00001e028c8ef01ec2df170143555605
2026-03-14,th,Thailand,188,Re-Entry,โปรดส่งใครมารักฉันที,Instinct,6k1ekEfg7DnWc0FbMDY67I,19qYzhwsVrKi8ZDAfF8lnc,https://i.scdn.co/image/ab67616d00001e020b2b33f11b76866928a8b672
2026-03-14,th,Thailand,189,10,ลามปาม (circus),BOWKYLION; Jeff Satur,2SWWw5uB9cO5m7zJQZqwmr; 5xq3BK55BJmutN0X7eTyQB,30CRjTYAXaJf5YBsNQHIvG,https://i.scdn.co/image/ab67616d00001e02977d3582882c2bd839bf7639
2026-03-14,th,Thailand,190,1,Galaxy (feat. Kob The X Factor),D Gerrard; Kob The X Factor,1k7MP2tMC43vM0b0wg8HHg; 7HCRjt5R29pEOReKFeVk42,7m4O2ffb7Amnk1tQGKeLEH,https://i.scdn.co/image/ab67616d00001e02bfdf9f2ad6fc889d8f2a8b9b
2026-03-14,th,Thailand,191,Re-Entry,ร่มสีเทา,Whatcharawalee,0cGfitvwmFr2sSywioWYNM,6z56u8jPSSroDFrJVD5cMf,https://i.scdn.co/image/ab67616d00001e0275122452d0805c69415f26b9
2026-03-14,th,Thailand,192,Re-Entry,"พิง - เพลงประกอบละคร ""กระเช้าสีดา""",NONT TANONT,6chmC6o0wvACYVGTITw3Pz,5H9T1CPfiIKZ9b7uKcLQ64,https://i.scdn.co/image/ab67616d00001e02196c67567173ce9951e1bfe9
2026-03-14,th,Thailand,193,Re-Entry,วันเกิดฉันปีนี้ (HBD to me),Three Man Down,1qAOsY7jv9GFTv4HoVof5P,6u08YmldVXL6dKiIwGbcox,https://i.scdn.co/image/ab67616d00001e027408c0eb8d89b4e8496a6ee0
2026-03-14,th,Thailand,194,5,เพลงนี้ผมเขียนให้เธอ,Pondering,5vzCTzMec4uL6JCNkOFcZ2,09beOtPEjTgYLXNzYFjfLU,https://i.scdn.co/image/ab67616d00001e02ff0c324ade9b1c5ebc86acf6
2026-03-14,th,Thailand,195,9,"โลกหลังความเศร้า (feat. ก้อง ห้วยไร่) - เพลงประกอบภาพยนตร์ ""สัปเหร่อ2""",JOEY PHUWASIT; Kong Huayrai,5RQZVhw9dwZYc10QQfNMf1; 0QStHUbJoIoaNtvHVaBMGK,3KlQLqqqPp2wNm5qR2TvAX,https://i.scdn.co/image/ab67616d00001e021653fcc47c91c4f4730b4691
2026-03-14,th,Thailand,196,50,GO,BLACKPINK,41MozSoPIsD1dJM0CLPjZF,3FZPp9lBUvhsxFxKJi3VkB,https://i.scdn.co/image/ab67616d00001e02d885644b72d5254dd621dc45
2026-03-14,th,Thailand,197,1,เจ็บจนพอ (Enough),WANYAi,3yLZtAIGm6Eq4WSfnimZad,0PcRPlZnFo0ifZeHo5sbhD,https://i.scdn.co/image/ab67616d00001e025c0add12c47ff8e30e6d3ba7
2026-03-14,th,Thailand,198,33,Good Goodbye,HWASA,7bmYpVgQub656uNTu6qGNQ,3cLXrotzCjYCkN73PewALM,https://i.scdn.co/image/ab67616d00001e02f7ec5c454a78dfb0086c0c97
2026-03-14,th,Thailand,199,Re-Entry,"ขาดเธอไม่ได้ - เพลงประกอบละคร ""หัวใจรักพิทักษ์เธอ""",Potato,6RQyog3L4JlA8t8Bf56otE,2q6eoqcDdza2R3uxrcNUwH,https://i.scdn.co/image/ab67616d00001e02b6c57afe5a754d1edd7aad38
2026-03-14,th,Thailand,200,Re-Entry,หนุ่มเมกา,P6ICK; SURIYA MQT; Sexski,52IxFzldfmZmsLcF078dnY; 47VCMoQZJ0SycPle77t12P; 6QeYcD1n2YcWygCScfLhRE,5Zfprx7dvrK3oH7U82cTmO,https://i.scdn.co/image/ab67616d00001e025c73ea1f102da42dae39fcf2
2026-03-14,id,Indonesia,1,1,Bahagia Lagi,Piche Kota,5zAYPlhV1TirCul0R4NKGM,5tZaKZPJtiHh6teQfVEHB5,https://i.scdn.co/image/ab67616d00001e025bd00b369e89c5cbc74d827b
2026-03-14,id,Indonesia,2,1,kota ini tak sama tanpamu,Nadhif Basalamah,6UgERnTHmjk3qXM9x5vzyO,13CwOTXUgBugeBByE9oIWb,https://i.scdn.co/image/ab67616d00001e02f3e3f888fbfcc916ecce50a9
2026-03-14,id,Indonesia,3,–,Ada titik-titik di ujung doa,Sal Priadi,1NjxFrpEGZTV2Ny0OJxeWu,1E7zLPDdqo0OvzVmGj5aoV,https://i.scdn.co/image/ab67616d00001e02686acaaa87bfc6ebb42b3bd2
2026-03-14,id,Indonesia,4,–,Sedia Aku Sebelum Hujan,Idgitaf,7pFWMC2E7h8eL3SZyHRsRq,64qfw9JZl3RYCrq4Mn0WvT,https://i.scdn.co/image/ab67616d00001e028dc8c573565969d55f9f3477
2026-03-14,id,Indonesia,5,1,bergema sampai selamanya,Nadhif Basalamah,6UgERnTHmjk3qXM9x5vzyO,0ql6fgz8qk0pAEKrGeSppJ,https://i.scdn.co/image/ab67616d00001e02f3e3f888fbfcc916ecce50a9
2026-03-14,id,Indonesia,6,1,everything u are,Hindia,51kyrUsAVqUBcoDEMFkX12,5WOSNVChcadlsCRiqXE45K,https://i.scdn.co/image/ab67616d00001e0205898628baab6ef07a0a4d03
2026-03-14,id,Indonesia,7,2,Monolog,Pamungkas,7d86ERlvO5UG44j7Va0Y0C,1zu5ZpnrSArdoaT6Qq3yo9,https://i.scdn.co/image/ab67616d00001e023e2cf96ce4558b8f2376b79a
2026-03-14,id,Indonesia,8,1,Jangan Paksa Rindu - Beda,Ifan Seventeen,2vbWy0ntJGJ2H1erLJFMZZ,79tbBuciPV221EozY3RKQv,https://i.scdn.co/image/ab67616d00001e02b1f0e17d6a48da664cbdcbe5
2026-03-14,id,Indonesia,9,1,Risk It All,Bruno Mars,0du5cEVh5yTK9QJze8zA0C,5y2ijHECwFYWqcAHKTZgzD,https://i.scdn.co/image/ab67616d00001e023eb8dc748f7efb1470f74395
2026-03-14,id,Indonesia,10,1,Bersenja Gurau,Raim Laode,5LcNPa8f8bRmZqELgoRFkN,713QSDLoNYvs6PKBNOMi8b,https://i.scdn.co/image/ab67616d00001e022115f08403e0dede83932409
2026-03-14,id,Indonesia,11,1,Lesung Pipi,Raim Laode,5LcNPa8f8bRmZqELgoRFkN,04mOx59pM3upWDkpp9PYkb,https://i.scdn.co/image/ab67616d00001e02dfa3d7031a8f658d0a9b89fd
2026-03-14,id,Indonesia,12,–,Dirimu Yang Dulu,Anggis Devaki,7lXTU6VtJQWfiN2vuZyzqf,3GIiXoibZNOxoB4QJ0b8UR,https://i.scdn.co/image/ab67616d00001e02d7105ffabf2ff9ddd265eab1
2026-03-14,id,Indonesia,13,–,Cincin,Hindia,51kyrUsAVqUBcoDEMFkX12,7J0isBrUxhIYZVdrBOOlIh,https://i.scdn.co/image/ab67616d00001e02d58121433ea3e6c4822ac494
2026-03-14,id,Indonesia,14,–,Tarot,.Feast,7Gy1PxqrgsiqWF6JNYPHeB,4XHijJfABTtUCW3Bp6KFvr,https://i.scdn.co/image/ab67616d00001e02c800b90e2092a5328f699117
2026-03-14,id,Indonesia,15,–,Nina,.Feast,7Gy1PxqrgsiqWF6JNYPHeB,0daEJMXc3b4ZMTnvtHpuTt,https://i.scdn.co/image/ab67616d00001e02c800b90e2092a5328f699117
2026-03-14,id,Indonesia,16,1,Monokrom,Tulus,2iDVt6mFbtbDEZG5ax0dTi,4GfK1qOF3uBWidbPlTCQRL,https://i.scdn.co/image/ab67616d00001e0271c65edbeed32af70b900637
2026-03-14,id,Indonesia,17,2,Rumah Ke Rumah,Hindia,51kyrUsAVqUBcoDEMFkX12,2wAiFWjRupWmnDkQcu91MF,https://i.scdn.co/image/ab67616d00001e02d623688488865906052ef96b
2026-03-14,id,Indonesia,18,3,penjaga hati,Nadhif Basalamah,6UgERnTHmjk3qXM9x5vzyO,6i9Ci0IN1q1GcnhdbKU7kZ,https://i.scdn.co/image/ab67616d00001e0225001f594384ffb7fb952347
2026-03-14,id,Indonesia,19,3,Mangu,Fourtwnty; Charita Utami,46cVq2dwPgzPE3X1VR9TMj; 48yQuRfvklyupKmridU1du,4e6TmHCC4PRUj75knNplNP,https://i.scdn.co/image/ab67616d00001e0232ab17f5515e51490841f648
2026-03-14,id,Indonesia,20,2,Serana,For Revenge,0f6TyESD8E1mD2oLJ4TGv1,0PtJbtW50jcvvswNPn3QGd,https://i.scdn.co/image/ab67616d00001e02322ce4ba8eb959ebee609fd8
2026-03-14,id,Indonesia,21,1,Kita usahakan rumah itu,Sal Priadi,1NjxFrpEGZTV2Ny0OJxeWu,5Egm9N7FnzsThl1CFXB2mm,https://i.scdn.co/image/ab67616d00001e02686acaaa87bfc6ebb42b3bd2
2026-03-14,id,Indonesia,22,1,Bertaut,Nadin Amizah,20zafXaLhm5IcXnSU93rNn,630DpnzdfjdVqv2yLfPbAX,https://i.scdn.co/image/ab67616d00001e026d57a5c60decaa8fb39d5afb
2026-03-14,id,Indonesia,23,1,Dan...,Sheila On 7,6q87vizIEdEN4NvlR6mjfT,1MdjZzEInrmDBXf8zs0nKS,https://i.scdn.co/image/ab67616d00001e0254270208627aa8061a8abe21
2026-03-14,id,Indonesia,24,4,Menerima Luka,Natasya Sabella,2w2xKlumnOzCf5eVTkmNXn,6Twf2B2IGXAN0YDJeTxkt2,https://i.scdn.co/image/ab67616d00001e02666b93e07f4a5ef345e83fe1
2026-03-14,id,Indonesia,25,7,Sempurna,Andra & The Backbone,4ucwey7FxkHXkLK7jSfevU,2UgCs0i0rNHUH2jKE5NZHE,https://i.scdn.co/image/ab67616d00001e020df7dec70511dd4f2e69dc34
2026-03-14,id,Indonesia,26,1,Selamat (Selamat Tinggal),Virgoun; Audy,4bAgr9zaF0bpzVGHdHuf0f; 611ajYp7fMbkU5CYF08tje,1mruWrUwAVe2XkksUQiaHK,https://i.scdn.co/image/ab67616d00001e02dbd21bc0b35f4220357a1c66
2026-03-14,id,Indonesia,27,3,Pesan Terakhir,Lyodra,6Sv2jkzH9sWQjwghW5ArMG,3FwQ3RYYEekzjEeL3jdpUZ,https://i.scdn.co/image/ab67616d00001e02d00e5994b61f1d93dafe9221
2026-03-14,id,Indonesia,28,2,Nanti Kita Seperti Ini,Batas Senja,4AhHkaGz7W2bKKJK90IaV2,3y8RcMPYG22fRnrOi4oFJ1,https://i.scdn.co/image/ab67616d00001e02c6092bd9b2579479e5fa9891
2026-03-14,id,Indonesia,29,4,SO ASU,Naykilla,79omf4LgzaVAnXIRWPkJUq,56TRhAB4SqpRn5NdqHSAFy,https://i.scdn.co/image/ab67616d00001e02bc3ac83da4a6bda98247e694
2026-03-14,id,Indonesia,30,5,Komang,Raim Laode,5LcNPa8f8bRmZqELgoRFkN,3zltzCUqDOxeYQvx3OQiIX,https://i.scdn.co/image/ab67616d00001e02e3b3d759e32208f05b45120f
2026-03-14,id,Indonesia,31,–,Terbuang Dalam Waktu,Barasuara,5RbI1PF4n02wWKmgjk7hAE,5fmyW3X3kncOOVlmcWhORH,https://i.scdn.co/image/ab67616d00001e0295688e1f59ae3fc4951d41ff
2026-03-14,id,Indonesia,32,5,33x,Perunggu,0NbKRRBuiIUwS9irPvi7wD,2pOLzpYmuDlcbTJUXYkPSr,https://i.scdn.co/image/ab67616d00001e022f6309d853e9a87b7ccb08a1
2026-03-14,id,Indonesia,33,6,Kembali Pulang,Suara Kayu; Feby Putri,327ipGIr9bD3MkLb2eucqC; 66NmU5epI0ONGmdCRbLpmW,6xeqCawPZngDVqw2W2aGaR,https://i.scdn.co/image/ab67616d00001e020fa7d0f0589cf5cf7c9300fd
2026-03-14,id,Indonesia,34,6,Lihat Kebunku (Taman Bunga),Aku Jeje,4FZ6V3q8zMyFvSMeT2ld2f,5dvIK269hL3eZXQMG4Vc2C,https://i.scdn.co/image/ab67616d00001e0223a15d3a2c0fc3d9bb6c5911
2026-03-14,id,Indonesia,35,3,Bawa Dia Kembali,Mahalini,3wOsYKZM0zcKNasi3I7fP4,25M9piWxSsq0xLcjQW5yz6,https://i.scdn.co/image/ab67616d00001e026f713eb92ebf7ca05a562542
2026-03-14,id,Indonesia,36,28,kota ini tak sama tanpamu (with Aziz Harun & Aisha Retno),Nadhif Basalamah; Aziz Harun; Aisha Retno,6UgERnTHmjk3qXM9x5vzyO; 1dmuM6bG5J8sDFyp26x9Nf; 1eizIry8svwmH0cSjLUEYy,75DnXTAoFiorMrqkPVbjSH,https://i.scdn.co/image/ab67616d00001e0287e7224938aa91019b17b791
2026-03-14,id,Indonesia,37,8,Disarankan di Bandung,Dongker; Jason Ranti,6sf1OnuDZM48bgFQvPkbYm; 06x5hKHmGzMggWmRK833nv,5VyWqCgmRSa1o364B4UGI8,https://i.scdn.co/image/ab67616d00001e0235e8c95e427167c4d26899e1
2026-03-14,id,Indonesia,38,1,Duka,Last Child,1v1khTmozNfxB2ET1Ep288,5MIpcd16T59wFeqAChSYwC,https://i.scdn.co/image/ab67616d00001e02057818e4bb59fcede0e7e7d5
2026-03-14,id,Indonesia,39,1,MALU MALU,dia; INDAHKUS,6WgjNWwGACXaBy7NZripBu; 1O4yyjVsY0VUpGMZiK7zNB,4nx5dujfgjriMeQg1OWMsp,https://i.scdn.co/image/ab67616d00001e025c157ac76f31ba099cdd6993
2026-03-14,id,Indonesia,40,4,About You,The 1975,3mIj9lX2MWuHmhNCA7LSCW,3hEfpBHxgieRLz4t3kLNEg,https://i.scdn.co/image/ab67616d00001e0200702474f8e0e2b6155d48e3
2026-03-14,id,Indonesia,41,8,Aku Milikmu,Dewa 19,48bKH1ugFBhERC1rdojP9d,5JESuE80fvausWHjcT9QVh,https://i.scdn.co/image/ab67616d00001e02bfc7fa507f4bc822cabe7bde
2026-03-14,id,Indonesia,42,1,Seandainya,Vierra,1WX2v0BiEW19Vw7xmznLdZ,5NmjnghJGJRFg34KGGx8O0,https://i.scdn.co/image/ab67616d00001e02bdc17798be456d9e4ad28dc0
2026-03-14,id,Indonesia,43,2,back to friends,sombr,4G9NDjRyZFDlJKMRL8hx3S,7qjZnBKE73H4Oxkopwulqe,https://i.scdn.co/image/ab67616d00001e024229702de91cb3d3a4383302
2026-03-14,id,Indonesia,44,1,Rahasia Hati,Nidji,4sEWznAKWWNcicTuLxzb6d,6zrnrcry6OHVFo3EDt6PYa,https://i.scdn.co/image/ab67616d00001e02801ab61ae6086d0381265658
2026-03-14,id,Indonesia,45,5,Runtuh,Feby Putri; Fiersa Besari,66NmU5epI0ONGmdCRbLpmW; 06QVnTCdjs4jPKO0487EGV,6Hii26x3qDErVitnGW8QtO,https://i.scdn.co/image/ab67616d00001e024788f7886c01b9b2ee95cbdd
2026-03-14,id,Indonesia,46,12,Die On This Hill,SIENNA SPIRO,02gSuSAWEdWa5UOvqzjX6v,2gYTC8DsplN3RNdpdBcCOQ,https://i.scdn.co/image/ab67616d00001e020901e50bfaff4351a29f462b
2026-03-14,id,Indonesia,47,3,Jakarta Hari Ini,For Revenge; Stereo Wall,0f6TyESD8E1mD2oLJ4TGv1; 0kw7tMniMnrp9Pcr7vgDAm,6AyBbSvcR2ZwTeR30I4jb9,https://i.scdn.co/image/ab67616d00001e02322ce4ba8eb959ebee609fd8
2026-03-14,id,Indonesia,48,–,The Man Who Can't Be Moved,The Script,3AQRLZ9PuTAozP28Skbq8V,3nqqDo8CcCLke3ZoTgiOKf,https://i.scdn.co/image/ab67616d00001e02f33a9f529c12f79b116eb218
2026-03-14,id,Indonesia,49,3,Tenang,Judika; Andi Rianto,5fS7aONqrIhiw6YzgKVOsd; 4yRVdMqPrguKBFwZYpmke0,1TMvBhqekWmWJSxpmUMgFz,https://i.scdn.co/image/ab67616d00001e0226160f394d075ef36b4c443b
2026-03-14,id,Indonesia,50,8,Di Ujung Jalan,SAMSONS,6HHje5tfmzWK8PsSaoJ9Xp,70GUGyk1sJYFTqZpSJj2KM,https://i.scdn.co/image/ab67616d00001e0217f5145bfb22a8ca721c6812
2026-03-14,id,Indonesia,51,4,Surat Cinta Untuk Starla,Virgoun,4bAgr9zaF0bpzVGHdHuf0f,5o6StwqqVfG3vRLx8UP310,https://i.scdn.co/image/ab67616d00001e026c9259b10efeeb8521db5750
2026-03-14,id,Indonesia,52,6,Anugerah Terindah,Andmesh,6IDsZZ4IHgs9VblBgQQSmt,6gjkHuMOR0CrN7Vb2NoEdg,https://i.scdn.co/image/ab67616d00001e023b83fd19945daf89d7cbfc00
2026-03-14,id,Indonesia,53,2,Hati-Hati di Jalan,Tulus,2iDVt6mFbtbDEZG5ax0dTi,2hHeGD57S0BcopfVcmehdl,https://i.scdn.co/image/ab67616d00001e02d34a0632f6861e8875d6899b
2026-03-14,id,Indonesia,54,15,Di Akhir Perang,Nadin Amizah,20zafXaLhm5IcXnSU93rNn,1tqPw8Hf88h24Bpt2SzuYE,https://i.scdn.co/image/ab67616d00001e0294847679fe7b10e27d9803f5
2026-03-14,id,Indonesia,55,2,Merindumu lagi,Khifnu,7eKNo6fozgNsKThGC40ol7,69Qo7v0lcQucfMIzu1nCVd,https://i.scdn.co/image/ab67616d00001e02bae1263824544273f7a30e10
2026-03-14,id,Indonesia,56,6,TABOLA BALE,Silet Open Up; Jacson Seran; Juan Reza; Diva Aurel,5naPJsWUJ6y22yKXA6dX36; 7sGSFhUe26nmXPxw3KuXrj; 0eYCIajsbVsMjVUIkcomIY; 5aOpLMYo7aOOxoXBFkiJ4u,7mqG8I1JG0iQAejC53qpbU,https://i.scdn.co/image/ab67616d00001e02f6f7d0c06b8b2bd22ba3eae4
2026-03-14,id,Indonesia,57,3,Teganya Kau,Lyodra,6Sv2jkzH9sWQjwghW5ArMG,7BVtNEGHh8O2kLyciokFyl,https://i.scdn.co/image/ab67616d00001e02ab5d3c815265b9b11b51ed86
2026-03-14,id,Indonesia,58,5,Tak Kan Hilang,Budi Doremi,6Ifk2cbxyVzT41jLexYCas,1USA6DXJ1qsucoKnDu4vnu,https://i.scdn.co/image/ab67616d00001e02f7e5af48832abc7234153e0f
2026-03-14,id,Indonesia,59,3,Lantas,Juicy Luicy,3tMTXQyRrPmMyHv5SoC0TV,1ZPVEo8RfmrEz8YAD5n6rW,https://i.scdn.co/image/ab67616d00001e02b1d3ef29ee15a18842973471
2026-03-14,id,Indonesia,60,12,Titik Nadir (feat. Monita Tahalea),Kahitna; Monita Tahalea,2WhoMc7XqIzVXWbQqSoqe7; 1xQXTnhREkLm14Wvrogo1g,52m690jqpxP1tHHkRNdl5p,https://i.scdn.co/image/ab67616d00001e025cfcb24701901b0e53ce4fae
2026-03-14,id,Indonesia,61,5,Tapi Bukan Aku,Kerispatih,73OtDyghUEJ9QfGtu1pkaJ,0BrH4b7su9uLELM1h5Xlzw,https://i.scdn.co/image/ab67616d00001e024986516d6ce56f0d19cdc41d
2026-03-14,id,Indonesia,62,5,Resah Jadi Luka,Daun Jatuh,3EaScgA3zh2rORlbrAL8RI,2sULdMKWdBdK2ZtntuFvSb,https://i.scdn.co/image/ab67616d00001e0226458812554408283d9e2bd1
2026-03-14,id,Indonesia,63,26,Jatuh Suka,Tulus,2iDVt6mFbtbDEZG5ax0dTi,6PqWdGIYq5xdLaa4zCZfRp,https://i.scdn.co/image/ab67616d00001e02d34a0632f6861e8875d6899b
2026-03-14,id,Indonesia,64,6,SENCY,dia; Tenxi,6WgjNWwGACXaBy7NZripBu; 6vP4azTCk053nGL0xAYnVH,1vUQYZpgqGrQVEOxk3JuSU,https://i.scdn.co/image/ab67616d00001e02bc6ee0a7c05af5d905d9a7ac
2026-03-14,id,Indonesia,65,–,Kasih Putih,Yovie Widianto; Glenn Fredly,7Ln5yumFjHCkeZ8bAzHUcp; 4rUYk0fV0Z4pOtwVbEAyK9,2sjA4DTYveWwXo9aC62vWd,https://i.scdn.co/image/ab67616d00001e021ce2ae44de421c5852ef7eeb
2026-03-14,id,Indonesia,66,11,"o,Tuan",.Feast,7Gy1PxqrgsiqWF6JNYPHeB,2WXXgjU6foIi4FBIPDMf9t,https://i.scdn.co/image/ab67616d00001e02c800b90e2092a5328f699117
2026-03-14,id,Indonesia,67,20,"Masa ini, Nanti, dan Masa Indah Lainnya",Nuca,5x3nSujruZLuB6xBicI6Ai,3TTZfjYqhTowNALncAmY5v,https://i.scdn.co/image/ab67616d00001e0272efdd27a433732ba1ab6269
2026-03-14,id,Indonesia,68,15,Evaluasi,Hindia,51kyrUsAVqUBcoDEMFkX12,2dIBMHByUGcNPzmYBJ6OAj,https://i.scdn.co/image/ab67616d00001e02d623688488865906052ef96b
2026-03-14,id,Indonesia,69,5,Kasih Aba Aba,Naykilla; Tenxi; Jemsii,79omf4LgzaVAnXIRWPkJUq; 6vP4azTCk053nGL0xAYnVH; 5PTw7KmM8c9QfBjU5caHWs,5rhwXZP0luMucnEPnYJpbI,https://i.scdn.co/image/ab67616d00001e028afa25403ff8a518ee7a9f94
2026-03-14,id,Indonesia,70,10,Sorai,Nadin Amizah,20zafXaLhm5IcXnSU93rNn,3ymuBMTviroWLuf1jMsMVf,https://i.scdn.co/image/ab67616d00001e027d6b0a5ae92793f5d21be67a
2026-03-14,id,Indonesia,71,12,Sailor Song,Gigi Perez,1iCnM8foFssWlPRLfAbIwo,21IYMdzTrzSe191Cy5eMap,https://i.scdn.co/image/ab67616d00001e0249c26270052e1671add569c1
2026-03-14,id,Indonesia,72,7,Mencintaimu,Sal Priadi,1NjxFrpEGZTV2Ny0OJxeWu,26aNjbOgTVrFZEx7was69A,https://i.scdn.co/image/ab67616d00001e02489cd3228dbaa5552e5ed8c9
2026-03-14,id,Indonesia,73,69,Mengenangmu,Kerispatih,73OtDyghUEJ9QfGtu1pkaJ,6l9L0ssWzD5XI1aJgVFpaS,https://i.scdn.co/image/ab67616d00001e024986516d6ce56f0d19cdc41d
2026-03-14,id,Indonesia,74,6,Soulmate,Kahitna,2WhoMc7XqIzVXWbQqSoqe7,1rwGbGLDE0AkaH1UgUbufL,https://i.scdn.co/image/ab67616d00001e027f1ff8e8be3727f0c362ba06
2026-03-14,id,Indonesia,75,15,WILDFLOWER,Billie Eilish,6qqNVTkY8uBg9cP3Jd7DAH,3QaPy1KgI7nu9FJEQUgn6h,https://i.scdn.co/image/ab67616d00001e0271d62ea7ea8a5be92d3c1f62
2026-03-14,id,Indonesia,76,10,Semua Aku Dirayakan,Nadin Amizah,20zafXaLhm5IcXnSU93rNn,4rcuS31IcZynp91dqvmhmA,https://i.scdn.co/image/ab67616d00001e0294847679fe7b10e27d9803f5
2026-03-14,id,Indonesia,77,24,Kenangan Terindah,SAMSONS,6HHje5tfmzWK8PsSaoJ9Xp,5TtmfZaNSYEcTR49cureT0,https://i.scdn.co/image/ab67616d00001e02607aaef4f806cb926096f1ae
2026-03-14,id,Indonesia,78,3,Kita Ke Sana,Hindia,51kyrUsAVqUBcoDEMFkX12,5DqSZFvWvSWg5eyCDi0CuW,https://i.scdn.co/image/ab67616d00001e0249bdf0e981cbba25d48b44e0
2026-03-14,id,Indonesia,79,3,Untuk Mencintaimu,Seventeen,5uUb3J6HqLhBWwzuh84LUZ,04tvOIuyk8y0QVA8Ta0UOd,https://i.scdn.co/image/ab67616d00001e02b9f510504efb5b8109708b71
2026-03-14,id,Indonesia,80,7,Secukupnya,Hindia,51kyrUsAVqUBcoDEMFkX12,5drW6PGRxkE6MxttzVLNk5,https://i.scdn.co/image/ab67616d00001e02d623688488865906052ef96b
2026-03-14,id,Indonesia,81,4,mejikuhibiniu,Tenxi; Suisei; Jemsii,6vP4azTCk053nGL0xAYnVH; 2Iw3yPRqjz5Xh4veKj7oqi; 5PTw7KmM8c9QfBjU5caHWs,13KXgSl4vs7h8y2G7V6GrB,https://i.scdn.co/image/ab67616d00001e02ebdd8446bacd87dc7796cede
2026-03-14,id,Indonesia,82,11,Bila Kau Tak Disampingku,Sheila On 7,6q87vizIEdEN4NvlR6mjfT,1ylY6UrF7cmOZ9GDOxrfk8,https://i.scdn.co/image/ab67616d00001e02e8d4f0596d66ccbe5241918d
2026-03-14,id,Indonesia,83,5,Bintang 5,Tenxi; Jemsii,6vP4azTCk053nGL0xAYnVH; 5PTw7KmM8c9QfBjU5caHWs,0HoWTALX2BktSIrSmflWSP,https://i.scdn.co/image/ab67616d00001e02ebdd8446bacd87dc7796cede
2026-03-14,id,Indonesia,84,23,It Will Rain,Bruno Mars,0du5cEVh5yTK9QJze8zA0C,4rMNgxEwGWoPHIUcvB5BrB,https://i.scdn.co/image/ab67616d00001e02dec2e6bae5062b94fc4eeb84
2026-03-14,id,Indonesia,85,4,Alamak,Rizky Febian; Adrian Khalif,28DdkLhrzQNizZ0ExQpyku; 6X28gNASnalAWseUA8uI4X,1vkwlZncsYqFukl2Q7M6Fe,https://i.scdn.co/image/ab67616d00001e0201b9750a33d771645d7f043a
2026-03-14,id,Indonesia,86,1,Locked out of Heaven,Bruno Mars,0du5cEVh5yTK9QJze8zA0C,5g7sDjBhZ4I3gcFIpkrLuI,https://i.scdn.co/image/ab67616d00001e02926f43e7cce571e62720fd46
2026-03-14,id,Indonesia,87,69,Kau Masih Kekasihku,NaFF,1ryXwlpQNzkSCfU685Ftx5,3rpwAgSsnId9fCoogNeJCt,https://i.scdn.co/image/ab67616d00001e023fdee3a1eae6c6ecffdeadc3
2026-03-14,id,Indonesia,88,12,Sesi Potret,eńau; Ari Lesmana,0agUNq8PH1QSgm88EuhM1u; 3MMDw11m6HJrXlGOE3honc,4xoY4lZNoTjEuHsSmhgF1G,https://i.scdn.co/image/ab67616d00001e02172768978c7f929803ad7e8b
2026-03-14,id,Indonesia,89,4,End of Beginning,Djo,5p9HO3XC5P3BLxJs5Mtrhm,3qhlB30KknSejmIvZZLjOD,https://i.scdn.co/image/ab67616d00001e02fddfffec51b4580acae727c1
2026-03-14,id,Indonesia,90,1,Ngapain Repot,Toton Caribo; Wizz Baker; Fresly Nikijuluw,0v1axjG0KwIz3aciZffFMu; 4PUHVTv6waMpd1JUP7G6n2; 27CTGmSgvs2cUMSErJ1Thc,0wCxlKwweymeu2AOIeUjeM,https://i.scdn.co/image/ab67616d00001e02b4232431c889170a062edb21
2026-03-14,id,Indonesia,91,7,Multo,Cup of Joe,61nn6nOoLWjVC1ER2qFAvN,5tlb0AxuzsMWL2GtEppXGX,https://i.scdn.co/image/ab67616d00001e0285a7fd707d00e5d255807add
2026-03-14,id,Indonesia,92,2,Cinta Terakhir,Ari Lasso,1sqYIwXAmhrcSTsYmsTFAr,7gB98EWp4p9VKxOToaqrhM,https://i.scdn.co/image/8dfcae75cf6322f4996dafc5a47f51a65238bda3
2026-03-14,id,Indonesia,93,15,Untuk Perempuan Yang Sedang Di Pelukan,Payung Teduh,2Ooa3TrmlskyBftzenv6xQ,0urpBLpcm6DOGzs86rcKd8,https://i.scdn.co/image/ab67616d00001e028ee03809d40edb632fadd3c0
2026-03-14,id,Indonesia,94,2,You'll Be in My Heart,NIKI,2kxP07DLgs4xlWz8YHlvfh,1UPB5rYJ0bzn6mNSoAHrZC,https://i.scdn.co/image/ab67616d00001e027cd329ea4a204a8a47caf3d5
2026-03-14,id,Indonesia,95,12,Kangen,Dewa 19,48bKH1ugFBhERC1rdojP9d,3ZyMRe0jlSqffPBMeHUZFX,https://i.scdn.co/image/ab67616d00001e0269222d0908ecf5d22cc9d960
2026-03-14,id,Indonesia,96,6,Firasat,Marcell,0JvUFDnuWPbuyRa6ptVkLk,3cHjFfvxo7ZIz9Px32V9aA,https://i.scdn.co/image/ab67616d00001e02df28df674016bb665fec81ef
2026-03-14,id,Indonesia,97,2,Backburner,NIKI,2kxP07DLgs4xlWz8YHlvfh,4x2PkqSLtuwv53hLqq4GiY,https://i.scdn.co/image/ab67616d00001e0289aa3d00d339b8948374782b
2026-03-14,id,Indonesia,98,28,Tanpa Cinta,Yovie & Nuno,3DHOtJqv0Bw65ENlK4FiSF,0qjuyXWrksQxIRntqz9ZJV,https://i.scdn.co/image/ab67616d00001e020b43cd27d3f8ab7e3b9069a8
2026-03-14,id,Indonesia,99,9,Hujan,Utopia,4oAZA3aniPjL9XINSvj7VP,30nitOpjzC3rV54QbLHTV8,https://i.scdn.co/image/a76ce2e55a7068f16a78cbbbb38b509088f36800
2026-03-14,id,Indonesia,100,40,Abadi - Indo Version,Dendi Nata,509YLwDnYeTaVfX0Kl6Jdn,2d49CYzYWkjPawTzcR7Z5z,https://i.scdn.co/image/ab67616d00001e0254afdd66acda854318e75df2
2026-03-14,id,Indonesia,101,1,I Thought I Saw Your Face Today,She & Him,3CIRif6ZAedT7kZSPvj2A4,0myRViRgmQ3J8izICXEAVO,https://i.scdn.co/image/ab67616d00001e02a47c6d8a934b4833c0916cc9
2026-03-14,id,Indonesia,102,6,BIRDS OF A FEATHER,Billie Eilish,6qqNVTkY8uBg9cP3Jd7DAH,6dOtVTDdiauQNBQEDOtlAB,https://i.scdn.co/image/ab67616d00001e0271d62ea7ea8a5be92d3c1f62
2026-03-14,id,Indonesia,103,3,Who Knows,Daniel Caesar,20wkVLutqVOYrc0kxFs7rA,6DH13QYXK7lKkYHSU88N48,https://i.scdn.co/image/ab67616d00001e022bad6e56e77d5bef0aa3f2dc
2026-03-14,id,Indonesia,104,6,Kita Usahakan Lagi,Batas Senja,4AhHkaGz7W2bKKJK90IaV2,1wfbqUSPWbnPjkiBA9UmoF,https://i.scdn.co/image/ab67616d00001e02246e30c4bef2c5336465aca7
2026-03-14,id,Indonesia,105,–,RUDE!,Hearts2Hearts,1ZLU77nRzQIaP23mVSYpCQ,0WA27lZzPKFJKAbiDRmQDc,https://i.scdn.co/image/ab67616d00001e02d505bec2fbfee5857725d333
2026-03-14,id,Indonesia,106,9,When I Was Your Man,Bruno Mars,0du5cEVh5yTK9QJze8zA0C,0B7wvvmu9EISAwZnOpjhNI,https://i.scdn.co/image/ab67616d00001e02926f43e7cce571e62720fd46
2026-03-14,id,Indonesia,107,11,Ngga Dulu,Akbar Chalay; Zynakal; ciloqciliq,0dIJRlr9m4hUwdBYmKUTjW; 3Cs5QQYz6pMhbEKaBNCtfi; 3zcke1TsWc6mZhzB1BCC9T,3c3JC5TjFrEqEKheU7227c,https://i.scdn.co/image/ab67616d00001e029e607297510b0d097867caf4
2026-03-14,id,Indonesia,108,8,L,Halstage,5vTG3EyFrsARtIGDWZNRzu,3aClK9EBpl7QeYEuOq1eMI,https://i.scdn.co/image/ab67616d00001e024e540197973e1e46eedc06c7
2026-03-14,id,Indonesia,109,2,The Fate of Ophelia,Taylor Swift,06HL4z0CvFAxyc27GXpf02,53iuhJlwXhSER5J2IYYv1W,https://i.scdn.co/image/ab67616d00001e02d7812467811a7da6e6a44902
2026-03-14,id,Indonesia,110,12,Tak Ada Ujungnya,Rony Parulian,13y29W8mEcA2gKqUr1SPLJ,12clal6pCQGwrFWQ5TccDN,https://i.scdn.co/image/ab67616d00001e0257124131195ac118b99d2042
2026-03-14,id,Indonesia,111,8,Sadrah,For Revenge,0f6TyESD8E1mD2oLJ4TGv1,0G274Cn7Z8olJVHBqG4wpL,https://i.scdn.co/image/ab67616d00001e02bf09e5d5661fe469bdf8e622
2026-03-14,id,Indonesia,112,15,Night Changes,One Direction,4AK6F7OLvEQ5QYCBNiQWHq,5O2P9iiztwhomNh8xkR9lJ,https://i.scdn.co/image/ab67616d00001e0234a29f220057810cce98e1b4
2026-03-14,id,Indonesia,113,–,Penyangkalan,For Revenge,0f6TyESD8E1mD2oLJ4TGv1,5BEaISZ1DicXxN6DJ5kdtg,https://i.scdn.co/image/ab67616d00001e02bf09e5d5661fe469bdf8e622
2026-03-14,id,Indonesia,114,5,Pura Pura Lupa,Mahen,5Ag6luL11YrL1Znq0xsVuh,48x5fpsRMinILFWmbidU10,https://i.scdn.co/image/ab67616d00001e02a1d20ea063bdfe3f4989bdee
2026-03-14,id,Indonesia,115,16,Jiwa Yang Bersedih,Ghea Indrawari,3qL7BzwJOXq3EzAio36aLX,0sV01d2keik5bwCuW9EQpk,https://i.scdn.co/image/ab67616d00001e029798fbe1bd1cdf2915bd0394
2026-03-14,id,Indonesia,116,4,Die With A Smile,Lady Gaga; Bruno Mars,1HY2Jd0NmPuamShAr6KMms; 0du5cEVh5yTK9QJze8zA0C,7so0lgd0zP2Sbgs2d7a1SZ,https://i.scdn.co/image/ab67616d00001e02b0860cf0a98e09663c82290c
2026-03-14,id,Indonesia,117,–,Raindance (feat. Tems),Dave; Tems,6Ip8FS7vWT1uKkJSweANQK; 687cZJR45JO7jhk1LHIbgq,3oTuTpF1F3A7rEC6RKsMRz,https://i.scdn.co/image/ab67616d00001e02fecaa7826bb0cbe139a8cb83
2026-03-14,id,Indonesia,118,3,Payphone,Maroon 5; Wiz Khalifa,04gDigrS5kc9YWfZHwBETP; 137W8MRPWKqSmrBGDBFSop,1XGmzt0PVuFgQYYnV2It7A,https://i.scdn.co/image/ab67616d00001e02fc8633e22a7dba6aab817bff
2026-03-14,id,Indonesia,119,15,Ini Abadi,Perunggu,0NbKRRBuiIUwS9irPvi7wD,6v5RJuJ9yhvaXkMXMeMZBw,https://i.scdn.co/image/ab67616d00001e022f6309d853e9a87b7ccb08a1
2026-03-14,id,Indonesia,120,12,Demi Cinta,Kerispatih,73OtDyghUEJ9QfGtu1pkaJ,2SscarnRY3zdkORvPu9JGZ,https://i.scdn.co/image/ab67616d00001e02899fb8089df3acdc70fc2459
2026-03-14,id,Indonesia,121,2,Tak Segampang Itu,Anggi Marito,1JvbNeV9zG9Sew1JyaWsyx,0Y0xIGcTjb5EFHHYrJIGIk,https://i.scdn.co/image/ab67616d00001e02a1d74b65a15714b66bcc6cb5
2026-03-14,id,Indonesia,122,7,Membasuh,Hindia; Rara Sekar,51kyrUsAVqUBcoDEMFkX12; 6mJII5SJlWEYnf7DY4Uywl,3CBxVM0zGj41BQtE6m7gwb,https://i.scdn.co/image/ab67616d00001e02d623688488865906052ef96b
2026-03-14,id,Indonesia,123,16,Terlalu Lama,Vierra,1WX2v0BiEW19Vw7xmznLdZ,64004K6OpNt3gI3LtXYC7n,https://i.scdn.co/image/ab67616d00001e0218c5ae00eb3bee52e169d232
2026-03-14,id,Indonesia,124,19,Iris,The Goo Goo Dolls,2sil8z5kiy4r76CRTXxBCA,6Qyc6fS4DsZjB2mRW9DsQs,https://i.scdn.co/image/ab67616d00001e02eda9478c39a21e1cdc6609ca
2026-03-14,id,Indonesia,125,11,Andai Aku Bisa,Chrisye,2NteKKMj3takKR3ABTd279,6mmVZerWyj5gO83hSpeZJG,https://i.scdn.co/image/ab67616d00001e02604a25ca6825471b4a74b69d
2026-03-14,id,Indonesia,126,15,Send My Love (To Your New Lover),Adele,4dpARuHxo51G3z768sgnrY,563SfWAHJs4FBZMkRN0IFN,https://i.scdn.co/image/ab67616d00001e027b9888dc365b8f957c63df14
2026-03-14,id,Indonesia,127,47,Takkan Terganti,Marcell,0JvUFDnuWPbuyRa6ptVkLk,0T4t1PywlNmJGcveGH5spB,https://i.scdn.co/image/ab67616d00001e025f95864c2e8b42d4253b90db
2026-03-14,id,Indonesia,128,8,Garam & Madu (Sakit Dadaku),Tenxi; Naykilla; Jemsii,6vP4azTCk053nGL0xAYnVH; 79omf4LgzaVAnXIRWPkJUq; 5PTw7KmM8c9QfBjU5caHWs,3jJkB9wdKpwxnkjgUBnE4c,https://i.scdn.co/image/ab67616d00001e02ebdd8446bacd87dc7796cede
2026-03-14,id,Indonesia,129,19,Aku Yang Jatuh Cinta,Dudy Oris,6YPfs6tdZXvnlzgZNU3SYT,1NFUHFlL8UbyIiwxDfbokL,https://i.scdn.co/image/ab67616d00001e02b37f9f71cadcc9c8aa2af290
2026-03-14,id,Indonesia,130,14,Separuh Aku,Noah,31aMmlq8isIAgojvmIwiS4,4sJmv194lQKWjytpaxH1Vj,https://i.scdn.co/image/ab67616d00001e02ef9c61634ef59e7ee439dacc
2026-03-14,id,Indonesia,131,4,Interaksi,Tulus,2iDVt6mFbtbDEZG5ax0dTi,32Pdf9eyXDEMoClEJW6yYP,https://i.scdn.co/image/ab67616d00001e02d34a0632f6861e8875d6899b
2026-03-14,id,Indonesia,132,16,EEEE A,dia,6WgjNWwGACXaBy7NZripBu,4h07ne6Xf5AaCIGkrgNq1i,https://i.scdn.co/image/ab67616d00001e02bc6ee0a7c05af5d905d9a7ac
2026-03-14,id,Indonesia,133,36,Satu Bulan,Bernadya,47z98pKd71yIbgXwe9LPVC,7zOVh5fGpEwSbZd0g9z80B,https://i.scdn.co/image/ab67616d00001e02cb1e5f7d0942bf9196c1e711
2026-03-14,id,Indonesia,134,45,Kelingan Mantan,NDX A.K.A.,1IDBhlpDyKr53UKKxXRHXD,3w09eeWmgkLz5BISaqcpgm,https://i.scdn.co/image/ab67616d00001e02d5d3451105870cb1e065160f
2026-03-14,id,Indonesia,135,3,"Berdansalah, Karir Ini Tak Ada Artinya",Hindia,51kyrUsAVqUBcoDEMFkX12,2SmKwCCSiUTjtR8I8rv6MS,https://i.scdn.co/image/ab67616d00001e0249bdf0e981cbba25d48b44e0
2026-03-14,id,Indonesia,136,37,Kata Mereka Ini Berlebihan,Bernadya,47z98pKd71yIbgXwe9LPVC,6wj06az0WX7fClA2w319dO,https://i.scdn.co/image/ab67616d00001e0227693aaf059002bba3a7655a
2026-03-14,id,Indonesia,137,15,Orang Baru Lebe Gacor,Ecko Show; Juan Reza; Chesylino,3oh5PUaDZkd57Yp1jsA6gp; 1BHC0jEJgDvNXlLhojMUbf; 3LgpEnxGl51dSvzKJTNPNR,3dANqzstXrnHIUh1r7JrGZ,https://i.scdn.co/image/ab67616d00001e02622fbb59811af65db39560a9
2026-03-14,id,Indonesia,138,42,Risalah Hati,Pamungkas,7d86ERlvO5UG44j7Va0Y0C,0pDVCQpK0jAjhWYrzrz91x,https://i.scdn.co/image/ab67616d00001e02e15ac0d90ad533c2dc21008a
2026-03-14,id,Indonesia,139,14,Ruang Baru,Barsena Bestandhi,5vZpfzIdyiutGngkSKEb8i,3XHiujhh7sB8tTCwtI6YEI,https://i.scdn.co/image/ab67616d00001e021492171cba5bd7087eb9fa94
2026-03-14,id,Indonesia,140,7,Mesra-mesraannya kecil-kecilan dulu,Sal Priadi,1NjxFrpEGZTV2Ny0OJxeWu,1NzyVlr2fOWOfigbwDabme,https://i.scdn.co/image/ab67616d00001e02686acaaa87bfc6ebb42b3bd2
2026-03-14,id,Indonesia,141,7,Talking to the Moon,Bruno Mars,0du5cEVh5yTK9QJze8zA0C,161DnLWsx1i3u1JT05lzqU,https://i.scdn.co/image/ab67616d00001e027039c1c841fc3dfa2ad8a0d8
2026-03-14,id,Indonesia,142,28,Tak Ingin Usai,Keisya Levronka,4EiSzlOeMnJcp2U8ayCQ3a,0OHr74BS1CEwyZsyY9kml2,https://i.scdn.co/image/ab67616d00001e02d640e180e7cb9909fc3d4092
2026-03-14,id,Indonesia,143,18,iqro',Raim Laode,5LcNPa8f8bRmZqELgoRFkN,1w0tQpNChqgM7oBWsV3erJ,https://i.scdn.co/image/ab67616d00001e02a9d1f9b5d3275b0625e13e79
2026-03-14,id,Indonesia,144,10,Rayuan Perempuan Gila,Nadin Amizah,20zafXaLhm5IcXnSU93rNn,0zAtj0BEvpulETGrk95NPQ,https://i.scdn.co/image/ab67616d00001e0294847679fe7b10e27d9803f5
2026-03-14,id,Indonesia,145,8,Photograph,Ed Sheeran,6eUKZXaKkcviH0Ku9w2n3V,6fxVffaTuwjgEk5h9QyRjy,https://i.scdn.co/image/ab67616d00001e0213b3e37318a0c247b550bccd
2026-03-14,id,Indonesia,146,18,So Easy (To Fall In Love),Olivia Dean,00x1fYSGhdqScXBRpSj3DW,6sGIMrtIzQjdzNndVxe397,https://i.scdn.co/image/ab67616d00001e029a336bfb6d40bbd90a507417
2026-03-14,id,Indonesia,147,17,"Berakhir di Aku - Original Soundtrack From ""Home Sweet Loan""",Idgitaf,7pFWMC2E7h8eL3SZyHRsRq,3KcfLN50nMGR4uH1T0QVxL,https://i.scdn.co/image/ab67616d00001e024ae1c2813cfa6d10c73f4661
2026-03-14,id,Indonesia,148,15,Cinnamon Girl,Lana Del Rey,00FQb4jTyendYWaN8pK0wa,2mdEsXPu8ZmkHRRtAdC09e,https://i.scdn.co/image/ab67616d00001e02879e9318cb9f4e05ee552ac9
2026-03-14,id,Indonesia,149,4,Januari,Glenn Fredly,4rUYk0fV0Z4pOtwVbEAyK9,3h3BXv7Iq5CTTiN9CHgkNe,https://i.scdn.co/image/ab67616d00001e02a408bda7831f7e7ec050ba32
2026-03-14,id,Indonesia,150,8,Kebutuhan Hati,Kaleb J,3sMsWkApnc6yPyMUsNHQlb,5IpsVW4bsFjOTX1I96KiIJ,https://i.scdn.co/image/ab67616d00001e02a283d3ac66cf68f434ffcaa7
2026-03-14,id,Indonesia,151,28,Bunga Abadi,Rio Clappy,16B3ICSQCPu4C6L5TEHXQe,4HtnRLeRu7N7sTGtwOvdjY,https://i.scdn.co/image/ab67616d00001e0276d805fb6b4fdb20b348b0e1
2026-03-14,id,Indonesia,152,28,Gala bunga matahari,Sal Priadi,1NjxFrpEGZTV2Ny0OJxeWu,5eBk8ZXcd0pb0AO4a5PpOg,https://i.scdn.co/image/ab67616d00001e02686acaaa87bfc6ebb42b3bd2
2026-03-14,id,Indonesia,153,4,I Wanna Be Yours,Arctic Monkeys,7Ln80lUS6He07XvHI8qqHH,5XeFesFbtLpXzIVDNQP22n,https://i.scdn.co/image/ab67616d00001e024ae1c4c5c45aabe565499163
2026-03-14,id,Indonesia,154,1,Rasa ini,Vierra,1WX2v0BiEW19Vw7xmznLdZ,5NVPptNO7R25ERR1pM7GOz,https://i.scdn.co/image/ab67616d00001e02bdc17798be456d9e4ad28dc0
2026-03-14,id,Indonesia,155,14,Ours To Keep,Kendis; adis,5HLrlI5LdULY9s740CsAFZ; 0VuHd7oPpsTBa4Bd4LYyOs,7dYCEAlx57P9Cv4inX7ckM,https://i.scdn.co/image/ab67616d00001e0255ef6f780167954cf1259c8e
2026-03-14,id,Indonesia,156,26,Janji Setia,Tiara Andini,0kPb52ySN2k9P6wEZPTUzm,1AoBdDIOp6RFjAbzcPbWi8,https://i.scdn.co/image/ab67616d00001e02937d621f0025409ee44285d1
2026-03-14,id,Indonesia,157,31,Tampar,Juicy Luicy,3tMTXQyRrPmMyHv5SoC0TV,1csKczcJqOSdK8JriLMpDW,https://i.scdn.co/image/ab67616d00001e02fadca79809c06f6afe7de0d9
2026-03-14,id,Indonesia,158,9,Amin Paling Serius,Sal Priadi; Nadin Amizah,1NjxFrpEGZTV2Ny0OJxeWu; 20zafXaLhm5IcXnSU93rNn,1q1dsfckKMgjfr8DfdeKfs,https://i.scdn.co/image/ab67616d00001e0283b0105f3ea493fcf0da7443
2026-03-14,id,Indonesia,159,3,Love Me Not,Ravyn Lenae,5RTLRtXjbXI2lSXc6jxlAz,4WFgvKVfEhb3IUAFGrutTR,https://i.scdn.co/image/ab67616d00001e020e62daaea2c7b94053e1c142
2026-03-14,id,Indonesia,160,Re-Entry,Hapus Aku,Nidji,4sEWznAKWWNcicTuLxzb6d,0gwOixLwtjRpnC52W7aHYR,https://i.scdn.co/image/ab67616d00001e02706b70b10dfbf83dd4b1e7d8
2026-03-14,id,Indonesia,161,Re-Entry,Cinta Sejati - Remastered 2024,Bunga Citra Lestari,30qVSJGhPhrZLKG0H9DMA9,6rFCBIXeCU0xyhMsw8NsF0,https://i.scdn.co/image/ab67616d00001e0270e16648de8862370538b704
2026-03-14,id,Indonesia,162,17,Rahasia Hati - Remastered 2023,Element,053tL050frPJyo9lPXTUFb,2ZzsUu74KQFwnkBIOryp0d,https://i.scdn.co/image/ab67616d00001e029fc054f6018d3f633b8ed765
2026-03-14,id,Indonesia,163,4,terima kasih,Halstage,5vTG3EyFrsARtIGDWZNRzu,2m1ozXAKFam3YQXRPDnEfE,https://i.scdn.co/image/ab67616d00001e027c535da8b21c3a5c055b4202
2026-03-14,id,Indonesia,164,13,Just the Way You Are,Bruno Mars,0du5cEVh5yTK9QJze8zA0C,7BqBn9nzAq8spo5e7cZ0dJ,https://i.scdn.co/image/ab67616d00001e027039c1c841fc3dfa2ad8a0d8
2026-03-14,id,Indonesia,165,45,Bunga Maaf,The Lantis,1REvGGP2H7cFLGZgK2sStO,26KhLgFuPymkm1uiZkc6Rv,https://i.scdn.co/image/ab67616d00001e027536908067a37708c3f5ff35
2026-03-14,id,Indonesia,166,20,Taruh,Nadin Amizah,20zafXaLhm5IcXnSU93rNn,6Dh1zHQjEaOp29VW9pp3xG,https://i.scdn.co/image/ab67616d00001e026d57a5c60decaa8fb39d5afb
2026-03-14,id,Indonesia,167,5,Kesepian,Vierra,1WX2v0BiEW19Vw7xmznLdZ,5oy5qoCYSSsf3nOEe9aIYZ,https://i.scdn.co/image/ab67616d00001e0218c5ae00eb3bee52e169d232
2026-03-14,id,Indonesia,168,Re-Entry,Hingga Tua Bersama,Rizky Febian,28DdkLhrzQNizZ0ExQpyku,5b0NpyYAwW2dUGL08ir7Bg,https://i.scdn.co/image/ab67616d00001e02f509f90237f643397e920dc3
2026-03-14,id,Indonesia,169,22,Kasih Tau Mama (Malam Minggu),Rombongan Bodonk Koplo,4lMaxyOo5D7cOWzv2wiRZs,3egqzae8XAs7VXIb1ikB4I,https://i.scdn.co/image/ab67616d00001e02e7b989cb06b6ba8efec00c04
2026-03-14,id,Indonesia,170,18,Usik,Feby Putri,66NmU5epI0ONGmdCRbLpmW,5GgRntbjr23OK9MMST02di,https://i.scdn.co/image/ab67616d00001e02b43accd449468d819918efea
2026-03-14,id,Indonesia,171,11,Ku Dengannya Kau Dengan Dia,Afgan,4cgBCGxtlfap2g6jveB7du,0VIXM6mZk93jCKa3Exud4m,https://i.scdn.co/image/ab67616d00001e02580cb6990095fd6fe5976fec
2026-03-14,id,Indonesia,172,1,Sialan,Adrian Khalif; Juicy Luicy,6X28gNASnalAWseUA8uI4X; 3tMTXQyRrPmMyHv5SoC0TV,6cChz3Pak7UtjuVJJRZmCm,https://i.scdn.co/image/ab67616d00001e029670851bed73df294eee9111
2026-03-14,id,Indonesia,173,2,Fix You,Coldplay,4gzpq5DPGxSnKTe4SA8HAU,7LVHVU3tWfcxj5aiPFEW4Q,https://i.scdn.co/image/ab67616d00001e024e0362c225863f6ae2432651
2026-03-14,id,Indonesia,174,13,we can't be friends (wait for your love),Ariana Grande,66CXWjxzNUsdJxJ2JdwvnR,51ZQ1vr10ffzbwIjDCwqm4,https://i.scdn.co/image/ab67616d00001e028b58d20f1b77295730db15b4
2026-03-14,id,Indonesia,175,9,The Night We Met,Lord Huron,6ltzsmQQbmdoHHbLZ4ZN25,5yJaXWIErrrsjQ3J0eR5aK,https://i.scdn.co/image/ab67616d00001e02b4916183f769aca218acb85f
2026-03-14,id,Indonesia,176,Re-Entry,Rewrite The Stars (with James Arthur & Anne-Marie),James Arthur; Anne-Marie,4IWBUUAFIplrNtaOHcJPRM; 1zNqDE7qDGCsyzJwohVaoX,6mQLN3zRtAp6ovjusyYKrV,https://i.scdn.co/image/ab67616d00001e02fdcd66dc526a25e1555ae81d
2026-03-14,id,Indonesia,177,4,semua lagu cinta terdengar sama,Hindia,51kyrUsAVqUBcoDEMFkX12,63VnhcHMnTPCcd24oVajL6,https://i.scdn.co/image/ab67616d00001e0205898628baab6ef07a0a4d03
2026-03-14,id,Indonesia,178,15,Let Down,Radiohead,4Z8W4fKeB5YxbusRsdQVPb,2fuYa3Lx06QQJAm0MjztKr,https://i.scdn.co/image/ab67616d00001e02c8b444df094279e70d0ed856
2026-03-14,id,Indonesia,179,Re-Entry,Berubah,Tenxi; Jemsii,6vP4azTCk053nGL0xAYnVH; 5PTw7KmM8c9QfBjU5caHWs,4qRYdvt8ldAQAPUJwkt7La,https://i.scdn.co/image/ab67616d00001e02ebdd8446bacd87dc7796cede
2026-03-14,id,Indonesia,180,2,Shape of My Heart,Backstreet Boys,5rSXSAkZ67PYJSvpUpkOr7,35o9a4iAfLl5jRmqMX9c1D,https://i.scdn.co/image/ab67616d00001e02cf871e6326e334bfa92cff20
2026-03-14,id,Indonesia,181,17,Menjaga Hati,Yovie & Nuno,3DHOtJqv0Bw65ENlK4FiSF,7er7WofjVw4QwPAyxH39jH,https://i.scdn.co/image/ab67616d00001e026a37fc6f96faf4206f4845e7
2026-03-14,id,Indonesia,182,32,Versace on the Floor,Bruno Mars,0du5cEVh5yTK9QJze8zA0C,0kN8xEmgMW9mh7UmDYHlJP,https://i.scdn.co/image/ab67616d00001e02232711f7d66a1e19e89e28c5
2026-03-14,id,Indonesia,183,39,Tanpa Pesan Terakhir,Seventeen,5uUb3J6HqLhBWwzuh84LUZ,4v9JJX3ZzuFFOKrMOYHTVZ,https://i.scdn.co/image/ab67616d00001e0280fc9f89ca88ed1b77eb12b7
2026-03-14,id,Indonesia,184,1,"One Of The Girls (with JENNIE, Lily Rose Depp)",The Weeknd; JENNIE; Lily-Rose Depp,1Xyo4u8uXC1ZmMpatF05PJ; 250b0Wlc5Vk0CoUsaCY84M; 1pBLC0qVRTB5zVMuteQ9jJ,7CyPwkp0oE8Ro9Dd5CUDjW,https://i.scdn.co/image/ab67616d00001e02b0dd6a5cd1dec96c4119c262
2026-03-14,id,Indonesia,185,1,DJ SO ASU – Pelukan Yang Hangat,DJ Xen,7FHDJhs5QROL1vQr61gOiB,3oxNZbxpYn5JYP7EMToowT,https://i.scdn.co/image/ab67616d00001e0217c4141596b49a38448961b1
2026-03-14,id,Indonesia,186,17,Seluruh Nafas Ini,Last Child; Gisel,1v1khTmozNfxB2ET1Ep288; 4L0t6db3fWWG07bh14TxUw,2vzpoecVhBE1pKtHzKONaN,https://i.scdn.co/image/ab67616d00001e029e065bf4ef264eb09a12fa58
2026-03-14,id,Indonesia,187,Re-Entry,Yellow,Coldplay,4gzpq5DPGxSnKTe4SA8HAU,3AJwUDP919kvQ9QcozQPxg,https://i.scdn.co/image/ab67616d00001e029164bafe9aaa168d93f4816a
2026-03-14,id,Indonesia,188,21,One Call Away,Charlie Puth,6VuMaDnrHyPL1p4EHjYLi7,5MwIGPDKeDb7SpblcaQP6O,https://i.scdn.co/image/ab67616d00001e0215145482a542a9adb282250b
2026-03-14,id,Indonesia,189,Re-Entry,Ada Untukmu,Budi Doremi,6Ifk2cbxyVzT41jLexYCas,0mG2Sq4PnmHGSMLay75bDw,https://i.scdn.co/image/ab67616d00001e02483c1007a38aacb1fb149267
2026-03-14,id,Indonesia,190,Re-Entry,Pupus,Dewa,35dWPb7Tmq0WESp6KAUJ8w,7ADK1rnMzP6PGWhoqWirBJ,https://i.scdn.co/image/92d39f39010bdd678d3e974ef016c7893a77c9e8
2026-03-14,id,Indonesia,191,Re-Entry,Rumah Singgah,Fabio Asher,6FTLayBxjkQeanFdUusk1I,0f0GcqppZTmAYaAZA7GkhQ,https://i.scdn.co/image/ab67616d00001e02d53761dea5571fab6a7dd145
2026-03-14,id,Indonesia,192,2,Anything You Want,Reality Club,1DjZI46mVZZZYmmmygRnTw,0EDgUNdoWnRslGw6epuJY9,https://i.scdn.co/image/ab67616d00001e02c607bcd8355681ab4fac2968
2026-03-14,id,Indonesia,193,2,Take A Chance With Me,NIKI,2kxP07DLgs4xlWz8YHlvfh,21acb66djKRlDPJOXRBCkc,https://i.scdn.co/image/ab67616d00001e02d3997a4c208ac08dafff374f
2026-03-14,id,Indonesia,194,6,That's What I Like,Bruno Mars,0du5cEVh5yTK9QJze8zA0C,0KKkJNfGyhkQ5aFogxQAPU,https://i.scdn.co/image/ab67616d00001e02232711f7d66a1e19e89e28c5
2026-03-14,id,Indonesia,195,Re-Entry,Perfect,Ed Sheeran,6eUKZXaKkcviH0Ku9w2n3V,0tgVpDi06FyKpA1z0VMD4v,https://i.scdn.co/image/ab67616d00001e02ba5db46f4b838ef6027e6f96
2026-03-14,id,Indonesia,196,Re-Entry,Car's Outside,James Arthur,4IWBUUAFIplrNtaOHcJPRM,0otRX6Z89qKkHkQ9OqJpKt,https://i.scdn.co/image/ab67616d00001e02f740f5f279648d0a1147e6a6
2026-03-14,id,Indonesia,197,Re-Entry,Dandelions,Ruth B.,2WzaAvm2bBCf4pEhyuDgCY,2eAvDnpXP5W0cVtiI0PUxV,https://i.scdn.co/image/ab67616d00001e02b09403f05bc0c306cf96990f
2026-03-14,id,Indonesia,198,Re-Entry,Kita,Sheila On 7,6q87vizIEdEN4NvlR6mjfT,0HiNUFD2ovdPC2p5tbnzCG,https://i.scdn.co/image/ab67616d00001e0254270208627aa8061a8abe21
2026-03-14,id,Indonesia,199,23,Kenangan Manis,Pamungkas,7d86ERlvO5UG44j7Va0Y0C,5jLzpxUOnCsX5tfq7TGY9v,https://i.scdn.co/image/ab67616d00001e023e2cf96ce4558b8f2376b79a
2026-03-14,id,Indonesia,200,35,Sampai Akhir Waktu,Yovie & Nuno,3DHOtJqv0Bw65ENlK4FiSF,6LF44wAs3h0K67RitTAfr5,https://i.scdn.co/image/ab67616d00001e020fe7814ce91a1b4e7b0d5881
2026-03-14,in,India,1,–,Bairan,Banjaare,7IbxsPdlYelceWNyHAor55,0RsH8g8DxdYZgdGcod5I36,https://i.scdn.co/image/ab67616d00001e02cdce9a38222807fa703b4396
2026-03-14,in,India,2,–,Sheesha - Aakhya Mai Aakh Ghali Jo Bairan,Mitta Ror; Swara Verma,3qWCWW0lyHpnj6E1cYwtKV; 1p8AG9V0Y60vhvdYdRbxqn,412poAqbwD8OC0dYD1nBkV,https://i.scdn.co/image/ab67616d00001e02190b5b394a6fc5574ceea4da
2026-03-14,in,India,3,–,Gehra Hua,Shashwat Sachdev; Arijit Singh; Irshad Kamil; Armaan Khan,465OXuCU8YZNmVG1leLwQ9; 4YRxDV8wJFPHPTeXepOstw; 3GdSQUH1BRtl9UrrtuwJlP; 68CFADZWUwvJMqkCeqmxMJ,5MCbGWnNLLjoHpbDO3BOgi,https://i.scdn.co/image/ab67616d00001e027838ccbef3fb712228e23fc5
2026-03-14,in,India,4,–,Dooron Dooron,Paresh Pahuja; Shiv Tandan; Meghdeep Bose,0DHOOKfXu4aU7LsWjTdrIN; 74wYoI5DV3XZGJri7l9cOP; 1e3Yx1PLC5EP8lz0OFOHda,0q5e5KtUOhYQujmhLP0pKd,https://i.scdn.co/image/ab67616d00001e029fd839ed5ae2fd87ee8ac923
2026-03-14,in,India,5,1,Sahiba,Aditya Rikhari,3ozYqVCLohfpXIhalkhM8D,0eLtIxPRNJfsmehITZ1qaJ,https://i.scdn.co/image/ab67616d00001e020a47bbe7141fdfe0eb2cdba7
2026-03-14,in,India,6,1,Khat,Navjot Ahuja,7pVf872VEuJQBwiuRFSg4w,3gixnmepHSsyAuho34rprN,https://i.scdn.co/image/ab67616d00001e02d421c37d9cf4bbee71844c24
2026-03-14,in,India,7,–,Samjhawan,Jawad Ahmad; Shaarib Toshi; Arijit Singh; Shreya Ghoshal,2gXOOKY8mmJG6iwHrTq9gp; 0FJz7XR37hH69traaHLijA; 4YRxDV8wJFPHPTeXepOstw; 0oOet2f43PA68X5RxKobEy,0rk2X5TAhraBC5aCIXK2Rq,https://i.scdn.co/image/ab67616d00001e028a7ae7092464f6685355dc3c
2026-03-14,in,India,8,1,"Sitaare (From ""Ikkis"")",Arijit Singh; Sachin-Jigar; Amitabh Bhattacharya,4YRxDV8wJFPHPTeXepOstw; 1mBydYMVBECdDmMfE2sEUO; 2fMqTqiTxUDlmcOEPaQSsx,6WlARP6h4CDVOcY386wW0W,https://i.scdn.co/image/ab67616d00001e02dccd4f11c8ac8e1f2c8dfc51
2026-03-14,in,India,9,1,Finding Her,Kushagra; Bharath; Saaheal,2IKfr1JgPRXmXKAWwrABc6; 1zD9gVg8wPOmVfYxTjMHaT; 29S4JzoFUP1MCyMgKd83zM,5ThyDv6aRVU8AH4vXQNldF,https://i.scdn.co/image/ab67616d00001e02292341cd3e621d7f9171331f
2026-03-14,in,India,10,1,Shararat,Shashwat Sachdev; Madhubanti Bagchi; Jasmine Sandlas,465OXuCU8YZNmVG1leLwQ9; 4ojkMVHjuDZgDXSJy5qs2h; 0mJDQBWytBhOh5JB1DOQ1c,0R7grQWU1dRxiOQGIqZm0Z,https://i.scdn.co/image/ab67616d00001e027838ccbef3fb712228e23fc5
2026-03-14,in,India,11,1,Arz Kiya Hai | Coke Studio Bharat,Anuv Jain,4gdMJYnopf2nEUcanAwstx,1bMkimTb47umgNP6xCi4A1,https://i.scdn.co/image/ab67616d00001e0225fa2d19b2363a9520a34409
2026-03-14,in,India,12,2,Ishq,Faheem Abdullah; Rauhan Malik; Amir Ameer,05etL4pzWd6TSv1x5WrlG3; 22UtphG4LcwxlhhV0aP4js; 6MPuzz9hPrs4TwxeHh4cEj,1hlbywc8Jhl1FFqJxAMabE,https://i.scdn.co/image/ab67616d00001e020de04fd2c7c3bdc0a1d765f5
2026-03-14,in,India,13,1,Bairi,Virat; Pradeep Solanki; Heena; Miss Parul,3uHCE9eimH5dJx7TLslsmE; 5kD46P0iLqWZtITQB9nmAn; 1mgNO6u7VjkWz3wWD7ZnkF; 4dv0ujc6bKpBEEBj7XPUtl,1GfcRba0wGXDTtT4r8C65Z,https://i.scdn.co/image/ab67616d00001e02d5e938b81196c3f19b78dce9
2026-03-14,in,India,14,1,Apna Bana Le,Sachin-Jigar; Arijit Singh; Amitabh Bhattacharya,1mBydYMVBECdDmMfE2sEUO; 4YRxDV8wJFPHPTeXepOstw; 2fMqTqiTxUDlmcOEPaQSsx,1hA697u7e1jX2XM8sWA6Uy,https://i.scdn.co/image/ab67616d00001e02b85b4e8fb6ba961aedfde386
2026-03-14,in,India,15,–,For A Reason,Karan Aujla; Ikky,6DARBhWbfcS9E4yJzcliqQ; 3nqS8jzqmsPKFJTp0BOIel,0cYohCh24y1aMjJmcS9RBl,https://i.scdn.co/image/ab67616d00001e0289e8f71cb6f3b6cc60944858
2026-03-14,in,India,16,2,Saiyaara,Tanishk Bagchi; Faheem Abdullah; Arslan Nizami; Irshad Kamil,4f7KfxeHq9BiylGmyXepGt; 05etL4pzWd6TSv1x5WrlG3; 5yzqUq3vXrMkmfcOwMY203; 3GdSQUH1BRtl9UrrtuwJlP,5SSZtFWdrmFV4MxtlRA13N,https://i.scdn.co/image/ab67616d00001e022fc1f0e56f80b5e7cc388b3c
2026-03-14,in,India,17,1,Boyfriend,Karan Aujla; Ikky,6DARBhWbfcS9E4yJzcliqQ; 3nqS8jzqmsPKFJTp0BOIel,3ExgWVPWOQts9RVBkqpdic,https://i.scdn.co/image/ab67616d00001e0289e8f71cb6f3b6cc60944858
2026-03-14,in,India,18,1,"Raanjhan (From ""Do Patti"")",Sachet-Parampara; Parampara Tandon; Kausar Munir,1SyKki7JI1AZNKwgNMkn25; 1E6arsXf5Fgsnv9YpSzjpE; 3GBSge8pq7mpezUQl0GAOA,4vHRQnzGcKEtqsLH70tAms,https://i.scdn.co/image/ab67616d00001e02773c5f60bcb309ef8802e4ef
2026-03-14,in,India,19,–,Ishqa Ve,Zeeshan Ali; Yuvraj Tung; Sandeep Aulakh; Honey Dhillon,1Bz46nDCMO1UOKp9GJjL92; 7yqoq4MWdw2ZNyAKDqH0fE; 3allL5EVHCpBzNZHN2JCc5; 0d4qS5KvrIwi0l5OMiftsH,0febwTwLDSZzrt46i1RBF5,https://i.scdn.co/image/ab67616d00001e020cfff15d92e2acb5a4b45ef5
2026-03-14,in,India,20,–,Dhurandhar - Title Track,Shashwat Sachdev; Hanumankind; Jasmine Sandlas; Sudhir Yaduvanshi; Charanjit Ahuja; Muhammad Sadiq; Ranjit Kaur; Babu Singh Maan,465OXuCU8YZNmVG1leLwQ9; 4nVa6XlBFlIkF6msW57PHp; 0mJDQBWytBhOh5JB1DOQ1c; 586UieDtNlK2F8hEMayYbb; 5jI1jiicLnii7yjSbAj9xj; 0Wrp7P9HV2JVEKAzU3tLSD; 2RB4eCNO29DoHWqjLtPAFY; 0CrZKzYlBaQEXqXGNduM4d,5xKr4HfdnYLMDmAJZkOuBc,https://i.scdn.co/image/ab67616d00001e027838ccbef3fb712228e23fc5
2026-03-14,in,India,21,–,Mann Mera,Gajendra Verma,1yzgJmZf5CxtFfGfRFm4Si,0mwAlZqPUWpZJIut93y40W,https://i.scdn.co/image/ab67616d00001e02f2d0db770d8cd316f760a2f2
2026-03-14,in,India,22,3,Tere Bina,A.R. Rahman; Chinmayi; Murtuza Khan; Qadir Khan,1mYsTxnqsietFxj1OgoGbG; 5UJ2sHO2ELrgW6aXeRLTQQ; 3v8isPrc8btWVMF3bnOIcj; 2gTPBFjo3M9rvMSZWTk9nT,4FeczSomVWVyU4FW7xDeAI,https://i.scdn.co/image/ab67616d00001e020504fdf58bae8cd52dd13047
2026-03-14,in,India,23,1,Tere Liye,Atif Aslam; Shreya Ghoshal; Sachin Gupta; Sameer Anjaan,2oSONSC9zQ4UonDKnLqksx; 0oOet2f43PA68X5RxKobEy; 34R6DQd8ErBy1xyOyMHFrq; 5sifufajls8Q6k04Y4F8mH,0xlWd9o8yjKpJ02WJy79kZ,https://i.scdn.co/image/ab67616d00001e02af932ac943c7afa6b74659f7
2026-03-14,in,India,24,1,"Pavazha Malli - From ""Think Indie""",Sai Abhyankkar; Shruti Haasan; Vivek,5jJrJU7VVmxQQLcLAmmxXc; 06vOoTzj6cIac9FMbNXz9h; 25Pa1Vz1ZuTHmXPiYeMcgx,4yur1GSBfuS1VADyUYocqd,https://i.scdn.co/image/ab67616d00001e02f5f2a6705dfe3c2fe11028c8
2026-03-14,in,India,25,1,Deewaana Deewaana,A.R. Rahman; Irshad Kamil,1mYsTxnqsietFxj1OgoGbG; 3GdSQUH1BRtl9UrrtuwJlP,47RTQoh3pzjhWLUMllNRRJ,https://i.scdn.co/image/ab67616d00001e02ba52c35bca6b280c7a9233ce
2026-03-14,in,India,26,–,"Aaya Sher (From ""The Paradise"") (Telugu)",Anirudh Ravichander; Jangi Reddy; Arjun Chandy; Kasarla Shyam,4zCH9qm4R2DADamUHMCa6O; 576GMrbKBURxmaLAJXMqCp; 4UCG3GFuPR4k19M40Mzxip; 4wxBWsFkyA2K1BMBFj91qt,4kV0ugCwyF7OAb3huIdThG,https://i.scdn.co/image/ab67616d00001e0248be563b0c9f1d7985a7c608
2026-03-14,in,India,27,–,Jo Tum Mere Ho,Anuv Jain,4gdMJYnopf2nEUcanAwstx,0eCajpR75pDW0r64U6hP2x,https://i.scdn.co/image/ab67616d00001e0272a77d038887cdc425f5ee55
2026-03-14,in,India,28,–,"Agar Tum Saath Ho (From ""Tamasha"")",Alka Yagnik; Arijit Singh,3gBKY0y3dFFVRqicLnVZYz; 4YRxDV8wJFPHPTeXepOstw,6kYoY0PhBelP64UMnhsEZx,https://i.scdn.co/image/ab67616d00001e0225f7621c3c70dd1f868b61bc
2026-03-14,in,India,29,1,"Tum Ho Toh (From ""Saiyaara"")",Vishal Mishra; Hansika Pareek; Raj Shekhar,5wJ1H6ud777odtZl5gG507; 0RVfcqug2nB820dxIGycIW; 2DFCHTDIA0t638a4mm37dK,6G8vN5EUtcDxOXOXadF6kp,https://i.scdn.co/image/ab67616d00001e02d998c880f085f08c7ddeeafc
2026-03-14,in,India,30,1,Haseen,Talwiinder; NDS; Rippy Grewal,6QoCrBHsojKnOrsGNfRcTN; 5xh6szshoZ0UfZD1x6QzZG; 1RaZAbVB4yopz69N1XlZvj,08GYLNhKthS3arMdXsveRI,https://i.scdn.co/image/ab67616d00001e0205be603d0ab07ff5b195554e
2026-03-14,in,India,31,6,Ye Tune Kya Kiya,Pritam; Javed Bashir; Rajat Arora,1wRPtKGflJrBx9BmLsSwlU; 5diMmmNkRVfgUnXJrzXzjZ; 6Ahs12ksf1lju6bHwuX4X2,2cPUB8EOT6AfJ8oxhyoNXL,https://i.scdn.co/image/ab67616d00001e02fe77bd21eb38ff74b5f21524
2026-03-14,in,India,32,–,Not Guilty,Dhanda Nyoliwala,2rN8LHqK4TBI7y3d9POvJb,4YPSg93DDJW9Uf4IgklCHc,https://i.scdn.co/image/ab67616d00001e020c8806717b030da10e9fd336
2026-03-14,in,India,33,1,"Mast Magan (From ""2 States)",Arijit Singh; Chinmayi,4YRxDV8wJFPHPTeXepOstw; 5UJ2sHO2ELrgW6aXeRLTQQ,5bVmOD7UKfP2iLFUGMtdnS,https://i.scdn.co/image/ab67616d00001e022d2263486e48ab1b41ae2466
2026-03-14,in,India,34,5,Darkhaast,Mithoon; Arijit Singh; Sunidhi Chauhan; Sayeed Quadri,09UmIX92EUH9hAK4bxvHx6; 4YRxDV8wJFPHPTeXepOstw; 3eDT9fwXKuHWFvgZaaYC5v; 2pGRniGOJSOvYoK3dGaBb8,1awtp7rf6ajhGY9BgzCHeZ,https://i.scdn.co/image/ab67616d00001e02e7fe7d656750737e8d369f95
2026-03-14,in,India,35,–,Lutt Le Gaya,Shashwat Sachdev; Simran Chaudhary,465OXuCU8YZNmVG1leLwQ9; 6ZAKAA1WQazgmXkq7qks6m,2dQMisG0lyz6Z8J4zYdAsG,https://i.scdn.co/image/ab67616d00001e027838ccbef3fb712228e23fc5
2026-03-14,in,India,36,3,Naal Nachna,Shashwat Sachdev; Afsana Khan; Irshad Kamil; Reble,465OXuCU8YZNmVG1leLwQ9; 4z0z82pXirH1TrygipQlOo; 3GdSQUH1BRtl9UrrtuwJlP; 3MsxNLVtDVGxjEaxgKAoi0,2nnDPEbNxnBKq5RG6sObTg,https://i.scdn.co/image/ab67616d00001e027838ccbef3fb712228e23fc5
2026-03-14,in,India,37,4,KALYANI,ARJN; KDS; FIFTY4; RONN,5j2JTk8JqepIgv1zxYOuIi; 41opZo9bHh8CZoIdR3IgP7; 1NApv6DzDP19uLuxJ0CuuP; 6jw1jO7iGLcrQyXL1Ia0IW,2Uyj6K6mSaFTZsPvov415i,https://i.scdn.co/image/ab67616d00001e028c681e9dd49d13f7d223f8bf
2026-03-14,in,India,38,2,"Barbaad (From ""Saiyaara"")",The Rish; Jubin Nautiyal,0Eb38FY9vOjiRA10iXPGHI; 1tqysapcCh1lWEAc9dIFpa,7Csa4PStpuYIfUqNMKQ4V8,https://i.scdn.co/image/ab67616d00001e02148a06ae24e68c088d8d2954
2026-03-14,in,India,39,1,Ishq Jalakar - Karvaan,Shashwat Sachdev; Shahzad Ali; Subhadeep Das Chowdhury; Armaan Khan; Irshad Kamil; Roshan; Sahir Ludhianvi,465OXuCU8YZNmVG1leLwQ9; 4asaIarkMcpkYhSiMn1Ed5; 3biZl77VIJSHTnwBnEZkkd; 68CFADZWUwvJMqkCeqmxMJ; 3GdSQUH1BRtl9UrrtuwJlP; 6Wg3akugFVCH4iYhEKk0GM; 1nLvkKjnfpnouM0Mpyd4cc,7DonHcAdu5FHzLNESEEOuj,https://i.scdn.co/image/ab67616d00001e027838ccbef3fb712228e23fc5
2026-03-14,in,India,40,8,Teri Deewani,Kailash Kher; Paresh Kamath; Naresh Kamath,4oVMLzAqW6qhRpZWt8fNw4; 3PgeUFj9oHU4K4RGaITz2f; 79sho4jpEGoCCC51KHnNSJ,2iNqdCchlUZEgjJbQyZf8T,https://i.scdn.co/image/ab67616d00001e02a853b902decce7830d171841
2026-03-14,in,India,41,6,"Humdard (From ""Ek Villain"")",Arijit Singh,4YRxDV8wJFPHPTeXepOstw,5ZGtdGwdocDZDniXHkmnVA,https://i.scdn.co/image/ab67616d00001e027569cbe3695608074d9fd389
2026-03-14,in,India,42,3,Ehsaas,Faheem Abdullah; Duha Shah; Vaibhav Pani; Hyder Dar,05etL4pzWd6TSv1x5WrlG3; 3l1qBa4ZTuNfYOap9WGbDQ; 6FedIS4fevWR5JdQQvviFB; 7Khu2sHjq6VFAfiRLql5tt,5PetOhEX9N0oyBB0Keqobv,https://i.scdn.co/image/ab67616d00001e02e80fd38e3f7025158e40a3ae
2026-03-14,in,India,43,1,Zaalima,Arijit Singh; Harshdeep Kaur,4YRxDV8wJFPHPTeXepOstw; 3xU8YsNNkmWSPewlB18NUz,4MU4Kfkd9EnkArK2ocQyqK,https://i.scdn.co/image/ab67616d00001e02627b5b17cb48f6e6956b842e
2026-03-14,in,India,44,4,Tu Na Samjhe,Hellow Raja; MaxxTurnn,2THK0oboxhbn3I1qT7c1i4; 3eP2k3lT7lySsRCSl8NLvr,10D3qd9UOjTlUwZ4rrsmzg,https://i.scdn.co/image/ab67616d00001e02e028f52f414ae648f58dff36
2026-03-14,in,India,45,1,Thodi Si Daaru,AP Dhillon; Shreya Ghoshal,6LEG9Ld1aLImEFEVHdWNSB; 0oOet2f43PA68X5RxKobEy,3JiLQJmVW7d4O8AQDFB3oj,https://i.scdn.co/image/ab67616d00001e02eb0516ec1c97c3cc97f4cb61
2026-03-14,in,India,46,2,Kithe Reh Gaya,Neeti Mohan; Abhijit Vaghani,3ZxZ03fj3tXBZHZWzvaLSM; 70voqWnL1gpuxodufMgBt4,7oONSa0G2CvYQ0I7G02kgi,https://i.scdn.co/image/ab67616d00001e025424527e3b8a41eb8c499b13
2026-03-14,in,India,47,2,"Dhun (From ""Saiyaara"")",Mithoon; Arijit Singh,09UmIX92EUH9hAK4bxvHx6; 4YRxDV8wJFPHPTeXepOstw,1GFQthxDi4Tqe3wJ5j0G5S,https://i.scdn.co/image/ab67616d00001e02781faf59a3cb980fe3b493f8
2026-03-14,in,India,48,1,Jhol - Acoustic (feat. Asfand),Maanu; Annural Khalid; Abdullah Siddiqui; Asfand,3scNK8e4mqnP6Rb8a3lwZY; 1nCZUpBIcyOxufOx0lPeIW; 3PbkSdpJnYRF18jau74b7R; 5Dmma2b9AAtPyCfZ2tlTcX,44LaY2y6wRRlSRjsqbKnuU,https://i.scdn.co/image/ab67616d00001e027635812d4fc7d8d094e1d51c
2026-03-14,in,India,49,1,Aakh Ye Taalibaani,Manish Sonipat Aala; Bali Sharma; Vampire,5qOMhLYGpLWkX4yvBDfAxw; 3lNCYjWO527Kii9tkqg7Wc; 12QL6cy6qvkF2olxJ6GcL2,5yS0pxhp7gRtTke8YSg8q1,https://i.scdn.co/image/ab67616d00001e023969a8ae4d8a760824de8716
2026-03-14,in,India,50,7,High On You,Jind Universe,5KmFbbptaZhEtmMibvibUE,2eqUVYJVnlDs8PgOtuOlJm,https://i.scdn.co/image/ab67616d00001e02d968dc9090c04aef184ab00f
2026-03-14,in,India,51,11,Shree Hanuman Chalisa,Hariharan; Lalit Sen; Chander,2NoJ7NuNs9nyj8Thoh1kbu; 5fDnhohLUsWhN7MUXse3QS; 2RY2JQU7jz6KEp04i7TGld,6H7fLdt0AeWpuxUKXuXWrx,https://i.scdn.co/image/ab67616d00001e025182ea98b2ea623977917597
2026-03-14,in,India,52,1,Mann Mera - Original Version,Gajendra Verma,1yzgJmZf5CxtFfGfRFm4Si,1As2Jo89VTF9V3D6GuOPr9,https://i.scdn.co/image/ab67616d00001e020be94602b5b22cbe139a366b
2026-03-14,in,India,53,7,"Mutta Kalakki (From ""Youth"")",G. V. Prakash; Ken Karunaas,5VVN3xZw1i2qihfITZlvCZ; 6f9pTlTRRreLGq9gIonZOA,3GNlsHDf3OH7V3LgccGAFc,https://i.scdn.co/image/ab67616d00001e02347f6136e4f63cd00675bed2
2026-03-14,in,India,54,5,Ucha Lamba Kad,Anand Raj Anand; Kalpana Patowary,5ixQ5hSywFLUaxoaA0uVaH; 1RMmK2dEtVEbhSV7qvSXJ1,0YT1SVUhTE6HFFU4OHRalz,https://i.scdn.co/image/ab67616d00001e0278f17ae0c2997ade3b36d044
2026-03-14,in,India,55,3,"Raanjhanaa (From ""Raanjhanaa"")",A.R. Rahman; Jaswinder Singh; Shiraz Uppal,1mYsTxnqsietFxj1OgoGbG; 2IP4wcE4hRbDi1zdV8Si6g; 7DcUua74PM7MmBljTTjIyy,5OMUXgfXsSukZ0zxelpC3b,https://i.scdn.co/image/ab67616d00001e020c556f210b927ca230f32241
2026-03-14,in,India,56,15,Oorum Blood,Sai Abhyankkar; Paal Dabba; Bhumi; Deepthi Suresh,5jJrJU7VVmxQQLcLAmmxXc; 0cQJg3qKYiogK9Qj1H0Qpx; 6ze415xN4HqPmAhj1P4pRl; 4PY2xnTu90K0hvkgcljRJl,4pCXTYAPgdzMTCsDdDwjy3,https://i.scdn.co/image/ab67616d00001e02712a8e87fa2daf05e7d1ce8c
2026-03-14,in,India,57,4,"Humsafar (From ""Saiyaara"")",Sachet-Parampara; Sachet Tandon; Parampara Tandon; Irshad Kamil; Prashant Pandey,1SyKki7JI1AZNKwgNMkn25; 6WOdPJmexxFINcKMkP2jMG; 1E6arsXf5Fgsnv9YpSzjpE; 3GdSQUH1BRtl9UrrtuwJlP; 7vCsTTACb2iT4fvBMnwp5w,0OLTYqD8FpjkLsxJmdWmgi,https://i.scdn.co/image/ab67616d00001e02dfc5ea836092ec71ca7a5dcb
2026-03-14,in,India,58,2,Ranjheya Ve,Zain Zohaib,0M4wzwZKh9SSHkOXYNvQlP,5J9L7IbadCt0ivs9xmNrr0,https://i.scdn.co/image/ab67616d00001e029876c0fe1a80ecdd1668f886
2026-03-14,in,India,59,10,"Humsafar (From ""Badrinath Ki Dulhania"")",Akhil Sachdeva; Mansheel Gujral,3TOhzLRYnkkul71yRBxIoM; 7zfceKY7I04Tc0J2o7043h,7aE1lfskJLMHQnzCCP1zsV,https://i.scdn.co/image/ab67616d00001e02dc9563139ebc2a5597254664
2026-03-14,in,India,60,17,"Kaise Hua (From ""Kabir Singh"")",Vishal Mishra; Manoj Muntashir,5wJ1H6ud777odtZl5gG507; 4cAERazLlAzVGA10ORWaUP,1y1rQTkWmrZdJmjwuK07GC,https://i.scdn.co/image/ab67616d00001e02ce1f4349305971b5beb75fcd
2026-03-14,in,India,61,7,Jeena Jeena,Sachin-Jigar; Atif Aslam,1mBydYMVBECdDmMfE2sEUO; 2oSONSC9zQ4UonDKnLqksx,5lKE040hUfDAKOR8HLG92p,https://i.scdn.co/image/ab67616d00001e02972a8fa058a13f91a1a46850
2026-03-14,in,India,62,5,Sang Rahiyo,Jasleen Royal; Ujjwal Kashyap; Neeraj Rajawat,74OaRjmyh0XyRZsQQQ5l7c; 6RzPQpJ5z2JkOJlmsCVxJq; 3yjKvP7LiyIw2dzB5CCGxM,45PA9lW7U5LYnlpGrdTyHY,https://i.scdn.co/image/ab67616d00001e02926450b06294e944ab7af6e8
2026-03-14,in,India,63,11,"Dhurandhar The Revenge - Aari Aari (From ""Dhurandhar The Revenge"")",Shashwat Sachdev; Bombay Rockers; Irshad Kamil; Khan Saab; Reble; Token; Jasmine Sandlas; Sudhir Yaduvanshi,465OXuCU8YZNmVG1leLwQ9; 1bLQBuSop3ekE5Qustj5nP; 3GdSQUH1BRtl9UrrtuwJlP; 5Uo28tAylVBPPW2Cs8LFwN; 3MsxNLVtDVGxjEaxgKAoi0; 4cUfFbVZGSsJWdbfmkdxYq; 0mJDQBWytBhOh5JB1DOQ1c; 586UieDtNlK2F8hEMayYbb,2SeUci6OXx1ztZiFiDIyX5,https://i.scdn.co/image/ab67616d00001e02f1d982bdf924dd4015ddf475
2026-03-14,in,India,64,9,Financer,Bintu Pabra; Bamboo Beat; Pranjal Dahiya; Shiva Choudhary,74L1hcSZY4R6mo3yWNflRe; 7rgZG7aLO7ZLPZNxy08GRb; 5TF8wtgrYplT0tJFjoV9Me; 3KOSRNy74RLnTAFn0u1tmN,4mQ01BgafWwF5gDeRh9P7x,https://i.scdn.co/image/ab67616d00001e02f17b825b828c65bbbe4634d8
2026-03-14,in,India,65,2,Kashish,Ashish Bhatia; Omkar Singh; Kashish Ratnani,2msR4dHmBiBa99uLmuqFFk; 6dk4snfeN31dQDbb03Wmmr; 5maYabmLqXL3Y5fhFaD3zk,3anHs4ijBd3Iw0E0fBPwtH,https://i.scdn.co/image/ab67616d00001e0278a554c1a4571acbeb8d4cf0
2026-03-14,in,India,66,9,Paro,Aditya Rikhari; UNPLG'd,3ozYqVCLohfpXIhalkhM8D; 3gKTtA1BK4pq1IIHXAyvgO,6nRGPf5tpeJtKpXZO5cgIT,https://i.scdn.co/image/ab67616d00001e025fe9856a449aab589c06b6c8
2026-03-14,in,India,67,13,Hale Dil,Harshit Saxena; Sayeed Quadri,4auibajZua9Ld8sPMOmPYc; 2pGRniGOJSOvYoK3dGaBb8,6GQK4G5o60E8YA18DGpAzv,https://i.scdn.co/image/ab67616d00001e022432edc97b465e6db54d356b
2026-03-14,in,India,68,14,"Chahun Main Ya Naa (From ""Aashiqui 2"")",Palak Muchhal; Arijit Singh,3yMmYEklQ7gLOZXEFNd3xr; 4YRxDV8wJFPHPTeXepOstw,7Imk0IG6S5GA5iYWkjmMW5,https://i.scdn.co/image/ab67616d00001e02808542d48ec7021a0577f4f5
2026-03-14,in,India,69,8,"Tum Hi Ho (From ""Aashiqui 2)",Arijit Singh,4YRxDV8wJFPHPTeXepOstw,7LfIX3DCzl3AtGJWlCKOKK,https://i.scdn.co/image/ab67616d00001e022d2263486e48ab1b41ae2466
2026-03-14,in,India,70,6,Jogi,thiarajxtt; Bir,54BjV0qctcWp8xOip7uaJD; 3R1penrqtuKNTeWABjKT5N,1XfBEzVsFJC0X8222Y6unk,https://i.scdn.co/image/ab67616d00001e0218a04f7af1533e15d4c9b1d8
2026-03-14,in,India,71,26,"Itni Si Baat Hain (From ""Azhar"")",Arijit Singh; Antara Mitra,4YRxDV8wJFPHPTeXepOstw; 2UwDJeoMqYers5Jmm75zm2,55TlMMnPJTk9Qq6CrqB6dx,https://i.scdn.co/image/ab67616d00001e027569cbe3695608074d9fd389
2026-03-14,in,India,72,–,Raabta,Pritam; Arijit Singh,1wRPtKGflJrBx9BmLsSwlU; 4YRxDV8wJFPHPTeXepOstw,6FjbAnaPRPwiP3sciEYctO,https://i.scdn.co/image/ab67616d00001e02e810a88d506b30bdc0935247
2026-03-14,in,India,73,15,Jeene Laga Hoon,Sachin-Jigar; Atif Aslam; Shreya Ghoshal,1mBydYMVBECdDmMfE2sEUO; 2oSONSC9zQ4UonDKnLqksx; 0oOet2f43PA68X5RxKobEy,3t3wsY5IdLVzB9WidegJSU,https://i.scdn.co/image/ab67616d00001e02cab73e6ac9bf4bf3c6931570
2026-03-14,in,India,74,1,Aawaara Angaara,A.R. Rahman; Faheem Abdullah; Irshad Kamil,1mYsTxnqsietFxj1OgoGbG; 05etL4pzWd6TSv1x5WrlG3; 3GdSQUH1BRtl9UrrtuwJlP,6flQ5XJKj5qIhpxSHOd3jC,https://i.scdn.co/image/ab67616d00001e02ba52c35bca6b280c7a9233ce
2026-03-14,in,India,75,1,Ishq Bulaava,Vishal-Shekhar; Sanam Puri; Shipra Goyal,6Mv8GjQa7LKUGCAqa9qqdb; 5kiKQJrz4BT7vFWVECAmHH; 7gOZcXPfLtLbFgUyHGV7cZ,1fkjRQA8wXPPyxqYLbxuqy,https://i.scdn.co/image/ab67616d00001e022025db071cd9dd7e8023e01e
2026-03-14,in,India,76,40,Pehli Dafa,Atif Aslam; Shiraz Uppal; Shakeel Sohail,2oSONSC9zQ4UonDKnLqksx; 7DcUua74PM7MmBljTTjIyy; 50tVmZsA8fsA1Bo5VUcOcA,4Tkb7zsDmsawB7S5TpKQV1,https://i.scdn.co/image/ab67616d00001e02afd2bc3f876235be94c0d36d
2026-03-14,in,India,77,14,Tum Se Hi,Pritam; Mohit Chauhan; Irshad Kamil,1wRPtKGflJrBx9BmLsSwlU; 5GnnSrwNCGyfAU4zuIytiS; 3GdSQUH1BRtl9UrrtuwJlP,7eQl3Yqv35ioqUfveKHitE,https://i.scdn.co/image/ab67616d00001e0252fe6875028c892308ffc2f7
2026-03-14,in,India,78,12,5-7,Karan Aujla; Mxrci,6DARBhWbfcS9E4yJzcliqQ; 5Us2dsq4VHlfLbKOrskg7K,6PRFDCNAMLeSZimkPGrKMG,https://i.scdn.co/image/ab67616d00001e02cdca009c4b147e9df31bae4f
2026-03-14,in,India,79,9,DOPAMINE,Guru Randhawa; Gurjit Gill; Lavish Dhiman,5rQoBDKFnd1n6BkdbgVaRL; 6LGVfT3wTKqzhx9RGvSvUd; 0OZHEt7SMyC00w8xopYIcc,3dw558iZgDA2BIeVd0taMM,https://i.scdn.co/image/ab67616d00001e022b87d3808cdb8e7daff851eb
2026-03-14,in,India,80,7,"Tujhe Kitna Chahne Lage (From ""Kabir Singh"")",Arijit Singh; Mithoon,4YRxDV8wJFPHPTeXepOstw; 09UmIX92EUH9hAK4bxvHx6,2Fv2injs4qAm8mJBGaxVKU,https://i.scdn.co/image/ab67616d00001e02ba03ff79dad25f7c3542382f
2026-03-14,in,India,81,3,bargad,sufr; Arpit Bala; toorjo dey,0H2Xt7XJQyDItXNN3j7F1F; 6qtADmCOQ6a9NlpMULzJj9; 2K7LWCOiWME8Na9QWEbUwL,0Q9rHyEG7lME4y2Fqtuxgl,https://i.scdn.co/image/ab67616d00001e0269ecc359541c8a49aae7716f
2026-03-14,in,India,82,6,Afsos,Anuv Jain; AP Dhillon,4gdMJYnopf2nEUcanAwstx; 6LEG9Ld1aLImEFEVHdWNSB,4Qm7r3ImER8S2Ori1gLMAf,https://i.scdn.co/image/ab67616d00001e028537cf974af2c408bdd8e1a6
2026-03-14,in,India,83,12,Zara Sa,Pritam; KK; Sayeed Quadri,1wRPtKGflJrBx9BmLsSwlU; 4fEkbug6kZzzJ8eYX6Kbbp; 2pGRniGOJSOvYoK3dGaBb8,18YHbIhrleUkKKj2DvEp79,https://i.scdn.co/image/ab67616d00001e02727d531901c07a499498c544
2026-03-14,in,India,84,9,BLACK RIDE,Dhanda Nyoliwala; Hammy Muzic,2rN8LHqK4TBI7y3d9POvJb; 7zzosAlsXxJJ5vXPymZZAj,4hGLOuRhiVAZeOG4ZZc4a1,https://i.scdn.co/image/ab67616d00001e021cca43adfc2e4cd2965fce6d
2026-03-14,in,India,85,4,Paaro,Aditya Rikhari,3ozYqVCLohfpXIhalkhM8D,0hFkx6EoIRvNmEVXQIIJtk,https://i.scdn.co/image/ab67616d00001e020961aa2e7a0495294eb329e3
2026-03-14,in,India,86,6,Sahiba,Jasleen Royal; Stebin Ben; Vijay Deverakonda; Radhikka Madan; Priya Saraiya; Aditya Sharma,74OaRjmyh0XyRZsQQQ5l7c; 1UAzmnFgjizIDvtHvnCdEq; 3k1eCPRO0dE0Q9YsRfh4vn; 2zkXEdYr7MxUFhS9xF48UB; 6q29t5RuXxlBuqIZsOMQss; 70RAfkLNWG5J2bsnJqBpLQ,4ulroyDK6rN73nVkCkWhur,https://i.scdn.co/image/ab67616d00001e02eb2d8a0e6f6f4626af5f66f7
2026-03-14,in,India,87,19,Raat Ke Shikari,Masoom Sharma; Sweta Chauhan; Yash Thukral,36iDrP3UnCxsSH9LuSdkDj; 4TsNgxbxmdUsKIFtqvzRPa; 0Cj3wCMwyxvbP4nQobAj6R,7oFrQLTu7Bi1xmTYLbBxHf,https://i.scdn.co/image/ab67616d00001e0273db28dd510b75b2b676b9b5
2026-03-14,in,India,88,15,Jo Tere Sang,Jeet Gannguli; Mustafa Zahid; Sayeed Quadri,2kkQthS9OLpK4UqNWYqoVl; 71oGOxg5ez52Hh1Ye41A98; 2pGRniGOJSOvYoK3dGaBb8,0kYBzFJ5a2Jozi6cI4y9Bp,https://i.scdn.co/image/ab67616d00001e020ccca2f49bcdac5491e47b1a
2026-03-14,in,India,89,1,"Deewaniyat (From ""Ek Deewane Ki Deewaniyat"") - Original Motion Picture Soundtrack",Vishal Mishra; Kaushik-Guddu; Kunaal Vermaa,5wJ1H6ud777odtZl5gG507; 7EiUTtmmkwGtbgR6gZaZzW; 52XgeWw24o4klNdfwvB0Vx,3EKHZNd0qflQK8UImpUu3k,https://i.scdn.co/image/ab67616d00001e029411c63637b6d976a7d0e279
2026-03-14,in,India,90,5,Tera Chehra,Himesh Reshammiya; Arijit Singh,0sSxphmGskGCKlwB9xa6WU; 4YRxDV8wJFPHPTeXepOstw,0fU73va0bnroitbOzudBU4,https://i.scdn.co/image/ab67616d00001e02113ce0ecfc878bbbe4268916
2026-03-14,in,India,91,5,Khayaal,Talwiinder; NDS,6QoCrBHsojKnOrsGNfRcTN; 5xh6szshoZ0UfZD1x6QzZG,4D8eFUu6Hvulrq6CGqGaLR,https://i.scdn.co/image/ab67616d00001e0246d3481941322a56eaa18973
2026-03-14,in,India,92,43,Ishq Sufiyana (Male),Vishal-Shekhar; Kamal Khan,6Mv8GjQa7LKUGCAqa9qqdb; 01DlVvmRpQFutrYzh0HmF8,5zcfnScTSFGCHGY1yeXWke,https://i.scdn.co/image/ab67616d00001e0254ab341c139cfe4dc15d2d39
2026-03-14,in,India,93,6,"Neelothi (From ""Sirai"")",Sooraj Santhosh; Chinmayi; Justin Prabhakaran; Sarathi,66PGnr0hE7ZIcWir6IwitB; 5UJ2sHO2ELrgW6aXeRLTQQ; 3ocTwOjekTkFdD695eKuQr; 1P4WoYT07QVoIKOenXFXur,6wqwVre9LoGnsUUzukxUy3,https://i.scdn.co/image/ab67616d00001e0255aee813293caf481e8f4a00
2026-03-14,in,India,94,–,Naam Chale,Vikram Sarkar,4naSOUBsPQeISuibs56w6Y,6M6Jgms4Z3x5xYLbnMk5TU,https://i.scdn.co/image/ab67616d00001e02d9bd2370b63b8aa6e7f9ff77
2026-03-14,in,India,95,8,Ishq Di Baajiyaan,Shankar-Ehsaan-Loy; Diljit Dosanjh,0L5GV6LN8SWWUWIdBbTLTZ; 2FKWNmZWDBZR4dE5KX4plR,7AAap8D4C4pTyNoMkM9vjG,https://i.scdn.co/image/ab67616d00001e02769fdad411a4492e2f63f76e
2026-03-14,in,India,96,8,Husn,Anuv Jain,4gdMJYnopf2nEUcanAwstx,0TL0LFcwIBF5eX7arDIKxY,https://i.scdn.co/image/ab67616d00001e020d3449f333a83a25feb423f8
2026-03-14,in,India,97,14,Run Down The City - Monica,Shashwat Sachdev; Reble; Asha Bhosle; R. D. Burman; Majrooh Sultanpuri,465OXuCU8YZNmVG1leLwQ9; 3MsxNLVtDVGxjEaxgKAoi0; 5as8A4G47Ohu9NSWs3Je8U; 2JSYASbWU5Y0fVpts3Eq7g; 7ikcALJgPCvpL25820JNYR,5NK3IhIeIXQmOKK5EiSRra,https://i.scdn.co/image/ab67616d00001e027838ccbef3fb712228e23fc5
2026-03-14,in,India,98,2,Russian Bandana,Dhanda Nyoliwala,2rN8LHqK4TBI7y3d9POvJb,1dFrZr9eMUsFqeag04ClqD,https://i.scdn.co/image/ab67616d00001e024f715aacf93c1ccbbf0373d3
2026-03-14,in,India,99,34,Winning Speech,Karan Aujla; Mxrci; Seshnolan,6DARBhWbfcS9E4yJzcliqQ; 5Us2dsq4VHlfLbKOrskg7K; 4QsiFUy1ddAbRb1UnjvUWN,3FqtduiaqnFYvBgKuc6QWQ,https://i.scdn.co/image/ab67616d00001e0258b46d6f1500ead2bbbf9915
2026-03-14,in,India,100,2,Dil Lagana Mana Tha,Krish Mondal; Kishore Mondal; Kunaal Vermaa; Devv Sadaana,3JGOBJUPbwIb3fri0dcqbt; 6RHkm1pS4aeURu2w9jDaPX; 52XgeWw24o4klNdfwvB0Vx; 7wIvebeuJfBQ2fVQmhk5kO,3A3oq3VMSboPPWBYTRq0nX,https://i.scdn.co/image/ab67616d00001e02fc3f0e266d8cd150072a7fca
2026-03-14,in,India,101,5,Gal Sun - UPLIFT (feat. Rackstar),Sabaat Batin; Rackstar,3Q10GP2eLMD5yS7sczpwju; 4g21Na8RW0XzhmKebNX5hY,0DCmf7066T5DAjiF8uahv1,https://i.scdn.co/image/ab67616d00001e0239349fff727a0353d3c9db51
2026-03-14,in,India,102,16,Hopeless,Amanraj Gill; Prem Lata; Aj Fakira,07hzX8SH6CEg7B2yl4hoKs; 3ufBSdoViRPzJXqGPVy8rH; 7shNr1qeqEEoCcWTIj9flc,29f6IOg01XRLHKDhFjua1I,https://i.scdn.co/image/ab67616d00001e0264dcca0cf48bfacd7a0eb258
2026-03-14,in,India,103,27,Tere Bina Na Guzara E,Josh Brar; Kinza Hashmi,6SWmwFBXIsxhIx5XPkYo0a; 2Up4MLmBYIJV36ymeT44TF,0NXnuTqFQHDsbEIoKIAVCN,https://i.scdn.co/image/ab67616d00001e02baaddc70740b22a370ca977f
2026-03-14,in,India,104,13,Mitwa,Shankar-Ehsaan-Loy; Shankar Mahadevan; Caralisa Monteiro; Shafqat Amanat Ali,0L5GV6LN8SWWUWIdBbTLTZ; 1SJOL9HJ08YOn92lFcYf8a; 2Yf4MRVpt0rcAd5y5h5ph1; 5SuRAj1A9FEHj5NxS86YAm,4BTPzhEsyW3blWcxcuhLM0,https://i.scdn.co/image/ab67616d00001e02afbf50bfb7b032b69deabade
2026-03-14,in,India,105,5,Ishq Hai,Anurag Saikia; Raj Shekhar; Romy; Amarabha Banerjee; Varun Jain; Madhubanti Bagchi; Mismatched - Cast,6hzngLO20cX5IGqT0hVv1G; 2DFCHTDIA0t638a4mm37dK; 0bRPtPZQkWHeG7MGk9eWlh; 2780kFYuvbwSLPJZ5faEDw; 4gzrZDyL5gYiROkv27pYKx; 4ojkMVHjuDZgDXSJy5qs2h; 0NbgKDsEHiPzZBZkqZGkXm,3vCzLB6kS2lGcIpm1OOUsy,https://i.scdn.co/image/ab67616d00001e0279f4a87c23143f0abb14c279
2026-03-14,in,India,106,5,Ae Dil Hai Mushkil Title Track,Pritam; Arijit Singh,1wRPtKGflJrBx9BmLsSwlU; 4YRxDV8wJFPHPTeXepOstw,1UWacd8x8tPPwmrPB1MoBI,https://i.scdn.co/image/ab67616d00001e0258397d59e15b5149adf86033
2026-03-14,in,India,107,5,Yaari,Masoom Sharma; Rohit Lamba,36iDrP3UnCxsSH9LuSdkDj; 6yRD7Sx34bc3IxImNTGeTK,2ZxFXUnvprVMI9IXBcnnAk,https://i.scdn.co/image/ab67616d00001e02ea82c3d0453004e3f7970937
2026-03-14,in,India,108,19,California Love,Cheema Y; Gur Sidhu,0uOUeC51AxGnP6hB8gurwt; 0QntOArZgiNHoemAzwJPu5,610keNiNVTIkYD0CqeSerg,https://i.scdn.co/image/ab67616d00001e027a7cc8411fe9e9e3ac5487f5
2026-03-14,in,India,109,8,Tension,Dhanda Nyoliwala,2rN8LHqK4TBI7y3d9POvJb,70YFXFbrvl5J3nUfqxTFue,https://i.scdn.co/image/ab67616d00001e023a55de8958d11773a33639d9
2026-03-14,in,India,110,15,Softly,Karan Aujla; Ikky,6DARBhWbfcS9E4yJzcliqQ; 3nqS8jzqmsPKFJTp0BOIel,0YQJoDL6f46J0n1rOVkpxJ,https://i.scdn.co/image/ab67616d00001e02bf6c7c24a33a49a5c2f0d423
2026-03-14,in,India,111,32,Admirin' You (feat. Preston Pablo),Karan Aujla; Ikky; Preston Pablo,6DARBhWbfcS9E4yJzcliqQ; 3nqS8jzqmsPKFJTp0BOIel; 5TvdGhdmRObqOkU6eGfXb5,6ygiy70ujkNOYXM1tQuMNe,https://i.scdn.co/image/ab67616d00001e02bf6c7c24a33a49a5c2f0d423
2026-03-14,in,India,112,5,Vaaroon,Anand Bhaskar; Romy; Ginny Diwan,4aykldlxvwj6cRQfhbfNMO; 0bRPtPZQkWHeG7MGk9eWlh; 4EZ6GDVebknxx5Funcp0X2,4sgYmcu4FKb1ZC6qBlxMiw,https://i.scdn.co/image/ab67616d00001e02c33c23574fba0d4f630ca8c5
2026-03-14,in,India,113,24,Gaadi Paache Gaadi,Amanraj Gill; Bulbul,07hzX8SH6CEg7B2yl4hoKs; 6wmebcPt18hHbgbyniTBmo,1QTMuhEex1q0od6wowb1EF,https://i.scdn.co/image/ab67616d00001e020ac69518e9ded4bf5d04d063
2026-03-14,in,India,114,9,"Sajni (From ""Laapataa Ladies"")",Ram Sampath; Arijit Singh; Prashant Pandey,3PpjqSKBer3obW6lDflOBx; 4YRxDV8wJFPHPTeXepOstw; 7vCsTTACb2iT4fvBMnwp5w,5zCnGtCl5Ac5zlFHXaZmhy,https://i.scdn.co/image/ab67616d00001e02d5f4378b1ffc9119fdc7306d
2026-03-14,in,India,115,16,Khuda Jaane,Vishal-Shekhar; KK; Shilpa Rao; Anvita Dutt Guptan,6Mv8GjQa7LKUGCAqa9qqdb; 4fEkbug6kZzzJ8eYX6Kbbp; 19LIHDDSHBD5NyYHI3gpzB; 4GEyPR3J4DYvuTRuPJQ0CW,0gPgdRfB4jdGrlyXS0Vx78,https://i.scdn.co/image/ab67616d00001e02a08c7022ea424b2f048b46e9
2026-03-14,in,India,116,3,Phir Mohabbat,Mohammed Irfan; Arijit Singh; Saim Bhat; Mithoon; Sayeed Quadri,6QtJ6BVdj43aDpgjnVp2tY; 4YRxDV8wJFPHPTeXepOstw; 0HIpVOzrDwqiI5wP56soMK; 09UmIX92EUH9hAK4bxvHx6; 2pGRniGOJSOvYoK3dGaBb8,2b2HutIDmoeBnnKRWDLAtV,https://i.scdn.co/image/ab67616d00001e022432edc97b465e6db54d356b
2026-03-14,in,India,117,9,"Ajab Si (From ""Om Shanti Om"")",KK,4fEkbug6kZzzJ8eYX6Kbbp,6pP4YH81WuWHvAwyRvAu8Y,https://i.scdn.co/image/ab67616d00001e02f99cb6f65e480ac900fe3100
2026-03-14,in,India,118,14,Sajde,Faheem Abdullah; Huzaif Nazar,05etL4pzWd6TSv1x5WrlG3; 7bSCXFT0iT4kcgsAZ6h8Qy,4BGfzLrK6lgvKDjKSU7wrN,https://i.scdn.co/image/ab67616d00001e020de04fd2c7c3bdc0a1d765f5
2026-03-14,in,India,119,35,"Ek Din Title Track - From ""Ek Din""",Arijit Singh; Ram Sampath; Irshad Kamil,4YRxDV8wJFPHPTeXepOstw; 3PpjqSKBer3obW6lDflOBx; 3GdSQUH1BRtl9UrrtuwJlP,2abR4ilhs5JWqZq12SB3GB,https://i.scdn.co/image/ab67616d00001e02e34c5b3ea889da680c96722f
2026-03-14,in,India,120,41,Tu Hi Mera,Pritam; Shafqat Amanat Ali; Sayeed Quadri,1wRPtKGflJrBx9BmLsSwlU; 5SuRAj1A9FEHj5NxS86YAm; 2pGRniGOJSOvYoK3dGaBb8,1CVqr5LImdmJ1Upt4z08Pm,https://i.scdn.co/image/ab67616d00001e0271da5e89467bd75d2ed9f1fa
2026-03-14,in,India,121,21,Hasi - Male Version,Ami Mishra; Kunaal Vermaa,5ugsiK49gIkIVh8U93EO0z; 52XgeWw24o4klNdfwvB0Vx,32765xcLM1fd6wQIpkN9A0,https://i.scdn.co/image/ab67616d00001e02051fe40d22813af67a3391d7
2026-03-14,in,India,122,4,Wavy,Karan Aujla; Jay Trak,6DARBhWbfcS9E4yJzcliqQ; 47SaOSOqcrxSJNZUuqpLuu,4d2jV5fmX6hbRwaRbY39dt,https://i.scdn.co/image/ab67616d00001e02dc2c3fc94a7a62af2eb91f83
2026-03-14,in,India,123,17,Dil Diyan Gallan,Atif Aslam,2oSONSC9zQ4UonDKnLqksx,0FBQ4NrrHUbR9kus7rzrOj,https://i.scdn.co/image/ab67616d00001e02f7991610fad937fd9f29f55d
2026-03-14,in,India,124,23,One Love,Shubh,5r3wPya2PpeTTsXsGhQU8O,5ZLkihi6DVsHwDL3B8ym1t,https://i.scdn.co/image/ab67616d00001e02d7eb20034ff1c7b7bb3629de
2026-03-14,in,India,125,1,"Pal Pal Dil Ke Paas - From ""Blackmail""",Kishore Kumar,0GF4shudTAFv8ak9eWdd4Y,664I8QIKG0n14vGbRSrGYj,https://i.scdn.co/image/ab67616d00001e02a3249c6d32f69eb242c0cc46
2026-03-14,in,India,126,14,Starboy,The Weeknd; Daft Punk,1Xyo4u8uXC1ZmMpatF05PJ; 4tZwfgrHOc3mvqYlEYSvVi,7MXVkk9YMctZqd1Srtv4MB,https://i.scdn.co/image/ab67616d00001e024718e2b124f79258be7bc452
2026-03-14,in,India,127,4,Baarishein,Anuv Jain,4gdMJYnopf2nEUcanAwstx,3WLJ7D5kh44K5eJ1NqZQ6W,https://i.scdn.co/image/ab67616d00001e02d8ca783fa570b57e082f4374
2026-03-14,in,India,128,13,I’m Done. - I-Popstar: Vol. 1,Maan Panu,3lRhKw5gfTNnpnPFFE7TfQ,0YRpv07J0y7J73X87efpia,https://i.scdn.co/image/ab67616d00001e02ec02e8c23ccebaba56517c7c
2026-03-14,in,India,129,21,"Mere Sohneya (From ""Kabir Singh"")",Sachet Tandon; Parampara Tandon; Sachet-Parampara,6WOdPJmexxFINcKMkP2jMG; 1E6arsXf5Fgsnv9YpSzjpE; 1SyKki7JI1AZNKwgNMkn25,2IoZMG3RqiTmsy7Li3zGFg,https://i.scdn.co/image/ab67616d00001e028ae7ce46d1896e3e0fb86e70
2026-03-14,in,India,130,8,Samjho Na,Aditya Rikhari,3ozYqVCLohfpXIhalkhM8D,1d5lpW3gUyq537iuyrb9Lf,https://i.scdn.co/image/ab67616d00001e0261589325f2ee1797c6527512
2026-03-14,in,India,131,2,Tera Hone Laga Hoon,Pritam; Atif Aslam; Alisha Chinai,1wRPtKGflJrBx9BmLsSwlU; 2oSONSC9zQ4UonDKnLqksx; 4mBxoO0pAcMbAwuTcrcLMc,0dLbrlAVPPjpPqnYfmJsWk,https://i.scdn.co/image/ab67616d00001e02a200135a2008410280695cb3
2026-03-14,in,India,132,18,Kiya Kiya,Anand Raj Anand; Shweta Pandit; Anjaan Sagri,5ixQ5hSywFLUaxoaA0uVaH; 4L0JycQCCwKksT3G5SVApu; 23CWye1tRIGCvpHVwL2SjO,0YCPCY9WhQFMFtoSpj6dhL,https://i.scdn.co/image/ab67616d00001e0278f17ae0c2997ade3b36d044
2026-03-14,in,India,133,5,Madam Ji,Masoom Sharma; Rekha Goswami; Amar Karnawal,36iDrP3UnCxsSH9LuSdkDj; 1jVoT8RHZh4P4vTvuxJntR; 6DAbqsPFnfdjW7qUtVW7wS,3Iv9OUb4Oif9Cl0ZFMCky0,https://i.scdn.co/image/ab67616d00001e02e24f57fcb4effa1e787abd4f
2026-03-14,in,India,134,5,Soch Na Sake,Amaal Mallik; Arijit Singh; Tulsi Kumar,76fuWYgIf3TVIopTs3vaJ6; 4YRxDV8wJFPHPTeXepOstw; 0T1CMVkqffHlqEk4BcAph1,6mTvwBzWTGDOVeCNQEqtOE,https://i.scdn.co/image/ab67616d00001e026b047c1401c8c18a54e4377d
2026-03-14,in,India,135,11,"Kaattuchembakam (From ""Pallichattambi"")",Jakes Bejoy; Vishal Mishra; Aavani Malhar; Kaithapram,3Q80PCEUBCiRhLSWdQApNt; 5wJ1H6ud777odtZl5gG507; 2UhFPsbFyTC38N0EAv7cRG; 755XJ9EAGeezpOuX87TlbF,2ZjwnRNaEEwQaJaIH2h6KY,https://i.scdn.co/image/ab67616d00001e02543b367eb8571bad77a3995a
2026-03-14,in,India,136,1,Udaarian,Satinder Sartaaj,4rgw8A5vcYinpZLDKHrEdV,3K3mo4LoxPKk18oqIC3hQC,https://i.scdn.co/image/ab67616d00001e0233dfd8d5678bed894b8a30e7
2026-03-14,in,India,137,28,By My Side,AP Dhillon; Shinda Kahlon,6LEG9Ld1aLImEFEVHdWNSB; 6aQfrWHwAcuY8IYItbChZh,2mt3QHYbKBMdSTIfzSFsYH,https://i.scdn.co/image/ab67616d00001e02ab3a63b72e8c2bd9bfb45ff1
2026-03-14,in,India,138,14,Kya Bataun Tujhe,Vishal Mishra,5wJ1H6ud777odtZl5gG507,7wg6IOI3dapIER6r1Sz5eS,https://i.scdn.co/image/ab67616d00001e02592a9d6921dff33465ca30c3
2026-03-14,in,India,139,21,"Tum Se (From ""Teri Baaton Mein Aisa Uljha Jiya"")",Sachin-Jigar; Raghav Chaitanya; Varun Jain; Indraneel,1mBydYMVBECdDmMfE2sEUO; 3qpyErDI4i90q5EGgSRmNK; 4gzrZDyL5gYiROkv27pYKx; 7xcbCUOXrxDyWxbYxPq60B,2ceeTJAzKy295Fm0VsaXtE,https://i.scdn.co/image/ab67616d00001e02b608e9bcf3845d082d1d559e
2026-03-14,in,India,140,21,Maahi,Shaarib Toshi; Toshi Sabri; Sayeed Quadri,0FJz7XR37hH69traaHLijA; 0Dr1dEmiBkgZWPsc1j5oHV; 2pGRniGOJSOvYoK3dGaBb8,4bIQXffbALkCC0Xo6aTicP,https://i.scdn.co/image/ab67616d00001e02bf8dad28cba0f3680ee29364
2026-03-14,in,India,141,22,"Satranga (From ""ANIMAL"")",Arijit Singh; Shreyas Puranik; Siddharth - Garima,4YRxDV8wJFPHPTeXepOstw; 5o36rLQd78Zh8CaT8rn59d; 6k6TIai4KyKG1DeIMftSmJ,3yHyiUDJdz02FZ6jfUbsmY,https://i.scdn.co/image/ab67616d00001e02021d7017f73387b008eab271
2026-03-14,in,India,142,22,Gaadi 150,Vikram Sarkar; THOUGHT,4naSOUBsPQeISuibs56w6Y; 5GZklBtmZD8WZsLGVbHQqC,0qNMptHdkQuZsWKxZ8rmW2,https://i.scdn.co/image/ab67616d00001e0283784ad212cbe0a5c38bcbeb
2026-03-14,in,India,143,1,Tu Jaane Na,Pritam; Atif Aslam,1wRPtKGflJrBx9BmLsSwlU; 2oSONSC9zQ4UonDKnLqksx,4iFPsNzNV7V9KJgcOX7TEO,https://i.scdn.co/image/ab67616d00001e02a200135a2008410280695cb3
2026-03-14,in,India,144,8,Pal,Javed-Mohsin; Arijit Singh; Shreya Ghoshal; Kunaal Vermaa; Prashant Ingole,2zvJLk0gTH7r7A5Q6X5Bq8; 4YRxDV8wJFPHPTeXepOstw; 0oOet2f43PA68X5RxKobEy; 52XgeWw24o4klNdfwvB0Vx; 5DNHuR9u8DFVasxQZgREO5,79hQvdTHNBkq2fp2ZrM8b2,https://i.scdn.co/image/ab67616d00001e0291a372450506a59732e145b9
2026-03-14,in,India,145,24,Iss Tarah,Chaar Diwaari; Sonu Nigam,2n4q8jLM4WLwlva1sZ2WRx; 1dVygo6tRFXC8CSWURQJq2,1hj2XHe0acA4QuAS0HSxsz,https://i.scdn.co/image/ab67616d00001e0285cb4bb53eaede8311ce3a32
2026-03-14,in,India,146,3,Chambal K Dakku,Masoom Sharma; Rahul Muana; Swara Verma; Ruba Khan,36iDrP3UnCxsSH9LuSdkDj; 4inUZ3cAdV2SA2JQ6AaL1J; 1p8AG9V0Y60vhvdYdRbxqn; 45MgHpneIbqvEvC6h7f04o,4MtsPGGUTIs4qFD8gOSJ3D,https://i.scdn.co/image/ab67616d00001e025f8235bd9ce332fd1286999a
2026-03-14,in,India,147,33,Aaj Se Teri,Amit Trivedi; Arijit Singh,7HCqGPJcQTyGJ2yqntbuyr; 4YRxDV8wJFPHPTeXepOstw,0EwRpK9wY6lHfcJSt82w4x,https://i.scdn.co/image/ab67616d00001e026b652c887eea91470f495eca
2026-03-14,in,India,148,10,"Chikiri Chikiri (From ""Peddi"") [TELUGU]",A.R. Rahman; Mohit Chauhan; Balaji,1mYsTxnqsietFxj1OgoGbG; 5GnnSrwNCGyfAU4zuIytiS; 2K9nbaz5q8FpSEajKMlVeH,41GTIflnHCWqHgYq7israx,https://i.scdn.co/image/ab67616d00001e0232205123b55089a0b3083a32
2026-03-14,in,India,149,11,Sirra,Guru Randhawa; Kiran Bajwa; Rony Ajnali,5rQoBDKFnd1n6BkdbgVaRL; 3qmx2CGviBi21h58nDMJcs; 0N2lT1m7rG0klYHZrkyMPw,3QsGq1Xd1n8qc9hwSPzQgj,https://i.scdn.co/image/ab67616d00001e0253693b45bdb795a7070652d6
2026-03-14,in,India,150,14,Deewane,Navaan Sandhu; Bir; Daaku,6PdJJhJWHFRtoERTQ8JGq1; 3R1penrqtuKNTeWABjKT5N; 0Gk0DXsojuXvKXROsCbO0e,0S4PcH3EYQYIeLs6nLOpF1,https://i.scdn.co/image/ab67616d00001e02dc037345b1f3908273425840
2026-03-14,in,India,151,3,Die With A Smile,Lady Gaga; Bruno Mars,1HY2Jd0NmPuamShAr6KMms; 0du5cEVh5yTK9QJze8zA0C,7so0lgd0zP2Sbgs2d7a1SZ,https://i.scdn.co/image/ab67616d00001e02b0860cf0a98e09663c82290c
2026-03-14,in,India,152,23,Piche Tere,Kunwarr,6AnFaupnhQD1Ps8DX7Z7mV,4ZWoJ4tRi74mHHnItB3k9h,https://i.scdn.co/image/ab67616d00001e02a04031934c9580bd317e373c
2026-03-14,in,India,153,19,Saibo,Sachin-Jigar; Shreya Ghoshal; Tochi Raina,1mBydYMVBECdDmMfE2sEUO; 0oOet2f43PA68X5RxKobEy; 6k6dimE4a6OFnD0HWmkIUW,2dDHtDrDaxTB7QR6EoCSne,https://i.scdn.co/image/ab67616d00001e02b85d870860408d980b9d3e32
2026-03-14,in,India,154,35,Falani,Vikram Sarkar; Guri Nimana,4naSOUBsPQeISuibs56w6Y; 6kuGpAbghR1QObbtmJQX3f,1KdTSJm0SxliAg24quxw5i,https://i.scdn.co/image/ab67616d00001e02f61f682cf3adbd3d460da018
2026-03-14,in,India,155,14,"Singari - From ""Dude (Telugu)""",Sai Abhyankkar; Ramajogayya Sastry,5jJrJU7VVmxQQLcLAmmxXc; 4GISoVSxo2LkF5EyorXs9W,0HsDFeWMvnM9rEyvB23RYF,https://i.scdn.co/image/ab67616d00001e0276670ca9de7e2e810bd4c81f
2026-03-14,in,India,156,Re-Entry,With You,AP Dhillon,6LEG9Ld1aLImEFEVHdWNSB,0xIuPDzJSnJywALez8dwKR,https://i.scdn.co/image/ab67616d00001e0282549c22cd3c6e03351bd1c5
2026-03-14,in,India,157,–,Kabira,Pritam; Tochi Raina; Rekha Bhardwaj; Amitabh Bhattacharya,1wRPtKGflJrBx9BmLsSwlU; 6k6dimE4a6OFnD0HWmkIUW; 3cqeO3muWIW5uSmUDNCmyT; 2fMqTqiTxUDlmcOEPaQSsx,4bD9z9qa4qg9BhryvYWB7c,https://i.scdn.co/image/ab67616d00001e02707ea5b8023ac77d31756ed4
2026-03-14,in,India,158,17,Andaaz e Karam,Madhur Sharma; Moin; ER,2kfi47LWmlXzQ3p3kWonfQ; 7xgtUknw8tyUhWkSnMjhti; 7uhWXYh7CNH1M9Dwko8qll,0qheD9ZwdmVKu5ktHXFbb0,https://i.scdn.co/image/ab67616d00001e029e012a63ed996813dff3435e
2026-03-14,in,India,159,17,AZUL,Guru Randhawa; Gurjit Gill; Lavish Dhiman,5rQoBDKFnd1n6BkdbgVaRL; 6LGVfT3wTKqzhx9RGvSvUd; 0OZHEt7SMyC00w8xopYIcc,1XwOA83wulFYtimOir6MUL,https://i.scdn.co/image/ab67616d00001e026aed8f756fd0f767bc998fb2
2026-03-14,in,India,160,Re-Entry,Cheques,Shubh,5r3wPya2PpeTTsXsGhQU8O,4eBvRhTJ2AcxCsbfTUjoRp,https://i.scdn.co/image/ab67616d00001e021a8c4618eda885a406958dd0
2026-03-14,in,India,161,10,Shayad,Pritam; Arijit Singh,1wRPtKGflJrBx9BmLsSwlU; 4YRxDV8wJFPHPTeXepOstw,1smFN2CLqGROu0J0UyvDfL,https://i.scdn.co/image/ab67616d00001e0251b3e9bb2b71cef8628b2c70
2026-03-14,in,India,162,3,Enna Sona,A.R. Rahman; Arijit Singh,1mYsTxnqsietFxj1OgoGbG; 4YRxDV8wJFPHPTeXepOstw,6bdpj89aYEBjhpsenXAsmO,https://i.scdn.co/image/ab67616d00001e027871ae506e494a7722b38962
2026-03-14,in,India,163,23,"Raavana Mavandaa (From ""Jana Nayagan"")",Anirudh Ravichander; Vivek,4zCH9qm4R2DADamUHMCa6O; 25Pa1Vz1ZuTHmXPiYeMcgx,7MP6jngkoEGUXKdpVeTXAT,https://i.scdn.co/image/ab67616d00001e02e0807b4138d187c74233853b
2026-03-14,in,India,164,15,Teri Ore,Pritam; Rahat Fateh Ali Khan; Shreya Ghoshal; Mayur Puri,1wRPtKGflJrBx9BmLsSwlU; 3OLGltG8UPIea8sA4w0yg0; 0oOet2f43PA68X5RxKobEy; 1XUGerdrjDBJxF9ZfxMqDj,5aU0fpmu2sdYJVOHVHCz5s,https://i.scdn.co/image/ab67616d00001e02155b8412744b787548ec55cd
2026-03-14,in,India,165,13,Labon Ko,Pritam; KK; Sayeed Quadri,1wRPtKGflJrBx9BmLsSwlU; 4fEkbug6kZzzJ8eYX6Kbbp; 2pGRniGOJSOvYoK3dGaBb8,5WncH5iZ5GFlnXm7jKEXVP,https://i.scdn.co/image/ab67616d00001e024cfe2d352da6d7910961377f
2026-03-14,in,India,166,4,Bau Ji,Mohit Ladhotiya,43XOucS8TK3tdDDqd2JJSh,49ifaGaMmUCEsw4nOeIEq5,https://i.scdn.co/image/ab67616d00001e02ad79eeae62db20eb0d218095
2026-03-14,in,India,167,8,"Tabaahi - From ""Toxic""",Vishal Mishra; Raj Shekhar,5wJ1H6ud777odtZl5gG507; 2DFCHTDIA0t638a4mm37dK,0bRRLtD0Tmfg8ZaP9Qf1Sq,https://i.scdn.co/image/ab67616d00001e02fc0d5dd23a87c71d3274dae7
2026-03-14,in,India,168,20,Bulleya,Vishal-Shekhar; Papon; Irshad Kamil,6Mv8GjQa7LKUGCAqa9qqdb; 2FPwX3Gh0w4Qr1v3zSTtcT; 3GdSQUH1BRtl9UrrtuwJlP,3tgdOveYac7YMEAQD9sGLf,https://i.scdn.co/image/ab67616d00001e02b2abfd2439b6c23c3664df87
2026-03-14,in,India,169,17,Saiyyan,Kailash Kher; Paresh Kamath; Naresh Kamath,4oVMLzAqW6qhRpZWt8fNw4; 3PgeUFj9oHU4K4RGaITz2f; 79sho4jpEGoCCC51KHnNSJ,37AGZMVr5V8mEMcCmGHroZ,https://i.scdn.co/image/ab67616d00001e02cd3f6c3c2f2aa9b76fe635b1
2026-03-14,in,India,170,7,Pani Da Rang - Male,Ayushmann Khurrana; Rochak Kohli,7qHsapL39aTQsPhixtzVvy; 3dN9MQpjIyNxyeRfz4EDZe,0bLCiBR9AOtfp98dk7iCL5,https://i.scdn.co/image/ab67616d00001e020fb8b00733fc3b7ae3105773
2026-03-14,in,India,171,3,Dil Kaa Jo Haal Hai,Abhijeet; Shreya Ghoshal,2ZRrPOjBIWoKK5rHedLijj; 0oOet2f43PA68X5RxKobEy,3IZhkhpuGU7iNWDcQ30nZm,https://i.scdn.co/image/ab67616d00001e022cc631c765d83b108791012e
2026-03-14,in,India,172,1,"Aaj Ki Raat (From ""Stree 2"")",Sachin-Jigar; Madhubanti Bagchi; Divya Kumar; Amitabh Bhattacharya,1mBydYMVBECdDmMfE2sEUO; 4ojkMVHjuDZgDXSJy5qs2h; 0NErdIJtuKBjtxKmlqaWdj; 2fMqTqiTxUDlmcOEPaQSsx,5AnWrUzsrFgBvhn6dUElnr,https://i.scdn.co/image/ab67616d00001e025e16168f7e8ff4fb8aace6cf
2026-03-14,in,India,173,3,Main Rang Sharbaton Ka,Atif Aslam; Chinmayi; Pritam,2oSONSC9zQ4UonDKnLqksx; 5UJ2sHO2ELrgW6aXeRLTQQ; 1wRPtKGflJrBx9BmLsSwlU,2IEhtVeM9TVql8fZdKdlo9,https://i.scdn.co/image/ab67616d00001e02af932ac943c7afa6b74659f7
2026-03-14,in,India,174,–,I Wanna Be Yours,Arctic Monkeys,7Ln80lUS6He07XvHI8qqHH,5XeFesFbtLpXzIVDNQP22n,https://i.scdn.co/image/ab67616d00001e024ae1c4c5c45aabe565499163
2026-03-14,in,India,175,30,Dealer,Diljit Dosanjh; Da Future; Virk Andaaz,2FKWNmZWDBZR4dE5KX4plR; 0JoJujh7AH388xjwLHe0IR; 4jIIs4ktqKx3OJMbn7Xo7l,7k65xsOjTqONQhfpVWYAWG,https://i.scdn.co/image/ab67616d00001e0265816e9208bc49fe164fa15e
2026-03-14,in,India,176,3,Naam Tera,Ndee Kundu,61P6g4b3TgZ9m2caJlXS4K,4rmiJ39A6d9OIRrL3xGmaD,https://i.scdn.co/image/ab67616d00001e02cf84e227a6b66139beab8f57
2026-03-14,in,India,177,22,Hamari Adhuri Kahani (Title Track),Jeet Gannguli; Arijit Singh; Rashmi Virag,2kkQthS9OLpK4UqNWYqoVl; 4YRxDV8wJFPHPTeXepOstw; 5r2baeTwcCJnuIsDIlxUJo,3HiobOOpSpMsi95WBKPBYk,https://i.scdn.co/image/ab67616d00001e02051fe40d22813af67a3391d7
2026-03-14,in,India,178,6,Malang Sajna,Sachet Tandon; Parampara Tandon; Kumaar; Sachet-Parampara,6WOdPJmexxFINcKMkP2jMG; 1E6arsXf5Fgsnv9YpSzjpE; 0m3D4grap8VFSzbJMqgNVk; 1SyKki7JI1AZNKwgNMkn25,73K33p4Vyz9koXGqmL5eFs,https://i.scdn.co/image/ab67616d00001e02b7db9426744019889da8a856
2026-03-14,in,India,179,26,"Tainu Khabar Nahi - From ""Munjya""",Sachin-Jigar; Arijit Singh,1mBydYMVBECdDmMfE2sEUO; 4YRxDV8wJFPHPTeXepOstw,5npFBWhVs3VVlc0nY5xQMA,https://i.scdn.co/image/ab67616d00001e0267a876fee5cd00ed0f395a9e
2026-03-14,in,India,180,9,Hawayein,Pritam; Arijit Singh,1wRPtKGflJrBx9BmLsSwlU; 4YRxDV8wJFPHPTeXepOstw,0l6g8Z8mqGbGXFOjigYetD,https://i.scdn.co/image/ab67616d00001e02faa6cbca4fd36358245390f7
2026-03-14,in,India,181,Re-Entry,"Akhiyaan Gulaab (From ""Teri Baaton Mein Aisa Uljha Jiya"")",Mitraz,3iGhlvzpXc0UHBQ7klAItX,0M0ANKNzmM4Odd7FNKghzW,https://i.scdn.co/image/ab67616d00001e0252e3a807b72281cb40c08092
2026-03-14,in,India,182,Re-Entry,Zaroor,Aparshakti Khurana; Savi Kahlon,2UWTNi6LLK5lXNGzFWzIqT; 6jvvFfe34NYXjWZMz7rExP,5thVzD79BxlDTYy0LfHzvu,https://i.scdn.co/image/ab67616d00001e02237d1d1fd586f53a9f6b20aa
2026-03-14,in,India,183,42,Dooron Dooron - Unplugged,Paresh Pahuja; Shiv Tandan,0DHOOKfXu4aU7LsWjTdrIN; 74wYoI5DV3XZGJri7l9cOP,4PyN1rUjh0xRWqVZ1mwn7l,https://i.scdn.co/image/ab67616d00001e02ca38512149238c1b4c11b4ae
2026-03-14,in,India,184,9,Singari,Sai Abhyankkar; Pradeep Ranganathan; Sai Smriti; Semv.iii,5jJrJU7VVmxQQLcLAmmxXc; 5Kx2ruxFSUGdqCG7kJtet1; 139FRgoVcJ82jogPttiWcc; 2O4fDX3s0c3JQsnxabRK8o,0pxE2MKJnBMR9c0giy7v5J,https://i.scdn.co/image/ab67616d00001e02712a8e87fa2daf05e7d1ce8c
2026-03-14,in,India,185,Re-Entry,Sunn Raha Hai,Ankit Tiwari; Sandeep Nath,0E02VcvA5p1ndkLdqWD5JB; 6TSxLBGJLhWIuoKv2vAnVx,5PvwPy5eRO8BPwpRzCHK3D,https://i.scdn.co/image/ab67616d00001e026404721c1943d5069f0805f3
2026-03-14,in,India,186,19,Channa Mereya,Pritam; Arijit Singh,1wRPtKGflJrBx9BmLsSwlU; 4YRxDV8wJFPHPTeXepOstw,0H2iJVgorRR0ZFgRqGUjUM,https://i.scdn.co/image/ab67616d00001e0258397d59e15b5149adf86033
2026-03-14,in,India,187,11,"Tu Hain Toh (From ""Mr. And Mrs. Mahi"")",Bunny; Hunny; Sagar,0Or6EukLg1g2fTl08fPz2o; 3VkiCR2nuvfucpvFXdSVtx; 1uY9B9QroF5K8wPyeEO1QN,6egfWbtFFhMToV2DvmEzmo,https://i.scdn.co/image/ab67616d00001e029c5e3a8b63998aa730bb0fbf
2026-03-14,in,India,188,Re-Entry,"Tumhare Hi Rahenge Hum (From ""Stree 2"")",Sachin-Jigar; Varun Jain; Shilpa Rao; Amitabh Bhattacharya,1mBydYMVBECdDmMfE2sEUO; 4gzrZDyL5gYiROkv27pYKx; 19LIHDDSHBD5NyYHI3gpzB; 2fMqTqiTxUDlmcOEPaQSsx,5Ggb9pKiKcr5vNV9v1e1vs,https://i.scdn.co/image/ab67616d00001e02f507e5b4c73b7b8fba510c28
2026-03-14,in,India,189,35,Seet Lehar,Filmy; Riyaazi,0w4av5JIPZk9ZQ0lg6WwY4; 5LN6cFuEopifixZsRarBri,0U1TeVxM67Qig7YBdiAosz,https://i.scdn.co/image/ab67616d00001e02eff540966f9e913b194ba8f7
2026-03-14,in,India,190,9,Afghan Jalebi (Film Version),Pritam; Akhtar Chinnal,1wRPtKGflJrBx9BmLsSwlU; 0rCstvhcy1BZyDomzN0YPE,1rEVydQSe04NJUqyyEyeEq,https://i.scdn.co/image/ab67616d00001e027037561f1e7a2c5ff3cd0a38
2026-03-14,in,India,191,Re-Entry,Dil Nu,AP Dhillon; Shinda Kahlon,6LEG9Ld1aLImEFEVHdWNSB; 6aQfrWHwAcuY8IYItbChZh,7AsG1F1eMWd17RYan8M3Wm,https://i.scdn.co/image/ab67616d00001e028471bff5344bd04f60ac834a
2026-03-14,in,India,192,Re-Entry,Galliyan,Ankit Tiwari; Manoj Muntashir,0E02VcvA5p1ndkLdqWD5JB; 4cAERazLlAzVGA10ORWaUP,3ySVdXje5nm31d7vL3jNV3,https://i.scdn.co/image/ab67616d00001e02a2ef89ae0f8d1848081c1449
2026-03-14,in,India,193,27,Ishq Wala Love,Vishal-Shekhar; Shekhar Ravjiani; Salim Merchant; Neeti Mohan,6Mv8GjQa7LKUGCAqa9qqdb; 4xd7mLI7urqrxELaXhAvzw; 1TbRSunWGZ46mqnapcWxrm; 3ZxZ03fj3tXBZHZWzvaLSM,1hQia6rxgfM1ly2hE3StWp,https://i.scdn.co/image/ab67616d00001e02ad40f4e70b2f2a2a6052d49d
2026-03-14,in,India,194,38,Aashiq Tera,Sohail Sen; Altamash Faridi,1bTROl5p3rGTpvKeWnGgrw; 38IHJBGBuaYXHEkIQd4DtF,7FwYs4qSJCJi2Hd6ZV8Q3M,https://i.scdn.co/image/ab67616d00001e0211b260e5bfa1590dc2f3449a
2026-03-14,in,India,195,Re-Entry,FA9LA,Flipperachi,7lPCTAKDofGUQgXGonMrKd,23p1uP74XiVYCXjPP23Kz7,https://i.scdn.co/image/ab67616d00001e023d8df7193d625455be369fc3
2026-03-14,in,India,196,Re-Entry,O Saathi,Atif Aslam; Arko,2oSONSC9zQ4UonDKnLqksx; 6jf2eKjiPT6P18RbOSLzf0,6fScgF2Y63ScU73nYju0ny,https://i.scdn.co/image/ab67616d00001e023b7ae221866b5e81daf4483f
2026-03-14,in,India,197,Re-Entry,Tum Ho,Mohit Chauhan; Suzanne D'Mello,5GnnSrwNCGyfAU4zuIytiS; 4HQeSXwG2BVH0KvxHE5oCf,7uNnlVit5qDvfOje0pqICF,https://i.scdn.co/image/ab67616d00001e0254e544672baa16145d67612b
2026-03-14,in,India,198,Re-Entry,Guzarish,A.R. Rahman; Javed Ali; Prasoon Joshi,1mYsTxnqsietFxj1OgoGbG; 4W91bbPB2CTSsHwt7eqNl7; 0e7Xsukwik0zDaqCcSvJTg,2MvCNH9ua0CeOgUQfZf56z,https://i.scdn.co/image/ab67616d00001e025b7ba7da308af447f48b9943
2026-03-14,in,India,199,16,Ishqan De Lekhe,Sajjan Adeeb,10cESI2qXWXWxfkeomFOON,4zQE0rxlpsNZAmWtnHiJeA,https://i.scdn.co/image/ab67616d00001e02e7718f6a8a4e5f382361a781
2026-03-14,in,India,200,Re-Entry,"Bekhayali (From ""Kabir Singh"")",Sachet Tandon; Sachet-Parampara,6WOdPJmexxFINcKMkP2jMG; 1SyKki7JI1AZNKwgNMkn25,1feANd8EfcDP5UqSvbheM3,https://i.scdn.co/image/ab67616d00001e0290d98409f70719daa0dc0421
2026-03-14,jp,Japan,1,1,Five,ARASHI,1XYuC1vxinTjHCNd5clB8C,2cIqVZFyBH8h5dnrzBvtre,https://i.scdn.co/image/ab67616d00001e02d4223a5dd64fe336dd9951e2
2026-03-14,jp,Japan,2,1,IRIS OUT,Kenshi Yonezu,1snhtMLeb2DYoMOcVbb8iB,59hVbgr8rfYkDbHfr8RcGI,https://i.scdn.co/image/ab67616d00001e026d1d4e875e2424cdd07f3232
2026-03-14,jp,Japan,3,1,Bakuretsu Aishiteru,M!LK,4jhJ8cnJ9vYKyCh289nuwQ,1F1hibBCtNeObRMmEMLHNh,https://i.scdn.co/image/ab67616d00001e023307c09719bde062177f93c7
2026-03-14,jp,Japan,4,1,lulu.,Mrs. GREEN APPLE,4QvgGvpgzgyUOo8Yp8LDm9,0vE1WglBbhmd5wDO49lcih,https://i.scdn.co/image/ab67616d00001e029f3b4070433475c017120dec
2026-03-14,jp,Japan,5,1,Sukisugite METSU!,M!LK,4jhJ8cnJ9vYKyCh289nuwQ,0vDqNzQqEhl7boeRS3Joli,https://i.scdn.co/image/ab67616d00001e0209fb0acaaf2416132c914eb5
2026-03-14,jp,Japan,6,2,Blue Jeans,HANA,7fmXV2O48buswss04YetaN,6hnk0Fesq9JOhWpck8HJsj,https://i.scdn.co/image/ab67616d00001e02c175a1d89c39c1cd297cb669
2026-03-14,jp,Japan,7,–,ライラック,Mrs. GREEN APPLE,4QvgGvpgzgyUOo8Yp8LDm9,21VsLvoE7elUmJZLSawaMh,https://i.scdn.co/image/ab67616d00001e02232b48311e311ba914af2811
2026-03-14,jp,Japan,8,1,AIZO,King Gnu,6wxfx1yhyqjCPYwwxJktR2,65X2koe1LhDgQmRkNdJFv9,https://i.scdn.co/image/ab67616d00001e02120734724ff398a2d812f982
2026-03-14,jp,Japan,9,1,ROSE,HANA,7fmXV2O48buswss04YetaN,3920QegiL2PHmaYYBVwexC,https://i.scdn.co/image/ab67616d00001e02c175a1d89c39c1cd297cb669
2026-03-14,jp,Japan,10,9,Don’t Say You Love Me,Jin,5vV3bFXnN6D6N3Nj4xRvaV,27xkOIER6uDLKALIelHylZ,https://i.scdn.co/image/ab67616d00001e0289228504f700641956e29f5d
2026-03-14,jp,Japan,11,2,花束,back number,6rs1KAoQnFalSqSU4LTh8g,3QIAwtEEDOrv0g5NKCGrXZ,https://i.scdn.co/image/ab67616d00001e024951a4f5f9d719dfa4ef3d75
2026-03-14,jp,Japan,12,–,Sangatsu Kokonoka,Remioromen,4Yz1LjHwgQ5DFWJrZL8bC8,4g066xFUp3cTUuTfOCPytT,https://i.scdn.co/image/ab67616d00001e02edce6c93551696dc4983339d
2026-03-14,jp,Japan,13,1,Soranji,Mrs. GREEN APPLE,4QvgGvpgzgyUOo8Yp8LDm9,3YML5IHoqWbw9c9vJJvrvM,https://i.scdn.co/image/ab67616d00001e02d482c602732da71e7cdf04c3
2026-03-14,jp,Japan,14,1,水平線,back number,6rs1KAoQnFalSqSU4LTh8g,3RvdkNMcSy71m0aT6UF9Uf,https://i.scdn.co/image/ab67616d00001e02fd363d834b815375814ae78e
2026-03-14,jp,Japan,15,1,点描の唄,Mrs. GREEN APPLE; Sonoko Inoue,4QvgGvpgzgyUOo8Yp8LDm9; 71hQB5jxdNiHk5gzZRhicQ,1sIIlVrnPhrvmTrHtzM7tV,https://i.scdn.co/image/ab67616d00001e02b68755a98268d7aa297549d5
2026-03-14,jp,Japan,16,5,ハッピーエンド,back number,6rs1KAoQnFalSqSU4LTh8g,4GqO80eGXA542oTvlYv4LS,https://i.scdn.co/image/ab67616d00001e02e09353d6028fda18c3699085
2026-03-14,jp,Japan,17,–,SAD SONG,CHANMINA,2vjeuQwzSP5ErC1S41gONX,2zxK14g3shGRbgjUmKaj2x,https://i.scdn.co/image/ab67616d00001e0266c40b99a73fab7a12ceb7a8
2026-03-14,jp,Japan,18,2,僕のこと,Mrs. GREEN APPLE,4QvgGvpgzgyUOo8Yp8LDm9,0tnhoHUrHfcLi9hPknUFZ4,https://i.scdn.co/image/ab67616d00001e0281f55cd879e9480e3ed313df
2026-03-14,jp,Japan,19,1,ブルーアンバー,back number,6rs1KAoQnFalSqSU4LTh8g,35MeePbBnryubkVG0v8GbI,https://i.scdn.co/image/ab67616d00001e02a58f0d10db6a676c3b422fda
2026-03-14,jp,Japan,20,1,ダーリン,Mrs. GREEN APPLE,4QvgGvpgzgyUOo8Yp8LDm9,7ikOwlVju9HYUKthPiNHwr,https://i.scdn.co/image/ab67616d00001e02232b48311e311ba914af2811
2026-03-14,jp,Japan,21,1,夢中,BE:FIRST,4wCW8kZ8LL7QIdcE8EOKPP,7KNY1e9x1MDvpBAmIAN3tz,https://i.scdn.co/image/ab67616d00001e02530e4b27e7f9281ee1ad4ee6
2026-03-14,jp,Japan,22,1,高嶺の花子さん,back number,6rs1KAoQnFalSqSU4LTh8g,2jdbZGFp8KVTuk0YxDNL4l,https://i.scdn.co/image/ab67616d00001e02783ed3c2af46af7ab7c671c0
2026-03-14,jp,Japan,23,–,Who,Jimin,1oSPZhvZMIrWW5I41kPkkY,7tI8dRuH2Yc6RuoTjxo4dU,https://i.scdn.co/image/ab67616d00001e02f02c451189a709b9a952aaec
2026-03-14,jp,Japan,24,–,Kaiju no Hanauta,Vaundy,2IUl3m1H1EQ7QfNbNWvgru,7dTW21YAJxnAOiUh7Rtu9S,https://i.scdn.co/image/ab67616d00001e02cf855f0c6dee3a4b541b48e7
2026-03-14,jp,Japan,25,2,革命道中 - On The Way,AiNA THE END,5k7KS34gxQbzdQaXWSOVKC,1oFqKeepmT5S8BCGqJl7Ar,https://i.scdn.co/image/ab67616d00001e029df9218f742e792bcbd711d3
2026-03-14,jp,Japan,26,1,青と夏,Mrs. GREEN APPLE,4QvgGvpgzgyUOo8Yp8LDm9,5BC6kr6etk2Y9J62AyI4i3,https://i.scdn.co/image/ab67616d00001e0281f55cd879e9480e3ed313df
2026-03-14,jp,Japan,27,1,JANE DOE,Kenshi Yonezu; Hikaru Utada,1snhtMLeb2DYoMOcVbb8iB; 7lbSsjYACZHn1MSDXPxNF2,4oE7MyJhqSD3BaHRpNs8Nl,https://i.scdn.co/image/ab67616d00001e028131aa99fb87ff0e9c511851
2026-03-14,jp,Japan,28,8,Harenchi,CHANMINA,2vjeuQwzSP5ErC1S41gONX,2BfzhBl79bcPOHHXAXJkTY,https://i.scdn.co/image/ab67616d00001e02b6274d484c9ea468882ada0d
2026-03-14,jp,Japan,29,1,HAPPY BIRTHDAY,back number,6rs1KAoQnFalSqSU4LTh8g,4FMz2RFrbDGzJO7K4D0vS3,https://i.scdn.co/image/ab67616d00001e02ce51ffc5c742ed217779cb9d
2026-03-14,jp,Japan,30,4,NON STOP,HANA,7fmXV2O48buswss04YetaN,2q910scaHhg6GmqnUKOGHU,https://i.scdn.co/image/ab67616d00001e02c175a1d89c39c1cd297cb669
2026-03-14,jp,Japan,31,2,Seikai,RADWIMPS,1EowJ1WwkMzkCkRomFhui7,6vg9UGXRVL4YKNVqVMmOKF,https://i.scdn.co/image/ab67616d00001e027589b5f55e08688643ec63f0
2026-03-14,jp,Japan,32,1,Cold Night,HANA,7fmXV2O48buswss04YetaN,79wd94vXLJngCwTAVtzYvr,https://i.scdn.co/image/ab67616d00001e02c175a1d89c39c1cd297cb669
2026-03-14,jp,Japan,33,7,ケセラセラ,Mrs. GREEN APPLE,4QvgGvpgzgyUOo8Yp8LDm9,0teqQ0PYqVDyyXJuPOyMhu,https://i.scdn.co/image/ab67616d00001e02d482c602732da71e7cdf04c3
2026-03-14,jp,Japan,34,3,タッチ,Koshi Inaba,0EvnQ89Ry2DPyn2xYAH9Ls,60Sbi4siHcJ6dQ0PJzUQQn,https://i.scdn.co/image/ab67616d00001e02982d57650dab0c6ba9298f1f
2026-03-14,jp,Japan,35,4,Drop,HANA,7fmXV2O48buswss04YetaN,3OOKZkrUWnMdWJFAvy0b58,https://i.scdn.co/image/ab67616d00001e02c175a1d89c39c1cd297cb669
2026-03-14,jp,Japan,36,2,Kaiju,sakanaction,0hCWVMGGQnRVfDgmhwLIxq,6FhWelfRDMFZRtFUU6SIdC,https://i.scdn.co/image/ab67616d00001e022337f03620420d4561c7e6c9
2026-03-14,jp,Japan,37,5,Theater,King & Prince,1nzId6SLDDTUTRV7lNbgxp,6iltt0n1DkQ0AtCcwxXNZJ,https://i.scdn.co/image/ab67616d00001e0217729fc980bfd497e1a62dc3
2026-03-14,jp,Japan,38,3,ALL IN,HANA,7fmXV2O48buswss04YetaN,6lOUOvcscCHUofusbjbYV2,https://i.scdn.co/image/ab67616d00001e02c175a1d89c39c1cd297cb669
2026-03-14,jp,Japan,39,1,奏(かなで),Sukima Switch,0wRzWf3I4lUl9hdFF5uL0m,5RbMlPFL4gVyEHW2lEOuzG,https://i.scdn.co/image/ab67616d00001e02a716d5aa6f08492ad5bdae37
2026-03-14,jp,Japan,40,6,カリスマックス - CHARISMAX,Snow Man,0UuiWPm9FpWvRuWNrXO98N,76OElzXqlyLCdlSypwSKBy,https://i.scdn.co/image/ab67616d00001e0227ffc7b085822fb2cffe33ac
2026-03-14,jp,Japan,41,10,3XL,Number_i,4XFkDALFTsSHVnRtJSsaMN,3sNbkM4pIy1l7p6K2lhpvm,https://i.scdn.co/image/ab67616d00001e02633ad0881110110829018a69
2026-03-14,jp,Japan,42,1,ヒロイン,back number,6rs1KAoQnFalSqSU4LTh8g,3hBAYbAECEix9raaTq8S3H,https://i.scdn.co/image/ab67616d00001e0259a14a1d53eb5610f84c8382
2026-03-14,jp,Japan,43,–,どうしてもどうしても,back number,6rs1KAoQnFalSqSU4LTh8g,6hlYmR30RGaHIz4UlVOG2U,https://i.scdn.co/image/ab67616d00001e026742a4c3db5d172a98733e91
2026-03-14,jp,Japan,44,–,クスシキ,Mrs. GREEN APPLE,4QvgGvpgzgyUOo8Yp8LDm9,57zS3lPil2VxdlBLXHu8l2,https://i.scdn.co/image/ab67616d00001e02232b48311e311ba914af2811
2026-03-14,jp,Japan,45,2,My Body,HANA,7fmXV2O48buswss04YetaN,2AdYT7oPiAASC46qF43dia,https://i.scdn.co/image/ab67616d00001e02c175a1d89c39c1cd297cb669
2026-03-14,jp,Japan,46,4,セレナーデ,natori,6WmXWHmfBMhupyIs8MSqtu,0CWAQlHsvfqcKJVVz9up2R,https://i.scdn.co/image/ab67616d00001e0229f649edf51edde6fdf01a09
2026-03-14,jp,Japan,47,2,恋,back number,6rs1KAoQnFalSqSU4LTh8g,7f9DsQEsIoeTwKxV6shsom,https://i.scdn.co/image/ab67616d00001e0203808f76fad28ce8523f5ac6
2026-03-14,jp,Japan,48,1,Golden,HUNTR/X; EJAE; AUDREY NUNA; REI AMI; KPop Demon Hunters Cast,2yNNYQBChuox9A5Ka93BIn; 0RMJOzHDhAKY1o2j0W0vxY; 0Wwji82sLA0Hcvtuak3omb; 6U1dV7aL68N7Gb0Naq34V5; 7mW7Tv7NvywKKXqafZo0Lc,1CPZ5BxNNd0n0nF4Orb9JS,https://i.scdn.co/image/ab67616d00001e024dcb6c5df15cf74596ab25a4
2026-03-14,jp,Japan,49,1,Never Grow Up,CHANMINA,2vjeuQwzSP5ErC1S41gONX,5aDgM8rYPT15CqjkN1EIKq,https://i.scdn.co/image/ab67616d00001e0266c40b99a73fab7a12ceb7a8
2026-03-14,jp,Japan,50,–,恋風,Lilas,1qM11R4ylJyQiPJ0DffE9z,3gw8n3DG28VaYGuVc3lqxl,https://i.scdn.co/image/ab67616d00001e027ec22dead06c7dd4fc2f5b0a
2026-03-14,jp,Japan,51,4,愛をこめて花束を,Superfly,5M8AXrOifBT8elkLKbGPQZ,7CmWXD3w1xOO53AAO4LRVQ,https://i.scdn.co/image/ab67616d00001e02f4ba4f68c6906e2cd85fd54a
2026-03-14,jp,Japan,52,–,君の恋人になったら,back number,6rs1KAoQnFalSqSU4LTh8g,0k4KaqElLVjdR6sVHPTS6h,https://i.scdn.co/image/ab67616d00001e02e09353d6028fda18c3699085
2026-03-14,jp,Japan,53,15,Marigold,Aimyon,5kVZa4lFUmAQlBogl1fkd6,2cKiHG16JBiqHdi7Llq0r7,https://i.scdn.co/image/ab67616d00001e023bc8c5a65f225815fa3844e1
2026-03-14,jp,Japan,54,3,僕のかわい子ちゃん,MON7A,1Ypw6Y7ks3rw8EUPIE1Iqi,5Q6tUDmj1vipuU2geX6no7,https://i.scdn.co/image/ab67616d00001e02ee1458f00652851c2826cc15
2026-03-14,jp,Japan,55,12,Love So Sweet,ARASHI,1XYuC1vxinTjHCNd5clB8C,5I6JLJqnZICLvPebTj2YCm,https://i.scdn.co/image/ab67616d00001e02678947aeda2dc2b7aa22b8a7
2026-03-14,jp,Japan,56,4,BAD LOVE,HANA,7fmXV2O48buswss04YetaN,6M4fRouHq1Zxtl05ifoeAL,https://i.scdn.co/image/ab67616d00001e02c175a1d89c39c1cd297cb669
2026-03-14,jp,Japan,57,1,Burning Flower,HANA,7fmXV2O48buswss04YetaN,5a3s0iaDfGW06yLfwFnmT7,https://i.scdn.co/image/ab67616d00001e02c175a1d89c39c1cd297cb669
2026-03-14,jp,Japan,58,2,チェリー,SPITZ,5kjGRHClVacSyllOUqU1S0,1ihCiJaXRl4f6Sy4LJov5z,https://i.scdn.co/image/ab67616d00001e02ca6cb1176913264c1f402f68
2026-03-14,jp,Japan,59,5,瞬き,back number,6rs1KAoQnFalSqSU4LTh8g,7hIfpcdUZcyCKHYy8gp49E,https://i.scdn.co/image/ab67616d00001e02ce51ffc5c742ed217779cb9d
2026-03-14,jp,Japan,60,24,One Love,ARASHI,1XYuC1vxinTjHCNd5clB8C,3r6Am8NvUDbuS2Yqv76ivi,https://i.scdn.co/image/ab67616d00001e025d21e1c01f9e127efff4e23e
2026-03-14,jp,Japan,61,3,キセキ,GReeeeN,14T8NkbwXVZgbOvwnuGV89,7ztdl6cnbJgHRdMkKldkts,https://i.scdn.co/image/ab67616d00001e0257fc2bbd3061376a6058fc74
2026-03-14,jp,Japan,62,9,インフェルノ,Mrs. GREEN APPLE,4QvgGvpgzgyUOo8Yp8LDm9,2vOAHp8PBBFYqvQUWSoITY,https://i.scdn.co/image/ab67616d00001e0281f55cd879e9480e3ed313df
2026-03-14,jp,Japan,63,10,愛を伝えたいだとか,Aimyon,5kVZa4lFUmAQlBogl1fkd6,0N8Xztr4pBHJ7V0moJWhbO,https://i.scdn.co/image/ab67616d00001e0233c05e1d08fec494a30bd240
2026-03-14,jp,Japan,64,10,E Jan,M!LK,4jhJ8cnJ9vYKyCh289nuwQ,0jj4mLjwYcos3PPzjQwVzh,https://i.scdn.co/image/ab67616d00001e02ac7d7b79a3f5e6610779581e
2026-03-14,jp,Japan,65,4,君はロックを聴かない,Aimyon,5kVZa4lFUmAQlBogl1fkd6,59eluCMn0XbOWqeWQ91FTM,https://i.scdn.co/image/ab67616d00001e0233c05e1d08fec494a30bd240
2026-03-14,jp,Japan,66,9,幸せ,back number,6rs1KAoQnFalSqSU4LTh8g,1YVuXOCjN1GkGYqZ8RCcF3,https://i.scdn.co/image/ab67616d00001e024951a4f5f9d719dfa4ef3d75
2026-03-14,jp,Japan,67,2,Tiger,HANA,7fmXV2O48buswss04YetaN,20VZXnRzvcS0qVMOThjjmM,https://i.scdn.co/image/ab67616d00001e02c42d40d89849e922c95b9f32
2026-03-14,jp,Japan,68,22,シルエット,KANA-BOON,3PWp9R5HvbQgxI5KBx5kVd,1di1C0QI6Y92yZPYn6XYAZ,https://i.scdn.co/image/ab67616d00001e0264be01336a8f917538a60b74
2026-03-14,jp,Japan,69,10,Bloom,HANA,7fmXV2O48buswss04YetaN,2ezkOPL49H0ZrQYM6y328n,https://i.scdn.co/image/ab67616d00001e02c175a1d89c39c1cd297cb669
2026-03-14,jp,Japan,70,23,オールドファッション,back number,6rs1KAoQnFalSqSU4LTh8g,0Xn30nT5EKFPsWvpiJ2Iav,https://i.scdn.co/image/ab67616d00001e02ce51ffc5c742ed217779cb9d
2026-03-14,jp,Japan,71,18,春愁,Mrs. GREEN APPLE,4QvgGvpgzgyUOo8Yp8LDm9,5SHguvOUbyPTINNjCvRo8K,https://i.scdn.co/image/ab67616d00001e0235559b23aa4aeba5bf5c18a9
2026-03-14,jp,Japan,72,6,ただ君に晴れ,Yorushika,4UK2Lzi6fBfUi9rpDt6cik,3wJHCry960drNlAUGrJLmz,https://i.scdn.co/image/ab67616d00001e0228b535c92629e3c8d20ec242
2026-03-14,jp,Japan,73,11,TEST ME,CHANMINA,2vjeuQwzSP5ErC1S41gONX,1chmVQLbEPT5890S0X55pe,https://i.scdn.co/image/ab67616d00001e02af62372ee43fe1e854d0bce5
2026-03-14,jp,Japan,74,3,Pretender,OFFICIAL HIGE DANDISM,5Vo1hnCRmCM6M4thZCInCj,15HNdxGKNCIO9pgaY4n7FU,https://i.scdn.co/image/ab67616d00001e02fc273337d7aafc7e907c383d
2026-03-14,jp,Japan,75,12,とくべチュ、して,=LOVE,1j2WhcTW00Zd2SjFYsJVc6,2XS2jEncSJsetNZdVtlpeo,https://i.scdn.co/image/ab67616d00001e02d7f3a9e810813d803a8173eb
2026-03-14,jp,Japan,76,–,恋人ごっこ,Macaroni Empitsu,1t17z3vfuc82cxSDMrvryJ,2SihT7AVMiI2VtaAyVIcnO,https://i.scdn.co/image/ab67616d00001e02ad388532d6600cc70e57139d
2026-03-14,jp,Japan,77,20,MONTAGEM HIKARI,BellyJay,1AldIZRmNccuXCk2uoYcpv,0XqgE9UN4MCo5ooIwUYm7l,https://i.scdn.co/image/ab67616d00001e02ed082bc5a51c0eafd7ff1ea0
2026-03-14,jp,Japan,78,1,アイネクライネ,Kenshi Yonezu,1snhtMLeb2DYoMOcVbb8iB,45YBVp6zMwQZRbUDcPzmMB,https://i.scdn.co/image/ab67616d00001e024f220d17ad81c943221ce335
2026-03-14,jp,Japan,79,7,きらり,Fujii Kaze,6bDWAcdtVR3WHz2xtiIPUi,3L7ISJTvKx56uhsF28aJ4p,https://i.scdn.co/image/ab67616d00001e02af62b027ee85ae2e2f7c9702
2026-03-14,jp,Japan,80,15,ドライフラワー,Yuuri,0ixzjrK1wkN2zWBXt3VW3W,4kPlQKwtPrnqLgrmmKFSlA,https://i.scdn.co/image/ab67616d00001e02d0bd51668da5629aa0cc77d8
2026-03-14,jp,Japan,81,11,LAVALAVA,Number_i,4XFkDALFTsSHVnRtJSsaMN,7vgZhgyZBkGJvuh37tJnJo,https://i.scdn.co/image/ab67616d00001e02ee5d0c9b74cc52f066a6b572
2026-03-14,jp,Japan,82,2,千鳥,Yorushika,4UK2Lzi6fBfUi9rpDt6cik,61uep4aDBpNnnFGfm6yzUF,https://i.scdn.co/image/ab67616d00001e02872720120ae663afd14b77b3
2026-03-14,jp,Japan,83,46,Happiness,ARASHI,1XYuC1vxinTjHCNd5clB8C,5p2NSsBiaKK1CJwM7Rc1Yp,https://i.scdn.co/image/ab67616d00001e029c3da739aa25fc886f0263c9
2026-03-14,jp,Japan,84,15,"Us, again",SG,216arN9tLMMn2ltwEAxmF5,6II2hXGYMd9cTZWshcPUf8,https://i.scdn.co/image/ab67616d00001e02db8a565ed6823c6fdee35387
2026-03-14,jp,Japan,85,9,Setsugekka,yangskinny,3VVMRDGpbQR2SK9nHX3DW5,21UVLrJ0yuJ6CGeElXMG0C,https://i.scdn.co/image/ab67616d00001e024ccbea10c9ca9f47eab6d200
2026-03-14,jp,Japan,86,2,ダンスホール,Mrs. GREEN APPLE,4QvgGvpgzgyUOo8Yp8LDm9,4QIKSlDV5YIjr0kqT1Ad32,https://i.scdn.co/image/ab67616d00001e02232b48311e311ba914af2811
2026-03-14,jp,Japan,87,12,RUDE!,Hearts2Hearts,1ZLU77nRzQIaP23mVSYpCQ,0WA27lZzPKFJKAbiDRmQDc,https://i.scdn.co/image/ab67616d00001e02d505bec2fbfee5857725d333
2026-03-14,jp,Japan,88,3,幾億光年,Omoinotake,63ylN6WBUUxxMsySiDmr0B,5Ak1F5nGzM4KRhE0H1Q3CP,https://i.scdn.co/image/ab67616d00001e02734c65d0b31e87000e49b1ae
2026-03-14,jp,Japan,89,2,HANABI,Mr.Children,1qma7XhwZotCAucL7NHVLY,77lmDcPPyY6kK907gdgC6i,https://i.scdn.co/image/ab67616d00001e024eb972483c4de7618b526019
2026-03-14,jp,Japan,90,7,怪盗,back number,6rs1KAoQnFalSqSU4LTh8g,014Dp0tBp4d9uuFAvH1mlc,https://i.scdn.co/image/ab67616d00001e02fd363d834b815375814ae78e
2026-03-14,jp,Japan,91,5,ロビンソン,SPITZ,5kjGRHClVacSyllOUqU1S0,0sVnyL71jTOuMt9TZ59bws,https://i.scdn.co/image/ab67616d00001e0216aeaa20fccbe7ef8e32f876
2026-03-14,jp,Japan,92,10,BANG BANG,IVE,6RHTUrRF63xao58xh9FXYJ,7pBE8YpFoZ9ankC2Ci5z9X,https://i.scdn.co/image/ab67616d00001e02ad80a9aabc17535c5eeb5317
2026-03-14,jp,Japan,93,1,遥か,GReeeeN,14T8NkbwXVZgbOvwnuGV89,4wBFubvNAwVox8q4SYXHqU,https://i.scdn.co/image/ab67616d00001e0228b205399bb40d6d9b3a0bc5
2026-03-14,jp,Japan,94,28,春泥棒,Yorushika,4UK2Lzi6fBfUi9rpDt6cik,1rr2DJOxV0sHXeUXCAz1yf,https://i.scdn.co/image/ab67616d00001e02a19652713b50a721360c1775
2026-03-14,jp,Japan,95,24,楓,SPITZ,5kjGRHClVacSyllOUqU1S0,0b7IBgZjedM53ufZV4f4CL,https://i.scdn.co/image/ab67616d00001e02af435c7a624796983dd8d34f
2026-03-14,jp,Japan,96,7,me me she,RADWIMPS,1EowJ1WwkMzkCkRomFhui7,0BYa5V0RyOYthDeCMUBJQZ,https://i.scdn.co/image/ab67616d00001e02a2f4114eb1e98cafef5a3f3d
2026-03-14,jp,Japan,97,7,白日,King Gnu,6wxfx1yhyqjCPYwwxJktR2,172fMG26G2OoEzzg0wn26r,https://i.scdn.co/image/ab67616d00001e02a2272c8966971b7b04066241
2026-03-14,jp,Japan,98,24,Tokimeki,Vaundy,2IUl3m1H1EQ7QfNbNWvgru,3e0Td8QexmD5l3DJzXbbcC,https://i.scdn.co/image/ab67616d00001e02e0c3a68b9981c2e7b25f9737
2026-03-14,jp,Japan,99,2,なんでもないよ、,Macaroni Empitsu,1t17z3vfuc82cxSDMrvryJ,5W7Y92LB4jWvu9NeEQ0GZl,https://i.scdn.co/image/ab67616d00001e0228374927acef64f376e7bed5
2026-03-14,jp,Japan,100,9,Fukakoryoku,Vaundy,2IUl3m1H1EQ7QfNbNWvgru,6AncLCxf4U7ivJEaqih9zA,https://i.scdn.co/image/ab67616d00001e02cf855f0c6dee3a4b541b48e7
2026-03-14,jp,Japan,101,4,新宝島,sakanaction,0hCWVMGGQnRVfDgmhwLIxq,4a48lWUd64bZgHUDx0GZlj,https://i.scdn.co/image/ab67616d00001e023bffc3038f2ace41272d9952
2026-03-14,jp,Japan,102,21,劇薬中毒,=LOVE,1j2WhcTW00Zd2SjFYsJVc6,6FomeOYunnOCSG2eqkaHn0,https://i.scdn.co/image/ab67616d00001e029eb0378195182caa07561c49
2026-03-14,jp,Japan,103,4,SPECIALZ,King Gnu,6wxfx1yhyqjCPYwwxJktR2,5oQpH1uuZte4axR411rIlN,https://i.scdn.co/image/ab67616d00001e02bd626097eb1af7ddfeaaeadc
2026-03-14,jp,Japan,104,19,GOD_i,Number_i,4XFkDALFTsSHVnRtJSsaMN,0burgYTcpItZGiRjvWhJjM,https://i.scdn.co/image/ab67616d00001e024517fb7531738de677f3d291
2026-03-14,jp,Japan,105,5,ツキミソウ,Novelbright,0jWCX6zp4RjWrmZRxJ2uri,6sElEqOIGENWjpxGFeo5ct,https://i.scdn.co/image/ab67616d00001e02a15dc066cec020b5da991c34
2026-03-14,jp,Japan,106,21,Shape of You,Ed Sheeran,6eUKZXaKkcviH0Ku9w2n3V,7qiZfU4dY1lWllzX7mPBI3,https://i.scdn.co/image/ab67616d00001e02ba5db46f4b838ef6027e6f96
2026-03-14,jp,Japan,107,9,晴る,Yorushika,4UK2Lzi6fBfUi9rpDt6cik,6kFIakexzgsZwsfWDmb36o,https://i.scdn.co/image/ab67616d00001e02872720120ae663afd14b77b3
2026-03-14,jp,Japan,108,10,GOOD DAY,Mrs. GREEN APPLE,4QvgGvpgzgyUOo8Yp8LDm9,61UOoqGI1B9qdeD5Dzupyb,https://i.scdn.co/image/ab67616d00001e02cd0ab9dc9d7c0a58553005a6
2026-03-14,jp,Japan,109,13,IRANAI,sakanaction,0hCWVMGGQnRVfDgmhwLIxq,7lT3oj3gxE6AJb87ZK8up7,https://i.scdn.co/image/ab67616d00001e02976fda33f8098941f281b185
2026-03-14,jp,Japan,110,30,Zoo,Disney; Shakira,3xvaSlT4xsyk6lY1ESOspO; 0EmeFodog0BfCgMzAIvKQp,3vJIaiTIHxHhYafTSPNiH4,https://i.scdn.co/image/ab67616d00001e02a6c1dcda006bbf12825b7f43
2026-03-14,jp,Japan,111,2,Lemon,Kenshi Yonezu,1snhtMLeb2DYoMOcVbb8iB,04TshWXkhV1qkqHzf31Hn6,https://i.scdn.co/image/ab67616d00001e02775e8184725e0fb89337dd9a
2026-03-14,jp,Japan,112,6,Naked Heart,Aimyon,5kVZa4lFUmAQlBogl1fkd6,4Jv7U0JJpbQnOrjtDwDZTZ,https://i.scdn.co/image/ab67616d00001e02d56ef749e7eeb2f070619bcc
2026-03-14,jp,Japan,113,2,First Love,Hikaru Utada,7lbSsjYACZHn1MSDXPxNF2,39HrUxcvKF3jtLz7fUDWXc,https://i.scdn.co/image/ab67616d00001e024fa36b14a276fe560940baa0
2026-03-14,jp,Japan,114,6,オドロウゼ！,Snow Man,0UuiWPm9FpWvRuWNrXO98N,0MV9cdI2SS1s0tIkl9fTR8,https://i.scdn.co/image/ab67616d00001e026eb554c2814590dea60d4fbc
2026-03-14,jp,Japan,115,5,さよーならまたいつか！- Sayonara,Kenshi Yonezu,1snhtMLeb2DYoMOcVbb8iB,5pN2AyWwjzwRoI7gukEVNd,https://i.scdn.co/image/ab67616d00001e0203d3216d6c463f993c96c9c7
2026-03-14,jp,Japan,116,4,115 million kilometer film,OFFICIAL HIGE DANDISM,5Vo1hnCRmCM6M4thZCInCj,278JqkBGkjDovOYAwE8TW7,https://i.scdn.co/image/ab67616d00001e02b0ab6e5ff8ba422784d60191
2026-03-14,jp,Japan,117,15,Again,Mr.Children,1qma7XhwZotCAucL7NHVLY,242tGHok7sRTVjCaTS0FoH,https://i.scdn.co/image/ab67616d00001e02a8a91190c92ee2d299a2c124
2026-03-14,jp,Japan,118,1,B-list,CHANMINA,2vjeuQwzSP5ErC1S41gONX,0mBPNrXQjNv3NfzqrljAZZ,https://i.scdn.co/image/ab67616d00001e022a956edd33f7e5f24bce5f56
2026-03-14,jp,Japan,119,16,旅路,Fujii Kaze,6bDWAcdtVR3WHz2xtiIPUi,7uSLJCDetmdm3tQcoYLyty,https://i.scdn.co/image/ab67616d00001e02af62b027ee85ae2e2f7c9702
2026-03-14,jp,Japan,120,8,HYPNOTIZE,XG,0LOK81e9H5lr61HlGGHqwA,3fEX9NgOeklq816Fw00uoo,https://i.scdn.co/image/ab67616d00001e0224272a7f97cf5b5f8fcb60e0
2026-03-14,jp,Japan,121,2,ガーデン,Fujii Kaze,6bDWAcdtVR3WHz2xtiIPUi,5U4PgFWzfzY7VEg9Ck4ziF,https://i.scdn.co/image/ab67616d00001e02af62b027ee85ae2e2f7c9702
2026-03-14,jp,Japan,122,12,世界が終わりました,Yuuri,0ixzjrK1wkN2zWBXt3VW3W,5XyD56RYaj2XGxfyc34jQD,https://i.scdn.co/image/ab67616d00001e02faf99bbcf696bbc058fded5b
2026-03-14,jp,Japan,123,9,愛唄,GReeeeN,14T8NkbwXVZgbOvwnuGV89,7iXHLtPosbHvglVSJ4rxLq,https://i.scdn.co/image/ab67616d00001e0289b4d69bb7719af21f770f3f
2026-03-14,jp,Japan,124,11,踊り子,Vaundy,2IUl3m1H1EQ7QfNbNWvgru,1YXot2MLAG9sttepCtBRM7,https://i.scdn.co/image/ab67616d00001e02e0c3a68b9981c2e7b25f9737
2026-03-14,jp,Japan,125,4,プロポーズ,natori,6WmXWHmfBMhupyIs8MSqtu,2BcQfb9SfauDQdeXHTfLsT,https://i.scdn.co/image/ab67616d00001e0229f649edf51edde6fdf01a09
2026-03-14,jp,Japan,126,5,晩餐歌 - Bansanka,tuki.,1Y5vJqABeI6QI6R95EDV6o,075HUD50Nuea3rNaABIsNZ,https://i.scdn.co/image/ab67616d00001e022d68ffbcaeaa5e6fbe102202
2026-03-14,jp,Japan,127,5,Magic,Mrs. GREEN APPLE,4QvgGvpgzgyUOo8Yp8LDm9,170XOP1T4MvY9TLTgPw07D,https://i.scdn.co/image/ab67616d00001e02d482c602732da71e7cdf04c3
2026-03-14,jp,Japan,128,5,ブルーベリー・ナイツ,Macaroni Empitsu,1t17z3vfuc82cxSDMrvryJ,2UdvMWk0Z83lMJPbawy2Sm,https://i.scdn.co/image/ab67616d00001e02ad388532d6600cc70e57139d
2026-03-14,jp,Japan,129,1,I Love...,OFFICIAL HIGE DANDISM,5Vo1hnCRmCM6M4thZCInCj,5wWLNNwMAehpj83FU4Lz0m,https://i.scdn.co/image/ab67616d00001e02bbf9d502f3ce4a15b3c43f7a
2026-03-14,jp,Japan,130,15,Be Mine,Jimin,1oSPZhvZMIrWW5I41kPkkY,3LWVXp636uLT356Rj08Jaz,https://i.scdn.co/image/ab67616d00001e02f02c451189a709b9a952aaec
2026-03-14,jp,Japan,131,7,クリスマスソング,back number,6rs1KAoQnFalSqSU4LTh8g,5P8ZvBQoCrujjNcLAxO3Su,https://i.scdn.co/image/ab67616d00001e0259a14a1d53eb5610f84c8382
2026-03-14,jp,Japan,132,4,花占い,Vaundy,2IUl3m1H1EQ7QfNbNWvgru,4ETc1oFREuqQss7VQ1Y4mj,https://i.scdn.co/image/ab67616d00001e02e0c3a68b9981c2e7b25f9737
2026-03-14,jp,Japan,133,7,ベテルギウス,Yuuri,0ixzjrK1wkN2zWBXt3VW3W,4JK1kDUdH9RTBQrrSO1QfR,https://i.scdn.co/image/ab67616d00001e02d0bd51668da5629aa0cc77d8
2026-03-14,jp,Japan,134,10,また逢う日まで,HIRAIDAI,7JthQ6zwNzfxRfIEjp6wUs,3awymLmIrvn9lkJeFpmRSf,https://i.scdn.co/image/ab67616d00001e020b9da87104796c7f64996da3
2026-03-14,jp,Japan,135,2,アゲハ蝶,PornoGraffitti,5jQa0f5MIMPEK7udL7UpI6,3blWd9ZEt4VSY5udhugpRs,https://i.scdn.co/image/ab67616d00001e02968db95fef5d119ec3850d49
2026-03-14,jp,Japan,136,5,Rashisa,OFFICIAL HIGE DANDISM,5Vo1hnCRmCM6M4thZCInCj,2TRxremVZ0t2JVu5OFxbiA,https://i.scdn.co/image/ab67616d00001e02d4cc253a7c70b0f38b68c61f
2026-03-14,jp,Japan,137,16,KICK BACK,Kenshi Yonezu,1snhtMLeb2DYoMOcVbb8iB,7oYCBKvdjrqp5vDbhDBuac,https://i.scdn.co/image/ab67616d00001e0203d3216d6c463f993c96c9c7
2026-03-14,jp,Japan,138,11,感電,Kenshi Yonezu,1snhtMLeb2DYoMOcVbb8iB,6H0PLsSYMzDOqhLgyOlzIj,https://i.scdn.co/image/ab67616d00001e02775e8184725e0fb89337dd9a
2026-03-14,jp,Japan,139,23,愛とか恋とか,Novelbright,0jWCX6zp4RjWrmZRxJ2uri,1VHL1PIkhDwWbFc65xHwOr,https://i.scdn.co/image/ab67616d00001e027b5dacdec4e8cc4ce9b93665
2026-03-14,jp,Japan,140,2,"Stand by me, Stand by you.",HIRAIDAI,7JthQ6zwNzfxRfIEjp6wUs,7DyS11kB1YNrfDzQqtjmTh,https://i.scdn.co/image/ab67616d00001e0286a86bc3753b237672859788
2026-03-14,jp,Japan,141,3,Subtitle,OFFICIAL HIGE DANDISM,5Vo1hnCRmCM6M4thZCInCj,5ZkHkXPHrIM8K5twCe78i9,https://i.scdn.co/image/ab67616d00001e02f780c0095cdf7f718c71af8e
2026-03-14,jp,Japan,142,73,Home (feat. Hikaru Utada),Charlie Puth; Hikaru Utada,6VuMaDnrHyPL1p4EHjYLi7; 7lbSsjYACZHn1MSDXPxNF2,4V9fJ12KcWd78OSAqYNO9r,https://i.scdn.co/image/ab67616d00001e02674523e990240dc0317a82c6
2026-03-14,jp,Japan,143,17,呼び声,Vaundy,2IUl3m1H1EQ7QfNbNWvgru,3kQf453SpkwX7ALdgzNSNY,https://i.scdn.co/image/ab67616d00001e02c8d4e8e5d8c3829163f12ff3
2026-03-14,jp,Japan,144,3,Harunohi,Aimyon,5kVZa4lFUmAQlBogl1fkd6,1oNeSCt0CMekCyyLo06kFs,https://i.scdn.co/image/ab67616d00001e02d56ef749e7eeb2f070619bcc
2026-03-14,jp,Japan,145,12,W / X / Y,Tani Yuuki,0B1ce3uNrzkdm76NXI4mhX,4IfrM44LofE9bSs6TDZS49,https://i.scdn.co/image/ab67616d00001e02a2228dec6c49ad500f9de234
2026-03-14,jp,Japan,146,5,さよならエレジー,SUDA MASAKI,6n4SsAp5VjvIBg3s9QCcPX,3oYD2O31b05fILFpv0AXRI,https://i.scdn.co/image/ab67616d00001e028d7af4bb11a16acd8c0d3e50
2026-03-14,jp,Japan,147,48,Sakura Sake,ARASHI,1XYuC1vxinTjHCNd5clB8C,1hpmLnKKouKUN8nVd33KOi,https://i.scdn.co/image/ab67616d00001e02d010b63755679f65d5c9c4c2
2026-03-14,jp,Japan,148,7,花,Fujii Kaze,6bDWAcdtVR3WHz2xtiIPUi,5RIQU2JDuXC4NkLiHNNMon,https://i.scdn.co/image/ab67616d00001e0250d2cd7d61ac21259ac8961d
2026-03-14,jp,Japan,149,1,小さな恋のうた,MONGOL800,2zUQjYvy0TevSi4d3PjqQO,23atyJacJVHvB9RHBNhr35,https://i.scdn.co/image/ab67616d00001e02c6a3678b061e8586d7a13db6
2026-03-14,jp,Japan,150,14,空も飛べるはず,SPITZ,5kjGRHClVacSyllOUqU1S0,3P2aSkjcbUYbcYr13EFE8n,https://i.scdn.co/image/ab67616d00001e0243a4feca9399f68cc2ba1200
2026-03-14,jp,Japan,151,12,ロマンチシズム,Mrs. GREEN APPLE,4QvgGvpgzgyUOo8Yp8LDm9,0JcI7OdALbpSFkyKoufRYs,https://i.scdn.co/image/ab67616d00001e0281f55cd879e9480e3ed313df
2026-03-14,jp,Japan,152,46,Tokyo Flash,Vaundy,2IUl3m1H1EQ7QfNbNWvgru,04e72JtsOIIlHUQ7CvWwvX,https://i.scdn.co/image/ab67616d00001e02cf855f0c6dee3a4b541b48e7
2026-03-14,jp,Japan,153,8,パズル,Lilas,1qM11R4ylJyQiPJ0DffE9z,2vdoeTuRLpYeyo3JZC9yzR,https://i.scdn.co/image/ab67616d00001e0204ce33535123c2854011136d
2026-03-14,jp,Japan,154,8,napori,Vaundy,2IUl3m1H1EQ7QfNbNWvgru,7hDX39mc6Uf6zp8RXYUQ6d,https://i.scdn.co/image/ab67616d00001e02cf855f0c6dee3a4b541b48e7
2026-03-14,jp,Japan,155,14,World is Mine - Kaguya&Yachiyo Runami ver. - CPK! Remix,ryo (supercell); Kaguya(cv.Yuko Natsuyoshi); Yachiyo Runami(cv.Saori Hayami),5Ud2lekREUXjinNlIGjJIX; 70z7gRudQWmFm65DfZyJVH; 3Qv6jpoeWOA8wmADt61mCR,1qaQyHIAzk6vAMEhACi0tH,https://i.scdn.co/image/ab67616d00001e0216899a8aef8f7fe0ffb90481
2026-03-14,jp,Japan,156,Re-Entry,カイト,ARASHI,1XYuC1vxinTjHCNd5clB8C,5lo3L98nR2VpN2dM9UFJu0,https://i.scdn.co/image/ab67616d00001e02f12a7f28eae41fed7904d99b
2026-03-14,jp,Japan,157,9,Tontsukatantan,クレイジーウォウウォ！！,7GSqiihDPb6AjoK8lh40fh,2bonDeesq7NsHnfeMNDhZv,https://i.scdn.co/image/ab67616d00001e02b578b08ff8fadd47555f2409
2026-03-14,jp,Japan,158,42,タイムパラドックス,Vaundy,2IUl3m1H1EQ7QfNbNWvgru,3jNwPOqdPvQIr5dRT0hzgY,https://i.scdn.co/image/ab67616d00001e02780492a2201b5370e9b209a1
2026-03-14,jp,Japan,159,12,倍倍FIGHT!,CANDY TUNE,4Yq4M6kdQTjkPBOp7aPJrA,4oiJ7VynczppKs3oRObXSG,https://i.scdn.co/image/ab67616d00001e02adf0800539e59d3944d1f9c5
2026-03-14,jp,Japan,160,6,Make Me Wonder,OFFICIAL HIGE DANDISM,5Vo1hnCRmCM6M4thZCInCj,1sgW7loPL1qtWOPimvm7X5,https://i.scdn.co/image/ab67616d00001e02d8dc857eb29f8c11ce6ac4a9
2026-03-14,jp,Japan,161,18,Itsuka,Saucy Dog,4WqXqPmUuenMIr4QaFrZXN,5gjAdhfzftzFR7sriEYUCt,https://i.scdn.co/image/ab67616d00001e02a78d1ec6ed9fedac2301af7b
2026-03-14,jp,Japan,162,10,満ちてゆく,Fujii Kaze,6bDWAcdtVR3WHz2xtiIPUi,5glPFBAuA1C85tBcVWVzvO,https://i.scdn.co/image/ab67616d00001e02e14db96c6e4aff1d7549bb5c
2026-03-14,jp,Japan,163,Re-Entry,Troublemaker,ARASHI,1XYuC1vxinTjHCNd5clB8C,786L5PPUvqcX7vBmxCbtzi,https://i.scdn.co/image/ab67616d00001e02c6b390ece4dc64d20ba4c4f2
2026-03-14,jp,Japan,164,3,Let the Night,Aimyon,5kVZa4lFUmAQlBogl1fkd6,6kKvmT4i0Dercz6f3kftg3,https://i.scdn.co/image/ab67616d00001e023bc8c5a65f225815fa3844e1
2026-03-14,jp,Japan,165,22,On a Cherry Blossom Night,Aimyon,5kVZa4lFUmAQlBogl1fkd6,0H2n6GpHAMlujiER71ubMB,https://i.scdn.co/image/ab67616d00001e02ca9868f5b6ada24ce2fa0150
2026-03-14,jp,Japan,166,1,春雷,Kenshi Yonezu,1snhtMLeb2DYoMOcVbb8iB,6megNXGjmim4OitjZnIn9v,https://i.scdn.co/image/ab67616d00001e025ee78302fe48134795016cbf
2026-03-14,jp,Japan,167,Re-Entry,全力少年,Sukima Switch,0wRzWf3I4lUl9hdFF5uL0m,3Ztjw8utVpcrzms1RrsJvR,https://i.scdn.co/image/ab67616d00001e02d0624e5204e7871f088a65b9
2026-03-14,jp,Japan,168,Re-Entry,イケナイ太陽,ORANGE RANGE,4upiYMjsFfLRieGo8RVRzD,7emibp3qHeqNNYqZ2Y09xb,https://i.scdn.co/image/ab67616d00001e02dce91774924868ea69bd4b87
2026-03-14,jp,Japan,169,23,逆夢,King Gnu,6wxfx1yhyqjCPYwwxJktR2,6ZiEWet0uFRwWBCEKCQ8rY,https://i.scdn.co/image/ab67616d00001e0279dd91f5ec6b11f34b450c66
2026-03-14,jp,Japan,170,Re-Entry,APT.,ROSÉ; Bruno Mars,3eVa5w3URK5duf6eyVDbu9; 0du5cEVh5yTK9QJze8zA0C,4wJ5Qq0jBN4ajy7ouZIV1c,https://i.scdn.co/image/ab67616d00001e027be65ce6672ed7e5aac6e966
2026-03-14,jp,Japan,171,8,日曜日,back number,6rs1KAoQnFalSqSU4LTh8g,1LDxe7AgJ7DRYdV012EmyR,https://i.scdn.co/image/ab67616d00001e0203808f76fad28ce8523f5ac6
2026-03-14,jp,Japan,172,9,PUZZLE,Shota Shimizu,2ZjWbNQAjL74Pf4aqikIz2,5NTtQCnREVVfZuBjVMF4dm,https://i.scdn.co/image/ab67616d00001e020efb33f73c30d3174ccf71df
2026-03-14,jp,Japan,173,Re-Entry,カメレオン,King Gnu,6wxfx1yhyqjCPYwwxJktR2,0J0P8iSE6l3pYHbUdNFYdS,https://i.scdn.co/image/ab67616d00001e02e0588f449523098498361edb
2026-03-14,jp,Japan,174,6,花束を君に,Hikaru Utada,7lbSsjYACZHn1MSDXPxNF2,31yv1hR9gw1WSEmtqsaZbD,https://i.scdn.co/image/ab67616d00001e029f5c5e06d31160668cd48c22
2026-03-14,jp,Japan,175,15,アイドル,YOASOBI,64tJ2EAv1R6UaZqc4iOCyj,1hAloWiinXLPQUJxrJReb1,https://i.scdn.co/image/ab67616d00001e02f3527c2e1ffc2e99bb6a072e
2026-03-14,jp,Japan,176,Re-Entry,プラネタリウム,Ai Otsuka,0q7KOr99MYmwKxivChxpSd,3zfyzbHuqcT2AAffAyLm02,https://i.scdn.co/image/ab67616d00001e02bfca414b7a654241a6950e35
2026-03-14,jp,Japan,177,1,Konayuki,Remioromen,4Yz1LjHwgQ5DFWJrZL8bC8,1jonTMQX0g0VLgcw3Sn2LW,https://i.scdn.co/image/ab67616d00001e0258df007bee23c4bfe4e35cdc
2026-03-14,jp,Japan,178,5,ミスター・ブルースカイ,Macaroni Empitsu,1t17z3vfuc82cxSDMrvryJ,6glcoO077gTGhgdVI9X5wA,https://i.scdn.co/image/ab67616d00001e0234b9dfe360fcfadd776159fc
2026-03-14,jp,Japan,179,14,アイノカタチ,MISIA; HIDE (GReeeeN),3uyDATzOGjbGCts7v2eszk; 4SFP5kBIqqjFrrPknaVnbG,7mSVOYRseiZi20xtBKhHnF,https://i.scdn.co/image/ab67616d00001e028d57576f830008be9c427ef2
2026-03-14,jp,Japan,180,Re-Entry,大阪LOVER,DREAMS COME TRUE,2mJOGcLR3aCHkM1uAF93or,2WpgKrUoWaZHQLTgT6aZBF,https://i.scdn.co/image/ab67616d00001e0296550f393c95d7e4cf85171c
2026-03-14,jp,Japan,181,Re-Entry,Firework,CHANMINA,2vjeuQwzSP5ErC1S41gONX,4rtJHOlUnGem3BQCVWfrjD,https://i.scdn.co/image/ab67616d00001e02b6274d484c9ea468882ada0d
2026-03-14,jp,Japan,182,57,My Place,Fujii Kaze,6bDWAcdtVR3WHz2xtiIPUi,16jM50SQ1eIkjjERn6HHSj,https://i.scdn.co/image/ab67616d00001e022a0da3c44b7a667f127f630f
2026-03-14,jp,Japan,183,3,Cinderella Boy,Saucy Dog,4WqXqPmUuenMIr4QaFrZXN,4ZIr1NSxVihtHcD6EnG65f,https://i.scdn.co/image/ab67616d00001e029efb3f62b3d4862c7bd5d6a1
2026-03-14,jp,Japan,184,Re-Entry,Monster,ARASHI,1XYuC1vxinTjHCNd5clB8C,2WZQFqvPvrGRelBgRHA73M,https://i.scdn.co/image/ab67616d00001e02c6b390ece4dc64d20ba4c4f2
2026-03-14,jp,Japan,185,27,ワタリドリ,[Alexandros],1luOe8HkZQ7zwuaO2wuJqI,0ve9Tpz8Yw0I4eXhWsy21o,https://i.scdn.co/image/ab67616d00001e02ee9ddd9ff22b6ea5458b8f29
2026-03-14,jp,Japan,186,2,ビリミリオン,Yuuri,0ixzjrK1wkN2zWBXt3VW3W,7M0dIdZWN1FDcveRdoOzbZ,https://i.scdn.co/image/ab67616d00001e02188327ac9022d86ad2dd6483
2026-03-14,jp,Japan,187,21,BOW AND ARROW,Kenshi Yonezu,1snhtMLeb2DYoMOcVbb8iB,0NHu2Lo9MWkvhOggEy1bYg,https://i.scdn.co/image/ab67616d00001e026b66f3cca868c6b7688f76d9
2026-03-14,jp,Japan,188,9,Lovers,sumika,0ySFZq3Wd0SQUyJUzmJAeb,6IEqiEgTQn4FwE0seKXFZO,https://i.scdn.co/image/ab67616d00001e02b4695efdcdd9e57051815e48
2026-03-14,jp,Japan,189,9,ファンファーレ,Koji Tamaki,5KLvrcsAUwqMOqxErwSJmD,29nEadzf4CqeLYzcf44zub,https://i.scdn.co/image/ab67616d00001e027938205eb14fe7a2d2c2d6c9
2026-03-14,jp,Japan,190,28,美しい鰭,SPITZ,5kjGRHClVacSyllOUqU1S0,1H3qOzheTPhE7aVvJOWfvA,https://i.scdn.co/image/ab67616d00001e02622ca4b0159cc73e9c7c1c57
2026-03-14,jp,Japan,191,Re-Entry,A・RA・SHI,ARASHI,1XYuC1vxinTjHCNd5clB8C,1kdGYCHCff09E2FASM5IVY,https://i.scdn.co/image/ab67616d00001e02c891632867d7bf0cfb260fa8
2026-03-14,jp,Japan,192,Re-Entry,Bling-Bang-Bang-Born,Creepy Nuts,0pWR7TsFhvSCnbmHDjWgrE,4LhDEsC2tzaVuZbWAaCLrP,https://i.scdn.co/image/ab67616d00001e02ee4da3c97e72acfdd6f62b2c
2026-03-14,jp,Japan,193,Re-Entry,Walking with you,Novelbright,0jWCX6zp4RjWrmZRxJ2uri,7tGDXCPLpAScEwmqab9YZd,https://i.scdn.co/image/ab67616d00001e02e984d27d0de318dc56f123d4
2026-03-14,jp,Japan,194,30,だから僕は音楽を辞めた,Yorushika,4UK2Lzi6fBfUi9rpDt6cik,5j7ixaLeGTGSv4DzKs0pCM,https://i.scdn.co/image/ab67616d00001e02b1b3b83ffee5925197e7ef2c
2026-03-14,jp,Japan,195,Re-Entry,1991,Kenshi Yonezu,1snhtMLeb2DYoMOcVbb8iB,3voShTcaRtbYVSPGuCLAzw,https://i.scdn.co/image/ab67616d00001e022ad969c2f2496d5fd2269deb
2026-03-14,jp,Japan,196,Re-Entry,Beautiful,Superfly,5M8AXrOifBT8elkLKbGPQZ,2ruHYPN3a77Ra8WvvPyfwb,https://i.scdn.co/image/ab67616d00001e02143971d98dba3b2830e39799
2026-03-14,jp,Japan,197,Re-Entry,織姫とBABY,neguse.; 汐れいら,7jiFTNRWSw8zYgUj9wNJld; 6GVsZoMbMt0jmqwcvz1a1F,2RMBCQdXkfFArpX3NIuuNm,https://i.scdn.co/image/ab67616d00001e0246141df3b619f1dccdc174a3
2026-03-14,jp,Japan,198,Re-Entry,Magnetic,ILLIT,36cgvBn0aadzOijnjjwqMN,1aKvZDoLGkNMxoRYgkckZG,https://i.scdn.co/image/ab67616d00001e02f037c5fb9de6c78726cb8e2c
2026-03-14,jp,Japan,199,21,一途,King Gnu,6wxfx1yhyqjCPYwwxJktR2,7ncPjJBktLEOpstY5JOUMK,https://i.scdn.co/image/ab67616d00001e02ab485d8c270001e7c20d3add
2026-03-14,jp,Japan,200,18,Seven (feat. Latto) (Explicit Ver.),Jung Kook; Latto,6HaGTQPmzraVmaVxvz6EUc; 3MdXrJWsbVzdn6fe5JYkSQ,2HRgqmZQC0MC7GeNuDIXHN,https://i.scdn.co/image/ab67616d00001e02741fd4807f442af3f7359316
2026-03-14,tw,Taiwan,1,–,Winter Ahead (with PARK HYO SHIN),V; Park Hyo Shin,3JsHnjpbhX4SnySpvpa9DK; 57htMBtzpppc1yoXgjbslj,7G7mSV4BebkoHWwKTDvXu9,https://i.scdn.co/image/ab67616d00001e0216ba2a3622bd0d0d985e3234
2026-03-14,tw,Taiwan,2,–,Don’t Say You Love Me,Jin,5vV3bFXnN6D6N3Nj4xRvaV,27xkOIER6uDLKALIelHylZ,https://i.scdn.co/image/ab67616d00001e0289228504f700641956e29f5d
2026-03-14,tw,Taiwan,3,–,Who,Jimin,1oSPZhvZMIrWW5I41kPkkY,7tI8dRuH2Yc6RuoTjxo4dU,https://i.scdn.co/image/ab67616d00001e02f02c451189a709b9a952aaec
2026-03-14,tw,Taiwan,4,–,幸福在歌唱 - 電影《陽光女子合唱團》幸福版主題曲,A-Lin,28gf2piFx6cAKOMIwcky5a,3VHi5bCUek6XdiDmqqrirs,https://i.scdn.co/image/ab67616d00001e020c46b9e7e5d28f9bc1cbe892
2026-03-14,tw,Taiwan,5,–,太陽與地球,Crowd Lu,2JBUyLiFvpFPWdZGqIGYLD,0bQSWXtpau3VkNI1ZcXTQA,https://i.scdn.co/image/ab67616d00001e021b1fb50eec98ff61b9fdbda2
2026-03-14,tw,Taiwan,6,–,Love Me Again,V,3JsHnjpbhX4SnySpvpa9DK,2N0SPREDYqILVEFSsWF5N5,https://i.scdn.co/image/ab67616d00001e022f1a5b69c2bd76474bca8035
2026-03-14,tw,Taiwan,7,–,RUDE!,Hearts2Hearts,1ZLU77nRzQIaP23mVSYpCQ,0WA27lZzPKFJKAbiDRmQDc,https://i.scdn.co/image/ab67616d00001e02d505bec2fbfee5857725d333
2026-03-14,tw,Taiwan,8,–,再見的時候 - 電影《陽光女子合唱團》主題曲-再見版,Pei-Yu Hung,0rARfHZ4ZteUlzbAuxUwAs,3IBYp3fKyydZ5dDtirLY6P,https://i.scdn.co/image/ab67616d00001e02e2f3ffc3ac97e05da4df0042
2026-03-14,tw,Taiwan,9,1,特別的人,Khalil Fong,1YrtUPrWcPfgdl9BaD9nhd,0VTzUEuHYD8s7CgQ15cDPo,https://i.scdn.co/image/ab67616d00001e02e71979c121400469d76350cf
2026-03-14,tw,Taiwan,10,7,離開我的依賴,Evangeline Wong,7sEIHkZXRzGa3OBUCCxzU5,28VBdtYc5Cpmey4Cpvcrby,https://i.scdn.co/image/ab67616d00001e02bc2f8151c384496d34c683df
2026-03-14,tw,Taiwan,11,11,Golden,HUNTR/X; EJAE; AUDREY NUNA; REI AMI; KPop Demon Hunters Cast,2yNNYQBChuox9A5Ka93BIn; 0RMJOzHDhAKY1o2j0W0vxY; 0Wwji82sLA0Hcvtuak3omb; 6U1dV7aL68N7Gb0Naq34V5; 7mW7Tv7NvywKKXqafZo0Lc,1CPZ5BxNNd0n0nF4Orb9JS,https://i.scdn.co/image/ab67616d00001e024dcb6c5df15cf74596ab25a4
2026-03-14,tw,Taiwan,12,1,一半一半,Top Barry; INDEcompany,3CSQfCUHVB3sZBfUfdWuph; 3bFdBTYErmHlLmdRZZxffh,21x0N6lu6D9kO8rVtTU3mH,https://i.scdn.co/image/ab67616d00001e02b581842eaf194382c21a30da
2026-03-14,tw,Taiwan,13,1,GO,BLACKPINK,41MozSoPIsD1dJM0CLPjZF,3FZPp9lBUvhsxFxKJi3VkB,https://i.scdn.co/image/ab67616d00001e02d885644b72d5254dd621dc45
2026-03-14,tw,Taiwan,14,13,幾分之幾 - 電影<花甲大人轉男孩>主題曲,Crowd Lu,2JBUyLiFvpFPWdZGqIGYLD,4F7ZAsndEIJXyFzJUHNlRu,https://i.scdn.co/image/ab67616d00001e02d861b9b3ba2ad6370d09e30d
2026-03-14,tw,Taiwan,15,3,擱淺,Jay Chou,2elBjNSdBE2Y3f0j1mjrql,0cOMncRq4cmDLO4tPQnkBF,https://i.scdn.co/image/ab67616d00001e0200b976d1df4243e5318a7712
2026-03-14,tw,Taiwan,16,3,BANG BANG,IVE,6RHTUrRF63xao58xh9FXYJ,7pBE8YpFoZ9ankC2Ci5z9X,https://i.scdn.co/image/ab67616d00001e02ad80a9aabc17535c5eeb5317
2026-03-14,tw,Taiwan,17,2,若無你我欲去佗位,黃奇斌,7td0pZH6CpEX2f36bU1H2D,76EfpqmO6JUL2TTR1SIGwz,https://i.scdn.co/image/ab67616d00001e026d74cf07e52f9efae363e1b7
2026-03-14,tw,Taiwan,18,4,Good Goodbye,HWASA,7bmYpVgQub656uNTu6qGNQ,3cLXrotzCjYCkN73PewALM,https://i.scdn.co/image/ab67616d00001e02f7ec5c454a78dfb0086c0c97
2026-03-14,tw,Taiwan,19,–,左轉燈 (1000 Times+1),Patrick Brasca; mac ova seas,1xCrrnnj9xif5G0y3ie5dM; 1a3bTQmBNmgiY3U7sMh9pf,4UwZyC0wEV6XDEAr9kaQhi,https://i.scdn.co/image/ab67616d00001e02cb96e5aa990343a259e36ad5
2026-03-14,tw,Taiwan,20,4,單程票,Patrick Brasca,1xCrrnnj9xif5G0y3ie5dM,3woBOD3Ldh81fAwpsnD8yC,https://i.scdn.co/image/ab67616d00001e02cb96e5aa990343a259e36ad5
2026-03-14,tw,Taiwan,21,1,一夜一夜一夜,Crowd Lu,2JBUyLiFvpFPWdZGqIGYLD,3wofqqt5YJWdhLI9IFaX39,https://i.scdn.co/image/ab67616d00001e021b1fb50eec98ff61b9fdbda2
2026-03-14,tw,Taiwan,22,4,Slow Dancing,V,3JsHnjpbhX4SnySpvpa9DK,5h1BN75CEh8wdSwE1xrbSe,https://i.scdn.co/image/ab67616d00001e028e504c5aedaae49a73ed4963
2026-03-14,tw,Taiwan,23,5,海屿你,马也_Crabbit,1V6Bl7Ny5loHozQUalAd6M,6UO9nrihAk6sFGvVHDVTz8,https://i.scdn.co/image/ab67616d00001e027d721d0483ccd72e6581e858
2026-03-14,tw,Taiwan,24,13,我懷念的,Stefanie Sun,0SIXZXJCAhNU8sxK0qm7hn,7z2M7DsEjZjwXBkWG3zd21,https://i.scdn.co/image/ab67616d00001e02a44d8e316d4c30aa03bba052
2026-03-14,tw,Taiwan,25,1,離開的一路上,Bestards,0Awqm7GXGiBp8fJNGvywra,1NoDTQhJsrd5rnpb6PQthK,https://i.scdn.co/image/ab67616d00001e02d6440a0195afdb56353be153
2026-03-14,tw,Taiwan,26,1,閣愛妳一擺,EggPlantEgg,6g641431O1Xkl7HAs2yFEg,4Zwn8WxD61diTwqv9hyTQA,https://i.scdn.co/image/ab67616d00001e0234a5cfe817584ad8fc38981c
2026-03-14,tw,Taiwan,27,11,愛愛愛,Khalil Fong,1YrtUPrWcPfgdl9BaD9nhd,59lBAMCis4C6NsPdUV35Vz,https://i.scdn.co/image/ab67616d00001e0242198488aba710a12dd43064
2026-03-14,tw,Taiwan,28,6,like JENNIE,JENNIE,250b0Wlc5Vk0CoUsaCY84M,0fK7ie6XwGxQTIkpFoWkd1,https://i.scdn.co/image/ab67616d00001e02dcf27dec5e479b2e39c4c993
2026-03-14,tw,Taiwan,29,8,小半,陳粒,3SyC3U06X0DjdWd2Jf6V8Q,3QxWTqyIT4O9bokIZlNDpo,https://i.scdn.co/image/ab67616d00001e025108846a5856e34da7892064
2026-03-14,tw,Taiwan,30,7,愛情的大壞蛋,Amazing Show,3n16EAnJtz6SZGx2zJssrI,5HVq8nS0pbM6G7YK8M7DY4,https://i.scdn.co/image/ab67616d00001e025e186c6cd94001e56c635af4
2026-03-14,tw,Taiwan,31,4,JUMP,BLACKPINK,41MozSoPIsD1dJM0CLPjZF,5H1sKFMzDeMtXwND3V6hRY,https://i.scdn.co/image/ab67616d00001e026224d1236b0e0a0e1586efbb
2026-03-14,tw,Taiwan,32,24,開始懂了,Stefanie Sun,0SIXZXJCAhNU8sxK0qm7hn,68tZwwRuo9ip5gRQFG1XWF,https://i.scdn.co/image/ab67616d00001e021d210622badaad3d869038ef
2026-03-14,tw,Taiwan,33,4,404 (New Era),KiiiKiii,63sat2XSMKdwKfqspmYQKP,24rDDbSlFY9OHrlJb48CRh,https://i.scdn.co/image/ab67616d00001e020cc65398388cbc486fa4fff7
2026-03-14,tw,Taiwan,34,4,Rewind,高爾宣 OSN,4TcOznbEZBqev21LzAH4KE,65Wzl9VIDmbFULck1mHWub,https://i.scdn.co/image/ab67616d00001e020fd500b71aa1c90f24817d9c
2026-03-14,tw,Taiwan,35,7,GO!,CORTIS,1ebt9HnXdyYA6KgLXr1n4P,6OWWZtNQORY1McaZmOrwhc,https://i.scdn.co/image/ab67616d00001e024b56a34b0c2b3798fd46f855
2026-03-14,tw,Taiwan,36,10,晴天,Jay Chou,2elBjNSdBE2Y3f0j1mjrql,5pIcwtJYNJx93l420oR2Vm,https://i.scdn.co/image/ab67616d00001e026850b3307853e0753ed53cc5
2026-03-14,tw,Taiwan,37,3,toxic till the end,ROSÉ,3eVa5w3URK5duf6eyVDbu9,1z5ebC9238uGoBgzYyvGpQ,https://i.scdn.co/image/ab67616d00001e027be65ce6672ed7e5aac6e966
2026-03-14,tw,Taiwan,38,7,PSYCHO,BABYMONSTER,1SIocsqdEefUTE6XKGUiVS,491ca80N1C63tpoLvAsLKb,https://i.scdn.co/image/ab67616d00001e028fbb6ffdf0fad1623c8e95f8
2026-03-14,tw,Taiwan,39,4,遇見,Stefanie Sun,0SIXZXJCAhNU8sxK0qm7hn,3xJK8ywApYVEYIDhymYMC6,https://i.scdn.co/image/ab67616d00001e02df729ce08f51ac7cbab07e39
2026-03-14,tw,Taiwan,40,9,SPAGHETTI,LE SSERAFIM; j-hope,4SpbR6yFEvexJuaBpgAU5p; 0b1sIQumIAsNbqAoIClSpy,2N9miXnewVmUrgl6JSK1FI,https://i.scdn.co/image/ab67616d00001e026c4a726c271daf4a4b97e35b
2026-03-14,tw,Taiwan,41,6,Whiplash,aespa,6YVMFz59CuY7ngCxTxjpxE,7Cnpb1vBbC46RgVyyKLH7p,https://i.scdn.co/image/ab67616d00001e02e467a8e8d7b0aa92d354aa75
2026-03-14,tw,Taiwan,42,18,珊瑚海,Jay Chou; Lara Liang,2elBjNSdBE2Y3f0j1mjrql; 4VgfrD5wuAoN428fBZNSyW,3Qj9Fy8BPbWmICTiNkuqB7,https://i.scdn.co/image/ab67616d00001e022625625847482492f9e2e665
2026-03-14,tw,Taiwan,43,7,你沒等我去的舊金山,Patrick Brasca; 陳華,1xCrrnnj9xif5G0y3ie5dM; 5ZxRmJ21NzjxD2ZGBxi7um,1aNVW0fujBVx7JTorTO1jn,https://i.scdn.co/image/ab67616d00001e02cb96e5aa990343a259e36ad5
2026-03-14,tw,Taiwan,44,–,Mono (feat. skaiwater),i-dle; skaiwater,2AfmfGFbe0A0WsTYm0SDTx; 1URVdcNYXigvk6Dj0fHYOM,3VxmXJ4FdtbWI27p3Gx4Wh,https://i.scdn.co/image/ab67616d00001e025dc3f311b1f454442d77bc64
2026-03-14,tw,Taiwan,45,12,Champion,BLACKPINK,41MozSoPIsD1dJM0CLPjZF,43BJVWcBzHRIDaQCg7abnX,https://i.scdn.co/image/ab67616d00001e02d885644b72d5254dd621dc45
2026-03-14,tw,Taiwan,46,5,連名帶姓,A-Mei Chang,6noxsCszBEEK04kCehugOp,3LlQoKvVnkVvq3KC8anUn8,https://i.scdn.co/image/ab67616d00001e02e56be6db20760f34831f7170
2026-03-14,tw,Taiwan,47,16,BLACKHOLE,IVE,6RHTUrRF63xao58xh9FXYJ,2ytQFMxdreEFPPZTtyDdqM,https://i.scdn.co/image/ab67616d00001e02ad80a9aabc17535c5eeb5317
2026-03-14,tw,Taiwan,48,16,不是因為天氣晴朗才愛你,Bestards,0Awqm7GXGiBp8fJNGvywra,2VEt42QSQxILgEf9B50xxm,https://i.scdn.co/image/ab67616d00001e022ea4b848296468f759304331
2026-03-14,tw,Taiwan,49,1,WE GO UP,BABYMONSTER,1SIocsqdEefUTE6XKGUiVS,1tonXoW6dcb7GGNpec3PTl,https://i.scdn.co/image/ab67616d00001e028fbb6ffdf0fad1623c8e95f8
2026-03-14,tw,Taiwan,50,2,Jumping Machine (跳楼机),LBI利比,1xMn0bhYRWHDV01mU8gP1J,1XZE0InCx3SdCnLpVsPpZl,https://i.scdn.co/image/ab67616d00001e0265bcb498250d15917f92464f
2026-03-14,tw,Taiwan,51,14,痴心絕對,Sam Lee,7ya3wFqG9X35S7L7XSrE2i,0D0n4q2o54VTOmDJdL6ikY,https://i.scdn.co/image/ab67616d00001e02e34baf069252392938495697
2026-03-14,tw,Taiwan,52,43,Home (feat. Hikaru Utada),Charlie Puth; Hikaru Utada,6VuMaDnrHyPL1p4EHjYLi7; 7lbSsjYACZHn1MSDXPxNF2,4V9fJ12KcWd78OSAqYNO9r,https://i.scdn.co/image/ab67616d00001e02674523e990240dc0317a82c6
2026-03-14,tw,Taiwan,53,Re-Entry,Rainy Days,V,3JsHnjpbhX4SnySpvpa9DK,5ydjxBSUIDn26MFzU3asP4,https://i.scdn.co/image/ab67616d00001e022f1a5b69c2bd76474bca8035
2026-03-14,tw,Taiwan,54,6,愛我還是他,David Tao,40tNK2YedBV2jRFAHxpifB,13bw75oRjvxMv9VGIeM32i,https://i.scdn.co/image/ab67616d00001e02110af1ee291450d9e86a05a4
2026-03-14,tw,Taiwan,55,1,NOT CUTE ANYMORE,ILLIT,36cgvBn0aadzOijnjjwqMN,1k0JAiH11gHL9dc5dfQjQr,https://i.scdn.co/image/ab67616d00001e023d09075f6c7fabe9a7234cb3
2026-03-14,tw,Taiwan,56,1,浪流連,EggPlantEgg,6g641431O1Xkl7HAs2yFEg,1IS0WFyiVpwsATeSzjEvpI,https://i.scdn.co/image/ab67616d00001e028c7e976070d78efcda06f7bc
2026-03-14,tw,Taiwan,57,2,Stateside + Zara Larsson,PinkPantheress; Zara Larsson,78rUTD7y6Cy67W1RVzYs7t; 1Xylc3o4UrD53lo9CvFvVg,1DwscornXpj8fmOmYVlqZt,https://i.scdn.co/image/ab67616d00001e02684ecc5bc1b724d0106ad694
2026-03-14,tw,Taiwan,58,32,愛錯,Leehom Wang,2F5W6Rsxwzg0plQ0w8dSyt,4vdX5mQE0oXkflFqsqQkUP,https://i.scdn.co/image/ab67616d00001e0265fce5eb1fbdcdeb5ca55b34
2026-03-14,tw,Taiwan,59,15,少一點天份,Shi Shi,4XKp9GFAQfsh2NflSRnHQi,7lCLZlVt6g4ifoHXpXEHZm,https://i.scdn.co/image/ab67616d00001e026b03c0327f4742c8a2ef49c3
2026-03-14,tw,Taiwan,60,2,看着我的眼睛说,张远,4Q6r8rqOodVCDkbAYm7F18,7d6eShN6yVeR4Y2Md9uCA4,https://i.scdn.co/image/ab67616d00001e02623da38934771207c19756d1
2026-03-14,tw,Taiwan,61,27,APT.,ROSÉ; Bruno Mars,3eVa5w3URK5duf6eyVDbu9; 0du5cEVh5yTK9QJze8zA0C,4wJ5Qq0jBN4ajy7ouZIV1c,https://i.scdn.co/image/ab67616d00001e027be65ce6672ed7e5aac6e966
2026-03-14,tw,Taiwan,62,23,一個人想著一個人,Pets Tseng,1he19XnDUahODrmRwKlC8w,3n3zzFH7zzO0gJNaw4RKSm,https://i.scdn.co/image/ab67616d00001e022bc290220b16df50c6324586
2026-03-14,tw,Taiwan,63,31,Magnetic,ILLIT,36cgvBn0aadzOijnjjwqMN,1aKvZDoLGkNMxoRYgkckZG,https://i.scdn.co/image/ab67616d00001e02f037c5fb9de6c78726cb8e2c
2026-03-14,tw,Taiwan,64,5,嘉賓,张远,4Q6r8rqOodVCDkbAYm7F18,5jAmIkIpskwu2hRz2YaEHi,https://i.scdn.co/image/ab67616d00001e02c74b8ff07fe68b72b31c852e
2026-03-14,tw,Taiwan,65,3,End of Beginning,Djo,5p9HO3XC5P3BLxJs5Mtrhm,3qhlB30KknSejmIvZZLjOD,https://i.scdn.co/image/ab67616d00001e02fddfffec51b4580acae727c1
2026-03-14,tw,Taiwan,66,23,七里香,Jay Chou,2elBjNSdBE2Y3f0j1mjrql,57w29bSwdIZ6gr6xXOqwc1,https://i.scdn.co/image/ab67616d00001e0200b976d1df4243e5318a7712
2026-03-14,tw,Taiwan,67,6,Risk It All,Bruno Mars,0du5cEVh5yTK9QJze8zA0C,5y2ijHECwFYWqcAHKTZgzD,https://i.scdn.co/image/ab67616d00001e023eb8dc748f7efb1470f74395
2026-03-14,tw,Taiwan,68,5,back to friends,sombr,4G9NDjRyZFDlJKMRL8hx3S,7qjZnBKE73H4Oxkopwulqe,https://i.scdn.co/image/ab67616d00001e024229702de91cb3d3a4383302
2026-03-14,tw,Taiwan,69,2,多遠都要在一起,G.E.M.,7aRC4L63dBn3CiLDuWaLSI,55d0jw269HE9pbOt5ntCo8,https://i.scdn.co/image/ab67616d00001e02a40897c721bbc3afded61669
2026-03-14,tw,Taiwan,70,2,手放開,Sam Lee,7ya3wFqG9X35S7L7XSrE2i,2Dd9EXYXI2NNrLG61OtWQv,https://i.scdn.co/image/ab67616d00001e022023a1b36b009bda06165b9a
2026-03-14,tw,Taiwan,71,7,在加納共和國離婚,Firdhaus; DIOR 大穎,6fOqdhRNsMQqtwRwgo3NUv; 0czbvTRVGHfCdRsJLxbBGQ,6GyUt7yJ0sOktc5HjvVnFh,https://i.scdn.co/image/ab67616d00001e02bd7cdd9987dede8f59e62ec6
2026-03-14,tw,Taiwan,72,32,DRIP,BABYMONSTER,1SIocsqdEefUTE6XKGUiVS,1MUZitHRpmng5NevrvNx4T,https://i.scdn.co/image/ab67616d00001e02119800c5fc88785ee3ed1524
2026-03-14,tw,Taiwan,73,22,愛情你比我想的閣較偉大 (《當男人戀愛時》電影主題曲),EggPlantEgg,6g641431O1Xkl7HAs2yFEg,6m2I6ZyWRkxjBrrLVQILfl,https://i.scdn.co/image/ab67616d00001e027556c994436a3b274394fe81
2026-03-14,tw,Taiwan,74,7,偷偷愛,Amazing Show,3n16EAnJtz6SZGx2zJssrI,0L7R4dmkwk46DEZgqx1fF7,https://i.scdn.co/image/ab67616d00001e025e186c6cd94001e56c635af4
2026-03-14,tw,Taiwan,75,7,今天的我 - 電影《冠軍之路》主題曲,Fire EX.,7qBIgabdHdcr6NLujDxWAU,75PnRxXcbLminTtBbR6Pph,https://i.scdn.co/image/ab67616d00001e02ad446ae92edc45cca56dac5c
2026-03-14,tw,Taiwan,76,3,演员,Joker Xue,1cg0bYpP5e2DNG0RgK2CMN,5Sib99jpYybZAicUMETb3h,https://i.scdn.co/image/ab67616d00001e02b561e8f785c92e136f37cd08
2026-03-14,tw,Taiwan,77,34,做我的初戀,PIZZALI,5AIqzRLM5XgtjdCjnbvJx7,4flk8ZgDFry6o2t0SdKsnB,https://i.scdn.co/image/ab67616d00001e024eb5e5f991a1e835288d0da9
2026-03-14,tw,Taiwan,78,37,怎麼了,Eric Chou,5fEQLwq1BWWQNR8GzhOIvi,5cU1O9P0EDA0rPkPDykhIm,https://i.scdn.co/image/ab67616d00001e02540dd1971439c343972a92b7
2026-03-14,tw,Taiwan,79,12,慢冷,Fish Leong,3aIDSTKS9yH745GUQBxDcS,3NNDJfWMGHuNpvHWTImmlW,https://i.scdn.co/image/ab67616d00001e0270a002a07c7e78abbe128abb
2026-03-14,tw,Taiwan,80,27,不在乎,icyball 冰球樂團,4GsjZQZJ3viOq4Uw8wZDbW,1t2mpO9GpLjRHDDX6SFWRn,https://i.scdn.co/image/ab67616d00001e02db733eaddfc8f5c52f41dad8
2026-03-14,tw,Taiwan,81,1,楓,Jay Chou,2elBjNSdBE2Y3f0j1mjrql,1pALOIA4ytESmhl7Fxjdic,https://i.scdn.co/image/ab67616d00001e022625625847482492f9e2e665
2026-03-14,tw,Taiwan,82,12,The Fate of Ophelia,Taylor Swift,06HL4z0CvFAxyc27GXpf02,53iuhJlwXhSER5J2IYYv1W,https://i.scdn.co/image/ab67616d00001e02d7812467811a7da6e6a44902
2026-03-14,tw,Taiwan,83,8,月牙灣,F.I.R.,5oqLnVZzJJXE3YnzzZfRKu,1b5IRT3iraxjHOsKZx93sW,https://i.scdn.co/image/ab67616d00001e023653891f79d36296182d5b15
2026-03-14,tw,Taiwan,84,11,愚人節快樂,Crowd Lu,2JBUyLiFvpFPWdZGqIGYLD,3bQeHxH1x4pVUfsRpuLAlH,https://i.scdn.co/image/ab67616d00001e021b1fb50eec98ff61b9fdbda2
2026-03-14,tw,Taiwan,85,41,說好的幸福呢,Jay Chou,2elBjNSdBE2Y3f0j1mjrql,4OoExItZJ0jePoCZDbHx4t,https://i.scdn.co/image/ab67616d00001e02c2321adb9887902f0c5bd8f1
2026-03-14,tw,Taiwan,86,19,人質,A-Mei Chang,6noxsCszBEEK04kCehugOp,6OAUhxFZzaRHHC8XiuIkvb,https://i.scdn.co/image/ab67616d00001e02657284accb75e6b683ebd59a
2026-03-14,tw,Taiwan,87,9,我們的愛,F.I.R.,5oqLnVZzJJXE3YnzzZfRKu,0Q4YuuiCuxIIKUw2fb1cmV,https://i.scdn.co/image/ab67616d00001e02f475bb027a3f2f9aef2e7940
2026-03-14,tw,Taiwan,88,4,"如果可以 - 電影""月老""主題曲",WeiBird,7y3HnWCFEvWj4KM9GFSkiX,72OVnXDzugvrCU25lMi9au,https://i.scdn.co/image/ab67616d00001e02e7e0b58b56d99f8f704c6760
2026-03-14,tw,Taiwan,89,75,Zoo,Disney; Shakira,3xvaSlT4xsyk6lY1ESOspO; 0EmeFodog0BfCgMzAIvKQp,3vJIaiTIHxHhYafTSPNiH4,https://i.scdn.co/image/ab67616d00001e02a6c1dcda006bbf12825b7f43
2026-03-14,tw,Taiwan,90,8,Die With A Smile,Lady Gaga; Bruno Mars,1HY2Jd0NmPuamShAr6KMms; 0du5cEVh5yTK9QJze8zA0C,7so0lgd0zP2Sbgs2d7a1SZ,https://i.scdn.co/image/ab67616d00001e02b0860cf0a98e09663c82290c
2026-03-14,tw,Taiwan,91,6,IRIS OUT,Kenshi Yonezu,1snhtMLeb2DYoMOcVbb8iB,59hVbgr8rfYkDbHfr8RcGI,https://i.scdn.co/image/ab67616d00001e026d1d4e875e2424cdd07f3232
2026-03-14,tw,Taiwan,92,9,感谢你曾来过,阿涵; Ayo97,0Nu7uGMynoaIdKnfLRgxJ8; 3RZsYqWpNRBTPoJ8oqsAwW,1JLtvvPsHwLyd2ufASdkWV,https://i.scdn.co/image/ab67616d00001e025032acc6e82b53aa2e4b17bd
2026-03-14,tw,Taiwan,93,16,像晴天像雨天（电视剧《难哄》心动曲）,Silence Wang,0PdNEiQ3MsJGCEgE13Tz60,1zFuSla4RQ5qAJwDIQYixW,https://i.scdn.co/image/ab67616d00001e02e315e968f364d79e460d8f62
2026-03-14,tw,Taiwan,94,12,So Easy (To Fall In Love),Olivia Dean,00x1fYSGhdqScXBRpSj3DW,6sGIMrtIzQjdzNndVxe397,https://i.scdn.co/image/ab67616d00001e029a336bfb6d40bbd90a507417
2026-03-14,tw,Taiwan,95,12,THIS IS FOR,TWICE,7n2Ycct7Beij7Dj7meI4X0,18AMT576rBlQFMzUTS7WBa,https://i.scdn.co/image/ab67616d00001e027f5ac389dbcaf7a8c17371e3
2026-03-14,tw,Taiwan,96,10,FaSHioN,CORTIS,1ebt9HnXdyYA6KgLXr1n4P,4ecdsGz3Hg6TKPwQ0ZOdJz,https://i.scdn.co/image/ab67616d00001e024b56a34b0c2b3798fd46f855
2026-03-14,tw,Taiwan,97,21,天使借的溫柔,艾薇 Ivy,0RaC2hXyniYsju0mCSNz90,3ITUmRLMjxf3ZqCPSDD2gk,https://i.scdn.co/image/ab67616d00001e02c1194a6510563cab926a4da8
2026-03-14,tw,Taiwan,98,12,Opalite,Taylor Swift,06HL4z0CvFAxyc27GXpf02,3yWuTOYDztXjZxdE2cIRUa,https://i.scdn.co/image/ab67616d00001e02d7812467811a7da6e6a44902
2026-03-14,tw,Taiwan,99,78,我不難過,Stefanie Sun,0SIXZXJCAhNU8sxK0qm7hn,4XrWar13kLO1jr535AzKrQ,https://i.scdn.co/image/ab67616d00001e0284dfb5e38d967ab0bd2b2190
2026-03-14,tw,Taiwan,100,44,妥協,JOLIN,1r9DuPTHiQ7hnRRZ99B8nL,0m1cI6aV1jq537JamnL592,https://i.scdn.co/image/ab67616d00001e020b7942064ed301cf678f6974
2026-03-14,tw,Taiwan,101,5,其实,Joker Xue,1cg0bYpP5e2DNG0RgK2CMN,6Mmdzst5fLkrKjhdkGhLpe,https://i.scdn.co/image/ab67616d00001e0244f196c9fbfac3323c8f7e90
2026-03-14,tw,Taiwan,102,6,What is Love?,TWICE,7n2Ycct7Beij7Dj7meI4X0,5Ek40FyMPprcvtyZDjqylX,https://i.scdn.co/image/ab67616d00001e0240d7efd2594a2b6bda60ea18
2026-03-14,tw,Taiwan,103,7,失戀無罪,A-Lin,28gf2piFx6cAKOMIwcky5a,2s96YKKpfBUbQP3lJuhkfX,https://i.scdn.co/image/ab67616d00001e02477599cfd11f3b0d31727288
2026-03-14,tw,Taiwan,104,2,Without You,高爾宣 OSN,4TcOznbEZBqev21LzAH4KE,0KWnRv3wxjltYVB3MqjNd2,https://i.scdn.co/image/ab67616d00001e02643c4fb91404d250686fa4ed
2026-03-14,tw,Taiwan,105,42,两三句,Richael Liu,4mpD7eRd38R1tUcheDWrxQ,0BkBM5rY934yzHViRhd8Em,https://i.scdn.co/image/ab67616d00001e020ea22c79d020cd353f5ed761
2026-03-14,tw,Taiwan,106,8,給我一個理由忘記,A-Lin,28gf2piFx6cAKOMIwcky5a,2DcmVSLAg0ZzfOQxDshZHY,https://i.scdn.co/image/ab67616d00001e02e2b0c00178975b04b23691dc
2026-03-14,tw,Taiwan,107,5,刻在我心底的名字 (Your Name Engraved Herein) - 電影<刻在你心底的名字>主題曲,Crowd Lu,2JBUyLiFvpFPWdZGqIGYLD,3OC84eKMxRJ4x0Hcwl9i4i,https://i.scdn.co/image/ab67616d00001e02a09d99cdbfdb0fafee0c2318
2026-03-14,tw,Taiwan,108,42,布拉格廣場 - JOLIN Version/ 星宇航空布拉格開航主題曲,JOLIN,1r9DuPTHiQ7hnRRZ99B8nL,0HnESxAFR5lTHioAlI7wo3,https://i.scdn.co/image/ab67616d00001e022a805d4017036c2623ac2ec1
2026-03-14,tw,Taiwan,109,32,我知道,BY2,3DOs7Bsr9x4eJHqv6ViPvR,7iXPSlDdL0EQwPFtUR8ye1,https://i.scdn.co/image/ab67616d00001e02691ad8457c6e896ca39ab979
2026-03-14,tw,Taiwan,110,18,浪子回頭,EggPlantEgg,6g641431O1Xkl7HAs2yFEg,301mxTHzMyFOVUXl6U22sf,https://i.scdn.co/image/ab67616d00001e0271feed027741391dba78fde7
2026-03-14,tw,Taiwan,111,29,不該,Jay Chou; A-Mei Chang,2elBjNSdBE2Y3f0j1mjrql; 6noxsCszBEEK04kCehugOp,5miH0BWhRVTvHAwmnoeyXH,https://i.scdn.co/image/ab67616d00001e02db1172ca038c6818b6ae8bf2
2026-03-14,tw,Taiwan,112,8,雨愛,Rainie Yang,0MEchSWR9pJvw1S5CV3Kuk,553GNiNqcudWfsF55RBDqz,https://i.scdn.co/image/ab67616d00001e027781cc488fb3aeca4a1c5a5c
2026-03-14,tw,Taiwan,113,6,BIRDS OF A FEATHER,Billie Eilish,6qqNVTkY8uBg9cP3Jd7DAH,6dOtVTDdiauQNBQEDOtlAB,https://i.scdn.co/image/ab67616d00001e0271d62ea7ea8a5be92d3c1f62
2026-03-14,tw,Taiwan,114,4,捲菸,Amazing Show,3n16EAnJtz6SZGx2zJssrI,7ks6KrwN2DKhEm06X85qEK,https://i.scdn.co/image/ab67616d00001e0217db15a71504cc2bcab8c44c
2026-03-14,tw,Taiwan,115,Re-Entry,愛我別走,Zhang Zhen Yue,6PNEi9i2MxUgRufqYr76Xt,2fc2vUA5H3mTAr9rQoBDKt,https://i.scdn.co/image/ab67616d00001e0268c82f09326ad31bb08132fd
2026-03-14,tw,Taiwan,116,Re-Entry,Touch,KATSEYE,3c0gDdb9lhnHGFtP4prQpn,6aJn7Cst74cj4lNIiPRgav,https://i.scdn.co/image/ab67616d00001e027e76c17cfbc723800452a24f
2026-03-14,tw,Taiwan,117,19,嚣张,en王翊恩,7z7tLLiBfmH0kZ2lNVs8LW,1vfUASvUGt3gxQ1x3T3u1C,https://i.scdn.co/image/ab67616d00001e029ca65a2abe7108fd00ffe9fb
2026-03-14,tw,Taiwan,118,75,Closer,The Chainsmokers; Halsey,69GGBxA162lTqCwzJG5jLp; 26VFTg2z8YR0cCuwLzESi2,7BKLCZ1jbUBVqRi2FVlTVw,https://i.scdn.co/image/ab67616d00001e02495ce6da9aeb159e94eaa453
2026-03-14,tw,Taiwan,119,38,STAY (with Justin Bieber),The Kid LAROI; Justin Bieber,2tIP7SsRs7vjIcLrU85W8J; 1uNFoZAHBGtllmzznpCI3s,567e29TDzLwZwfDuEpGTwo,https://i.scdn.co/image/ab67616d00001e02b4d59e6fa7e5e7cbc57ac33a
2026-03-14,tw,Taiwan,120,27,Moonwalkin',LNGSHOT,2F4oTJOWkcD1JaTeKEa9h6,46V2ciN6F5bxjQWityNhkY,https://i.scdn.co/image/ab67616d00001e029ae175cd44e09688bb7c0f4f
2026-03-14,tw,Taiwan,121,17,一路向北,Jay Chou,2elBjNSdBE2Y3f0j1mjrql,7KoqEF76fGnDYdxTSHLxcm,https://i.scdn.co/image/ab67616d00001e022625625847482492f9e2e665
2026-03-14,tw,Taiwan,122,13,天后,Andrew Tan,5AhK8gDgOZT7lE1UlbyF1c,4D0KlK4Fl8lotvsoys1bYQ,https://i.scdn.co/image/ab67616d00001e02c45593710081f6364e42960d
2026-03-14,tw,Taiwan,123,8,想見你想見你想見你 - 電視劇《想見你》片尾曲,831,3TtgOeQcNkf9WVDA4xPBJM,69zgyr5HVKdInjeKpq1qHa,https://i.scdn.co/image/ab67616d00001e0271eb1e21d6b443885815abe8
2026-03-14,tw,Taiwan,124,21,Seven (feat. Latto) (Explicit Ver.),Jung Kook; Latto,6HaGTQPmzraVmaVxvz6EUc; 3MdXrJWsbVzdn6fe5JYkSQ,2HRgqmZQC0MC7GeNuDIXHN,https://i.scdn.co/image/ab67616d00001e02741fd4807f442af3f7359316
2026-03-14,tw,Taiwan,125,Re-Entry,Soda Pop,Saja Boys; Andrew Choi; Neckwav; Danny Chung; KEVIN WOO; samUIL Lee; KPop Demon Hunters Cast,0BJ2EjOqcfgFvlZXNKrNbE; 7JBaynR7JFeniONqbnn1U4; 5bXNU0MAF2HSqyFPhYtscH; 11pXvO7wYuzRWYONDOBd33; 2RYonYiVhhzBz82UFXOvEN; 1eDupbD9kIx8UaZlzcBG5r; 7mW7Tv7NvywKKXqafZo0Lc,02sy7FAs8dkDNYsHp4Ul3f,https://i.scdn.co/image/ab67616d00001e024dcb6c5df15cf74596ab25a4
2026-03-14,tw,Taiwan,126,27,最近,Sam Lee,7ya3wFqG9X35S7L7XSrE2i,0ONg8VCxzW3CCNDxDY0DNe,https://i.scdn.co/image/ab67616d00001e026230e82edba274bc98340a80
2026-03-14,tw,Taiwan,127,19,Rich Man,aespa,6YVMFz59CuY7ngCxTxjpxE,1sUjTLLCJzcxC15GUBrOlg,https://i.scdn.co/image/ab67616d00001e02810f7ac94531092b64accd66
2026-03-14,tw,Taiwan,128,72,Something Just Like This,The Chainsmokers; Coldplay,69GGBxA162lTqCwzJG5jLp; 4gzpq5DPGxSnKTe4SA8HAU,6RUKPb4LETWmmr3iAEQktW,https://i.scdn.co/image/ab67616d00001e020c13d3d5a503c84fcc60ae94
2026-03-14,tw,Taiwan,129,7,淘汰,Eason Chan,2QcZxAgcs2I1q7CtCkl6MI,5sYtvIl1mx9QuIgwC6FDU1,https://i.scdn.co/image/ab67616d00001e025108b03b7ae44c82d7f4e014
2026-03-14,tw,Taiwan,130,61,Cruel Summer,Taylor Swift,06HL4z0CvFAxyc27GXpf02,1BxfuPKGuaTgP7aM0Bbdwr,https://i.scdn.co/image/ab67616d00001e02e787cffec20aa2a396a61647
2026-03-14,tw,Taiwan,131,34,SPOTLIGHT,頑童Mj116,7aMQdNM05rPkcHS1ethHUx,4IazYww9msi3dR81d9itO7,https://i.scdn.co/image/ab67616d00001e0205570f9f5557d730d86a777f
2026-03-14,tw,Taiwan,132,16,FOCUS,Hearts2Hearts,1ZLU77nRzQIaP23mVSYpCQ,6jYiHr12NVKLzn0X7K8aSK,https://i.scdn.co/image/ab67616d00001e027c887828b1a67202f0219857
2026-03-14,tw,Taiwan,133,9,Drowning,WOODZ,6y9nlaoynxSvoTGY09Vdcy,4xeugB5MqWh0jwvXZPxahq,https://i.scdn.co/image/ab67616d00001e02e87a41550ee1b24be3e6e1fb
2026-03-14,tw,Taiwan,134,27,Love Yourself,Justin Bieber,1uNFoZAHBGtllmzznpCI3s,50kpGaPAhYJ3sGmk6vplg0,https://i.scdn.co/image/ab67616d00001e02f46b9d202509a8f7384b90de
2026-03-14,tw,Taiwan,135,19,泡沫,G.E.M.,7aRC4L63dBn3CiLDuWaLSI,2IfSPLPDW6RGosdB5huwAA,https://i.scdn.co/image/ab67616d00001e0270734b5ad18da897511c9b23
2026-03-14,tw,Taiwan,136,36,普通朋友,David Tao,40tNK2YedBV2jRFAHxpifB,7CTitzr4eVIDCPUJi5Dr4B,https://i.scdn.co/image/ab67616d00001e020aee670b96c585c15ec6d127
2026-03-14,tw,Taiwan,137,3,luther (with sza),Kendrick Lamar; SZA,2YZyLoL8N0Wb9xBt1NhZWg; 7tYKF4w9nC0nq9CsPZTHyP,2CGNAOSuO1MEFCbBRgUzjd,https://i.scdn.co/image/ab67616d00001e027e5e269471fe4a43a42e2f15
2026-03-14,tw,Taiwan,138,51,"不將就 (電影""何以笙簫默""片尾曲)",Ronghao Li,0rTP0x4vRFSDbhtqcCqc8K,5DH8nF7aWoXXg5Sm3gjCWD,https://i.scdn.co/image/ab67616d00001e02167bfff7b24d6d8fb0cd08a8
2026-03-14,tw,Taiwan,139,Re-Entry,末班車,Ricky Hsiao,0E6oEhZZtQvj811iXQFLrB,4oELKeBS6hWwN3CTuN6acA,https://i.scdn.co/image/ab67616d00001e0253427b5cab964fa77267f912
2026-03-14,tw,Taiwan,140,3,紅豆,Khalil Fong,1YrtUPrWcPfgdl9BaD9nhd,5TkQbhQm9BXONk2agDo4w9,https://i.scdn.co/image/ab67616d00001e0250a62f5eaceb8087bc7b2322
2026-03-14,tw,Taiwan,141,58,爱怎么了,陈村长,6zEkJebB8dCxTGyvyYa8FA,0c9gjnRGBRke9VmLaZWmhM,https://i.scdn.co/image/ab67616d00001e02fceba8f8dae0d3dc2640e955
2026-03-14,tw,Taiwan,142,Re-Entry,"愛, 很簡單",David Tao,40tNK2YedBV2jRFAHxpifB,3OXHwY8gI2QUh0QliXBwrI,https://i.scdn.co/image/ab67616d00001e027c20fb440980c4f2f24346c5
2026-03-14,tw,Taiwan,143,51,number one girl,ROSÉ,3eVa5w3URK5duf6eyVDbu9,1lcBt7LoEikqYmhUoa2cez,https://i.scdn.co/image/ab67616d00001e027be65ce6672ed7e5aac6e966
2026-03-14,tw,Taiwan,144,3,OVERDRIVE,TWS,4GgBKgxhc649frZDHcXIEz,5qAfVxNUxjrELshgTpWxLf,https://i.scdn.co/image/ab67616d00001e0240d19cd64593d7d7d2ff13eb
2026-03-14,tw,Taiwan,145,39,沒那麽簡單,黃小琥,6KCusBln9NTESgcuI0DlUz,4xZIMRwaaBx7CZMmM6KLuh,https://i.scdn.co/image/ab67616d00001e028d4991c8e56249ff4ec1972f
2026-03-14,tw,Taiwan,146,50,猜不透,Della,1EUq1MC4vfYYxcVK9aJnXf,5FGzM47D9MUa0y7qb2D0Ix,https://i.scdn.co/image/ab67616d00001e0298d2b6139a420438137693b4
2026-03-14,tw,Taiwan,147,18,HOME SWEET HOME (feat. TAEYANG & DAESUNG),G-DRAGON; TAEYANG; DAESUNG,30b9WulBM8sFuBo17nNq9c; 6udveWUgX4vu75FF0DTrXV; 1OQxmfKN9UG5C7nr4MkasO,5doooVlMVRZztQbySqARMI,https://i.scdn.co/image/ab67616d00001e02e1b8e368ceafe1117e846859
2026-03-14,tw,Taiwan,148,25,American Girls,Harry Styles,6KImCVD70vtIoJWnq6nGn3,7gtG45ieyQzKtNKobfLd49,https://i.scdn.co/image/ab67616d00001e0274959140f550b11049c18a38
2026-03-14,tw,Taiwan,149,30,淚橋,Wu Bai,5H8TJITZE1sPjVR2ACzXNS,0NAcDn6U2GB2Arhspmh38S,https://i.scdn.co/image/ab67616d00001e02574541164c6e7f7f849e3b27
2026-03-14,tw,Taiwan,150,5,Messy (From F1® The Movie),ROSÉ; F1 The Album,3eVa5w3URK5duf6eyVDbu9; 3aly4xJOy3LVznzvRIvFYC,6Wobsw9uZ0D0xkfOjxXSq9,https://i.scdn.co/image/ab67616d00001e0227303a68d325216fe413f62c
2026-03-14,tw,Taiwan,151,Re-Entry,對等關係 (feat. 張惠妹),Ronghao Li; A-Mei Chang,0rTP0x4vRFSDbhtqcCqc8K; 6noxsCszBEEK04kCehugOp,0mGNDAW085Jkn8IbEalZG3,https://i.scdn.co/image/ab67616d00001e02676f6999f42e041d787c97d6
2026-03-14,tw,Taiwan,152,17,JANE DOE,Kenshi Yonezu; Hikaru Utada,1snhtMLeb2DYoMOcVbb8iB; 7lbSsjYACZHn1MSDXPxNF2,4oE7MyJhqSD3BaHRpNs8Nl,https://i.scdn.co/image/ab67616d00001e028131aa99fb87ff0e9c511851
2026-03-14,tw,Taiwan,153,36,無垢,李浩瑋 Howard Lee,7EkkWNWPiWFQ0rA9IEmMXs,08VBl78Lgs7VIEzCL1Btyv,https://i.scdn.co/image/ab67616d00001e02ea3657d519d84d8860541dcd
2026-03-14,tw,Taiwan,154,57,就是愛妳,David Tao,40tNK2YedBV2jRFAHxpifB,73eCSQ1DxQbaOnzy8PhKx3,https://i.scdn.co/image/ab67616d00001e02110af1ee291450d9e86a05a4
2026-03-14,tw,Taiwan,155,16,太聰明,Cheer Chen,4m0xrEWYU0yCUFMaga015T,4DCB1S7G6SmH9qlDpEVIzP,https://i.scdn.co/image/ab67616d00001e02a003c7dce99c2676a4beac82
2026-03-14,tw,Taiwan,156,6,有些,颜人中,5PNcqs6EtD6gSXgUiiJIUU,4bDJJr7yG31MApWuvEasAo,https://i.scdn.co/image/ab67616d00001e02dbc44cb806214a1372ff98d0
2026-03-14,tw,Taiwan,157,25,心悶,Amazing Show,3n16EAnJtz6SZGx2zJssrI,5PpuqQ7vLG2e66SUpjUVYg,https://i.scdn.co/image/ab67616d00001e0221ab32cbb8ca07c0789dccf5
2026-03-14,tw,Taiwan,158,Re-Entry,Mantra,JENNIE,250b0Wlc5Vk0CoUsaCY84M,1kUyOJb3fzUo8r0OCz5SQk,https://i.scdn.co/image/ab67616d00001e02dcf27dec5e479b2e39c4c993
2026-03-14,tw,Taiwan,159,20,Hold On,高爾宣 OSN; Patrick Brasca,4TcOznbEZBqev21LzAH4KE; 1xCrrnnj9xif5G0y3ie5dM,580BvW3DyUNoYFgQgoD2GI,https://i.scdn.co/image/ab67616d00001e02ebda96af44dfa483d78599f4
2026-03-14,tw,Taiwan,160,4,擋一根,Amazing Show,3n16EAnJtz6SZGx2zJssrI,6439IQyiZV5I7aOo8UREgm,https://i.scdn.co/image/ab67616d00001e020f90f928187a5fa99f9a4608
2026-03-14,tw,Taiwan,161,2,倒帶,JOLIN,1r9DuPTHiQ7hnRRZ99B8nL,4XipvtwRgtUrGb2j2l0wNG,https://i.scdn.co/image/ab67616d00001e028067ec8cf1e676beeb817686
2026-03-14,tw,Taiwan,162,17,失重前幸福,艾薇 Ivy,0RaC2hXyniYsju0mCSNz90,3SJgTyb8a7z66suw0kBZ0T,https://i.scdn.co/image/ab67616d00001e02c7dd9f3f5921f3ad7a558eda
2026-03-14,tw,Taiwan,163,5,Man I Need,Olivia Dean,00x1fYSGhdqScXBRpSj3DW,1qbmS6ep2hbBRaEZFpn7BX,https://i.scdn.co/image/ab67616d00001e02e3d69e17dde129037a1f09e2
2026-03-14,tw,Taiwan,164,Re-Entry,NO BATIDÃO,ZXKAI; slxughter,5tIkxADHN80ca0K6HCpWIt; 1M02J1PLobtQYok93DEvVa,7vg9noSnFEyPfwLiaCW4vi,https://i.scdn.co/image/ab67616d00001e027bff89cf90806ae22a6b72df
2026-03-14,tw,Taiwan,165,14,下輩子,玖壹壹,3w8fdvgPp2aKgy125EBgVg,73Ijz3vN9KP1W5qrfNeWMI,https://i.scdn.co/image/ab67616d00001e02dbe6794a4afcafc06291b751
2026-03-14,tw,Taiwan,166,26,夢醒時分,Wu Bai,5H8TJITZE1sPjVR2ACzXNS,51fGtLs5vdK2NOumVhMXru,https://i.scdn.co/image/ab67616d00001e0236ef4ede8a2fbeb21dcf41cb
2026-03-14,tw,Taiwan,167,21,愛人錯過,告五人,6xErgeZYatiaQ36SB5bvi8,27FOde2nUw0pFuj7hlPbaS,https://i.scdn.co/image/ab67616d00001e027a2aff746e4093fecd950130
2026-03-14,tw,Taiwan,168,Re-Entry,小情歌,sodagreen,3WYT2b8pOLsLsqSaoWYr7U,4FhJ7YSRxATHnaRg4nGs6t,https://i.scdn.co/image/ab67616d00001e02f455f6b17df809e48fad7379
2026-03-14,tw,Taiwan,169,30,唯一,G.E.M.,7aRC4L63dBn3CiLDuWaLSI,6ENf77i5DmXDimXle5Ux3C,https://i.scdn.co/image/ab67616d00001e02d3512d1c4193bc0b78380d17
2026-03-14,tw,Taiwan,170,Re-Entry,Gabriela,KATSEYE,3c0gDdb9lhnHGFtP4prQpn,1xOqGUkyxGQRdCvGpvWKmL,https://i.scdn.co/image/ab67616d00001e02f8d4d00ffe09373efb13ce29
2026-03-14,tw,Taiwan,171,Re-Entry,至少還有你,Sandy Lam,3K2hOAx9MPhduvDf2qguro,0fGM6yMJ1swPXt5NI0GCdl,https://i.scdn.co/image/ab67616d00001e029bc1b2621c008a413127e27e
2026-03-14,tw,Taiwan,172,2,第57次取消发送,菲菲公主,64kT1WWPbIyJcOfNrR2RPD,2xYrGeWUjwGvB0KMAfUFSd,https://i.scdn.co/image/ab67616d00001e02f25f3d88cf46d71dbc74209b
2026-03-14,tw,Taiwan,173,24,後來,Rene Liu,6qzfo7jiO4OrhxrvPFPlWX,2wzXhxWPX0aODraKNXoJYY,https://i.scdn.co/image/ab67616d00001e02794c74a4950a105ffe3be4ed
2026-03-14,tw,Taiwan,174,Re-Entry,眼淚記得你 - 電影《想見你》主題曲,Shi Shi,4XKp9GFAQfsh2NflSRnHQi,0USeB0Tykai3QZj5YAUclG,https://i.scdn.co/image/ab67616d00001e02162f07a534e697ed177d8085
2026-03-14,tw,Taiwan,175,6,EYES CLOSED (with ZAYN),JISOO; ZAYN,6UZ0ba50XreR4TM8u322gs; 5ZsFI1h6hIdQRw2ti0hz81,4WFfPxJv1KRekG6mxn837K,https://i.scdn.co/image/ab67616d00001e021bc666f3fa4156c40c6f90d2
2026-03-14,tw,Taiwan,176,Re-Entry,瞬,郑润泽,6KKqrrPtPB4eR1T5DT6dJ4,6rh39M79viLf2jvH46f1GB,https://i.scdn.co/image/ab67616d00001e0206ed66880dac8a092712e1ae
2026-03-14,tw,Taiwan,177,Re-Entry,Payphone,Maroon 5; Wiz Khalifa,04gDigrS5kc9YWfZHwBETP; 137W8MRPWKqSmrBGDBFSop,1XGmzt0PVuFgQYYnV2It7A,https://i.scdn.co/image/ab67616d00001e02fc8633e22a7dba6aab817bff
2026-03-14,tw,Taiwan,178,20,Really Like You,BABYMONSTER,1SIocsqdEefUTE6XKGUiVS,5xqM1HOndjxfH7NmyD8SVS,https://i.scdn.co/image/ab67616d00001e02119800c5fc88785ee3ed1524
2026-03-14,tw,Taiwan,179,26,We Don't Talk Anymore (feat. Selena Gomez),Charlie Puth; Selena Gomez,6VuMaDnrHyPL1p4EHjYLi7; 0C8ZW7ezQVs4URX5aX7Kqx,54PbBpquVfhfrwRwvjSXbI,https://i.scdn.co/image/ab67616d00001e0215145482a542a9adb282250b
2026-03-14,tw,Taiwan,180,53,我喜歡你,芒果醬 Mango Jump,1t1GIb4bb1lARAXwWEekUN,6FpUCVpLvO0QXwsovSfWEa,https://i.scdn.co/image/ab67616d00001e02c4406bdc7db01dffa88ff27a
2026-03-14,tw,Taiwan,181,29,不能說的秘密,Jay Chou,2elBjNSdBE2Y3f0j1mjrql,77jIEebt4z9WzaI6LsntDG,https://i.scdn.co/image/ab67616d00001e02a51c803d8ef69c3b7f8208e9
2026-03-14,tw,Taiwan,182,2,Lemon,Kenshi Yonezu,1snhtMLeb2DYoMOcVbb8iB,04TshWXkhV1qkqHzf31Hn6,https://i.scdn.co/image/ab67616d00001e02775e8184725e0fb89337dd9a
2026-03-14,tw,Taiwan,183,7,光年之外 (電影 《Passengers》 中國區主題曲),G.E.M.,7aRC4L63dBn3CiLDuWaLSI,1bkvGbgK4HU8B7Ue4k7O7I,https://i.scdn.co/image/ab67616d00001e02f234c75e68b7b50c3d2b48d0
2026-03-14,tw,Taiwan,184,Re-Entry,修煉愛情,JJ Lin,7Dx7RhX0mFuXhCOUgB01uM,101iWa6yaODTI0RWewMK1B,https://i.scdn.co/image/ab67616d00001e02d007039d7dbb3ac88b4c5686
2026-03-14,tw,Taiwan,185,Re-Entry,十年,Eason Chan,2QcZxAgcs2I1q7CtCkl6MI,25pWemriUQVrZ3yIiS2IBf,https://i.scdn.co/image/ab67616d00001e02822b40ed87abd5054b48f0aa
2026-03-14,tw,Taiwan,186,1,愛你,Kimberley Chen,1dVbVQZjRGDjQmHD8oiS8k,0n7Ij8XEDfYYFRgBQjNjnf,https://i.scdn.co/image/ab67616d00001e0230065f9a53fbeae1556d5129
2026-03-14,tw,Taiwan,187,57,我對緣分小心翼翼 (劇集《逐玉》主題曲),JJ Lin,7Dx7RhX0mFuXhCOUgB01uM,72yIlZtNNS4i2b4FfVm619,https://i.scdn.co/image/ab67616d00001e02b24d13aada9e78ff850a0a07
2026-03-14,tw,Taiwan,188,22,Just Believe,頑童Mj116,7aMQdNM05rPkcHS1ethHUx,1Onqw3ligchmfzpX322jfs,https://i.scdn.co/image/ab67616d00001e02d4fe063729ca5dccd58d685f
2026-03-14,tw,Taiwan,189,Re-Entry,Drama,aespa,6YVMFz59CuY7ngCxTxjpxE,5XWlyfo0kZ8LF7VSyfS4Ew,https://i.scdn.co/image/ab67616d00001e02ae59604190fd4dcd891d5c69
2026-03-14,tw,Taiwan,190,57,家家酒,Jia Jia,5qUYuf6cIHU241KxPyDMBp,6mO5fCJKvB9tr5RAFvBO7z,https://i.scdn.co/image/ab67616d00001e02d8946e4e14cbce7eb4a2d7c5
2026-03-14,tw,Taiwan,191,66,人的這一生,DIOR 大穎,0czbvTRVGHfCdRsJLxbBGQ,2Jox8DFhnUpJZJWLsVAsAR,https://i.scdn.co/image/ab67616d00001e02f75cd8d2c4ad4469063ec361
2026-03-14,tw,Taiwan,192,7,如果你也聽說,A-Mei Chang,6noxsCszBEEK04kCehugOp,2JH8WubSk2IWYUDBUguSQv,https://i.scdn.co/image/ab67616d00001e020b498d921e43f090eeb31e23
2026-03-14,tw,Taiwan,193,Re-Entry,Shape of You,Ed Sheeran,6eUKZXaKkcviH0Ku9w2n3V,7qiZfU4dY1lWllzX7mPBI3,https://i.scdn.co/image/ab67616d00001e02ba5db46f4b838ef6027e6f96
2026-03-14,tw,Taiwan,194,Re-Entry,思念是一種病,Zhang Zhen Yue; 蔡健雅,6PNEi9i2MxUgRufqYr76Xt; 2kddrh4vYO09lJ4yqu5hFv,5JaPBs2aQjEfLwM5kVb4jq,https://i.scdn.co/image/ab67616d00001e02f06f6d1dc27b1be121e5ae7e
2026-03-14,tw,Taiwan,195,Re-Entry,不簡單的歌 (feat. Faye 詹雯婷),Marz23; Faye 詹雯婷,4XBG26mgvzGqT09eopG4d9; 7hmSHY9HVVQKejpGbPbo16,77Y69dj99sTYGAWule3nz8,https://i.scdn.co/image/ab67616d00001e023f1462b134ec9c83789d2e68
2026-03-14,tw,Taiwan,196,96,年少有為,Ronghao Li,0rTP0x4vRFSDbhtqcCqc8K,6XY80Ofqd8j0SGiEdRLwCp,https://i.scdn.co/image/ab67616d00001e024ed5351deda71982d6f1ab4d
2026-03-14,tw,Taiwan,197,Re-Entry,蒲公英的約定,Jay Chou,2elBjNSdBE2Y3f0j1mjrql,3JovAXFjc98TkksMfeyIMh,https://i.scdn.co/image/ab67616d00001e0222fe29cadcb2a28c2d3b9bb7
2026-03-14,tw,Taiwan,198,Re-Entry,戒菸,Ronghao Li,0rTP0x4vRFSDbhtqcCqc8K,65KjitGykI5QIcsYrNhPZR,https://i.scdn.co/image/ab67616d00001e025e612ee6e4ad129abe910a53
2026-03-14,tw,Taiwan,199,62,我受夠了,艾薇 Ivy; 吳霏,0RaC2hXyniYsju0mCSNz90; 2q5HrJWKwU4iHaTTSKGZC4,3w71TlXbEeZeZcI7BtHy2G,https://i.scdn.co/image/ab67616d00001e02734f588e7e456af1bad04389
2026-03-14,tw,Taiwan,200,Re-Entry,STYLE,Hearts2Hearts,1ZLU77nRzQIaP23mVSYpCQ,5EoV2HmAlkqN1XvsIjOBZZ,https://i.scdn.co/image/ab67616d00001e02610f16f9c84e85158baa0384
2026-03-14,kr,South Korea,1,–,RUDE!,Hearts2Hearts,1ZLU77nRzQIaP23mVSYpCQ,0WA27lZzPKFJKAbiDRmQDc,https://i.scdn.co/image/ab67616d00001e02d505bec2fbfee5857725d333
2026-03-14,kr,South Korea,2,1,0+0,HANRORO,5wVJpXzuKV6Xj7Yhsf2uYx,3sOAwRg5esaxDcWnUigWPv,https://i.scdn.co/image/ab67616d00001e02afda752d5db59e06d3f86e3b
2026-03-14,kr,South Korea,3,1,"TICK TOCK (Feat. ZICO) (Prod. by ZICO, Crush)",HAON; Nosun; Raf Sandou; Marv; Jung Junhyuk; ZICO,2krUNMgFZYm5s4Nn0g91W9; 0BHYZCuuyLl53LVgeC3pUa; 4FBKTurCVdtC6Fq8mSQgj8; 1V2ep7618bYgCcTVyDKPcW; 3AfvvgMrTONEdoXOfWrBoS; 4XpUIb8uuNlIWVKmgKZXC0,3m08yeqLjXsqblRU3KXPAp,https://i.scdn.co/image/ab67616d00001e023745e2d4fd21e243eca7d36c
2026-03-14,kr,South Korea,4,1,Landing in Love,HANRORO,5wVJpXzuKV6Xj7Yhsf2uYx,3WvM2dIR9iIxMGNMP7WsNw,https://i.scdn.co/image/ab67616d00001e02041c2df6c6417db26f4133d4
2026-03-14,kr,South Korea,5,1,404 (New Era),KiiiKiii,63sat2XSMKdwKfqspmYQKP,24rDDbSlFY9OHrlJb48CRh,https://i.scdn.co/image/ab67616d00001e020cc65398388cbc486fa4fff7
2026-03-14,kr,South Korea,6,2,Love Love Love,Epik High,5snNHNlYT2UrtZo5HCJkiw,7hlEhmg5h9XuFtaGfgvqjF,https://i.scdn.co/image/ab67616d00001e024c71e80a8f580184ba910222
2026-03-14,kr,South Korea,7,1,Money Checks (Prod. by Hukky Shibaseki),NOWIMYOUNG; Fleeky Bang; Royal 44; Double Down; Young Shooter,66LxteaHD7NvxCnkQoyw2G; 4whHCEnN1w4cexp2J7h4OC; 6I5eyZiVUpuPwE8mTXp7hC; 4pbV1Vv8u69lPLXvUo7dcU; 0z3PGGdWzTBZB8aYcp0gSx,5bB7348yF6DXMmK1WQlBui,https://i.scdn.co/image/ab67616d00001e023745e2d4fd21e243eca7d36c
2026-03-14,kr,South Korea,8,1,Don’t Say You Love Me,Jin,5vV3bFXnN6D6N3Nj4xRvaV,27xkOIER6uDLKALIelHylZ,https://i.scdn.co/image/ab67616d00001e0289228504f700641956e29f5d
2026-03-14,kr,South Korea,9,3,FOCUS,Hearts2Hearts,1ZLU77nRzQIaP23mVSYpCQ,6jYiHr12NVKLzn0X7K8aSK,https://i.scdn.co/image/ab67616d00001e027c887828b1a67202f0219857
2026-03-14,kr,South Korea,10,4,SSAK (Feat. Loco) (Prod. By GRAY),OXYNOVA; MASON HOME; MILLI; Foggyatthebottom; OSUN; Loco,72b3VgmhJa2YqlypqHdrXa; 6fUWivVaWaEgN2G0m7c0Wa; 1eVPKI2R4NlX6P5FIuMXis; 3fXHHmLxAY43pSTlWnbYd7; 5B0qfgiKQ1593oBKreR5Fb; 2e4G04F77jxVuDYo44TCSm,0FOReGSXypVBP1q3CLEbfN,https://i.scdn.co/image/ab67616d00001e023745e2d4fd21e243eca7d36c
2026-03-14,kr,South Korea,11,–,Who,Jimin,1oSPZhvZMIrWW5I41kPkkY,7tI8dRuH2Yc6RuoTjxo4dU,https://i.scdn.co/image/ab67616d00001e02f02c451189a709b9a952aaec
2026-03-14,kr,South Korea,12,3,BANG BANG,IVE,6RHTUrRF63xao58xh9FXYJ,7pBE8YpFoZ9ankC2Ci5z9X,https://i.scdn.co/image/ab67616d00001e02ad80a9aabc17535c5eeb5317
2026-03-14,kr,South Korea,13,–,Let Me Love My Youth,HANRORO,5wVJpXzuKV6Xj7Yhsf2uYx,4qdBPJta3BVPXCS0wJZ6yO,https://i.scdn.co/image/ab67616d00001e0226a40856fec5db78306ba3c0
2026-03-14,kr,South Korea,14,1,Seven (feat. Latto) (Explicit Ver.),Jung Kook; Latto,6HaGTQPmzraVmaVxvz6EUc; 3MdXrJWsbVzdn6fe5JYkSQ,2HRgqmZQC0MC7GeNuDIXHN,https://i.scdn.co/image/ab67616d00001e02741fd4807f442af3f7359316
2026-03-14,kr,South Korea,15,5,GO,BLACKPINK,41MozSoPIsD1dJM0CLPjZF,3FZPp9lBUvhsxFxKJi3VkB,https://i.scdn.co/image/ab67616d00001e02d885644b72d5254dd621dc45
2026-03-14,kr,South Korea,16,–,STYLE,Hearts2Hearts,1ZLU77nRzQIaP23mVSYpCQ,5EoV2HmAlkqN1XvsIjOBZZ,https://i.scdn.co/image/ab67616d00001e02610f16f9c84e85158baa0384
2026-03-14,kr,South Korea,17,5,yours,데이먼스 이어 Damons year,2T5KKZuEEudb7alCJ1pCus,7JQH2lBMZ10ztDnpoeq6Ki,https://i.scdn.co/image/ab67616d00001e02cccd0bf2843a65a3d45ea190
2026-03-14,kr,South Korea,18,5,아크라포빅 (Akrapovic),hamo,7bQHemX2QBqGaERdrfraNW,3YVcnTV3v6DEFJeAnxGTBj,https://i.scdn.co/image/ab67616d00001e02627a75fc4d9bfa9bc45a8b58
2026-03-14,kr,South Korea,19,2,My whole world,"Car, the garden",7c1HgFDe8ogy5NOZ1ANCJQ,55pCe0UgAeaeWKKSQqdiWh,https://i.scdn.co/image/ab67616d00001e02572c3481841c6f020cfa80cc
2026-03-14,kr,South Korea,20,1,Ego,Crush,6aLdhHUqgdKE86xbtNmY8g,6YniytuSunB9HefGf4IxO9,https://i.scdn.co/image/ab67616d00001e025e4cfe6394fdc7a91b364ae3
2026-03-14,kr,South Korea,21,3,IRIS OUT,Kenshi Yonezu,1snhtMLeb2DYoMOcVbb8iB,59hVbgr8rfYkDbHfr8RcGI,https://i.scdn.co/image/ab67616d00001e026d1d4e875e2424cdd07f3232
2026-03-14,kr,South Korea,22,2,NOT CUTE ANYMORE,ILLIT,36cgvBn0aadzOijnjjwqMN,1k0JAiH11gHL9dc5dfQjQr,https://i.scdn.co/image/ab67616d00001e023d09075f6c7fabe9a7234cb3
2026-03-14,kr,South Korea,23,1,Endangered Love,LEE CHANHYUK,4RkTSLr5Qf79FfUkeaDKbl,06o2o3TpyR8eGU2ANK21Lp,https://i.scdn.co/image/ab67616d00001e02c675edee6479e3f798d90716
2026-03-14,kr,South Korea,24,5,BLACKHOLE,IVE,6RHTUrRF63xao58xh9FXYJ,2ytQFMxdreEFPPZTtyDdqM,https://i.scdn.co/image/ab67616d00001e02ad80a9aabc17535c5eeb5317
2026-03-14,kr,South Korea,25,–,Blue Valentine,NMIXX,28ot3wh4oNmoFOdVajibBl,4i0HNuFEH6P6K4UnsY5uUh,https://i.scdn.co/image/ab67616d00001e02ee26bd5ae483fc54e6ef9e74
2026-03-14,kr,South Korea,26,4,Forever Has Always Been,Redoor,5xhi1KB7WkPiTYb5Fm3YvS,3tbHqU6PKS2bIGWx9cn082,https://i.scdn.co/image/ab67616d00001e02149023dcdf178cffc8b994c3
2026-03-14,kr,South Korea,27,–,Winter Ahead (with PARK HYO SHIN),V; Park Hyo Shin,3JsHnjpbhX4SnySpvpa9DK; 57htMBtzpppc1yoXgjbslj,7G7mSV4BebkoHWwKTDvXu9,https://i.scdn.co/image/ab67616d00001e0216ba2a3622bd0d0d985e3234
2026-03-14,kr,South Korea,28,20,Closely Far Away,"Car, the garden",7c1HgFDe8ogy5NOZ1ANCJQ,7wLJ4xzxNss5abZ1kXs242,https://i.scdn.co/image/ab67616d00001e025715142fe7cecb7729304426
2026-03-14,kr,South Korea,29,3,Drowning,WOODZ,6y9nlaoynxSvoTGY09Vdcy,4xeugB5MqWh0jwvXZPxahq,https://i.scdn.co/image/ab67616d00001e02e87a41550ee1b24be3e6e1fb
2026-03-14,kr,South Korea,30,2,Pretender,OFFICIAL HIGE DANDISM,5Vo1hnCRmCM6M4thZCInCj,15HNdxGKNCIO9pgaY4n7FU,https://i.scdn.co/image/ab67616d00001e02fc273337d7aafc7e907c383d
2026-03-14,kr,South Korea,31,14,사랑은 봄비처럼...이별은 겨울비처럼,Lim Hyun Jung,7qUALZhWSQIwqTw1auwwCc,2cCC4S226r1tws0d2vDDdO,https://i.scdn.co/image/ab67616d00001e022c8ba0a91829187cd7f27870
2026-03-14,kr,South Korea,32,5,We Are,Woo; Loco; GRAY,5a8EJtOEbUJDF4RX3mKK02; 2e4G04F77jxVuDYo44TCSm; 3kPEBSt7qgVoRZSbIXMr7W,2SMq0lOqCTHayWa9juoI0d,https://i.scdn.co/image/ab67616d00001e0280af1bc4fa047ba0e2f17c04
2026-03-14,kr,South Korea,33,4,JUMP,BLACKPINK,41MozSoPIsD1dJM0CLPjZF,5H1sKFMzDeMtXwND3V6hRY,https://i.scdn.co/image/ab67616d00001e026224d1236b0e0a0e1586efbb
2026-03-14,kr,South Korea,34,2,Whiplash,aespa,6YVMFz59CuY7ngCxTxjpxE,7Cnpb1vBbC46RgVyyKLH7p,https://i.scdn.co/image/ab67616d00001e02e467a8e8d7b0aa92d354aa75
2026-03-14,kr,South Korea,35,11,Billyeoon Goyangi (Do the Dance),ILLIT,36cgvBn0aadzOijnjjwqMN,4p0uVFAXKUISu8yp9gNtWE,https://i.scdn.co/image/ab67616d00001e02f24755716ee6789fa094112c
2026-03-14,kr,South Korea,36,1,Magnetic,ILLIT,36cgvBn0aadzOijnjjwqMN,1aKvZDoLGkNMxoRYgkckZG,https://i.scdn.co/image/ab67616d00001e02f037c5fb9de6c78726cb8e2c
2026-03-14,kr,South Korea,37,6,Eternal Moment,Lim Young Woong,75MOYjGEyyH5U4ZFHOPvxR,2aSfmbpproCPOe2j01WT2a,https://i.scdn.co/image/ab67616d00001e02f207933160e8018901f665b2
2026-03-14,kr,South Korea,38,4,JANE DOE,Kenshi Yonezu; Hikaru Utada,1snhtMLeb2DYoMOcVbb8iB; 7lbSsjYACZHn1MSDXPxNF2,4oE7MyJhqSD3BaHRpNs8Nl,https://i.scdn.co/image/ab67616d00001e028131aa99fb87ff0e9c511851
2026-03-14,kr,South Korea,39,2,No Manners (Feat. Jay Park) (Prod. by Lil Moshpit),Lil Moshpit; DKAY; Tray B; ZENE THE ZILLA; Flowsik; Jeffrey White; Jay Park,0tVSrjQ0NpDlecsJwGmrMy; 7l4RtJuUSSZfj3ktAa5yG5; 4GSbZvuTa6GeWVt4LtPzX5; 1MMbv4LTpwbh2APtXuwaZN; 4N2CbwZ7ekytt9Oi5dh4Vq; 2CzJxatdtHWmZzJf1iZZBi; 4XDi67ZENZcbfKnvMnTYsI,0GB2Y83tCVDoanc5kQXQxR,https://i.scdn.co/image/ab67616d00001e023745e2d4fd21e243eca7d36c
2026-03-14,kr,South Korea,40,12,Golden,HUNTR/X; EJAE; AUDREY NUNA; REI AMI; KPop Demon Hunters Cast,2yNNYQBChuox9A5Ka93BIn; 0RMJOzHDhAKY1o2j0W0vxY; 0Wwji82sLA0Hcvtuak3omb; 6U1dV7aL68N7Gb0Naq34V5; 7mW7Tv7NvywKKXqafZo0Lc,1CPZ5BxNNd0n0nF4Orb9JS,https://i.scdn.co/image/ab67616d00001e024dcb6c5df15cf74596ab25a4
2026-03-14,kr,South Korea,41,14,Every moment of you,Sung Si Kyung,7jFUYMpMUBDL4JQtMZ5ilc,6piGysTzX1hCj2l0mygEl9,https://i.scdn.co/image/ab67616d00001e026b3a05b16a6d0114727b6f65
2026-03-14,kr,South Korea,42,6,Heavenly Ever After,Lim Young Woong,75MOYjGEyyH5U4ZFHOPvxR,7kjVCymE7vn0HizmGCGFWQ,https://i.scdn.co/image/ab67616d00001e028959826653e37902d6413ab9
2026-03-14,kr,South Korea,43,1,"LOV3 (Feat. Bryan Chase, Okasian)",Sik-K; Lil Moshpit; Bryan Chase; Okasian,5DIi2JWfQPTKffaVBlIYRn; 0tVSrjQ0NpDlecsJwGmrMy; 0qOcjTObT75YJLbDBfSgXw; 5XdnR0kqQUWzeTDdsJNulO,1QC4Ztt2GlFWpdSMLwt5ol,https://i.scdn.co/image/ab67616d00001e0273353f72d6760d107a955847
2026-03-14,kr,South Korea,44,6,The Chase,Hearts2Hearts,1ZLU77nRzQIaP23mVSYpCQ,68UrZQUuO3O6eUiD226xHg,https://i.scdn.co/image/ab67616d00001e02d346fc1102eb417305b5358b
2026-03-14,kr,South Korea,45,5,toxic till the end,ROSÉ,3eVa5w3URK5duf6eyVDbu9,1z5ebC9238uGoBgzYyvGpQ,https://i.scdn.co/image/ab67616d00001e027be65ce6672ed7e5aac6e966
2026-03-14,kr,South Korea,46,3,Really Like You,BABYMONSTER,1SIocsqdEefUTE6XKGUiVS,5xqM1HOndjxfH7NmyD8SVS,https://i.scdn.co/image/ab67616d00001e02119800c5fc88785ee3ed1524
2026-03-14,kr,South Korea,47,14,KOLOK COLOK,KC; NOWIMYOUNG,0hQTMC0zU4pFW0Lc7ExB6f; 66LxteaHD7NvxCnkQoyw2G,0z2KNZtMFEe1BvON8pT1Ay,https://i.scdn.co/image/ab67616d00001e0222c5000f82eec6ba6e2aefb0
2026-03-14,kr,South Korea,48,6,ULSSIGU,Lim Young Woong,75MOYjGEyyH5U4ZFHOPvxR,651GMkAaR0JbpzZXRvdQ3D,https://i.scdn.co/image/ab67616d00001e02f207933160e8018901f665b2
2026-03-14,kr,South Korea,49,10,너,SYSTEM SEOUL; ycs,1YBOO3E40cq9VVNUHeQGDm; 15Wmgj7GkO1EPXq9hZPnh6,3b4YlIUpzYs3CZ6s9GVmzT,https://i.scdn.co/image/ab67616d00001e020fae4a40833162d85b5b6acb
2026-03-14,kr,South Korea,50,14,Catch Catch,YENA,49muoiIu4uea4PO8vueUNN,2O9bMJticxbQ8FH3NiQ7Xh,https://i.scdn.co/image/ab67616d00001e029687ef1de31954cfdeac2f5a
2026-03-14,kr,South Korea,51,2,Unread Message,Lim Young Woong,75MOYjGEyyH5U4ZFHOPvxR,4CRhJHHbH9Awx7z7xRAdPP,https://i.scdn.co/image/ab67616d00001e02f207933160e8018901f665b2
2026-03-14,kr,South Korea,52,5,벌써 일년,Brown Eyes,6O7LgtO6NKOOOudzRayUfJ,373fb3tsAbcShtD2RZ8edv,https://i.scdn.co/image/ab67616d00001e02d04eaf92f704aaf61c686b48
2026-03-14,kr,South Korea,53,12,If I have you only (My love X Nerd Connection),Nerd Connection,5WKUZJPvN1SScyggtPFShK,3TQHPUEVdvdq8ejwEcHUlL,https://i.scdn.co/image/ab67616d00001e0220daf4f9c25cbe0bc384e606
2026-03-14,kr,South Korea,54,17,MONTAGEM HIKARI,BellyJay,1AldIZRmNccuXCk2uoYcpv,0XqgE9UN4MCo5ooIwUYm7l,https://i.scdn.co/image/ab67616d00001e02ed082bc5a51c0eafd7ff1ea0
2026-03-14,kr,South Korea,55,8,A Letter,BUMJIN,3vljSA6N2aSE8U3OhNFkPy,0VdwOoAKPe9aGahkpllfkH,https://i.scdn.co/image/ab67616d00001e02392694f88c4df7367d0641f0
2026-03-14,kr,South Korea,56,3,Wild flower,Lim Young Woong,75MOYjGEyyH5U4ZFHOPvxR,0CWk3LG8MXMA3TE61y5zPB,https://i.scdn.co/image/ab67616d00001e02f207933160e8018901f665b2
2026-03-14,kr,South Korea,57,3,KARMA COLLECTOR,KC; Sik-K; HAON; NOWIMYOUNG,0hQTMC0zU4pFW0Lc7ExB6f; 5DIi2JWfQPTKffaVBlIYRn; 2krUNMgFZYm5s4Nn0g91W9; 66LxteaHD7NvxCnkQoyw2G,5p8i6Pp37EBIqceXmfnrxa,https://i.scdn.co/image/ab67616d00001e0222c5000f82eec6ba6e2aefb0
2026-03-14,kr,South Korea,58,1,Left in the Rain,Lim Young Woong,75MOYjGEyyH5U4ZFHOPvxR,1TPHGTbSlEiZh9MvQDpMcY,https://i.scdn.co/image/ab67616d00001e02f207933160e8018901f665b2
2026-03-14,kr,South Korea,59,3,Melody for You,Lim Young Woong,75MOYjGEyyH5U4ZFHOPvxR,7hYI4QprQ3hMqp56ul6uEv,https://i.scdn.co/image/ab67616d00001e02f207933160e8018901f665b2
2026-03-14,kr,South Korea,60,2,Ditto,NewJeans,6HvZYsbFfjnjFrWF950C9d,3r8RuvgbX9s7ammBn07D3W,https://i.scdn.co/image/ab67616d00001e02edf5b257be1d6593e81bb45f
2026-03-14,kr,South Korea,61,3,Wonderful Life,Lim Young Woong,75MOYjGEyyH5U4ZFHOPvxR,2penachGpHAHaMQGo1j1Tz,https://i.scdn.co/image/ab67616d00001e02f207933160e8018901f665b2
2026-03-14,kr,South Korea,62,12,Champion,BLACKPINK,41MozSoPIsD1dJM0CLPjZF,43BJVWcBzHRIDaQCg7abnX,https://i.scdn.co/image/ab67616d00001e02d885644b72d5254dd621dc45
2026-03-14,kr,South Korea,63,3,Lemon,Kenshi Yonezu,1snhtMLeb2DYoMOcVbb8iB,04TshWXkhV1qkqHzf31Hn6,https://i.scdn.co/image/ab67616d00001e02775e8184725e0fb89337dd9a
2026-03-14,kr,South Korea,64,3,"How can I love the heartbreak, you're the one I love",AKMU,6OwKE9Ez6ALxpTaKcT5ayv,0hqj5JBnFt1BHEz2UCFwrl,https://i.scdn.co/image/ab67616d00001e02d41cdd1f3e033a0ea1642112
2026-03-14,kr,South Korea,65,5,"I’m sorry, But…",Lim Young Woong,75MOYjGEyyH5U4ZFHOPvxR,5qCu3KDSEoojJ4Rh5OzHm3,https://i.scdn.co/image/ab67616d00001e02f207933160e8018901f665b2
2026-03-14,kr,South Korea,66,45,Say Yes,Loco; Punch,2e4G04F77jxVuDYo44TCSm; 2FgZrgTMX6Sk0VNcOsEPmm,27zrFrtUtWl2urlvjOn5xc,https://i.scdn.co/image/ab67616d00001e02cb95963709806e12d93128d4
2026-03-14,kr,South Korea,67,6,I’m HERO,Lim Young Woong,75MOYjGEyyH5U4ZFHOPvxR,2TOpItg5NsMsFV58nZm5XN,https://i.scdn.co/image/ab67616d00001e02f207933160e8018901f665b2
2026-03-14,kr,South Korea,68,22,FLYING HIGH WITH U,VINXEN,4T6xiCykTP9rCNaEPU7D4q,4iZIvaus7v4wSjFvdF83NA,https://i.scdn.co/image/ab67616d00001e024c013b35958a8538181b41c4
2026-03-14,kr,South Korea,69,4,SPAGHETTI,LE SSERAFIM; j-hope,4SpbR6yFEvexJuaBpgAU5p; 0b1sIQumIAsNbqAoIClSpy,2N9miXnewVmUrgl6JSK1FI,https://i.scdn.co/image/ab67616d00001e026c4a726c271daf4a4b97e35b
2026-03-14,kr,South Korea,70,–,Standing Next to You,Jung Kook,6HaGTQPmzraVmaVxvz6EUc,2KslE17cAJNHTsI2MI0jb2,https://i.scdn.co/image/ab67616d00001e02741fd4807f442af3f7359316
2026-03-14,kr,South Korea,71,37,Officially Missing You,Geeks,5VxfguafjfSdJcN10ACVZe,7CkjU55ROZSwb95dzGan0o,https://i.scdn.co/image/ab67616d00001e02a2983d364025534e7d2609bf
2026-03-14,kr,South Korea,72,9,Hype Boy,NewJeans,6HvZYsbFfjnjFrWF950C9d,0a4MMyCrzT0En247IhqZbD,https://i.scdn.co/image/ab67616d00001e029d28fd01859073a3ae6ea209
2026-03-14,kr,South Korea,73,7,Don’t Twice,Roh Yun Ha; OSUN,4F0KZ0SXe4z5xrgX6TXAPy; 5B0qfgiKQ1593oBKreR5Fb,0ZxYCSdLYFDrGS2o6rxN39,https://i.scdn.co/image/ab67616d00001e02fac7959f308c85d872fbf0c3
2026-03-14,kr,South Korea,74,2,나였으면,Na Yoon Kwon,49fyJl5wIzI5GtRuCKxKRw,7sp5iTQjB7GHXX4TKrhOaO,https://i.scdn.co/image/ab67616d00001e022ccd9df5630a4e1806dbb291
2026-03-14,kr,South Korea,75,72,사랑합니다...,Tim,1H0rJYjO99jtsKOtaXmYTY,4t1DWpmfKVCv4ValVniwfc,https://i.scdn.co/image/ab67616d00001e02c2cdcbc0980415cd15d157f5
2026-03-14,kr,South Korea,76,17,"PUBLIC ENEMY (Feat. Roh Yun Ha, Wuuslime)",Sik-K; Lil Moshpit; Roh Yun Ha; Wuuslime,5DIi2JWfQPTKffaVBlIYRn; 0tVSrjQ0NpDlecsJwGmrMy; 4F0KZ0SXe4z5xrgX6TXAPy; 2HW5pB8BOn42simtS907Sm,0k4IMjv3mF9LlphfeG8ZjA,https://i.scdn.co/image/ab67616d00001e02891d93d1399c0f8f2bd75599
2026-03-14,kr,South Korea,77,8,Don’t look back at me,Lim Young Woong,75MOYjGEyyH5U4ZFHOPvxR,7ohibqc88AbCOYqCqjcE1a,https://i.scdn.co/image/ab67616d00001e02f207933160e8018901f665b2
2026-03-14,kr,South Korea,78,10,A Song For Us,Lim Young Woong,75MOYjGEyyH5U4ZFHOPvxR,1gSYptPgZodmxwSXqeCKSF,https://i.scdn.co/image/ab67616d00001e02f207933160e8018901f665b2
2026-03-14,kr,South Korea,79,5,The Snowman,Jung Seung Hwan,7l8rOFwZFQ3G0sgZ7gjGng,6HgeeiHqVpxxFCB0bjBRT6,https://i.scdn.co/image/ab67616d00001e02dec4d6dd3add76484226a051
2026-03-14,kr,South Korea,80,5,Die With A Smile,Lady Gaga; Bruno Mars,1HY2Jd0NmPuamShAr6KMms; 0du5cEVh5yTK9QJze8zA0C,7so0lgd0zP2Sbgs2d7a1SZ,https://i.scdn.co/image/ab67616d00001e02b0860cf0a98e09663c82290c
2026-03-14,kr,South Korea,81,4,FAMOUS,ALLDAY PROJECT,4gEMn0YPOdotLOygnk0Ng2,40UVUuyy5RfpO0awclCttA,https://i.scdn.co/image/ab67616d00001e02a4856db749b2c84758a7680e
2026-03-14,kr,South Korea,82,1,踊り子,Vaundy,2IUl3m1H1EQ7QfNbNWvgru,1YXot2MLAG9sttepCtBRM7,https://i.scdn.co/image/ab67616d00001e02e0c3a68b9981c2e7b25f9737
2026-03-14,kr,South Korea,83,23,Antifreeze,Yerin Baek,6dhfy4ByARPJdPtMyrUYJK,1osW08ygBwopWmjWzqWbfJ,https://i.scdn.co/image/ab67616d00001e02627b4da419bddabfce86f98e
2026-03-14,kr,South Korea,84,10,AH AH (feat. Sik-K),NOWIMYOUNG; Sik-K,66LxteaHD7NvxCnkQoyw2G; 5DIi2JWfQPTKffaVBlIYRn,12A7D36p9PqK66yVlfpYa4,https://i.scdn.co/image/ab67616d00001e029f779292c1a396e8a9d9e196
2026-03-14,kr,South Korea,85,6,晩餐歌 - Bansanka,tuki.,1Y5vJqABeI6QI6R95EDV6o,075HUD50Nuea3rNaABIsNZ,https://i.scdn.co/image/ab67616d00001e022d68ffbcaeaa5e6fbe102202
2026-03-14,kr,South Korea,86,1,1:05,The Black Skirts,6WeDO4GynFmK4OxwkBzMW8,4bjNOhOMvqFPflwHIaS7Fw,https://i.scdn.co/image/ab67616d00001e0210b3ebc65d2f65964cf461d8
2026-03-14,kr,South Korea,87,15,응급실,Izi,4PPkRMbw2jIs7flJkl4okf,5XVEx1pTUR4T7ABtXoGGxx,https://i.scdn.co/image/ab67616d00001e023188f838e26ff0d3fc10009c
2026-03-14,kr,South Korea,88,9,Good Goodbye,HWASA,7bmYpVgQub656uNTu6qGNQ,3cLXrotzCjYCkN73PewALM,https://i.scdn.co/image/ab67616d00001e02f7ec5c454a78dfb0086c0c97
2026-03-14,kr,South Korea,89,12,Johnny (Feat. Dynamicduo),Primary; Dynamicduo,4QDcs3XrA8uHUZ7Xt9Ytep; 4nvFFLtv7ZqoTr83387uK4,4OHq2ao4pXmGq9OOuP3lxb,https://i.scdn.co/image/ab67616d00001e02308e46cf4811ea55fa815c65
2026-03-14,kr,South Korea,90,7,OVERDRIVE,TWS,4GgBKgxhc649frZDHcXIEz,5qAfVxNUxjrELshgTpWxLf,https://i.scdn.co/image/ab67616d00001e0240d19cd64593d7d7d2ff13eb
2026-03-14,kr,South Korea,91,25,Rhapsody of Sadness,Lim Jae Hyun,3GXxRsiCLmZvM5oSeHbNdO,3HIDWyZGwSe5MhrSP890nc,https://i.scdn.co/image/ab67616d00001e02cf40f40bb6163fc44c8b4253
2026-03-14,kr,South Korea,92,53,A Little Girl,OHHYUK,68TCVp5t1Dxi2TvNuYoYK0,1N9TrsZZXX8GQvOvD3PV23,https://i.scdn.co/image/ab67616d00001e0298cebc1a9eb5555af0e1cade
2026-03-14,kr,South Korea,93,15,Be Mine,Jimin,1oSPZhvZMIrWW5I41kPkkY,3LWVXp636uLT356Rj08Jaz,https://i.scdn.co/image/ab67616d00001e02f02c451189a709b9a952aaec
2026-03-14,kr,South Korea,94,12,"Even if you leave,",HANRORO,5wVJpXzuKV6Xj7Yhsf2uYx,7sxUb59tfiuzagetBF47AN,https://i.scdn.co/image/ab67616d00001e02b32b8010f02ba67921bbbf5f
2026-03-14,kr,South Korea,95,14,New Jeans,NewJeans,6HvZYsbFfjnjFrWF950C9d,6rdkCkjk6D12xRpdMXy0I2,https://i.scdn.co/image/ab67616d00001e023d98a0ae7c78a3a9babaf8af
2026-03-14,kr,South Korea,96,8,ONE MORE TIME,ALLDAY PROJECT,4gEMn0YPOdotLOygnk0Ng2,7FyKqLLICVzwBiAUtbVYUW,https://i.scdn.co/image/ab67616d00001e02d5261d9fdc59e65f33a8b196
2026-03-14,kr,South Korea,97,36,사랑의 바보,The NuTs,56NKtypwi90dIOb5ZQZwHb,3wYDgvDi82GUU1NPy2roYp,https://i.scdn.co/image/ab67616d00001e020b66d2c29d697c27f25c51c3
2026-03-14,kr,South Korea,98,32,What Would Have Been? (Feat. Lena Park),PSY; Lena Park,2dd5mrQZvg6SmahdgVKDzh; 7MNyflLAWpaH0EPw1fdORD,5Kbpcd3hOqu4ZRAJNAjIcg,https://i.scdn.co/image/ab67616d00001e028cacbdd7305b0651b4c0fec4
2026-03-14,kr,South Korea,99,49,가시,BUZZ,4SdXXEHKFa5NSoh10QxeN2,7csMuPqdOPaFKby0AoRYL5,https://i.scdn.co/image/ab67616d00001e02b1b79c8d3dd18607fe573f18
2026-03-14,kr,South Korea,100,23,Shape of You,Ed Sheeran,6eUKZXaKkcviH0Ku9w2n3V,7qiZfU4dY1lWllzX7mPBI3,https://i.scdn.co/image/ab67616d00001e02ba5db46f4b838ef6027e6f96
2026-03-14,kr,South Korea,101,3,‎Good Night Good Dream,Nerd Connection,5WKUZJPvN1SScyggtPFShK,3s761CQaziQ0GEN1yUkIsG,https://i.scdn.co/image/ab67616d00001e024d082eca2a31873a3622408e
2026-03-14,kr,South Korea,102,3,ベテルギウス,Yuuri,0ixzjrK1wkN2zWBXt3VW3W,4JK1kDUdH9RTBQrrSO1QfR,https://i.scdn.co/image/ab67616d00001e02d0bd51668da5629aa0cc77d8
2026-03-14,kr,South Korea,103,17,Spring Is Gone by chance,Loco; YUJU,2e4G04F77jxVuDYo44TCSm; 7Bu0r4MCDX3sbhcFD5IXyx,5rZN0PP6xZsf5SWxkpMm7k,https://i.scdn.co/image/ab67616d00001e02f60ebb0dff372aa4eff38e39
2026-03-14,kr,South Korea,104,11,ヒロイン,back number,6rs1KAoQnFalSqSU4LTh8g,3hBAYbAECEix9raaTq8S3H,https://i.scdn.co/image/ab67616d00001e0259a14a1d53eb5610f84c8382
2026-03-14,kr,South Korea,105,48,Episode,LEE MU JIN,4Xj0peBt3EZHbdF20JmdWC,29MHN4pjwkSSKsGowRETGW,https://i.scdn.co/image/ab67616d00001e02240ab752af13134992e65b53
2026-03-14,kr,South Korea,106,14,GO!,CORTIS,1ebt9HnXdyYA6KgLXr1n4P,6OWWZtNQORY1McaZmOrwhc,https://i.scdn.co/image/ab67616d00001e024b56a34b0c2b3798fd46f855
2026-03-14,kr,South Korea,107,13,TOMBOY,HYUKOH,57okaLdCtv3nVBSn5otJkp,6DA7kCWYMggJjqPM84V2Ng,https://i.scdn.co/image/ab67616d00001e026b0b72f94905f2321564a20f
2026-03-14,kr,South Korea,108,18,CROOKED,G-DRAGON,30b9WulBM8sFuBo17nNq9c,4EwNWRBWdZ6bgvxRHlZ8OO,https://i.scdn.co/image/ab67616d00001e023dbdbd0023f1e1c08cd5a6c9
2026-03-14,kr,South Korea,109,30,Rich Man,aespa,6YVMFz59CuY7ngCxTxjpxE,1sUjTLLCJzcxC15GUBrOlg,https://i.scdn.co/image/ab67616d00001e02810f7ac94531092b64accd66
2026-03-14,kr,South Korea,110,59,사랑했나봐,Yoon Do Hyun,6KsmQPHXE3qhzNNBPSZ0eB,1w2hClDL1xH4FPZIipZ1FJ,https://i.scdn.co/image/ab67616d00001e0232ed5b9137093ce828e02f22
2026-03-14,kr,South Korea,111,4,Delulu,KiiiKiii,63sat2XSMKdwKfqspmYQKP,3BWXNAPGGWhCJwsOFolnBB,https://i.scdn.co/image/ab67616d00001e020cc65398388cbc486fa4fff7
2026-03-14,kr,South Korea,112,81,Paint On Spring - Remastering,Martin Smith,3ISWX9gKLGkhlgS5AhvlTd,3GG5KPuvG7qokLoKReboHI,https://i.scdn.co/image/ab67616d00001e02f75f21b8b99e9ad634f2eec8
2026-03-14,kr,South Korea,113,24,Nothing Without Your Love,Jin,5vV3bFXnN6D6N3Nj4xRvaV,4H6s1mTZcjHAMU36ZF3Xoz,https://i.scdn.co/image/ab67616d00001e0289228504f700641956e29f5d
2026-03-14,kr,South Korea,114,2,OMG,NewJeans,6HvZYsbFfjnjFrWF950C9d,65FftemJ1DbbZ45DUfHJXE,https://i.scdn.co/image/ab67616d00001e02d70036292d54f29e8b68ec01
2026-03-14,kr,South Korea,115,12,Here With Me,d4vd,5y8tKLUfMvliMe8IKamR32,0dS2u2UFd88TIzDDaZDLvS,https://i.scdn.co/image/ab67616d00001e02e5ff1941799cd30cb2aa072b
2026-03-14,kr,South Korea,116,18,Supersonic,fromis_9,24nUVBIlCGi4twz4nYxJum,6oNLSQX8bcAdbCElZYju3v,https://i.scdn.co/image/ab67616d00001e020490e8ab48790ca6e5add267
2026-03-14,kr,South Korea,117,17,How Sweet,NewJeans,6HvZYsbFfjnjFrWF950C9d,38tXZcL1gZRfbqfOG0VMTH,https://i.scdn.co/image/ab67616d00001e02b657fbb27b17e7bd4691c2b2
2026-03-14,kr,South Korea,118,19,Cherry Blossom Ending,Busker Busker,6jgrgDBt1SbtNbc25sLaTH,4eFTh1opLS5wANDmZK9ghC,https://i.scdn.co/image/ab67616d00001e0247683d1b11d35a22048d243f
2026-03-14,kr,South Korea,119,14,3D (feat. Jack Harlow),Jung Kook; Jack Harlow,6HaGTQPmzraVmaVxvz6EUc; 2LIk90788K0zvyj2JJVwkJ,01qFKNWq73UfEslI0GvumE,https://i.scdn.co/image/ab67616d00001e0299583bb32b47e87d55c6064b
2026-03-14,kr,South Korea,120,24,You Were Beautiful,DAY6,5TnQc2N1iKlFjYD7CPGvFc,3FR2yqZsG07NhXz7uPyUyC,https://i.scdn.co/image/ab67616d00001e02877b49fcef4d02bb0bc0adc8
2026-03-14,kr,South Korea,121,14,No Make Up,Zion.T,5HenzRvMtSrgtvU16XAoby,4ppKRxity3jJd2hGoVyD4u,https://i.scdn.co/image/ab67616d00001e0204b20cc263631b9af21fcb61
2026-03-14,kr,South Korea,122,7,HAPPY,DAY6,5TnQc2N1iKlFjYD7CPGvFc,1k68vKHNQXU5CHqcM7Yp7N,https://i.scdn.co/image/ab67616d00001e020309970945710645006b9c9e
2026-03-14,kr,South Korea,123,17,내 머리가 나빠서,SS501,6rmMpoeu2SIV4OLURCOn2e,7k1zf9Ch2n8dgNQ0UxbxJ9,https://i.scdn.co/image/ab67616d00001e02995da0ab6cee5a404c4c1f22
2026-03-14,kr,South Korea,124,42,Skrr (feat. GISELLE),HAON; GISELLE,2krUNMgFZYm5s4Nn0g91W9; 2P1id80CMwR5R5cwcyIIAi,21IVUjbu1ms4ZISGt74NCy,https://i.scdn.co/image/ab67616d00001e020ab54ce9be8cc71deb33343f
2026-03-14,kr,South Korea,125,Re-Entry,All For You,Seo In Guk; JEONG EUN JI,433F0GjVZRnsjP8ztGEso1; 7cgAZ03K2mMaWB70gwZs92,0HNIIJzAVqPXmUOZFx03Av,https://i.scdn.co/image/ab67616d00001e02f31c5b39f111bd99784f5513
2026-03-14,kr,South Korea,126,2,Lose My Mind (feat. Doja Cat) [From F1® The Movie],Don Toliver; Doja Cat; F1 The Album,4Gso3d4CscCijv0lmajZWs; 5cj0lLjcoR7YOSnhnX0Po5; 3aly4xJOy3LVznzvRIvFYC,02BcXEH1zJYbXSabPtNlKf,https://i.scdn.co/image/ab67616d00001e02d4c0243b55cdf7394323e710
2026-03-14,kr,South Korea,127,26,Supernatural,NewJeans,6HvZYsbFfjnjFrWF950C9d,5ocSQW5sIUIOFojwXEz9Ki,https://i.scdn.co/image/ab67616d00001e027e1eeb0d7cc374a168369c80
2026-03-14,kr,South Korea,128,18,EVERYTHING,The Black Skirts,6WeDO4GynFmK4OxwkBzMW8,19Hg1UCZaCdpHB37L7x63X,https://i.scdn.co/image/ab67616d00001e0210b3ebc65d2f65964cf461d8
2026-03-14,kr,South Korea,129,11,거리에서,Sung Si Kyung,7jFUYMpMUBDL4JQtMZ5ilc,3om54iJe5sfQiUvSRQXyPZ,https://i.scdn.co/image/ab67616d00001e02be63f726b5e816bc5ce3926c
2026-03-14,kr,South Korea,130,32,Lucky Girl Syndrome,ILLIT,36cgvBn0aadzOijnjjwqMN,2kIUILBPlz4exX9xIFS275,https://i.scdn.co/image/ab67616d00001e02f037c5fb9de6c78726cb8e2c
2026-03-14,kr,South Korea,131,18,"Every day, Every Moment",Paul Kim,4qRXrzUmdy3p33lgvJEzdv,3Ml2s37uS9jqRM2R3bfDiB,https://i.scdn.co/image/ab67616d00001e0290a98780fb70dde769f9e61a
2026-03-14,kr,South Korea,132,17,プロポーズ,natori,6WmXWHmfBMhupyIs8MSqtu,2BcQfb9SfauDQdeXHTfLsT,https://i.scdn.co/image/ab67616d00001e0229f649edf51edde6fdf01a09
2026-03-14,kr,South Korea,133,16,OUTTA SPACE,KC; Sik-K; HAON; JMIN,0hQTMC0zU4pFW0Lc7ExB6f; 5DIi2JWfQPTKffaVBlIYRn; 2krUNMgFZYm5s4Nn0g91W9; 6iXlk59DNP0FJWQPpUP4zo,00x6bVmgpINfHaxUQWv2OY,https://i.scdn.co/image/ab67616d00001e02dde864e89a0cf312587a6d7c
2026-03-14,kr,South Korea,134,31,HYPNOTIZE,XG,0LOK81e9H5lr61HlGGHqwA,3fEX9NgOeklq816Fw00uoo,https://i.scdn.co/image/ab67616d00001e0224272a7f97cf5b5f8fcb60e0
2026-03-14,kr,South Korea,135,6,Attention,NewJeans,6HvZYsbFfjnjFrWF950C9d,2pIUpMhHL6L9Z5lnKxJJr9,https://i.scdn.co/image/ab67616d00001e029d28fd01859073a3ae6ea209
2026-03-14,kr,South Korea,136,22,"Goodbye, My Summer",HANRORO,5wVJpXzuKV6Xj7Yhsf2uYx,2aicRlZiaAEteaPsti8Hls,https://i.scdn.co/image/ab67616d00001e02afda752d5db59e06d3f86e3b
2026-03-14,kr,South Korea,137,17,Till The End of Time,The Black Skirts,6WeDO4GynFmK4OxwkBzMW8,03YtYSkpHqqY3EBmHJkTjP,https://i.scdn.co/image/ab67616d00001e02182cbc21b48737ef5def008e
2026-03-14,kr,South Korea,138,14,시작의 아이 ハジマリのコ (Starting With You),MAKTUB,0frNU3rG4ltOP4GNBA1g4j,2GMKQPMXdOGXsQkDYBN6wF,https://i.scdn.co/image/ab67616d00001e02bcf1f3553680cf2326669159
2026-03-14,kr,South Korea,139,25,That's What I Like,Bruno Mars,0du5cEVh5yTK9QJze8zA0C,0KKkJNfGyhkQ5aFogxQAPU,https://i.scdn.co/image/ab67616d00001e02232711f7d66a1e19e89e28c5
2026-03-14,kr,South Korea,140,Re-Entry,Amor,Baek A,5rHUhS9Ya0S63WI9LFmCSx,3scRk3rUGIwpCg9kMNrtEQ,https://i.scdn.co/image/ab67616d00001e02d07b5785179b6b3709e9bd8c
2026-03-14,kr,South Korea,141,16,Antifreeze,The Black Skirts,6WeDO4GynFmK4OxwkBzMW8,745W6tNeXVKjskHoCsMJvV,https://i.scdn.co/image/ab67616d00001e02c8f015ee928bda54c29301fd
2026-03-14,kr,South Korea,142,14,KICK BACK,Kenshi Yonezu,1snhtMLeb2DYoMOcVbb8iB,7oYCBKvdjrqp5vDbhDBuac,https://i.scdn.co/image/ab67616d00001e0203d3216d6c463f993c96c9c7
2026-03-14,kr,South Korea,143,15,サムライハート(Some Like It Hot!!),SPYAIR,7gRg6C2qgQ1F01k3sgyEVt,5G0NPSOTLepHxUhEMlVjWj,https://i.scdn.co/image/ab67616d00001e025d8c79e841da375652577a5d
2026-03-14,kr,South Korea,144,49,How To Go On,HANRORO,5wVJpXzuKV6Xj7Yhsf2uYx,0orRPUR6XYEknr7oLFkk5w,https://i.scdn.co/image/ab67616d00001e0220e0fbaeb372aa0d5747cbed
2026-03-14,kr,South Korea,145,4,우산 (feat. 윤하),Epik High; Younha,5snNHNlYT2UrtZo5HCJkiw; 6GwM5CHqhWXzG3l5kzRSAS,1VnjByC7TUx5A73A4qtgoo,https://i.scdn.co/image/ab67616d00001e0238e8263b51bec04b91143b76
2026-03-14,kr,South Korea,146,13,double take,Dhruv,70NcAr4ZtA3FAqU16iQZSb,0QzuaeCEEOV40Pn7IvKEny,https://i.scdn.co/image/ab67616d00001e026f04e53cb5309f8e88286842
2026-03-14,kr,South Korea,147,25,Kaiju no Hanauta,Vaundy,2IUl3m1H1EQ7QfNbNWvgru,7dTW21YAJxnAOiUh7Rtu9S,https://i.scdn.co/image/ab67616d00001e02cf855f0c6dee3a4b541b48e7
2026-03-14,kr,South Korea,148,Re-Entry,josee!,데이먼스 이어 Damons year,2T5KKZuEEudb7alCJ1pCus,2Ofqs4b2114JHEpkOoCfNE,https://i.scdn.co/image/ab67616d00001e020e1daaed6c198f9c8c44c1f7
2026-03-14,kr,South Korea,149,16,Love Yourself,Justin Bieber,1uNFoZAHBGtllmzznpCI3s,50kpGaPAhYJ3sGmk6vplg0,https://i.scdn.co/image/ab67616d00001e02f46b9d202509a8f7384b90de
2026-03-14,kr,South Korea,150,31,blue,yung kai,6zO1dZ40fTZ5hY9NnnRJSk,6W614n8yLUeS3zsZSeBwyq,https://i.scdn.co/image/ab67616d00001e02def6ffd0e4b80cb0d2a0d00f
2026-03-14,kr,South Korea,151,13,"question mark (Feat. CHOIZA Of Dynamicduo, Zion.T)",Primary; CHOIZA; Zion.T,4QDcs3XrA8uHUZ7Xt9Ytep; 3vvgBPro7lDMdReL1Ct2Hx; 5HenzRvMtSrgtvU16XAoby,3y1Aq9UzyzhMGuVaS8i2oA,https://i.scdn.co/image/ab67616d00001e0230b6adc29d752c16f25ff834
2026-03-14,kr,South Korea,152,43,Eternal love,BOL4,4k5fFEYgkWYrYvtOK3zVBl,0jYN8yREKgmXjKkVBfB198,https://i.scdn.co/image/ab67616d00001e02c1382d839b6035b94ed89457
2026-03-14,kr,South Korea,153,10,Time of Our Life -Japanese ver.- - Japanese ver.,DAY6,5TnQc2N1iKlFjYD7CPGvFc,18x0Z8JUwLA2LhgsIHbNy3,https://i.scdn.co/image/ab67616d00001e022ecc00c9a71f5d72ce87958e
2026-03-14,kr,South Korea,154,12,Guilty,Dynamicduo,4nvFFLtv7ZqoTr83387uK4,0SPZ7y0fJiozsuWLSAocOl,https://i.scdn.co/image/ab67616d00001e02c6b31f5f1ce2958380fdb9b0
2026-03-14,kr,South Korea,155,34,The last stop of our pain,HANRORO,5wVJpXzuKV6Xj7Yhsf2uYx,4kWRjkhMIGMnyWpYc8L7no,https://i.scdn.co/image/ab67616d00001e027f41b01c300431088a297688
2026-03-14,kr,South Korea,156,31,나무,"Car, the garden",7c1HgFDe8ogy5NOZ1ANCJQ,30tYWTkLIQtZWnRIOqcHnJ,https://i.scdn.co/image/ab67616d00001e0264eea0085a043b52217179cb
2026-03-14,kr,South Korea,157,28,ただ声一つ,Rokudenashi,4kpQdAU7yPjqtiJsFcBTBb,2e1gUS6Wv8GS8ZT6FMeE1J,https://i.scdn.co/image/ab67616d00001e02de2d1cf763ed06e6874e1e91
2026-03-14,kr,South Korea,158,8,Heavenly fate,LEECHANGSUB,1rp5HzWaNwgauM5W5YmZ3U,4mqfe9XrgEOSsofvq5MyjR,https://i.scdn.co/image/ab67616d00001e0292144c5952844a7c0086b141
2026-03-14,kr,South Korea,159,8,Boat,george,2pRZp2WxvnWWiSPcSSYkNV,34HSEUn4YGAFBW9OHGIkU7,https://i.scdn.co/image/ab67616d00001e023d0b7e069c048966d4862787
2026-03-14,kr,South Korea,160,24,Super Shy,NewJeans,6HvZYsbFfjnjFrWF950C9d,5sdQOyqq2IDhvmx2lHOpwd,https://i.scdn.co/image/ab67616d00001e023d98a0ae7c78a3a9babaf8af
2026-03-14,kr,South Korea,161,16,love.,wave to earth,5069JTmv5ZDyPeZaCCXiCg,5mtTAScDytxMMqZj14NmlN,https://i.scdn.co/image/ab67616d00001e0224f8c3ad20b7c6cfecb5832e
2026-03-14,kr,South Korea,162,Re-Entry,Y (Please Tell Me Why),freestyle,0LigV2SSsRZaeX2htEFXV9,1nk9moKBnrWMsXoHxnaeJd,https://i.scdn.co/image/ab67616d00001e02c85c7840e616339d7322f2c2
2026-03-14,kr,South Korea,163,44,Risk It All,Bruno Mars,0du5cEVh5yTK9QJze8zA0C,5y2ijHECwFYWqcAHKTZgzD,https://i.scdn.co/image/ab67616d00001e023eb8dc748f7efb1470f74395
2026-03-14,kr,South Korea,164,39,ETA,NewJeans,6HvZYsbFfjnjFrWF950C9d,56v8WEnGzLByGsDAXDiv4d,https://i.scdn.co/image/ab67616d00001e020744690248ef3ba7b776ea7b
2026-03-14,kr,South Korea,165,13,There's Nothing Holdin' Me Back,Shawn Mendes,7n2wHs1TKAczGzO7Dd2rGr,7JJmb5XwzOO8jgpou264Ml,https://i.scdn.co/image/ab67616d00001e02ea3ef7697cfd5705b8f47521
2026-03-14,kr,South Korea,166,3,고백,DELISPICE,3zH8Xu8C1GnnmfpBqzdLPf,20tWEsVsKU6FfzXGt4IOuV,https://i.scdn.co/image/ab67616d00001e029ee364d7aacc7ae61af96b2b
2026-03-14,kr,South Korea,167,Re-Entry,Awoong-Dawoong,Yyeon; TimeFeveR,0qmWztaNn9Nrriuo0aP4uR; 3jswVC5CJkKeDp8ugPH42m,4TZpuTW62a7qcfpAiALD6R,https://i.scdn.co/image/ab67616d00001e021b1282f5eacce056a2018656
2026-03-14,kr,South Korea,168,11,インフェルノ,Mrs. GREEN APPLE,4QvgGvpgzgyUOo8Yp8LDm9,2vOAHp8PBBFYqvQUWSoITY,https://i.scdn.co/image/ab67616d00001e0281f55cd879e9480e3ed313df
2026-03-14,kr,South Korea,169,Re-Entry,Sadder Than Yesterday,Woody,37ZY7eIcTT28id2jfq8WYw,4PBtSN6dNFXA9RUkx5e3W9,https://i.scdn.co/image/ab67616d00001e02aeb8b7088ef8325117beae8a
2026-03-14,kr,South Korea,170,Re-Entry,Coming Of Age Story,LEE MU JIN,4Xj0peBt3EZHbdF20JmdWC,2ZTU8atPwouhoQSvxv9aQj,https://i.scdn.co/image/ab67616d00001e022d8020a415ad2df89d4b6c54
2026-03-14,kr,South Korea,171,39,Stateside + Zara Larsson,PinkPantheress; Zara Larsson,78rUTD7y6Cy67W1RVzYs7t; 1Xylc3o4UrD53lo9CvFvVg,1DwscornXpj8fmOmYVlqZt,https://i.scdn.co/image/ab67616d00001e02684ecc5bc1b724d0106ad694
2026-03-14,kr,South Korea,172,70,HOT,LE SSERAFIM,4SpbR6yFEvexJuaBpgAU5p,24Y63uAvj6Oc9jGuTlhlgf,https://i.scdn.co/image/ab67616d00001e022e573f25565a8c2d1ae5e4d6
2026-03-14,kr,South Korea,173,Re-Entry,CRAZY,LE SSERAFIM,4SpbR6yFEvexJuaBpgAU5p,4gxEY3Mh5FZZDAJAKPNrCS,https://i.scdn.co/image/ab67616d00001e0231cc95b28680b61772da876f
2026-03-14,kr,South Korea,174,3,Cruel Summer,Taylor Swift,06HL4z0CvFAxyc27GXpf02,1BxfuPKGuaTgP7aM0Bbdwr,https://i.scdn.co/image/ab67616d00001e02e787cffec20aa2a396a61647
2026-03-14,kr,South Korea,175,7,Boong-Boong (Prod. by GroovyRoom),HAON; GroovyRoom; Sik-K,2krUNMgFZYm5s4Nn0g91W9; 29HqjVbJr3vsc2l6BTI4eB; 5DIi2JWfQPTKffaVBlIYRn,3uJN5Acv1WMsITAEvHuJox,https://i.scdn.co/image/ab67616d00001e02a36cdb16065ff72d9b1d6bc6
2026-03-14,kr,South Korea,176,Re-Entry,Trip,Leellamarz; Hannah,79g2STpP2iV1xfgHuhrhX0; 2XHuhBOiADOIR91vFkNq6Q,11fB0pRXSdxOgoM8ity2D4,https://i.scdn.co/image/ab67616d00001e0242f77ead5ea888c6e011200c
2026-03-14,kr,South Korea,177,11,for lovers who hesitate,JANNABI,2SY6OktZyMLdOnscX3DCyS,5BqwC9kOBbqYkzdOKeXFFk,https://i.scdn.co/image/ab67616d00001e02f694adfa02990eaca79fec1b
2026-03-14,kr,South Korea,178,8,AIZO,King Gnu,6wxfx1yhyqjCPYwwxJktR2,65X2koe1LhDgQmRkNdJFv9,https://i.scdn.co/image/ab67616d00001e02120734724ff398a2d812f982
2026-03-14,kr,South Korea,179,12,STAY (with Justin Bieber),The Kid LAROI; Justin Bieber,2tIP7SsRs7vjIcLrU85W8J; 1uNFoZAHBGtllmzznpCI3s,567e29TDzLwZwfDuEpGTwo,https://i.scdn.co/image/ab67616d00001e02b4d59e6fa7e5e7cbc57ac33a
2026-03-14,kr,South Korea,180,49,Wi Ing Wi Ing,HYUKOH,57okaLdCtv3nVBSn5otJkp,66UcQu5LBo2A7AC0A5r0lI,https://i.scdn.co/image/ab67616d00001e021ca37e9bcd0cc377a82aec48
2026-03-14,kr,South Korea,181,Re-Entry,Vancouver,BIG Naughty,7cEaNXXTHx3LokbjUUyHal,4p4yxplNCSmt9xfaAMpcd5,https://i.scdn.co/image/ab67616d00001e02f9607048dfb6b1915026be72
2026-03-14,kr,South Korea,182,Re-Entry,MONTAGEM XONADA,MXZI; Dj Samir; DJ Javi26,7kk9ucvRJim0NMM89Lml2Y; 6U0dJxYVB41L8WDZ02Nwuk; 0JGZRsRtFTQ0ZVBq9b2ZEj,2Gs0iF27my40p0dANv2rAg,https://i.scdn.co/image/ab67616d00001e02f5da0af2725ce8121f7b4011
2026-03-14,kr,South Korea,183,73,Forest,Choi Yu Ree,6qvVoPGEqNCyYSjYCgfV1v,33xRp6ZX1DKraRFHR9ZDck,https://i.scdn.co/image/ab67616d00001e026012b2482accbd98980ad1c5
2026-03-14,kr,South Korea,184,13,High Hopes,Panic! At The Disco,20JZFwl6HVl6yg8a4H3ZqK,1rqqCSm0Qe4I9rUvWncaom,https://i.scdn.co/image/ab67616d00001e02c5148520a59be191eea16989
2026-03-14,kr,South Korea,185,10,Sunflower - Spider-Man: Into the Spider-Verse,Post Malone; Swae Lee,246dkjvS1zLTtiykXe5h60; 1zNqQNIdeOUZHb8zbZRFMX,0RiRZpuVRbi7oqRdSMwhQY,https://i.scdn.co/image/ab67616d00001e029478c87599550dd73bfa7e02
2026-03-14,kr,South Korea,186,31,plot twist,TWS,4GgBKgxhc649frZDHcXIEz,0aZG8KWrpRnsGL0loUkfSj,https://i.scdn.co/image/ab67616d00001e0256ee7dd8147dc3af4b37a123
2026-03-14,kr,South Korea,187,83,Never Ending Story,BOOHWAL,2LtEDRKi75vGtsfdy205jX,0yamqkAFAmpdLNVcmJLSo8,https://i.scdn.co/image/ab67616d00001e02908bb97fac4b58cc51c13716
2026-03-14,kr,South Korea,188,24,As If It's Your Last,BLACKPINK,41MozSoPIsD1dJM0CLPjZF,4ZxOuNHhpyOj4gv52MtQpT,https://i.scdn.co/image/ab67616d00001e02ac93d8b1bd84fa6b5291ba21
2026-03-14,kr,South Korea,189,15,White Memories,fromis_9,24nUVBIlCGi4twz4nYxJum,7hCdtQsaKCBXrITaPNK2iE,https://i.scdn.co/image/ab67616d00001e02cd70af8bd71cc639256fa2f4
2026-03-14,kr,South Korea,190,1,Perfect Night,LE SSERAFIM,4SpbR6yFEvexJuaBpgAU5p,74X2u8JMVooG2QbjRxXwR8,https://i.scdn.co/image/ab67616d00001e02c9af8979e5cb3fe7ecc5e230
2026-03-14,kr,South Korea,191,31,No Doubt,ENHYPEN,5t5FqBwTcgKTaWmfEbwQY9,44hqFxUWsADWewEJELnncj,https://i.scdn.co/image/ab67616d00001e02ac9d6ee9be9186ff1a28c900
2026-03-14,kr,South Korea,192,10,Like Crazy,Jimin,1oSPZhvZMIrWW5I41kPkkY,3Ua0m0YmEjrMi9XErKcNiR,https://i.scdn.co/image/ab67616d00001e022b46078245d0120690eb560d
2026-03-14,kr,South Korea,193,20,If You Ask Me What Love Is,Roy Kim,3ErHVJMsxTq2lLSmnONBm9,5zsMOF3yWT4U1Vw5eaMQFH,https://i.scdn.co/image/ab67616d00001e029159b2766eb30c9c90697fad
2026-03-14,kr,South Korea,194,25,Ling Ling,The Black Skirts,6WeDO4GynFmK4OxwkBzMW8,5BGxDtIEw8zxoP29Fid69a,https://i.scdn.co/image/ab67616d00001e029c3a4e471c5e82a457dce2c0
2026-03-14,kr,South Korea,195,Re-Entry,HER,Block B,4RnezwRV7VBJUCI1S0AE5u,4jQDaI7FRGaDB0llURpnNf,https://i.scdn.co/image/ab67616d00001e029b5b9760a4d371d2253f4d6f
2026-03-14,kr,South Korea,196,Re-Entry,I’ll See You There Tomorrow,TOMORROW X TOGETHER,0ghlgldX5Dd6720Q3qFyQB,0bMWoFtQIrnW5YyNMc4aKQ,https://i.scdn.co/image/ab67616d00001e0203c996028737858321d2ffe0
2026-03-14,kr,South Korea,197,36,instagram,DEAN,3eCd0TZrBPm2n9cDG6yWfF,6z1kLsntE7FuzKZHZWrXYN,https://i.scdn.co/image/ab67616d00001e024ee9dc60013d5648d0f23bcc
2026-03-14,kr,South Korea,198,Re-Entry,APT.,ROSÉ; Bruno Mars,3eVa5w3URK5duf6eyVDbu9; 0du5cEVh5yTK9QJze8zA0C,4wJ5Qq0jBN4ajy7ouZIV1c,https://i.scdn.co/image/ab67616d00001e027be65ce6672ed7e5aac6e966
2026-03-14,kr,South Korea,199,Re-Entry,Attraction (feat.Dynamic Duo),BUMKEY; Dynamicduo,3vhZuZdMksbnJwoE3AwpXq; 4nvFFLtv7ZqoTr83387uK4,3aB6czyTVQavHa1fz1x3HZ,https://i.scdn.co/image/ab67616d00001e025df4381f22df5d67eba2aee0
2026-03-14,kr,South Korea,200,Re-Entry,OHAYO MY NIGHT,D-Hack; PATEKO,6Ycj4hhpz2nOfsYCU1gHqR; 0J372uvAXbRjLFSoAVE2lp,4iJprGt1rt5iy0sxXXaRWn,https://i.scdn.co/image/ab67616d00001e024f10712c9170e737a7c212ce