captured_week_end,market,market_name,rank,rank_change,artist_name,artist_spotify_id,image_url
2026-04-23,sg,Singapore,1,1,Justin Bieber,1uNFoZAHBGtllmzznpCI3s,https://i.scdn.co/image/ab67616100005174af20f7db5288bce9beede034
2026-04-23,sg,Singapore,2,1,BTS,3Nrfpe0tUJi4K4DXYWgMUX,https://i.scdn.co/image/ab67616100005174f80ec63ea7a0ef0fba60957d
2026-04-23,sg,Singapore,3,–,Taylor Swift,06HL4z0CvFAxyc27GXpf02,https://i.scdn.co/image/ab67616100005174e2e8e7ff002a4afda1c7147e
2026-04-23,sg,Singapore,4,–,Jay Chou,2elBjNSdBE2Y3f0j1mjrql,https://i.scdn.co/image/ab6761610000517487fbbe9ed03fbb500595e720
2026-04-23,sg,Singapore,5,–,Bruno Mars,0du5cEVh5yTK9QJze8zA0C,https://i.scdn.co/image/ab67616100005174c7688aad1bf03986934d7e26
2026-04-23,sg,Singapore,6,–,Daniel Caesar,20wkVLutqVOYrc0kxFs7rA,https://i.scdn.co/image/ab67616100005174e4d94f7cbebb17504c25d419
2026-04-23,sg,Singapore,7,–,Ariana Grande,66CXWjxzNUsdJxJ2JdwvnR,https://i.scdn.co/image/ab6761610000517468412f2d0177a9ebc265ff58
2026-04-23,sg,Singapore,8,–,The Weeknd,1Xyo4u8uXC1ZmMpatF05PJ,https://i.scdn.co/image/ab67616100005174c1719ac9e6a75c1c25835018
2026-04-23,sg,Singapore,9,35,Olivia Rodrigo,1McMsnEElThX1knmY4oliG,https://i.scdn.co/image/ab67616100005174b14eb4dcfd2f3858bed06e44
2026-04-23,sg,Singapore,10,–,Sabrina Carpenter,74KM79TiuVKeVCqs8QtB0B,https://i.scdn.co/image/ab6761610000517478e45cfa4697ce3c437cb455
2026-04-23,sg,Singapore,11,–,Drake,3TVXtAsR1Inumwj472S9r4,https://i.scdn.co/image/ab676161000051744293385d324db8558179afd9
2026-04-23,sg,Singapore,12,–,Jin,5vV3bFXnN6D6N3Nj4xRvaV,https://i.scdn.co/image/ab6761610000517481e353e7475955f7e040af5e
2026-04-23,sg,Singapore,13,4,Eric Chou,5fEQLwq1BWWQNR8GzhOIvi,https://i.scdn.co/image/ab6761610000517432cabef34602bad95decc49e
2026-04-23,sg,Singapore,14,1,JJ Lin,7Dx7RhX0mFuXhCOUgB01uM,https://i.scdn.co/image/ab67616100005174181b3f24c2a457e7fa3edb59
2026-04-23,sg,Singapore,15,1,Coldplay,4gzpq5DPGxSnKTe4SA8HAU,https://i.scdn.co/image/ab676161000051741ba8fc5f5c73e7e9313cc6eb
2026-04-23,sg,Singapore,16,2,JENNIE,250b0Wlc5Vk0CoUsaCY84M,https://i.scdn.co/image/ab676161000051743feb82fe1bb947a2aa65f6b8
2026-04-23,sg,Singapore,17,–,Maroon 5,04gDigrS5kc9YWfZHwBETP,https://i.scdn.co/image/ab67616100005174f8349dfb619a7f842242de77
2026-04-23,sg,Singapore,18,4,Ed Sheeran,6eUKZXaKkcviH0Ku9w2n3V,https://i.scdn.co/image/ab67616100005174d55c95ad400aed87da52daec
2026-04-23,sg,Singapore,19,4,Lady Gaga,1HY2Jd0NmPuamShAr6KMms,https://i.scdn.co/image/ab67616100005174aadc18cac8d48124357c38e6
2026-04-23,sg,Singapore,20,6,Olivia Dean,00x1fYSGhdqScXBRpSj3DW,https://i.scdn.co/image/ab676161000051745c7577ad44daeb7ce4b941a1
2026-04-23,sg,Singapore,21,1,Tate McRae,45dkTj5sMRSjrmBSBeiHym,https://i.scdn.co/image/ab67616100005174bed8016bd64422793ff3bc75
2026-04-23,sg,Singapore,22,3,Don Toliver,4Gso3d4CscCijv0lmajZWs,https://i.scdn.co/image/ab67616100005174c52b798deb89eb8414a51b7b
2026-04-23,sg,Singapore,23,1,Billie Eilish,6qqNVTkY8uBg9cP3Jd7DAH,https://i.scdn.co/image/ab676161000051744a21b4760d2ecb7b0dcdc8da
2026-04-23,sg,Singapore,24,2,SZA,7tYKF4w9nC0nq9CsPZTHyP,https://i.scdn.co/image/ab67616100005174fd0a9fb6c252a3ba44079acf
2026-04-23,sg,Singapore,25,3,Malcolm Todd,7eKkW1zo5uzW8kUntiiBvz,https://i.scdn.co/image/ab676161000051749f6f7c2d12975d2a4b3a0fd8
2026-04-23,sg,Singapore,26,1,Laufey,7gW0r5CkdEUMm42w9XpyZO,https://i.scdn.co/image/ab67616100005174c751deb23ed62e7cadfb669a
2026-04-23,sg,Singapore,27,–,Rihanna,5pKCCKE2ajJHZ9KAiaK11H,https://i.scdn.co/image/ab67616100005174cb565a8e684e3be458d329ac
2026-04-23,sg,Singapore,28,2,Jimin,1oSPZhvZMIrWW5I41kPkkY,https://i.scdn.co/image/ab67616100005174cf3a9c35db52ba44f3b921e3
2026-04-23,sg,Singapore,29,2,Katy Perry,6jJ0s89eD6GaHleKKya26X,https://i.scdn.co/image/ab67616100005174cd50e745cf782f905769f482
2026-04-23,sg,Singapore,30,7,KATSEYE,3c0gDdb9lhnHGFtP4prQpn,https://i.scdn.co/image/ab6761610000517404ba72b2749f90d62152ebec
2026-04-23,sg,Singapore,31,10,sombr,4G9NDjRyZFDlJKMRL8hx3S,https://i.scdn.co/image/ab6761610000517478edaa6468cae153565c2c97
2026-04-23,sg,Singapore,32,11,Kanye West,5K4W6rqBFWDnAN6FQUkS6x,https://i.scdn.co/image/ab676161000051746e835a500e791bf9c27a422a
2026-04-23,sg,Singapore,33,4,G.E.M.,7aRC4L63dBn3CiLDuWaLSI,https://i.scdn.co/image/ab676161000051748b385b6aa7b47570adbeff7b
2026-04-23,sg,Singapore,34,4,BIGBANG,4Kxlr1PRlDKEB0ekOCyHgX,https://i.scdn.co/image/ab6761610000517441f3b91c5c5bf6651da98956
2026-04-23,sg,Singapore,35,2,BLACKPINK,41MozSoPIsD1dJM0CLPjZF,https://i.scdn.co/image/ab67616100005174623538b7014238c54ceee056
2026-04-23,sg,Singapore,36,4,Zara Larsson,1Xylc3o4UrD53lo9CvFvVg,https://i.scdn.co/image/ab67616100005174d519a7e349541cba8f85e965
2026-04-23,sg,Singapore,37,1,Jung Kook,6HaGTQPmzraVmaVxvz6EUc,https://i.scdn.co/image/ab6761610000517471089d18c93e3a51e70ff0dc
2026-04-23,sg,Singapore,38,4,en王翊恩,7z7tLLiBfmH0kZ2lNVs8LW,https://i.scdn.co/image/ab6761610000517461235ccdfac3f210ed3e3505
2026-04-23,sg,Singapore,39,–,One Direction,4AK6F7OLvEQ5QYCBNiQWHq,https://i.scdn.co/image/45741ba38b51130bb96e00c0e24d17ba311a9293
2026-04-23,sg,Singapore,40,3,Lana Del Rey,00FQb4jTyendYWaN8pK0wa,https://i.scdn.co/image/ab67616100005174b99cacf8acd5378206767261
2026-04-23,sg,Singapore,41,9,Silence Wang,0PdNEiQ3MsJGCEgE13Tz60,https://i.scdn.co/image/ab67616100005174e031c2c433fefe3fd10f5caa
2026-04-23,sg,Singapore,42,7,SEVENTEEN,7nqOGRxlXj7N2JYbgNEjYH,https://i.scdn.co/image/ab676161000051748da3a229445fd3cd896cdd5c
2026-04-23,sg,Singapore,43,4,Charlie Puth,6VuMaDnrHyPL1p4EHjYLi7,https://i.scdn.co/image/ab676161000051746721f541fb123145d4cb3ace
2026-04-23,sg,Singapore,44,2,Harry Styles,6KImCVD70vtIoJWnq6nGn3,https://i.scdn.co/image/ab67616100005174e309f8c3056a59f20d0968ca
2026-04-23,sg,Singapore,45,8,DIOR 大穎,0czbvTRVGHfCdRsJLxbBGQ,https://i.scdn.co/image/ab6761610000517468f626579122faae33b7802d
2026-04-23,sg,Singapore,46,61,DAY6,5TnQc2N1iKlFjYD7CPGvFc,https://i.scdn.co/image/ab676161000051746bf26f017d7397f06df7b254
2026-04-23,sg,Singapore,47,1,Cigarettes After Sex,1QAJqy2dA3ihHBFIHRphZj,https://i.scdn.co/image/ab676161000051742e08fd554de35c3ef1db7fd9
2026-04-23,sg,Singapore,48,–,Tame Impala,5INjqkS1o8h1imAzPqGZBb,https://i.scdn.co/image/ab67616100005174e412a782245eb20d9626c601
2026-04-23,sg,Singapore,49,7,David Guetta,1Cs0zKBU1kc0i8ypK3B9ai,https://i.scdn.co/image/ab67616100005174f150017ca69c8793503c2d4f
2026-04-23,sg,Singapore,50,7,ENHYPEN,5t5FqBwTcgKTaWmfEbwQY9,https://i.scdn.co/image/ab67616100005174f28334d02274b673b8201299
2026-04-23,sg,Singapore,51,2,Anirudh Ravichander,4zCH9qm4R2DADamUHMCa6O,https://i.scdn.co/image/ab676161000051740f0be2054fe9594026a6b843
2026-04-23,sg,Singapore,52,7,The Neighbourhood,77SW9BnxLY8rJ0RciFqkHh,https://i.scdn.co/image/ab67616100005174df0b5ac84376a0a4b2166816
2026-04-23,sg,Singapore,53,1,Travis Scott,0Y5tJX1MQlPlqiwlOH1tJY,https://i.scdn.co/image/ab6761610000517419c2790744c792d05570bb71
2026-04-23,sg,Singapore,54,5,Doja Cat,5cj0lLjcoR7YOSnhnX0Po5,https://i.scdn.co/image/ab676161000051748a0644455ebfa7d3976f5101
2026-04-23,sg,Singapore,55,3,ROSÉ,3eVa5w3URK5duf6eyVDbu9,https://i.scdn.co/image/ab67616100005174cfb4350222919670128ff2dc
2026-04-23,sg,Singapore,56,4,Kendrick Lamar,2YZyLoL8N0Wb9xBt1NhZWg,https://i.scdn.co/image/ab6761610000517439ba6dcd4355c03de0b50918
2026-04-23,sg,Singapore,57,12,Chris Brown,7bXgB6jMjp9ATFy66eO08Z,https://i.scdn.co/image/ab67616100005174913ab85302df0ddfb77131e9
2026-04-23,sg,Singapore,58,2,Linkin Park,6XyY86QOPPrYVGvF9ch6wz,https://i.scdn.co/image/ab67616100005174527d95dabbe8b8b527e8136f
2026-04-23,sg,Singapore,59,4,The Chainsmokers,69GGBxA162lTqCwzJG5jLp,https://i.scdn.co/image/ab676161000051744567279fac84a0375c3d819b
2026-04-23,sg,Singapore,60,5,TWICE,7n2Ycct7Beij7Dj7meI4X0,https://i.scdn.co/image/ab676161000051743d8820046fd455b38d644864
2026-04-23,sg,Singapore,61,4,TOMORROW X TOGETHER,0ghlgldX5Dd6720Q3qFyQB,https://i.scdn.co/image/ab6761610000517454fc4bff90d96d3ef0179e62
2026-04-23,sg,Singapore,62,16,The Kid LAROI,2tIP7SsRs7vjIcLrU85W8J,https://i.scdn.co/image/ab676161000051741cea74b0fa7d098d5e80cd87
2026-04-23,sg,Singapore,63,4,The Marías,2sSGPbdZJkaSE2AbcGOACx,https://i.scdn.co/image/ab67616100005174af586afa2b397f1288683a76
2026-04-23,sg,Singapore,64,3,Dominic Fike,6USv9qhCn6zfxlBQIYJ9qs,https://i.scdn.co/image/ab67616100005174f2903326ec44d5ecb37dcad9
2026-04-23,sg,Singapore,65,15,LANY,49tQo2QULno7gxHutgccqF,https://i.scdn.co/image/ab676161000051748218332656745840f9ed0a50
2026-04-23,sg,Singapore,66,15,Post Malone,246dkjvS1zLTtiykXe5h60,https://i.scdn.co/image/ab67616100005174e17c0aa1714a03d62b5ce4e0
2026-04-23,sg,Singapore,67,2,LBI利比,1xMn0bhYRWHDV01mU8gP1J,https://i.scdn.co/image/ab67616100005174caaa95720c660b8918ecaa9e
2026-04-23,sg,Singapore,68,4,Gracie Abrams,4tuJ0bMpJh08umKkEXKUI5,https://i.scdn.co/image/ab6761610000517418e3675ebfda9c29cfb2b57e
2026-04-23,sg,Singapore,69,7,KPop Demon Hunters Cast,7mW7Tv7NvywKKXqafZo0Lc,https://i.scdn.co/image/ab67616d00001e026c1334650ced0e28f0b2e13f
2026-04-23,sg,Singapore,70,2,keshi,3pc0bOVB5whxmD50W79wwO,https://i.scdn.co/image/ab676161000051743a0f8f319aeef1aa4115f5e8
2026-04-23,sg,Singapore,71,1,A.R. Rahman,1mYsTxnqsietFxj1OgoGbG,https://i.scdn.co/image/ab67616100005174b19af0ea736c6228d6eb539c
2026-04-23,sg,Singapore,72,2,Alan Walker,7vk5e3vY1uw9plTHJAMwjN,https://i.scdn.co/image/ab67616100005174572a8eae56feae217f618078
2026-04-23,sg,Singapore,73,7,Stray Kids,2dIgFjalVxs4ThymZ67YCE,https://i.scdn.co/image/ab6761610000517491be1e574fd2e0992f94decb
2026-04-23,sg,Singapore,74,3,Dua Lipa,6M2wZ9GZgrQXHCFfjv46we,https://i.scdn.co/image/ab676161000051740c68f6c95232e716f0abee8d
2026-04-23,sg,Singapore,75,2,Joker Xue,1cg0bYpP5e2DNG0RgK2CMN,https://i.scdn.co/image/ab67616100005174c7d5e1d63afde24400794e32
2026-04-23,sg,Singapore,76,4,Shawn Mendes,7n2wHs1TKAczGzO7Dd2rGr,https://i.scdn.co/image/ab6761610000517458b4b9419486550f6fda0535
2026-04-23,sg,Singapore,77,3,张远,4Q6r8rqOodVCDkbAYm7F18,https://i.scdn.co/image/ab6761610000517482aad24e9408892778d4c5cc
2026-04-23,sg,Singapore,78,3,IVE,6RHTUrRF63xao58xh9FXYJ,https://i.scdn.co/image/ab67616100005174e9134cc9371327f8238b1840
2026-04-23,sg,Singapore,79,3,Joji,3MZsBdqDrRTJihTHQrO6Dq,https://i.scdn.co/image/ab67616100005174b6d7836808e8b99fc8c7aadc
2026-04-23,sg,Singapore,80,Re-Entry,Calvin Harris,7CajNmpbOovFoOoasH2HaY,https://i.scdn.co/image/ab676161000051748ebba5e60113b48de8c11f6b
2026-04-23,sg,Singapore,81,5,LE SSERAFIM,4SpbR6yFEvexJuaBpgAU5p,https://i.scdn.co/image/ab67616100005174d4037f03c5f92e7e6ea89b9e
2026-04-23,sg,Singapore,82,2,Arctic Monkeys,7Ln80lUS6He07XvHI8qqHH,https://i.scdn.co/image/ab676161000051747da39dea0a72f581535fb11f
2026-04-23,sg,Singapore,83,4,PinkPantheress,78rUTD7y6Cy67W1RVzYs7t,https://i.scdn.co/image/ab676161000051746bf10d74063b45938f5d8656
2026-04-23,sg,Singapore,84,5,Pitbull,0TnOYISbd1XYRBk9myaseg,https://i.scdn.co/image/ab676161000051748d8ac7290d0fe2d12fb6e4d9
2026-04-23,sg,Singapore,85,14,RAYE,5KKpBU5eC2tJDzf0wmlRp2,https://i.scdn.co/image/ab67616100005174d9b6eb671700503c0e6205a9
2026-04-23,sg,Singapore,86,5,OneRepublic,5Pwc4xIPtQLFEnJriah9YJ,https://i.scdn.co/image/ab676161000051743202f1bcacc6d8f581f32ffd
2026-04-23,sg,Singapore,87,7,Adele,4dpARuHxo51G3z768sgnrY,https://i.scdn.co/image/ab6761610000517468f6e5892075d7f22615bd17
2026-04-23,sg,Singapore,88,2,Chase Atlantic,7cYEt1pqMgXJdq00hAwVpT,https://i.scdn.co/image/ab67616100005174a4e2d7045cbcca592ba6c7dd
2026-04-23,sg,Singapore,89,4,Imagine Dragons,53XhwfbYqKCa1cC15pYq2q,https://i.scdn.co/image/ab67616100005174ab47d8dae2b24f5afe7f9d38
2026-04-23,sg,Singapore,90,–,Stefanie Sun,0SIXZXJCAhNU8sxK0qm7hn,https://i.scdn.co/image/ab67616100005174744989ed737112f4edbd2cc3
2026-04-23,sg,Singapore,91,8,Firdhaus,6fOqdhRNsMQqtwRwgo3NUv,https://i.scdn.co/image/ab676161000051746f9e419c4ae583483afcd152
2026-04-23,sg,Singapore,92,5,NewJeans,6HvZYsbFfjnjFrWF950C9d,https://i.scdn.co/image/ab67616100005174841bdcf28a956f3a384ffcf4
2026-04-23,sg,Singapore,93,5,aespa,6YVMFz59CuY7ngCxTxjpxE,https://i.scdn.co/image/ab67616100005174053bbb910dda6d4ab0618b8b
2026-04-23,sg,Singapore,94,11,Bad Bunny,4q3ewBCX7sLwd24euuV69X,https://i.scdn.co/image/ab6761610000517481f47f44084e0a09b5f0fa13
2026-04-23,sg,Singapore,95,3,Mayday,16s0YTFcyjP4kgFwt7ktrY,https://i.scdn.co/image/ab676161000051740c2b8e4e8172563052a19e50
2026-04-23,sg,Singapore,96,3,Hillsong Worship,3SgHzT552wy2W8pNLaLk24,https://i.scdn.co/image/ab67616100005174b84be6517b80fe83f9941252
2026-04-23,sg,Singapore,97,6,LAUV,5JZ7CnR6gTvEMKX4g70Amv,https://i.scdn.co/image/ab676161000051749dde640a32d379dd5869fe4e
2026-04-23,sg,Singapore,98,23,Michael Jackson,3fMbdgg4jU18AjLCKBhRSm,https://i.scdn.co/image/ab67616100005174997cc9a4aec335d46c9481fd
2026-04-23,sg,Singapore,99,2,Alex Warren,0fTSzq9jAh4c36UVb4V7CB,https://i.scdn.co/image/ab676161000051740548e7c357122cda80128c8f
2026-04-23,sg,Singapore,100,2,Eminem,7dGJo4pcD2V6oG8kP0tJRR,https://i.scdn.co/image/ab67616100005174a00b11c129b27a88fc72f36b
2026-04-23,sg,Singapore,101,6,The 1975,3mIj9lX2MWuHmhNCA7LSCW,https://i.scdn.co/image/ab676161000051740c6e752cbb1e6d1416970f5a
2026-04-23,sg,Singapore,102,2,Radiohead,4Z8W4fKeB5YxbusRsdQVPb,https://i.scdn.co/image/ab676161000051744104fbd80f1f795728abbd59
2026-04-23,sg,Singapore,103,7,Eason Chan,2QcZxAgcs2I1q7CtCkl6MI,https://i.scdn.co/image/ab67616100005174438e5730e9e86121f329d2dd
2026-04-23,sg,Singapore,104,1,Sia,5WUlDfRSoLAfcVSX1WnrxN,https://i.scdn.co/image/ab67616100005174cc1806f0a2f6c9e449de9d3c
2026-04-23,sg,Singapore,105,3,Frank Ocean,2h93pZq0e7k5yf4dywlkpM,https://i.scdn.co/image/ab67616100005174ee3123e593174208f9754fab
2026-04-23,sg,Singapore,106,5,PARTYNEXTDOOR,2HPaUgqeutzr3jx5a9WyDV,https://i.scdn.co/image/ab67616100005174957320981e31e862bc2fb844
2026-04-23,sg,Singapore,107,1,Khalid,6LuN9FCkKOj5PcnpouEgny,https://i.scdn.co/image/ab676161000051748f77c3eddc1869e9542b04bc
2026-04-23,sg,Singapore,108,7,姚晓棠,011UpPnnyUWchmKVyFFByL,https://i.scdn.co/image/ab6761610000517471b933e6d5b4097acad46031
2026-04-23,sg,Singapore,109,3,The Script,3AQRLZ9PuTAozP28Skbq8V,https://i.scdn.co/image/ab6761610000517439cf57b090fcaefe756c91c3
2026-04-23,sg,Singapore,110,1,BABYMONSTER,1SIocsqdEefUTE6XKGUiVS,https://i.scdn.co/image/ab6761610000517443a4c69b563a55f307bde271
2026-04-23,sg,Singapore,111,8,beabadoobee,35l9BRT7MXmM8bv2WDQiyB,https://i.scdn.co/image/ab676161000051743a41a62e7193703d29d30a9a
2026-04-23,sg,Singapore,112,51,Sean Kingston,6S0dmVVn4udvppDhZIWxCr,https://i.scdn.co/image/ab67616100005174ee205e5029a04bd0460e16e4
2026-04-23,sg,Singapore,113,3,Halsey,26VFTg2z8YR0cCuwLzESi2,https://i.scdn.co/image/ab6761610000517415136101a0f63f0b2800b9dc
2026-04-23,sg,Singapore,114,14,EJAE,0RMJOzHDhAKY1o2j0W0vxY,https://i.scdn.co/image/ab67616100005174126261d917be27ceaf9046e3
2026-04-23,sg,Singapore,115,52,ZAYN,5ZsFI1h6hIdQRw2ti0hz81,https://i.scdn.co/image/ab67616100005174830845d2fa6c5c7874176951
2026-04-23,sg,Singapore,116,3,Arijit Singh,4YRxDV8wJFPHPTeXepOstw,https://i.scdn.co/image/ab67616100005174adfb0b2df04b77e43b5f7375
2026-04-23,sg,Singapore,117,5,Conan Gray,4Uc8Dsxct0oMqx0P6i60ea,https://i.scdn.co/image/ab676161000051744c2b62d4748524454a6f99b0
2026-04-23,sg,Singapore,118,12,ILLIT,36cgvBn0aadzOijnjjwqMN,https://i.scdn.co/image/ab676161000051747fabcc2491d95050faa5b710
2026-04-23,sg,Singapore,119,–,Ilaiyaraaja,3m49WVMU4zCkaVEKb8kFW7,https://i.scdn.co/image/ab67616100005174ec891c36864eb59b28f65cf8
2026-04-23,sg,Singapore,120,9,GIVĒON,4fxd5Ee7UefO4CUXgwJ7IP,https://i.scdn.co/image/ab67616100005174e357870455bc56f7ef4147f8
2026-04-23,sg,Singapore,121,10,A-Lin,28gf2piFx6cAKOMIwcky5a,https://i.scdn.co/image/ab67616100005174389f780e71f9c2697c6637e3
2026-04-23,sg,Singapore,122,8,Sam Smith,2wY79sveU1sp5g7SokKOiI,https://i.scdn.co/image/ab676161000051740e64fb94acbb752960c823e9
2026-04-23,sg,Singapore,123,–,Future,1RyvyyTE3xzB2ZywiAwp0i,https://i.scdn.co/image/ab676161000051742c472c891062acb4f3068583
2026-04-23,sg,Singapore,124,4,NIKI,2kxP07DLgs4xlWz8YHlvfh,https://i.scdn.co/image/ab676161000051740654e511623cba4e0e9e2f0c
2026-04-23,sg,Singapore,125,7,颜人中,5PNcqs6EtD6gSXgUiiJIUU,https://i.scdn.co/image/ab67616d00001e02dbc44cb806214a1372ff98d0
2026-04-23,sg,Singapore,126,4,Benson Boone,22wbnEMDvgVIAGdFeek6ET,https://i.scdn.co/image/ab67616100005174fe3bab531cafaf7189d7b1a4
2026-04-23,sg,Singapore,127,7,于冬然,7mJv2vnmyEbD8eyI7tMLKs,https://i.scdn.co/image/ab67616d00001e0268c60c834b6e9dec1b70222f
2026-04-23,sg,Singapore,128,13,HUNTR/X,2yNNYQBChuox9A5Ka93BIn,https://i.scdn.co/image/ab67616d00001e026c1334650ced0e28f0b2e13f
2026-04-23,sg,Singapore,129,5,Tems,687cZJR45JO7jhk1LHIbgq,https://i.scdn.co/image/ab6761610000517422d7d6f8981c7a27bf68a382
2026-04-23,sg,Singapore,130,3,Metro Boomin,0iEtIxbK0KxaSlF7G42ZOp,https://i.scdn.co/image/ab6761610000517428f1e72b31e756ea3f3a51e7
2026-04-23,sg,Singapore,131,15,REI AMI,6U1dV7aL68N7Gb0Naq34V5,https://i.scdn.co/image/ab67616100005174eb39ded0900c3e50e3d7ba68
2026-04-23,sg,Singapore,132,15,AUDREY NUNA,0Wwji82sLA0Hcvtuak3omb,https://i.scdn.co/image/ab67616100005174ebb65b7285befc7aa0b0cf14
2026-04-23,sg,Singapore,133,–,Backstreet Boys,5rSXSAkZ67PYJSvpUpkOr7,https://i.scdn.co/image/ab676161000051747b3634864a78ab6bd1d77c36
2026-04-23,sg,Singapore,134,15,Camila Cabello,4nDoRrQiYLoBzwC5BhVJzF,https://i.scdn.co/image/ab6761610000517476470faf6330235edbcb90a9
2026-04-23,sg,Singapore,135,59,Tyla,3SozjO3Lat463tQICI9LcE,https://i.scdn.co/image/ab6761610000517469719e4164b893213a525d25
2026-04-23,sg,Singapore,136,1,EXO,3cjEqqelV9zb4BYE3qDQ4O,https://i.scdn.co/image/ab67616100005174447a60e587e104c24ed3c890
2026-04-23,sg,Singapore,137,9,Jacky Cheung,1Hu58yHg2CXNfDhlPd7Tdd,https://i.scdn.co/image/ab67616100005174f1496a59885e3470c2644879
2026-04-23,sg,Singapore,138,5,G-DRAGON,30b9WulBM8sFuBo17nNq9c,https://i.scdn.co/image/ab67616100005174783a6a578e8eb992bfd74765
2026-04-23,sg,Singapore,139,13,5 Seconds of Summer,5Rl15oVamLq7FbSb0NNBNy,https://i.scdn.co/image/ab6761610000517487cde49a53cfbdbecf68fe02
2026-04-23,sg,Singapore,140,1,Paramore,74XFHRwlV6OrjEM0A2NCMF,https://i.scdn.co/image/ab67616100005174b10c34546a4ca2d7faeb8865
2026-04-23,sg,Singapore,141,5,JVKE,164Uj4eKjl6zTBKfJLFKKK,https://i.scdn.co/image/ab676161000051749028079005146db88f6133d0
2026-04-23,sg,Singapore,142,7,Ellie Goulding,0X2BH1fck6amBIoJhDVmmJ,https://i.scdn.co/image/ab6761610000517470a7b5f0ee7b18d2f2cc8d74
2026-04-23,sg,Singapore,143,3,Charli xcx,25uiPmTg16RbhZWAqwLBy5,https://i.scdn.co/image/ab676161000051746fa76436a2bba83b9f1d6fd1
2026-04-23,sg,Singapore,144,–,Harris Jayaraj,29aw5YCdIw2FEXYyAJZI8l,https://i.scdn.co/image/ab676161000051741263a7722e01be16b21ab944
2026-04-23,sg,Singapore,145,New,John Summit,7kNqXtgeIwFtelmRjWv205,https://i.scdn.co/image/ab6761610000517420662b32f3dbabad755dfb53
2026-04-23,sg,Singapore,146,10,Latto,3MdXrJWsbVzdn6fe5JYkSQ,https://i.scdn.co/image/ab676161000051742d805d9a367bdad2096ab817
2026-04-23,sg,Singapore,147,6,S. P. Balasubrahmanyam,2ae6PxICSOZHvjqiCcgon8,https://i.scdn.co/image/ab67616100005174ea2b56271cf92bcff45c0ae9
2026-04-23,sg,Singapore,148,3,Selena Gomez,0C8ZW7ezQVs4URX5aX7Kqx,https://i.scdn.co/image/ab67616100005174815e520e3ce7fe210046ba66
2026-04-23,sg,Singapore,149,6,Britney Spears,26dSoYclwsYLMAKD3tpOr4,https://i.scdn.co/image/ab676161000051748cf8f7cab75b0e44dd4e0ea8
2026-04-23,sg,Singapore,150,35,Teddy Swims,33qOK5uJ8AR2xuQQAhHump,https://i.scdn.co/image/ab6761610000517436eb08698aa7794372c97b97
2026-04-23,sg,Singapore,151,9,王赫野,2sAy0e2cL6jbo0ukxlxWNJ,https://i.scdn.co/image/ab676161000051746d551e1695bd4b68f023fa0c
2026-04-23,sg,Singapore,152,21,Demi Lovato,6S2OmqARrzebs0tKUEyXyp,https://i.scdn.co/image/ab6761610000517442d7061876b87861d7c8f3fb
2026-04-23,sg,Singapore,153,–,承桓,3ZYhFl4nztqc9vx35vKdUI,https://i.scdn.co/image/ab67616100005174c83640dc44a63b3c282cbb52
2026-04-23,sg,Singapore,154,16,Ronghao Li,0rTP0x4vRFSDbhtqcCqc8K,https://i.scdn.co/image/ab676161000051743f4e09ab33764db5726e120f
2026-04-23,sg,Singapore,155,1,Ne-Yo,21E3waRsmPlU7jZsS13rcj,https://i.scdn.co/image/ab67616100005174ca118e3822061f7b7f6bc537
2026-04-23,sg,Singapore,156,2,James Arthur,4IWBUUAFIplrNtaOHcJPRM,https://i.scdn.co/image/ab676161000051745a55e66595e80fb12dc5f5fa
2026-04-23,sg,Singapore,157,11,Playboi Carti,699OTQXzgjhIYAHMy9RyPD,https://i.scdn.co/image/ab67616100005174ba50ca67ffc3097f6ea1710a
2026-04-23,sg,Singapore,158,1,刘宇宁,5k5iMDK1nWLbb0eqMnpuKl,https://i.scdn.co/image/ab67616100005174ef8a4b5ab8540785ae6817b7
2026-04-23,sg,Singapore,159,13,LISA,5L1lO4eRHmJ7a0Q6csE5cT,https://i.scdn.co/image/ab676161000051743c88464ba063f0ae5d326738
2026-04-23,sg,Singapore,160,35,Shashwat Sachdev,465OXuCU8YZNmVG1leLwQ9,https://i.scdn.co/image/ab6761610000517454f120e72388f1c5c3aa3edd
2026-04-23,sg,Singapore,161,Re-Entry,CORTIS,1ebt9HnXdyYA6KgLXr1n4P,https://i.scdn.co/image/ab67616100005174267afab76836557af2bd37c8
2026-04-23,sg,Singapore,162,15,Marshmello,64KEffDW9EtZ1y2vBYgq8T,https://i.scdn.co/image/ab67616100005174fa62d7b4d09a4ea9b4c5f05d
2026-04-23,sg,Singapore,163,11,Avicii,1vCWHaC5f2uS3yhpwWbIA6,https://i.scdn.co/image/ab67616100005174ae07171f989fb39736674113
2026-04-23,sg,Singapore,164,15,DJ Snake,540vIaP2JwjQb9dm3aArA4,https://i.scdn.co/image/ab67616100005174175df1a8848d8ff67c6d5600
2026-04-23,sg,Singapore,165,5,Miley Cyrus,5YGY8feqx7naU7z4HrwZM6,https://i.scdn.co/image/ab67616100005174b14a2f1cede69cef4fb03b60
2026-04-23,sg,Singapore,166,14,Sai Abhyankkar,5jJrJU7VVmxQQLcLAmmxXc,https://i.scdn.co/image/ab676161000051740a27dbc5eb270fd2e78b9cbb
2026-04-23,sg,Singapore,167,11,隊長,4SpsVETdnMLwPHyOW0FlQz,https://i.scdn.co/image/ab67616100005174116d227d87d930d4f3899c36
2026-04-23,sg,Singapore,168,New,张紫宁 / 李鑫一,2OL7dKjcDZjMiPjFohbmAZ,
2026-04-23,sg,Singapore,169,3,Sean Paul,3Isy6kedDrgPYoTS1dazA9,https://i.scdn.co/image/ab6761610000517460c3e9abe7327c0097738f22
2026-04-23,sg,Singapore,170,6,"Tyler, The Creator",4V8LLVI7PbaPR0K2TGSxFF,https://i.scdn.co/image/ab67616100005174df2728294ff77dd11eeb18fb
2026-04-23,sg,Singapore,171,15,d4vd,5y8tKLUfMvliMe8IKamR32,https://i.scdn.co/image/ab676161000051747dad3e7c38bc881e6d2ae432
2026-04-23,sg,Singapore,172,24,Dave,6Ip8FS7vWT1uKkJSweANQK,https://i.scdn.co/image/ab676161000051742f23c7e361cef62490f44057
2026-04-23,sg,Singapore,173,8,G. V. Prakash,5VVN3xZw1i2qihfITZlvCZ,https://i.scdn.co/image/ab676161000051740a5c692089af5c0f9cf839f3
2026-04-23,sg,Singapore,174,8,V,3JsHnjpbhX4SnySpvpa9DK,https://i.scdn.co/image/ab6761610000517489a07818e5d02039a6ef3181
2026-04-23,sg,Singapore,175,5,LNGSHOT,2F4oTJOWkcD1JaTeKEa9h6,https://i.scdn.co/image/ab67616100005174866f74c2edeb8dad4ffd7b7d
2026-04-23,sg,Singapore,176,14,HOYO-MiX,2YvlK6lKiKVjXxsjvNbnqg,https://i.scdn.co/image/ab676161000051749e83221b244b3ec23d8faa58
2026-04-23,sg,Singapore,177,6,My Chemical Romance,7FBcuc1gsnv6Y1nwFtNRCb,https://i.scdn.co/image/ab676161000051749c00ad0308287b38b8fdabc2
2026-04-23,sg,Singapore,178,9,Bethel Music,26T4yOaOoFJvUvxR87Y9HO,https://i.scdn.co/image/ab67616100005174750cf05b8b670b7d2c056822
2026-04-23,sg,Singapore,179,4,Zedd,2qxJFvFYMEDqd7ui6kSAcq,https://i.scdn.co/image/ab67616100005174eefa05f0b8fcafd4beb19d31
2026-04-23,sg,Singapore,180,19,Central Cee,5H4yInM5zmHqpKIoMNAx4r,https://i.scdn.co/image/ab676161000051746ce131983245fc2e6940f6c2
2026-04-23,sg,Singapore,181,31,Hearts2Hearts,1ZLU77nRzQIaP23mVSYpCQ,https://i.scdn.co/image/ab67616100005174595f4bc18c610ea08065bdc5
2026-04-23,sg,Singapore,182,16,Noah Kahan,2RQXRUsr4IW1f3mKyKsy4B,https://i.scdn.co/image/ab676161000051745b141d30d14fb78458dac5ce
2026-04-23,sg,Singapore,183,3,Ava Max,4npEfmQ6YuiwW1GpUmaq3F,https://i.scdn.co/image/ab67616100005174d8fa717584b01690e3919e32
2026-04-23,sg,Singapore,184,8,A-Mei Chang,6noxsCszBEEK04kCehugOp,https://i.scdn.co/image/ab676161000051741b44d5d4d2e564f28f4046cf
2026-04-23,sg,Singapore,185,17,Clairo,3l0CmX0FuQjFxr8SK7Vqag,https://i.scdn.co/image/ab676161000051744804c4a44c85afea1a72d1bd
2026-04-23,sg,Singapore,186,9,Avril Lavigne,0p4nmQO2msCgU4IF37Wi3j,https://i.scdn.co/image/ab67616100005174cea575e8c9519d4367984256
2026-04-23,sg,Singapore,187,Re-Entry,Lewis Capaldi,4GNC7GD6oZMSxPGyXy4MNB,https://i.scdn.co/image/ab67616100005174dc9e707b0d0e591e08d3f549
2026-04-23,sg,Singapore,188,2,Yuvan Shankar Raja,6AiX12wXdXFoGJ2vk8zBjy,https://i.scdn.co/image/ab67616100005174e60d7a790ebea50d205bda93
2026-04-23,sg,Singapore,189,5,Twenty One Pilots,3YQKmKGau1PzlVlkL1iodx,https://i.scdn.co/image/ab6761610000517461a7ea26d33ded218cd1e59d
2026-04-23,sg,Singapore,190,3,Pritam,1wRPtKGflJrBx9BmLsSwlU,https://i.scdn.co/image/ab67616100005174cb6926f44f620555ba444fca
2026-04-23,sg,Singapore,191,3,A$AP Rocky,13ubrt8QOOCPljQ2FL1Kca,https://i.scdn.co/image/ab67616100005174ad160b333f9a240f84aff7d7
2026-04-23,sg,Singapore,192,–,Beyoncé,6vWDO969PvNqNYHIOW5v0m,https://i.scdn.co/image/ab676161000051747eaa373538359164b843f7c0
2026-04-23,sg,Singapore,193,10,Kehlani,0cGUm45nv7Z6M6qdXYQGTX,https://i.scdn.co/image/ab67616100005174cf865d7d399a41e1bd036149
2026-04-23,sg,Singapore,194,5,YOASOBI,64tJ2EAv1R6UaZqc4iOCyj,https://i.scdn.co/image/ab67616100005174192be4e9b455c2d5dd5dfe09
2026-04-23,sg,Singapore,195,Re-Entry,USHER,23zg3TcAtWQy7J6upgbUnj,https://i.scdn.co/image/ab67616100005174b13684907cd609d10d41f0b8
2026-04-23,sg,Singapore,196,3,JESSE,3x1ScNrYrql3WncCf6ggGI,https://i.scdn.co/image/ab676161000051749dcc4470b74efef6d380e3ea
2026-04-23,sg,Singapore,197,Re-Entry,Brent Faiyaz,3tlXnStJ1fFhdScmQeLpuG,https://i.scdn.co/image/ab67616100005174582fbf712f5b6a9bf65d9b84
2026-04-23,sg,Singapore,198,5,Crowd Lu,2JBUyLiFvpFPWdZGqIGYLD,https://i.scdn.co/image/ab6761610000517498fa6078d8edd6830afc3b8b
2026-04-23,sg,Singapore,199,Re-Entry,Ravyn Lenae,5RTLRtXjbXI2lSXc6jxlAz,https://i.scdn.co/image/ab67616100005174e881d4df24e1b39bd7154778
2026-04-23,sg,Singapore,200,Re-Entry,Ren Ran,6f4srX54JFrLNK4aTJe2Sc,https://i.scdn.co/image/ab67616100005174f275b5cd5f576cf23bad5f94
2026-04-23,global,Global,1,–,Justin Bieber,1uNFoZAHBGtllmzznpCI3s,https://i.scdn.co/image/ab67616100005174af20f7db5288bce9beede034
2026-04-23,global,Global,2,–,Bad Bunny,4q3ewBCX7sLwd24euuV69X,https://i.scdn.co/image/ab6761610000517481f47f44084e0a09b5f0fa13
2026-04-23,global,Global,3,–,BTS,3Nrfpe0tUJi4K4DXYWgMUX,https://i.scdn.co/image/ab67616100005174f80ec63ea7a0ef0fba60957d
2026-04-23,global,Global,4,–,Taylor Swift,06HL4z0CvFAxyc27GXpf02,https://i.scdn.co/image/ab67616100005174e2e8e7ff002a4afda1c7147e
2026-04-23,global,Global,5,–,Drake,3TVXtAsR1Inumwj472S9r4,https://i.scdn.co/image/ab676161000051744293385d324db8558179afd9
2026-04-23,global,Global,6,–,Bruno Mars,0du5cEVh5yTK9QJze8zA0C,https://i.scdn.co/image/ab67616100005174c7688aad1bf03986934d7e26
2026-04-23,global,Global,7,2,Fuerza Regida,0ys2OFYzWYB5hRDLCsBqxt,https://i.scdn.co/image/ab67616100005174ce436c411ab2436c7ab2c04d
2026-04-23,global,Global,8,1,The Weeknd,1Xyo4u8uXC1ZmMpatF05PJ,https://i.scdn.co/image/ab67616100005174c1719ac9e6a75c1c25835018
2026-04-23,global,Global,9,1,Kanye West,5K4W6rqBFWDnAN6FQUkS6x,https://i.scdn.co/image/ab676161000051746e835a500e791bf9c27a422a
2026-04-23,global,Global,10,–,Arijit Singh,4YRxDV8wJFPHPTeXepOstw,https://i.scdn.co/image/ab67616100005174adfb0b2df04b77e43b5f7375
2026-04-23,global,Global,11,–,Peso Pluma,12GqGscKJx3aE4t07u7eVZ,https://i.scdn.co/image/ab67616100005174e5283f5b671cf618b82a2696
2026-04-23,global,Global,12,1,Rihanna,5pKCCKE2ajJHZ9KAiaK11H,https://i.scdn.co/image/ab67616100005174cb565a8e684e3be458d329ac
2026-04-23,global,Global,13,1,Sabrina Carpenter,74KM79TiuVKeVCqs8QtB0B,https://i.scdn.co/image/ab6761610000517478e45cfa4697ce3c437cb455
2026-04-23,global,Global,14,–,Ariana Grande,66CXWjxzNUsdJxJ2JdwvnR,https://i.scdn.co/image/ab6761610000517468412f2d0177a9ebc265ff58
2026-04-23,global,Global,15,35,Olivia Rodrigo,1McMsnEElThX1knmY4oliG,https://i.scdn.co/image/ab67616100005174b14eb4dcfd2f3858bed06e44
2026-04-23,global,Global,16,1,Junior H,7Gi6gjaWy3DxyilpF1a8Is,https://i.scdn.co/image/ab676161000051745fbe9b7dc7d9a2295bd6022c
2026-04-23,global,Global,17,1,Billie Eilish,6qqNVTkY8uBg9cP3Jd7DAH,https://i.scdn.co/image/ab676161000051744a21b4760d2ecb7b0dcdc8da
2026-04-23,global,Global,18,1,Tito Double P,5eumcnUkdmGvkvcsx1WFNG,https://i.scdn.co/image/ab67616100005174c35bac74230ed53af510265f
2026-04-23,global,Global,19,3,Olivia Dean,00x1fYSGhdqScXBRpSj3DW,https://i.scdn.co/image/ab676161000051745c7577ad44daeb7ce4b941a1
2026-04-23,global,Global,20,1,Lana Del Rey,00FQb4jTyendYWaN8pK0wa,https://i.scdn.co/image/ab67616100005174b99cacf8acd5378206767261
2026-04-23,global,Global,21,9,Michael Jackson,3fMbdgg4jU18AjLCKBhRSm,https://i.scdn.co/image/ab67616100005174997cc9a4aec335d46c9481fd
2026-04-23,global,Global,22,2,Linkin Park,6XyY86QOPPrYVGvF9ch6wz,https://i.scdn.co/image/ab67616100005174527d95dabbe8b8b527e8136f
2026-04-23,global,Global,23,2,Pritam,1wRPtKGflJrBx9BmLsSwlU,https://i.scdn.co/image/ab67616100005174cb6926f44f620555ba444fca
2026-04-23,global,Global,24,–,Travis Scott,0Y5tJX1MQlPlqiwlOH1tJY,https://i.scdn.co/image/ab6761610000517419c2790744c792d05570bb71
2026-04-23,global,Global,25,4,Don Toliver,4Gso3d4CscCijv0lmajZWs,https://i.scdn.co/image/ab67616100005174c52b798deb89eb8414a51b7b
2026-04-23,global,Global,26,–,Morgan Wallen,4oUHIQIBe0LHzYfvXNW4QM,https://i.scdn.co/image/ab6761610000517498a9ee5f9cac5e3efa057f30
2026-04-23,global,Global,27,6,KAROL G,790FomKkXshlbRYZFtlgla,https://i.scdn.co/image/ab676161000051743869e286c9043f85e8e4bc06
2026-04-23,global,Global,28,5,Lady Gaga,1HY2Jd0NmPuamShAr6KMms,https://i.scdn.co/image/ab67616100005174aadc18cac8d48124357c38e6
2026-04-23,global,Global,29,2,Rauw Alejandro,1mcTU81TzQhprhouKaTkpq,https://i.scdn.co/image/ab676161000051746d72db3fd29576caa9cb821f
2026-04-23,global,Global,30,1,Coldplay,4gzpq5DPGxSnKTe4SA8HAU,https://i.scdn.co/image/ab676161000051741ba8fc5f5c73e7e9313cc6eb
2026-04-23,global,Global,31,4,David Guetta,1Cs0zKBU1kc0i8ypK3B9ai,https://i.scdn.co/image/ab67616100005174f150017ca69c8793503c2d4f
2026-04-23,global,Global,32,4,Anuel AA,2R21vXR83lH98kGeO99Y66,https://i.scdn.co/image/ab67616100005174a23ceb177745632b517cb7b2
2026-04-23,global,Global,33,2,Eminem,7dGJo4pcD2V6oG8kP0tJRR,https://i.scdn.co/image/ab67616100005174a00b11c129b27a88fc72f36b
2026-04-23,global,Global,34,2,J Balvin,1vyhD5VmyZ7KMfW5gqLgo5,https://i.scdn.co/image/ab676161000051740405b03342c2e56751b9923d
2026-04-23,global,Global,35,7,Harry Styles,6KImCVD70vtIoJWnq6nGn3,https://i.scdn.co/image/ab67616100005174e309f8c3056a59f20d0968ca
2026-04-23,global,Global,36,1,Omar Courtz,3E12tRURRvPfHz0hAMCFYc,https://i.scdn.co/image/ab67616100005174d317f301a85fd77964d94b4d
2026-04-23,global,Global,37,3,Kendrick Lamar,2YZyLoL8N0Wb9xBt1NhZWg,https://i.scdn.co/image/ab6761610000517439ba6dcd4355c03de0b50918
2026-04-23,global,Global,38,–,Tame Impala,5INjqkS1o8h1imAzPqGZBb,https://i.scdn.co/image/ab67616100005174e412a782245eb20d9626c601
2026-04-23,global,Global,39,17,Ella Langley,6BRxQ8cD3eqnrVj6WKDok8,https://i.scdn.co/image/ab67616100005174c4670378a4188c3174ef2ca9
2026-04-23,global,Global,40,–,Shakira,0EmeFodog0BfCgMzAIvKQp,https://i.scdn.co/image/ab6761610000517417f15f351cba70561ad8bcac
2026-04-23,global,Global,41,2,Future,1RyvyyTE3xzB2ZywiAwp0i,https://i.scdn.co/image/ab676161000051742c472c891062acb4f3068583
2026-04-23,global,Global,42,–,Ed Sheeran,6eUKZXaKkcviH0Ku9w2n3V,https://i.scdn.co/image/ab67616100005174d55c95ad400aed87da52daec
2026-04-23,global,Global,43,–,SZA,7tYKF4w9nC0nq9CsPZTHyP,https://i.scdn.co/image/ab67616100005174fd0a9fb6c252a3ba44079acf
2026-04-23,global,Global,44,10,sombr,4G9NDjRyZFDlJKMRL8hx3S,https://i.scdn.co/image/ab6761610000517478edaa6468cae153565c2c97
2026-04-23,global,Global,45,Re-Entry,Calvin Harris,7CajNmpbOovFoOoasH2HaY,https://i.scdn.co/image/ab676161000051748ebba5e60113b48de8c11f6b
2026-04-23,global,Global,46,1,Katy Perry,6jJ0s89eD6GaHleKKya26X,https://i.scdn.co/image/ab67616100005174cd50e745cf782f905769f482
2026-04-23,global,Global,47,1,Neton Vega,6pV5zH2LzjOUHaAvENdMMa,https://i.scdn.co/image/ab676161000051747215ccc01c6b8f0fc59adebb
2026-04-23,global,Global,48,7,Feid,2LRoIwlKmHjgvigdNGBHNo,https://i.scdn.co/image/ab676161000051747e529f4ad13f86c69962cb12
2026-04-23,global,Global,49,9,Zara Larsson,1Xylc3o4UrD53lo9CvFvVg,https://i.scdn.co/image/ab67616100005174d519a7e349541cba8f85e965
2026-04-23,global,Global,50,1,Chris Brown,7bXgB6jMjp9ATFy66eO08Z,https://i.scdn.co/image/ab67616100005174913ab85302df0ddfb77131e9
2026-04-23,global,Global,51,7,Daniel Caesar,20wkVLutqVOYrc0kxFs7rA,https://i.scdn.co/image/ab67616100005174e4d94f7cbebb17504c25d419
2026-04-23,global,Global,52,6,Maroon 5,04gDigrS5kc9YWfZHwBETP,https://i.scdn.co/image/ab67616100005174f8349dfb619a7f842242de77
2026-04-23,global,Global,53,2,Daddy Yankee,4VMYDCV2IEDYJArk749S6m,https://i.scdn.co/image/ab676161000051749a6918fd0b2fd675d63c675d
2026-04-23,global,Global,54,7,Shreya Ghoshal,0oOet2f43PA68X5RxKobEy,https://i.scdn.co/image/ab67616100005174e7ce89a9f5d11e0ba26677eb
2026-04-23,global,Global,55,–,Pitbull,0TnOYISbd1XYRBk9myaseg,https://i.scdn.co/image/ab676161000051748d8ac7290d0fe2d12fb6e4d9
2026-04-23,global,Global,56,3,Zach Bryan,40ZNYROS4zLfyyBSs2PGe2,https://i.scdn.co/image/ab67616100005174c742fbc057bdbc64834a6cdc
2026-04-23,global,Global,57,–,Ozuna,1i8SpTcr7yvPOmcqrbnVXY,https://i.scdn.co/image/ab676161000051741c4284179078e2529b1630e2
2026-04-23,global,Global,58,6,Dominic Fike,6USv9qhCn6zfxlBQIYJ9qs,https://i.scdn.co/image/ab67616100005174f2903326ec44d5ecb37dcad9
2026-04-23,global,Global,59,5,Myke Towers,7iK8PXO48WeuP03g8YR51W,https://i.scdn.co/image/ab676161000051748372345609bebaf1e948ef7f
2026-04-23,global,Global,60,4,Tate McRae,45dkTj5sMRSjrmBSBeiHym,https://i.scdn.co/image/ab67616100005174bed8016bd64422793ff3bc75
2026-04-23,global,Global,61,2,A.R. Rahman,1mYsTxnqsietFxj1OgoGbG,https://i.scdn.co/image/ab67616100005174b19af0ea736c6228d6eb539c
2026-04-23,global,Global,62,1,Post Malone,246dkjvS1zLTtiykXe5h60,https://i.scdn.co/image/ab67616100005174e17c0aa1714a03d62b5ce4e0
2026-04-23,global,Global,63,5,Doja Cat,5cj0lLjcoR7YOSnhnX0Po5,https://i.scdn.co/image/ab676161000051748a0644455ebfa7d3976f5101
2026-04-23,global,Global,64,1,Romeo Santos,5lwmRuXgjX8xIwlnauTZIP,https://i.scdn.co/image/ab67616100005174c8be3c6e5a824360d1bffc03
2026-04-23,global,Global,65,2,Arctic Monkeys,7Ln80lUS6He07XvHI8qqHH,https://i.scdn.co/image/ab676161000051747da39dea0a72f581535fb11f
2026-04-23,global,Global,66,12,Noah Kahan,2RQXRUsr4IW1f3mKyKsy4B,https://i.scdn.co/image/ab676161000051745b141d30d14fb78458dac5ce
2026-04-23,global,Global,67,2,Alex Warren,0fTSzq9jAh4c36UVb4V7CB,https://i.scdn.co/image/ab676161000051740548e7c357122cda80128c8f
2026-04-23,global,Global,68,2,Luke Combs,718COspgdWOnwOFpJHRZHS,https://i.scdn.co/image/ab67616100005174147f54ed9d9d5f98efdfddd2
2026-04-23,global,Global,69,3,Dua Lipa,6M2wZ9GZgrQXHCFfjv46we,https://i.scdn.co/image/ab676161000051740c68f6c95232e716f0abee8d
2026-04-23,global,Global,70,5,The Neighbourhood,77SW9BnxLY8rJ0RciFqkHh,https://i.scdn.co/image/ab67616100005174df0b5ac84376a0a4b2166816
2026-04-23,global,Global,71,–,Red Hot Chili Peppers,0L8ExT028jH3ddEcZwqJJ5,https://i.scdn.co/image/ab67616100005174c33cc15260b767ddec982ce8
2026-04-23,global,Global,72,4,Radiohead,4Z8W4fKeB5YxbusRsdQVPb,https://i.scdn.co/image/ab676161000051744104fbd80f1f795728abbd59
2026-04-23,global,Global,73,13,RAYE,5KKpBU5eC2tJDzf0wmlRp2,https://i.scdn.co/image/ab67616100005174d9b6eb671700503c0e6205a9
2026-04-23,global,Global,74,–,Gunna,2hlmm7s2ICUX0LVIhVFlZQ,https://i.scdn.co/image/ab67616100005174a998bc86f87b9fe7e2466110
2026-04-23,global,Global,75,2,Imagine Dragons,53XhwfbYqKCa1cC15pYq2q,https://i.scdn.co/image/ab67616100005174ab47d8dae2b24f5afe7f9d38
2026-04-23,global,Global,76,1,Fleetwood Mac,08GQAI4eElDnROBrJRGE0X,https://i.scdn.co/image/ab67616100005174c8752dd511cda8c31e9daee8
2026-04-23,global,Global,77,15,Shashwat Sachdev,465OXuCU8YZNmVG1leLwQ9,https://i.scdn.co/image/ab6761610000517454f120e72388f1c5c3aa3edd
2026-04-23,global,Global,78,3,Beéle,7a0XAaPaK2aDSqa8p3QnC7,https://i.scdn.co/image/ab676161000051748e10d05db45e77a86256fc5d
2026-04-23,global,Global,79,18,Grupo Frontera,6XkjpgcEsYab502Vr1bBeW,https://i.scdn.co/image/ab67616100005174a6bf603f1cd9f828da6c769b
2026-04-23,global,Global,80,3,Playboi Carti,699OTQXzgjhIYAHMy9RyPD,https://i.scdn.co/image/ab67616100005174ba50ca67ffc3097f6ea1710a
2026-04-23,global,Global,81,11,KATSEYE,3c0gDdb9lhnHGFtP4prQpn,https://i.scdn.co/image/ab6761610000517404ba72b2749f90d62152ebec
2026-04-23,global,Global,82,9,Maluma,1r4hJ1h58CWwUQe3MxPuau,https://i.scdn.co/image/ab676161000051741b0d196ca84f4a0d076b4570
2026-04-23,global,Global,83,4,Frank Ocean,2h93pZq0e7k5yf4dywlkpM,https://i.scdn.co/image/ab67616100005174ee3123e593174208f9754fab
2026-04-23,global,Global,84,2,YoungBoy Never Broke Again,7wlFDEWiM5OoIAt8RSli8b,https://i.scdn.co/image/ab67616100005174776e469c846c205685141317
2026-04-23,global,Global,85,5,Victor Mendivil,5YqI7p8zYsOpKJtjxYdOce,https://i.scdn.co/image/ab67616100005174f2af001d4811691ff2a9f1ba
2026-04-23,global,Global,86,3,Natanael Cano,0elWFr7TW8piilVRYJUe4P,https://i.scdn.co/image/ab676161000051740d4838ef7ef6c0f889266f60
2026-04-23,global,Global,87,4,Blessd,1TA5sGRlKUJXBN4ZyJuDIX,https://i.scdn.co/image/ab676161000051740dc44404c0cbb9311d9e192d
2026-04-23,global,Global,88,3,"Tyler, The Creator",4V8LLVI7PbaPR0K2TGSxFF,https://i.scdn.co/image/ab67616100005174df2728294ff77dd11eeb18fb
2026-04-23,global,Global,89,1,JENNIE,250b0Wlc5Vk0CoUsaCY84M,https://i.scdn.co/image/ab676161000051743feb82fe1bb947a2aa65f6b8
2026-04-23,global,Global,90,3,Juice WRLD,4MCBfE4596Uoi2O4DtmEMz,https://i.scdn.co/image/ab6761610000517423a60030944f7853c21565ef
2026-04-23,global,Global,91,23,Panda,5qIpstBGrGteJZg1xIvbiz,https://i.scdn.co/image/ab6761610000517415fff7d40cab1e9f0c4cb278
2026-04-23,global,Global,92,8,Lil Baby,5f7VJjfbwm532GiveGC0ZK,https://i.scdn.co/image/ab67616100005174345f9be864ad543c7597936e
2026-04-23,global,Global,93,7,J. Cole,6l3HvQ5sa6mXTsMTB19rO5,https://i.scdn.co/image/ab67616100005174c401ea77e86ee984b1ba9fc2
2026-04-23,global,Global,94,4,Adele,4dpARuHxo51G3z768sgnrY,https://i.scdn.co/image/ab6761610000517468f6e5892075d7f22615bd17
2026-04-23,global,Global,95,98,Anitta,7FNnA9vBm6EKceENgCGRMb,https://i.scdn.co/image/ab67616100005174c971a5b58d274b9ae7c467af
2026-04-23,global,Global,96,2,Beyoncé,6vWDO969PvNqNYHIOW5v0m,https://i.scdn.co/image/ab676161000051747eaa373538359164b843f7c0
2026-04-23,global,Global,97,5,Metro Boomin,0iEtIxbK0KxaSlF7G42ZOp,https://i.scdn.co/image/ab6761610000517428f1e72b31e756ea3f3a51e7
2026-04-23,global,Global,98,3,Anirudh Ravichander,4zCH9qm4R2DADamUHMCa6O,https://i.scdn.co/image/ab676161000051740f0be2054fe9594026a6b843
2026-04-23,global,Global,99,8,Henrique & Juliano,3p7PcrEHaaKLJnPUGOtRlT,https://i.scdn.co/image/ab6761610000517430f0dc81183daaee971c2601
2026-04-23,global,Global,100,12,Irshad Kamil,3GdSQUH1BRtl9UrrtuwJlP,https://i.scdn.co/image/ab6761610000517447b943824370b9eb2fb9607f
2026-04-23,global,Global,101,8,Don Omar,33ScadVnbm2X8kkUqOkC6Z,https://i.scdn.co/image/ab676161000051747ef745018ee8093fb00cd71f
2026-04-23,global,Global,102,1,Sean Paul,3Isy6kedDrgPYoTS1dazA9,https://i.scdn.co/image/ab6761610000517460c3e9abe7327c0097738f22
2026-04-23,global,Global,103,7,MC Meno K,1CbQrKvCpEnekM3QMGJtXK,https://i.scdn.co/image/ab67616100005174bb83e0b2decc9e04a0c78c8c
2026-04-23,global,Global,104,2,Alka Yagnik,3gBKY0y3dFFVRqicLnVZYz,https://i.scdn.co/image/ab67616100005174935b2dd507212bd72a71d7f9
2026-04-23,global,Global,105,5,The Beatles,3WrFJ7ztbogyGnTHbHJFl2,https://i.scdn.co/image/ab67616100005174119b61b35985e3b957c5ecb7
2026-04-23,global,Global,106,–,Sia,5WUlDfRSoLAfcVSX1WnrxN,https://i.scdn.co/image/ab67616100005174cc1806f0a2f6c9e449de9d3c
2026-04-23,global,Global,107,2,One Direction,4AK6F7OLvEQ5QYCBNiQWHq,https://i.scdn.co/image/45741ba38b51130bb96e00c0e24d17ba311a9293
2026-04-23,global,Global,108,7,Queen,1dfeR4HaWDbWqFHLkxsg1d,https://i.scdn.co/image/ab6761610000517473e4d22612ac8d944b5789b4
2026-04-23,global,Global,109,10,MC Ryan SP,75i9GaW2MJUgt4BkdUnuUY,https://i.scdn.co/image/ab676161000051743bbd7489730c894433f40035
2026-04-23,global,Global,110,1,Carín León,66ihevNkSYNzRAl44dx6jJ,https://i.scdn.co/image/ab6761610000517488ec94d53e13848c7a6a5f1c
2026-04-23,global,Global,111,–,PARTYNEXTDOOR,2HPaUgqeutzr3jx5a9WyDV,https://i.scdn.co/image/ab67616100005174957320981e31e862bc2fb844
2026-04-23,global,Global,112,4,A$AP Rocky,13ubrt8QOOCPljQ2FL1Kca,https://i.scdn.co/image/ab67616100005174ad160b333f9a240f84aff7d7
2026-04-23,global,Global,113,4,Malcolm Todd,7eKkW1zo5uzW8kUntiiBvz,https://i.scdn.co/image/ab676161000051749f6f7c2d12975d2a4b3a0fd8
2026-04-23,global,Global,114,1,Teddy Swims,33qOK5uJ8AR2xuQQAhHump,https://i.scdn.co/image/ab6761610000517436eb08698aa7794372c97b97
2026-04-23,global,Global,115,11,Stray Kids,2dIgFjalVxs4ThymZ67YCE,https://i.scdn.co/image/ab6761610000517491be1e574fd2e0992f94decb
2026-04-23,global,Global,116,4,Mac Miller,4LLpKhyESsyAXpc4laK94U,https://i.scdn.co/image/ab67616100005174ed3b89aa602145fde71a163a
2026-04-23,global,Global,117,32,Cris MJ,1Yj5Xey7kTwvZla8sqdsdE,https://i.scdn.co/image/ab6761610000517491e0516eb34dd2243cf702ca
2026-04-23,global,Global,118,8,Milo j,19HM5j0ULGSmEoRcrSe5x3,https://i.scdn.co/image/ab6761610000517433c342a253daee2d1c9d5931
2026-04-23,global,Global,119,9,Twenty One Pilots,3YQKmKGau1PzlVlkL1iodx,https://i.scdn.co/image/ab6761610000517461a7ea26d33ded218cd1e59d
2026-04-23,global,Global,120,1,21 Savage,1URnnhqYAYcrqrcwql10ft,https://i.scdn.co/image/ab676161000051744f8f76117470957c0e81e5b2
2026-04-23,global,Global,121,8,PinkPantheress,78rUTD7y6Cy67W1RVzYs7t,https://i.scdn.co/image/ab676161000051746bf10d74063b45938f5d8656
2026-04-23,global,Global,122,–,Laufey,7gW0r5CkdEUMm42w9XpyZO,https://i.scdn.co/image/ab67616100005174c751deb23ed62e7cadfb669a
2026-04-23,global,Global,123,56,ROSALÍA,7ltDVBr6mKbRvohxheJ9h1,https://i.scdn.co/image/ab676161000051749354faf80eb87961466edfbf
2026-04-23,global,Global,124,12,Udit Narayan,70B80Lwx2sxti0M1Ng9e8K,https://i.scdn.co/image/ab676161000051748de0e6e7e55d7773931ab7f4
2026-04-23,global,Global,125,–,Luis Miguel,2nszmSgqreHSdJA3zWPyrW,https://i.scdn.co/image/ab676161000051746481401e529e475116702a29
2026-04-23,global,Global,126,2,50 Cent,3q7HBObVc0L8jNeTe5Gofh,https://i.scdn.co/image/df73c0cebe56cafe705ffdba5085ccbd5680bd16
2026-04-23,global,Global,127,8,XXXTENTACION,15UsOTVnJzReFVN1VCnxy4,https://i.scdn.co/image/ab67616100005174f0c20db5ef6c6fbe5135d2e4
2026-04-23,global,Global,128,10,Tems,687cZJR45JO7jhk1LHIbgq,https://i.scdn.co/image/ab6761610000517422d7d6f8981c7a27bf68a382
2026-04-23,global,Global,129,36,Calle 24,6dLuQ5qXxIuWc5urxfIiZR,https://i.scdn.co/image/ab6761610000517413ec8d2390f7335cbcefdf53
2026-04-23,global,Global,130,53,Madonna,6tbjWDEIzxoDsBA1FuhfPW,https://i.scdn.co/image/ab67616100005174ed2208b41d49ebd24687985b
2026-04-23,global,Global,131,15,KPop Demon Hunters Cast,7mW7Tv7NvywKKXqafZo0Lc,https://i.scdn.co/image/ab67616d00001e026c1334650ced0e28f0b2e13f
2026-04-23,global,Global,132,24,Sachin-Jigar,1mBydYMVBECdDmMfE2sEUO,https://i.scdn.co/image/ab67616100005174bb4064bef3a825344d5eb79e
2026-04-23,global,Global,133,9,Cigarettes After Sex,1QAJqy2dA3ihHBFIHRphZj,https://i.scdn.co/image/ab676161000051742e08fd554de35c3ef1db7fd9
2026-04-23,global,Global,134,4,Black Eyed Peas,1yxSLGMDHlW21z4YXirZDS,https://i.scdn.co/image/ab67616100005174f2200ce505d25e1d7e1561be
2026-04-23,global,Global,135,2,Oscar Maydon,3l9G1G9MxH6DaRhwLklaf5,https://i.scdn.co/image/ab6761610000517421901f9633cb9bad66e7e27a
2026-04-23,global,Global,136,2,Miley Cyrus,5YGY8feqx7naU7z4HrwZM6,https://i.scdn.co/image/ab67616100005174b14a2f1cede69cef4fb03b60
2026-04-23,global,Global,137,6,Metallica,2ye2Wgw4gimLv2eAKyk1NB,https://i.scdn.co/image/ab6761610000517469ca98dd3083f1082d740e44
2026-04-23,global,Global,138,15,Ovy On The Drums,3m5qlPf2OkihLz3dRYnkPA,https://i.scdn.co/image/ab67616100005174ab7f38ca9ed3bb3f6c59afff
2026-04-23,global,Global,139,3,The Marías,2sSGPbdZJkaSE2AbcGOACx,https://i.scdn.co/image/ab67616100005174af586afa2b397f1288683a76
2026-04-23,global,Global,140,7,Lil Uzi Vert,4O15NlyKLIASxsJ0PrXPfz,https://i.scdn.co/image/ab676161000051740eb7019b6bb9ce078a9ac03b
2026-04-23,global,Global,141,2,Lil Wayne,55Aa2cqylxrFIXC767Z865,https://i.scdn.co/image/ab67616100005174998010cd1075921b5faf16b2
2026-04-23,global,Global,142,13,Gorillaz,3AA28KZvwAUcZuOKwyblJQ,https://i.scdn.co/image/ab67616100005174dd5b57b40cf2aaeccd07835e
2026-04-23,global,Global,143,7,Ryan Castro,7j6DKwmjbxvpQO8h914uEz,https://i.scdn.co/image/ab67616100005174aa3d392b9f2b4470bde531c6
2026-04-23,global,Global,144,9,Lil Peep,2kCcBybjl3SAtIcwdWpUe3,https://i.scdn.co/image/ab676161000051743d9d59e200e82fa53d8781a1
2026-04-23,global,Global,145,3,Manuel Turizo,0tmwSHipWxN12fsoLcFU3B,https://i.scdn.co/image/ab67616100005174e73d5aeb311cd8d53bb6f3b4
2026-04-23,global,Global,146,4,Luis R Conriquez,0pePYDrJGk8gqMRbXrLJC8,https://i.scdn.co/image/ab676161000051740e125dd22a1ea807e81269a0
2026-04-23,global,Global,147,9,AC/DC,711MCceyCBcFnzjGY4Q7Un,https://i.scdn.co/image/ab67616100005174c4c77549095c86acb4e77b37
2026-04-23,global,Global,148,38,Grupo Menos É Mais,6vTqEFbTtTRJsuIpzZgjxi,https://i.scdn.co/image/ab6761610000517461538dadf3d27f34baf0c29e
2026-04-23,global,Global,149,5,Amitabh Bhattacharya,2fMqTqiTxUDlmcOEPaQSsx,https://i.scdn.co/image/ab6761610000517406f04f40ecb8ca92cb714908
2026-04-23,global,Global,150,2,Jul,3IW7ScrzXmPvZhB27hmfgy,https://i.scdn.co/image/ab67616100005174aa70253f73793a0ff061069e
2026-04-23,global,Global,151,8,La Arrolladora Banda El Limón De Rene Camacho,5bSfBBCxY8QAk4Pifveisz,https://i.scdn.co/image/ab6761610000517492672f5068dcee3353dfceb1
2026-04-23,global,Global,152,5,Britney Spears,26dSoYclwsYLMAKD3tpOr4,https://i.scdn.co/image/ab676161000051748cf8f7cab75b0e44dd4e0ea8
2026-04-23,global,Global,153,12,$uicideboy$,1VPmR4DJC1PlOtd0IADAO0,https://i.scdn.co/image/ab67616100005174c4817922f21a5f2a36e12bf2
2026-04-23,global,Global,154,7,Shawn Mendes,7n2wHs1TKAczGzO7Dd2rGr,https://i.scdn.co/image/ab6761610000517458b4b9419486550f6fda0535
2026-04-23,global,Global,155,10,Nirvana,6olE6TJLqED3rqDCT0FyPh,https://i.scdn.co/image/42ae0f180f16e2f21c1f2212717fc436f5b95451
2026-04-23,global,Global,156,13,Quevedo,52iwsT98xCoGgiGntTiR7K,https://i.scdn.co/image/ab676161000051746ba600ad0f41d8a3aa3f53b2
2026-04-23,global,Global,157,17,Mc Lele JP,1mV9h1AwhRXSjBFcYpajgY,https://i.scdn.co/image/ab67616100005174ab3d035db1a0b162676cef82
2026-04-23,global,Global,158,8,Grupo Firme,1dKdetem2xEmjgvyymzytS,https://i.scdn.co/image/ab6761610000517412b04b49bcaad9407c0b8b3b
2026-04-23,global,Global,159,4,Green Day,7oPftvlwr6VrsViSDV7fJY,https://i.scdn.co/image/ab676161000051746ff0cd5ef2ecf733804984bb
2026-04-23,global,Global,160,14,The Chainsmokers,69GGBxA162lTqCwzJG5jLp,https://i.scdn.co/image/ab676161000051744567279fac84a0375c3d819b
2026-04-23,global,Global,161,Re-Entry,The Kid LAROI,2tIP7SsRs7vjIcLrU85W8J,https://i.scdn.co/image/ab676161000051741cea74b0fa7d098d5e80cd87
2026-04-23,global,Global,162,10,Charlie Puth,6VuMaDnrHyPL1p4EHjYLi7,https://i.scdn.co/image/ab676161000051746721f541fb123145d4cb3ace
2026-04-23,global,Global,163,3,Arcángel,4SsVbpTthjScTS7U2hmr1X,https://i.scdn.co/image/ab676161000051747aab347977373ccf5cb172c1
2026-04-23,global,Global,164,7,ABBA,0LcJLqbBmaGUft1e9Mm8HV,https://i.scdn.co/image/ab67616100005174144d2bd5d672fcb0f38be00b
2026-04-23,global,Global,165,6,Brent Faiyaz,3tlXnStJ1fFhdScmQeLpuG,https://i.scdn.co/image/ab67616100005174582fbf712f5b6a9bf65d9b84
2026-04-23,global,Global,166,8,Deftones,6Ghvu1VvMGScGpOUJBAHNH,https://i.scdn.co/image/ab67616100005174e3ac5eb948e78d9285d1dbdb
2026-04-23,global,Global,167,14,Wisin & Yandel,1wZtkThiXbVNtj6hee6dz9,https://i.scdn.co/image/ab67616100005174b5496c4b788e181679069ee8
2026-04-23,global,Global,168,5,Farruko,329e4yvIujISKGKz1BZZbO,https://i.scdn.co/image/ab67616100005174169beb8b0caaaf0b365c88fe
2026-04-23,global,Global,169,18,Dave,6Ip8FS7vWT1uKkJSweANQK,https://i.scdn.co/image/ab676161000051742f23c7e361cef62490f44057
2026-04-23,global,Global,170,6,Chris Stapleton,4YLtscXsxbVgi031ovDDdh,https://i.scdn.co/image/ab67616100005174a0c87c8f329b436eac8b9784
2026-04-23,global,Global,171,2,Danny Ocean,5H1nN1SzW0qNeUEZvuXjAj,https://i.scdn.co/image/ab676161000051746d11079e9ea4fd57b5df6c97
2026-04-23,global,Global,172,1,Khalid,6LuN9FCkKOj5PcnpouEgny,https://i.scdn.co/image/ab676161000051748f77c3eddc1869e9542b04bc
2026-04-23,global,Global,173,Re-Entry,Yan Block,6TKygPpVT29oGUogu4J9Ec,https://i.scdn.co/image/ab676161000051741da4b46f64bb40d556b5684f
2026-04-23,global,Global,174,1,Benson Boone,22wbnEMDvgVIAGdFeek6ET,https://i.scdn.co/image/ab67616100005174fe3bab531cafaf7189d7b1a4
2026-04-23,global,Global,175,8,Charli xcx,25uiPmTg16RbhZWAqwLBy5,https://i.scdn.co/image/ab676161000051746fa76436a2bba83b9f1d6fd1
2026-04-23,global,Global,176,14,Sam Smith,2wY79sveU1sp5g7SokKOiI,https://i.scdn.co/image/ab676161000051740e64fb94acbb752960c823e9
2026-04-23,global,Global,177,1,Ñengo Flow,12vb80Km0Ew53ABfJOepVz,https://i.scdn.co/image/ab67616100005174da3f48cf2309aacaab0edce2
2026-04-23,global,Global,178,6,Young Thug,50co4Is1HCEo8bhOyUWKpn,https://i.scdn.co/image/ab676161000051749f2fb33940aac624dc5d100d
2026-04-23,global,Global,179,9,Karan Aujla,6DARBhWbfcS9E4yJzcliqQ,https://i.scdn.co/image/ab676161000051748a4c60d0eebe893f72e42979
2026-04-23,global,Global,180,12,Gracie Abrams,4tuJ0bMpJh08umKkEXKUI5,https://i.scdn.co/image/ab6761610000517418e3675ebfda9c29cfb2b57e
2026-04-23,global,Global,181,3,System Of A Down,5eAWCfyUhZtHHtBdNk56l1,https://i.scdn.co/image/ab6761610000517460063d3451ade8f9fab397c2
2026-04-23,global,Global,182,7,Justin Timberlake,31TPClRtHm23RisEBtV3X7,https://i.scdn.co/image/ab676161000051747a5cfe2597665a3d160e805e
2026-04-23,global,Global,183,9,Hozier,2FXC3k01G6Gw61bmprjgqS,https://i.scdn.co/image/ab67616100005174ad85a585103dfc2f3439119a
2026-04-23,global,Global,184,4,Halsey,26VFTg2z8YR0cCuwLzESi2,https://i.scdn.co/image/ab6761610000517415136101a0f63f0b2800b9dc
2026-04-23,global,Global,185,4,TV Girl,0Y6dVaC9DZtPNH4591M42W,https://i.scdn.co/image/ab67616100005174d80695211689a9c8c3fee3b0
2026-04-23,global,Global,186,32,Yeat,3qiHUAX7zY4Qnjx8TNUzVx,https://i.scdn.co/image/ab67616100005174fc759f7938b4c65bfe41c4ff
2026-04-23,global,Global,187,Re-Entry,DJ Snake,540vIaP2JwjQb9dm3aArA4,https://i.scdn.co/image/ab67616100005174175df1a8848d8ff67c6d5600
2026-04-23,global,Global,188,6,Guns N' Roses,3qm84nBOXUEQ2vnTfUTTFC,https://i.scdn.co/image/ab6761610000517450defaf9fc059a1efc541f4c
2026-04-23,global,Global,189,12,DJ Japa NK,1bpnl8qbR9GxmiNlkEufW6,https://i.scdn.co/image/ab67616100005174a5a47189fc33316c3ef73794
2026-04-23,global,Global,190,5,Kali Uchis,1U1el3k54VvEUzo3ybLPlM,https://i.scdn.co/image/ab67616100005174deac5367816c7ab1f607e89a
2026-04-23,global,Global,191,4,Elton John,3PhoLpVuITZKcymswpck5b,https://i.scdn.co/image/ab676161000051740dc33a1c53bb58a84b45d6a7
2026-04-23,global,Global,192,Re-Entry,Avicii,1vCWHaC5f2uS3yhpwWbIA6,https://i.scdn.co/image/ab67616100005174ae07171f989fb39736674113
2026-04-23,global,Global,193,1,Paramore,74XFHRwlV6OrjEM0A2NCMF,https://i.scdn.co/image/ab67616100005174b10c34546a4ca2d7faeb8865
2026-04-23,global,Global,194,4,S. P. Balasubrahmanyam,2ae6PxICSOZHvjqiCcgon8,https://i.scdn.co/image/ab67616100005174ea2b56271cf92bcff45c0ae9
2026-04-23,global,Global,195,Re-Entry,Hindia,51kyrUsAVqUBcoDEMFkX12,https://i.scdn.co/image/ab67616100005174b786cb6de7505caff17fe11f
2026-04-23,global,Global,196,5,Pink Floyd,0k17h0D3J5VfsdmQ1iZtE9,https://i.scdn.co/image/ab676161000051743c9e8c67b087ba0cb5923b78
2026-04-23,global,Global,197,Re-Entry,Julión Álvarez y su Norteño Banda,1bfl0AU8SqmLkElptOprhC,https://i.scdn.co/image/ab67616100005174fb9cc6446b008d6d3d7b7998
2026-04-23,global,Global,198,Re-Entry,Marshmello,64KEffDW9EtZ1y2vBYgq8T,https://i.scdn.co/image/ab67616100005174fa62d7b4d09a4ea9b4c5f05d
2026-04-23,global,Global,199,Re-Entry,USHER,23zg3TcAtWQy7J6upgbUnj,https://i.scdn.co/image/ab67616100005174b13684907cd609d10d41f0b8
2026-04-23,global,Global,200,12,OneRepublic,5Pwc4xIPtQLFEnJriah9YJ,https://i.scdn.co/image/ab676161000051743202f1bcacc6d8f581f32ffd
2026-04-23,id,Indonesia,1,2,Justin Bieber,1uNFoZAHBGtllmzznpCI3s,https://i.scdn.co/image/ab67616100005174af20f7db5288bce9beede034
2026-04-23,id,Indonesia,2,1,Hindia,51kyrUsAVqUBcoDEMFkX12,https://i.scdn.co/image/ab67616100005174b786cb6de7505caff17fe11f
2026-04-23,id,Indonesia,3,1,Bruno Mars,0du5cEVh5yTK9QJze8zA0C,https://i.scdn.co/image/ab67616100005174c7688aad1bf03986934d7e26
2026-04-23,id,Indonesia,4,1,Raim Laode,5LcNPa8f8bRmZqELgoRFkN,https://i.scdn.co/image/ab67616100005174f0835eb9adc7cee5169194d0
2026-04-23,id,Indonesia,5,1,Sal Priadi,1NjxFrpEGZTV2Ny0OJxeWu,https://i.scdn.co/image/ab67616100005174c8be343422f882f309e2508e
2026-04-23,id,Indonesia,6,–,Nadhif Basalamah,6UgERnTHmjk3qXM9x5vzyO,https://i.scdn.co/image/ab6761610000517461c119ec8c5fb2f77f1f7f43
2026-04-23,id,Indonesia,7,1,Nadin Amizah,20zafXaLhm5IcXnSU93rNn,https://i.scdn.co/image/ab676161000051744d660de1fb435119dfc4adbf
2026-04-23,id,Indonesia,8,1,Tulus,2iDVt6mFbtbDEZG5ax0dTi,https://i.scdn.co/image/ab67616100005174e2569eea1e32fe495d52c9a3
2026-04-23,id,Indonesia,9,2,Taylor Swift,06HL4z0CvFAxyc27GXpf02,https://i.scdn.co/image/ab67616100005174e2e8e7ff002a4afda1c7147e
2026-04-23,id,Indonesia,10,2,For Revenge,0f6TyESD8E1mD2oLJ4TGv1,https://i.scdn.co/image/ab67616100005174fbbbbf6f0e25af5ab222eb85
2026-04-23,id,Indonesia,11,3,Sheila On 7,6q87vizIEdEN4NvlR6mjfT,https://i.scdn.co/image/ab676161000051742017fda314b1745c3e96e0d5
2026-04-23,id,Indonesia,12,1,Perunggu,0NbKRRBuiIUwS9irPvi7wD,https://i.scdn.co/image/ab67616100005174aacf892228a322f1415e168f
2026-04-23,id,Indonesia,13,–,.Feast,7Gy1PxqrgsiqWF6JNYPHeB,https://i.scdn.co/image/ab6761610000517416f030ca05d4d917cdc2eb5e
2026-04-23,id,Indonesia,14,4,BTS,3Nrfpe0tUJi4K4DXYWgMUX,https://i.scdn.co/image/ab67616100005174f80ec63ea7a0ef0fba60957d
2026-04-23,id,Indonesia,15,–,Pamungkas,7d86ERlvO5UG44j7Va0Y0C,https://i.scdn.co/image/ab676161000051748df7886de4d41f73bff9abda
2026-04-23,id,Indonesia,16,5,Bernadya,47z98pKd71yIbgXwe9LPVC,https://i.scdn.co/image/ab67616100005174128f966173343498818ae8c6
2026-04-23,id,Indonesia,17,1,Ariana Grande,66CXWjxzNUsdJxJ2JdwvnR,https://i.scdn.co/image/ab6761610000517468412f2d0177a9ebc265ff58
2026-04-23,id,Indonesia,18,–,Mahalini,3wOsYKZM0zcKNasi3I7fP4,https://i.scdn.co/image/ab6761610000517426a4b25e52cf825e21f3d182
2026-04-23,id,Indonesia,19,2,Idgitaf,7pFWMC2E7h8eL3SZyHRsRq,https://i.scdn.co/image/ab67616100005174b748df720ee03ebcea072341
2026-04-23,id,Indonesia,20,1,NIKI,2kxP07DLgs4xlWz8YHlvfh,https://i.scdn.co/image/ab676161000051740654e511623cba4e0e9e2f0c
2026-04-23,id,Indonesia,21,4,Virgoun,4bAgr9zaF0bpzVGHdHuf0f,https://i.scdn.co/image/ab67616100005174a99ec2b3bd22a84739aac218
2026-04-23,id,Indonesia,22,9,Ifan Seventeen,2vbWy0ntJGJ2H1erLJFMZZ,https://i.scdn.co/image/ab67616100005174e8e1025f0e82cd50b7f763bd
2026-04-23,id,Indonesia,23,5,Last Child,1v1khTmozNfxB2ET1Ep288,https://i.scdn.co/image/ab67616100005174afe8d291d9d89a395f2badd6
2026-04-23,id,Indonesia,24,2,Juicy Luicy,3tMTXQyRrPmMyHv5SoC0TV,https://i.scdn.co/image/ab67616100005174596fa05f1b80692bacb5a7dc
2026-04-23,id,Indonesia,25,2,Tenxi,6vP4azTCk053nGL0xAYnVH,https://i.scdn.co/image/ab6761610000517429c41392ae281462cbc7f140
2026-04-23,id,Indonesia,26,1,Denny Caknan,3Gr3opnAGpJiTowsTyJFWG,https://i.scdn.co/image/ab676161000051748d49920efb5d03a00b834309
2026-04-23,id,Indonesia,27,7,LANY,49tQo2QULno7gxHutgccqF,https://i.scdn.co/image/ab676161000051748218332656745840f9ed0a50
2026-04-23,id,Indonesia,28,2,One Direction,4AK6F7OLvEQ5QYCBNiQWHq,https://i.scdn.co/image/45741ba38b51130bb96e00c0e24d17ba311a9293
2026-04-23,id,Indonesia,29,5,Daniel Caesar,20wkVLutqVOYrc0kxFs7rA,https://i.scdn.co/image/ab67616100005174e4d94f7cbebb17504c25d419
2026-04-23,id,Indonesia,30,2,Dewa 19,48bKH1ugFBhERC1rdojP9d,https://i.scdn.co/image/ab6761610000517496bfa9ff288138f3432e0fa4
2026-04-23,id,Indonesia,31,5,Lyodra,6Sv2jkzH9sWQjwghW5ArMG,https://i.scdn.co/image/ab676161000051748a3037f177ab9b5b306cdb89
2026-04-23,id,Indonesia,32,1,NDX A.K.A.,1IDBhlpDyKr53UKKxXRHXD,https://i.scdn.co/image/ab676161000051748398c5a4735d08bc7b23206c
2026-04-23,id,Indonesia,33,2,Feby Putri,66NmU5epI0ONGmdCRbLpmW,https://i.scdn.co/image/ab6761610000517465ea942b970be4593418461f
2026-04-23,id,Indonesia,34,–,Piche Kota,5zAYPlhV1TirCul0R4NKGM,https://i.scdn.co/image/ab676161000051744a93d0e5644403a74c01f97b
2026-04-23,id,Indonesia,35,6,Vierra,1WX2v0BiEW19Vw7xmznLdZ,https://i.scdn.co/image/ab67616100005174ce05aec92bc5b3e81205ff73
2026-04-23,id,Indonesia,36,–,Judika,5fS7aONqrIhiw6YzgKVOsd,https://i.scdn.co/image/ab676161000051744a9ae23945e92356f3ac41fe
2026-04-23,id,Indonesia,37,3,Yovie & Nuno,3DHOtJqv0Bw65ENlK4FiSF,https://i.scdn.co/image/ab676161000051744bb1b3dd305ef49050f8c274
2026-04-23,id,Indonesia,38,6,Adele,4dpARuHxo51G3z768sgnrY,https://i.scdn.co/image/ab6761610000517468f6e5892075d7f22615bd17
2026-04-23,id,Indonesia,39,2,Billie Eilish,6qqNVTkY8uBg9cP3Jd7DAH,https://i.scdn.co/image/ab676161000051744a21b4760d2ecb7b0dcdc8da
2026-04-23,id,Indonesia,40,2,Coldplay,4gzpq5DPGxSnKTe4SA8HAU,https://i.scdn.co/image/ab676161000051741ba8fc5f5c73e7e9313cc6eb
2026-04-23,id,Indonesia,41,3,The Weeknd,1Xyo4u8uXC1ZmMpatF05PJ,https://i.scdn.co/image/ab67616100005174c1719ac9e6a75c1c25835018
2026-04-23,id,Indonesia,42,5,Budi Doremi,6Ifk2cbxyVzT41jLexYCas,https://i.scdn.co/image/ab6761610000517439b6201869b5a99cabbf025e
2026-04-23,id,Indonesia,43,2,Fourtwnty,46cVq2dwPgzPE3X1VR9TMj,https://i.scdn.co/image/ab67616100005174d56a4e114e63de49e1458707
2026-04-23,id,Indonesia,44,5,Kahitna,2WhoMc7XqIzVXWbQqSoqe7,https://i.scdn.co/image/ab67616100005174e8b3eb71335b453ac794067e
2026-04-23,id,Indonesia,45,6,Seventeen,5uUb3J6HqLhBWwzuh84LUZ,https://i.scdn.co/image/ab67616d00001e0285da19c32947b2e5eed82f75
2026-04-23,id,Indonesia,46,3,Afgan,4cgBCGxtlfap2g6jveB7du,https://i.scdn.co/image/ab676161000051748d58eb4a3cd3941609327ec4
2026-04-23,id,Indonesia,47,2,Jemsii,5PTw7KmM8c9QfBjU5caHWs,https://i.scdn.co/image/ab6761610000517483f0ccfd0b973d94cb83c16f
2026-04-23,id,Indonesia,48,2,Katy Perry,6jJ0s89eD6GaHleKKya26X,https://i.scdn.co/image/ab67616100005174cd50e745cf782f905769f482
2026-04-23,id,Indonesia,49,26,Olivia Rodrigo,1McMsnEElThX1knmY4oliG,https://i.scdn.co/image/ab67616100005174b14eb4dcfd2f3858bed06e44
2026-04-23,id,Indonesia,50,2,Maroon 5,04gDigrS5kc9YWfZHwBETP,https://i.scdn.co/image/ab67616100005174f8349dfb619a7f842242de77
2026-04-23,id,Indonesia,51,5,Lana Del Rey,00FQb4jTyendYWaN8pK0wa,https://i.scdn.co/image/ab67616100005174b99cacf8acd5378206767261
2026-04-23,id,Indonesia,52,3,Andmesh,6IDsZZ4IHgs9VblBgQQSmt,https://i.scdn.co/image/ab67616100005174f89ddd2d4c1723297636f4ff
2026-04-23,id,Indonesia,53,2,Kerispatih,73OtDyghUEJ9QfGtu1pkaJ,https://i.scdn.co/image/ab6761610000517428ce4a28eaaf8324f80a9371
2026-04-23,id,Indonesia,54,9,Ed Sheeran,6eUKZXaKkcviH0Ku9w2n3V,https://i.scdn.co/image/ab67616100005174d55c95ad400aed87da52daec
2026-04-23,id,Indonesia,55,1,Iwan Fals,7LkkXDrBNVODZKIJlWGwbX,https://i.scdn.co/image/ab67616100005174846633c556d3121bc10893c3
2026-04-23,id,Indonesia,56,3,Ghea Indrawari,3qL7BzwJOXq3EzAio36aLX,https://i.scdn.co/image/ab676161000051743c94534cb2c972bb7ea82770
2026-04-23,id,Indonesia,57,5,Noah,31aMmlq8isIAgojvmIwiS4,https://i.scdn.co/image/ab67616100005174ae2e045bcd6f904c9e3b365c
2026-04-23,id,Indonesia,58,1,James Arthur,4IWBUUAFIplrNtaOHcJPRM,https://i.scdn.co/image/ab676161000051745a55e66595e80fb12dc5f5fa
2026-04-23,id,Indonesia,59,2,Batas Senja,4AhHkaGz7W2bKKJK90IaV2,https://i.scdn.co/image/ab6761610000517437c5da96a22eb8dce4bc0672
2026-04-23,id,Indonesia,60,4,Glenn Fredly,4rUYk0fV0Z4pOtwVbEAyK9,https://i.scdn.co/image/ab67616100005174f6284a310a10b07852e358cd
2026-04-23,id,Indonesia,61,1,SZA,7tYKF4w9nC0nq9CsPZTHyP,https://i.scdn.co/image/ab67616100005174fd0a9fb6c252a3ba44079acf
2026-04-23,id,Indonesia,62,11,Charlie Puth,6VuMaDnrHyPL1p4EHjYLi7,https://i.scdn.co/image/ab676161000051746721f541fb123145d4cb3ace
2026-04-23,id,Indonesia,63,5,Nidji,4sEWznAKWWNcicTuLxzb6d,https://i.scdn.co/image/ab67616100005174d63cba90d27bdf26effba4c7
2026-04-23,id,Indonesia,64,8,Tiara Andini,0kPb52ySN2k9P6wEZPTUzm,https://i.scdn.co/image/ab67616100005174adfdac6ec8ba8ee2c99362c7
2026-04-23,id,Indonesia,65,4,Guyon Waton,5CROBjCskHMjRlerJor7Gx,https://i.scdn.co/image/ab67616100005174299f40ea9e00376dd2077075
2026-04-23,id,Indonesia,66,1,Yovie Widianto,7Ln5yumFjHCkeZ8bAzHUcp,https://i.scdn.co/image/ab676161000051749adad46022570f8b8b3209a9
2026-04-23,id,Indonesia,67,12,Fiersa Besari,06QVnTCdjs4jPKO0487EGV,https://i.scdn.co/image/ab67616100005174af659f61f9c27fb44fcd153f
2026-04-23,id,Indonesia,68,9,Dewa,35dWPb7Tmq0WESp6KAUJ8w,https://i.scdn.co/image/ab676161000051748c647da81b4d73ec0c2bb738
2026-04-23,id,Indonesia,69,2,Payung Teduh,2Ooa3TrmlskyBftzenv6xQ,https://i.scdn.co/image/ab67616100005174fc58f42abb126bbe177239cf
2026-04-23,id,Indonesia,70,3,La Tasya,5msoB1J2MraA7qVDkUtdLC,https://i.scdn.co/image/ab67616d00001e020bbe88c40ce58daf4f39e711
2026-04-23,id,Indonesia,71,5,Avenged Sevenfold,0nmQIMXWTXfhgOBdNzhGOs,https://i.scdn.co/image/ab676161000051748cfc647b093867d3c7ced5a9
2026-04-23,id,Indonesia,72,10,Raisa,5OZXWMwDhlYBRvoOfcX0sk,https://i.scdn.co/image/ab67616100005174e7e88d24bae4d8bdebdf8ae4
2026-04-23,id,Indonesia,73,1,Backstreet Boys,5rSXSAkZ67PYJSvpUpkOr7,https://i.scdn.co/image/ab676161000051747b3634864a78ab6bd1d77c36
2026-04-23,id,Indonesia,74,6,Anggis Devaki,7lXTU6VtJQWfiN2vuZyzqf,https://i.scdn.co/image/ab676161000051742de74de741a91a9e409f378a
2026-04-23,id,Indonesia,75,6,eńau,0agUNq8PH1QSgm88EuhM1u,https://i.scdn.co/image/ab676161000051745aa62c329f3d95b7f7a142c3
2026-04-23,id,Indonesia,76,4,dia,6WgjNWwGACXaBy7NZripBu,https://i.scdn.co/image/ab676161000051740ac4a3c55b333dbee6abe24d
2026-04-23,id,Indonesia,77,7,Cigarettes After Sex,1QAJqy2dA3ihHBFIHRphZj,https://i.scdn.co/image/ab676161000051742e08fd554de35c3ef1db7fd9
2026-04-23,id,Indonesia,78,1,Naykilla,79omf4LgzaVAnXIRWPkJUq,https://i.scdn.co/image/ab676161000051741a08868838044f7110d743de
2026-04-23,id,Indonesia,79,1,Rony Parulian,13y29W8mEcA2gKqUr1SPLJ,https://i.scdn.co/image/ab676161000051740f2f0f789e8443f030365145
2026-04-23,id,Indonesia,80,14,Nuca,5x3nSujruZLuB6xBicI6Ai,https://i.scdn.co/image/ab6761610000517417e09dfcf1504d02658b58ee
2026-04-23,id,Indonesia,81,4,Juan Reza,1BHC0jEJgDvNXlLhojMUbf,https://i.scdn.co/image/ab67616100005174e7954575fb2a41059dc29de2
2026-04-23,id,Indonesia,82,6,SAMSONS,6HHje5tfmzWK8PsSaoJ9Xp,https://i.scdn.co/image/ab676161000051744a941f6d742ab1b6e52a1c63
2026-04-23,id,Indonesia,83,3,Reality Club,1DjZI46mVZZZYmmmygRnTw,https://i.scdn.co/image/ab67616100005174d9a9a4eb30f0a26c250e47e1
2026-04-23,id,Indonesia,84,1,Rizky Febian,28DdkLhrzQNizZ0ExQpyku,https://i.scdn.co/image/ab6761610000517468288223723b5d7e6b0abbfe
2026-04-23,id,Indonesia,85,2,Rex Orange County,7pbDxGE6nQSZVfiFdq9lOL,https://i.scdn.co/image/ab67616100005174d2d3b00d5839e840357cb660
2026-04-23,id,Indonesia,86,4,Utopia,4oAZA3aniPjL9XINSvj7VP,https://i.scdn.co/image/ab67616100005174c10be7b7fff309b12b7657fd
2026-04-23,id,Indonesia,87,13,Ari Lesmana,3MMDw11m6HJrXlGOE3honc,https://i.scdn.co/image/ab67616d00001e02172768978c7f929803ad7e8b
2026-04-23,id,Indonesia,88,2,Hivi!,4ubEZ6sMsrrbQChueyouCC,https://i.scdn.co/image/ab676161000051740983fdc2d8594e7621e8ea15
2026-04-23,id,Indonesia,89,1,The Script,3AQRLZ9PuTAozP28Skbq8V,https://i.scdn.co/image/ab6761610000517439cf57b090fcaefe756c91c3
2026-04-23,id,Indonesia,90,6,Fabio Asher,6FTLayBxjkQeanFdUusk1I,https://i.scdn.co/image/ab67616100005174a93966ec214f99921445386a
2026-04-23,id,Indonesia,91,2,Armada,6H857CtcaYMSxOB4jvSIZf,https://i.scdn.co/image/ab67616100005174e10ac63eab57635741b31eb9
2026-04-23,id,Indonesia,92,10,Rossa,0ygQsC5td2maGmglpzd7tp,https://i.scdn.co/image/ab67616100005174450f5ece3b34de154f8e1064
2026-04-23,id,Indonesia,93,1,Lavora,6g7rgHXRnw8trLFXSnhue4,https://i.scdn.co/image/ab67616100005174e945e36a8672a034694a9398
2026-04-23,id,Indonesia,94,3,Sabrina Carpenter,74KM79TiuVKeVCqs8QtB0B,https://i.scdn.co/image/ab6761610000517478e45cfa4697ce3c437cb455
2026-04-23,id,Indonesia,95,7,Oasis,2DaxqgrOhkeH0fpeiQq2f4,https://i.scdn.co/image/ab67616100005174b4ddbc39706ef0f2ae0f7c9b
2026-04-23,id,Indonesia,96,16,Maman Fvndy,6iwGYa6SkkbWU3JjwLuTAQ,https://i.scdn.co/image/ab6761610000517428ed1304ab3f3fabb047ec29
2026-04-23,id,Indonesia,97,2,Slank,7FD5lGpmOvZeKY0Ziw0hf9,https://i.scdn.co/image/ab67616100005174a5d15944aab9b403980519e4
2026-04-23,id,Indonesia,98,5,NaFF,1ryXwlpQNzkSCfU685Ftx5,https://i.scdn.co/image/ab6761610000517459bdf7e5aae6e0848201dd4f
2026-04-23,id,Indonesia,99,8,Aku Jeje,4FZ6V3q8zMyFvSMeT2ld2f,https://i.scdn.co/image/ab676161000051740632c30085771c9a50d212f4
2026-04-23,id,Indonesia,100,9,The 1975,3mIj9lX2MWuHmhNCA7LSCW,https://i.scdn.co/image/ab676161000051740c6e752cbb1e6d1416970f5a
2026-04-23,id,Indonesia,101,2,Rihanna,5pKCCKE2ajJHZ9KAiaK11H,https://i.scdn.co/image/ab67616100005174cb565a8e684e3be458d329ac
2026-04-23,id,Indonesia,102,6,Toton Caribo,0v1axjG0KwIz3aciZffFMu,https://i.scdn.co/image/ab67616100005174cb90126bc89c7bd595329416
2026-04-23,id,Indonesia,103,2,Barasuara,5RbI1PF4n02wWKmgjk7hAE,https://i.scdn.co/image/ab6761610000517437bd21bdf91bcd306badc2b9
2026-04-23,id,Indonesia,104,5,Chrisye,2NteKKMj3takKR3ABTd279,https://i.scdn.co/image/ab676161000051744b432a19f1b2afd943d194d1
2026-04-23,id,Indonesia,105,9,Hearts2Hearts,1ZLU77nRzQIaP23mVSYpCQ,https://i.scdn.co/image/ab67616100005174595f4bc18c610ea08065bdc5
2026-04-23,id,Indonesia,106,8,Andi Rianto,4yRVdMqPrguKBFwZYpmke0,https://i.scdn.co/image/ab6761610000517465252cefe48e72eb8f182b0f
2026-04-23,id,Indonesia,107,56,Ndarboy Genk,7FHGSpmUoIkL2hG6T0qvrJ,https://i.scdn.co/image/ab67616100005174e57cd905106f0f7ffb3eab67
2026-04-23,id,Indonesia,108,4,JENNIE,250b0Wlc5Vk0CoUsaCY84M,https://i.scdn.co/image/ab676161000051743feb82fe1bb947a2aa65f6b8
2026-04-23,id,Indonesia,109,5,Aftershine,6daEl3JyMDgK52fKuqPelL,https://i.scdn.co/image/ab6761610000517488b6c7f04c4f354da1cfeea0
2026-04-23,id,Indonesia,110,5,Arctic Monkeys,7Ln80lUS6He07XvHI8qqHH,https://i.scdn.co/image/ab676161000051747da39dea0a72f581535fb11f
2026-04-23,id,Indonesia,111,6,Alan Walker,7vk5e3vY1uw9plTHJAMwjN,https://i.scdn.co/image/ab67616100005174572a8eae56feae217f618078
2026-04-23,id,Indonesia,112,1,Natasya Sabella,2w2xKlumnOzCf5eVTkmNXn,https://i.scdn.co/image/ab67616100005174c72a699e0b3efe6ba366a05c
2026-04-23,id,Indonesia,113,3,Marcell,0JvUFDnuWPbuyRa6ptVkLk,https://i.scdn.co/image/ab6761610000517474a671d0a8a021435bd29bfa
2026-04-23,id,Indonesia,114,13,D’MASIV,1hioeMAsVwJ3bvcb9lxBpB,https://i.scdn.co/image/ab67616100005174f8c7decf4f411c26cb8ab3f6
2026-04-23,id,Indonesia,115,6,Lady Gaga,1HY2Jd0NmPuamShAr6KMms,https://i.scdn.co/image/ab67616100005174aadc18cac8d48124357c38e6
2026-04-23,id,Indonesia,116,6,Radiohead,4Z8W4fKeB5YxbusRsdQVPb,https://i.scdn.co/image/ab676161000051744104fbd80f1f795728abbd59
2026-04-23,id,Indonesia,117,12,Halstage,5vTG3EyFrsARtIGDWZNRzu,https://i.scdn.co/image/ab67616100005174eaca9374245f8a7d54cfe036
2026-04-23,id,Indonesia,118,2,Adrian Khalif,6X28gNASnalAWseUA8uI4X,https://i.scdn.co/image/ab6761610000517421688144bcdda8b459e54a4a
2026-04-23,id,Indonesia,119,7,Kaleb J,3sMsWkApnc6yPyMUsNHQlb,https://i.scdn.co/image/ab67616100005174634d2f38605036ce3c913b8b
2026-04-23,id,Indonesia,120,14,SIENNA SPIRO,02gSuSAWEdWa5UOvqzjX6v,https://i.scdn.co/image/ab67616100005174fb0ab819bbd4502028cd1feb
2026-04-23,id,Indonesia,121,2,Mahen,5Ag6luL11YrL1Znq0xsVuh,https://i.scdn.co/image/ab676161000051740190843dfb974bb8e1242e1d
2026-04-23,id,Indonesia,122,2,Jason Ranti,06x5hKHmGzMggWmRK833nv,https://i.scdn.co/image/ab676161000051740361030ffc761a5c4a42f867
2026-04-23,id,Indonesia,123,73,Sean Kingston,6S0dmVVn4udvppDhZIWxCr,https://i.scdn.co/image/ab67616100005174ee205e5029a04bd0460e16e4
2026-04-23,id,Indonesia,124,13,ENHYPEN,5t5FqBwTcgKTaWmfEbwQY9,https://i.scdn.co/image/ab67616100005174f28334d02274b673b8201299
2026-04-23,id,Indonesia,125,1,Dongker,6sf1OnuDZM48bgFQvPkbYm,https://i.scdn.co/image/ab67616100005174c06c47690751b5d442ef35bf
2026-04-23,id,Indonesia,126,8,Andra & The Backbone,4ucwey7FxkHXkLK7jSfevU,https://i.scdn.co/image/ab67616d00001e020df7dec70511dd4f2e69dc34
2026-04-23,id,Indonesia,127,3,sombr,4G9NDjRyZFDlJKMRL8hx3S,https://i.scdn.co/image/ab6761610000517478edaa6468cae153565c2c97
2026-04-23,id,Indonesia,128,1,My Chemical Romance,7FBcuc1gsnv6Y1nwFtNRCb,https://i.scdn.co/image/ab676161000051749c00ad0308287b38b8fdabc2
2026-04-23,id,Indonesia,129,8,Peterpan,29vPfjqj8X5ri4AJRt8wVM,https://i.scdn.co/image/ab6761610000517419fd0c20ed2bed2ea04754cf
2026-04-23,id,Indonesia,130,1,Ungu,4HHdjvdn30koo54zQ6QeF5,https://i.scdn.co/image/ab67616100005174c50b47762637e0cadef83be6
2026-04-23,id,Indonesia,131,3,Silet Open Up,5naPJsWUJ6y22yKXA6dX36,https://i.scdn.co/image/ab676161000051746bcd11b0e5dff9ffc4eeb947
2026-04-23,id,Indonesia,132,7,Ari Lasso,1sqYIwXAmhrcSTsYmsTFAr,https://i.scdn.co/image/ab67616100005174f82075644ff2643fe631c164
2026-04-23,id,Indonesia,133,10,Geisha,3txNoNUfBAHT1ZSGT2R30y,https://i.scdn.co/image/ab6761610000517419a949dbbbc98909cd682ff3
2026-04-23,id,Indonesia,134,2,Shawn Mendes,7n2wHs1TKAczGzO7Dd2rGr,https://i.scdn.co/image/ab6761610000517458b4b9419486550f6fda0535
2026-04-23,id,Indonesia,135,2,Yura Yunita,02Tq76MwpeoRu3BHIAiaio,https://i.scdn.co/image/ab6761610000517450fe6d9b4037208aa8e52269
2026-04-23,id,Indonesia,136,4,Stand Here Alone,3YwAgafEWJCd6Haotq7Qd2,https://i.scdn.co/image/ab67616100005174ffcfc1bde8c99fdeed11a640
2026-04-23,id,Indonesia,137,4,Arijit Singh,4YRxDV8wJFPHPTeXepOstw,https://i.scdn.co/image/ab67616100005174adfb0b2df04b77e43b5f7375
2026-04-23,id,Indonesia,138,20,Olivia Dean,00x1fYSGhdqScXBRpSj3DW,https://i.scdn.co/image/ab676161000051745c7577ad44daeb7ce4b941a1
2026-04-23,id,Indonesia,139,4,BLACKPINK,41MozSoPIsD1dJM0CLPjZF,https://i.scdn.co/image/ab67616100005174623538b7014238c54ceee056
2026-04-23,id,Indonesia,140,2,Westlife,5Z1CCuBsyhEHngq3U5IraY,https://i.scdn.co/image/ab676161000051747299fecc45211132432d7d8c
2026-04-23,id,Indonesia,141,8,Ada Band,2owBL6a90fnWufVtP70K8f,https://i.scdn.co/image/ab67616100005174a2b9995e2237d7331a115492
2026-04-23,id,Indonesia,142,3,Bunga Citra Lestari,30qVSJGhPhrZLKG0H9DMA9,https://i.scdn.co/image/ab67616100005174e8d5c838de4d1016cd1b0024
2026-04-23,id,Indonesia,143,1,The Chainsmokers,69GGBxA162lTqCwzJG5jLp,https://i.scdn.co/image/ab676161000051744567279fac84a0375c3d819b
2026-04-23,id,Indonesia,144,1,Suara Kayu,327ipGIr9bD3MkLb2eucqC,https://i.scdn.co/image/ab67616100005174d9b504eeee43c549f91e7c34
2026-04-23,id,Indonesia,145,29,AZKA SLIDE,0IaSf2VeRVlexFtNBrDhLF,https://i.scdn.co/image/ab67616100005174d912a67b91f3a83f28d5eb1c
2026-04-23,id,Indonesia,146,4,Kangen Band,2I3STBPK1DymMXPCjg3UIT,https://i.scdn.co/image/ab67616100005174b899a133953ffb218e762829
2026-04-23,id,Indonesia,147,8,tipe-X,6Ta7YcldiJgmh6zy2HQJsd,https://i.scdn.co/image/ab6761610000517460c08baba314a1e5eec7a736
2026-04-23,id,Indonesia,148,9,The Lantis,1REvGGP2H7cFLGZgK2sStO,https://i.scdn.co/image/ab676161000051741fd82890b9ae50973aa5b48f
2026-04-23,id,Indonesia,149,4,Wali,5pnSNZZRyYViu2n58Zlw1J,https://i.scdn.co/image/ab67616100005174f53732d89bdcdc56f2cd3db4
2026-04-23,id,Indonesia,150,3,Element,053tL050frPJyo9lPXTUFb,https://i.scdn.co/image/ab67616100005174dac1533df384e6efee9e627e
2026-04-23,id,Indonesia,151,11,Drake,3TVXtAsR1Inumwj472S9r4,https://i.scdn.co/image/ab676161000051744293385d324db8558179afd9
2026-04-23,id,Indonesia,152,11,raissa anggiani,11k3Y6uyixbyGfgPl8qZTZ,https://i.scdn.co/image/ab676161000051744c8bb9cb778092ebf7a1ee5c
2026-04-23,id,Indonesia,153,5,BABYMONSTER,1SIocsqdEefUTE6XKGUiVS,https://i.scdn.co/image/ab6761610000517443a4c69b563a55f307bde271
2026-04-23,id,Indonesia,154,–,Harry Styles,6KImCVD70vtIoJWnq6nGn3,https://i.scdn.co/image/ab67616100005174e309f8c3056a59f20d0968ca
2026-04-23,id,Indonesia,155,5,LNGSHOT,2F4oTJOWkcD1JaTeKEa9h6,https://i.scdn.co/image/ab67616100005174866f74c2edeb8dad4ffd7b7d
2026-04-23,id,Indonesia,156,3,Dendi Nata,509YLwDnYeTaVfX0Kl6Jdn,https://i.scdn.co/image/ab67616100005174ea973068e0f1fdf89c760a0a
2026-04-23,id,Indonesia,157,New,Mitty Zasia,7w5TB54pRaR6R4Fdx7OqRz,https://i.scdn.co/image/ab67616100005174d0414e4fb8512435c0341239
2026-04-23,id,Indonesia,158,13,Acha Septriasa,6x9pgf75qWhi1YKJH2a8Xv,https://i.scdn.co/image/ab67616d00001e02ab2d1aeb1eebf6ba2db98adc
2026-04-23,id,Indonesia,159,13,Arsy Widianto,7j5PGC0BF48rRtcmgbVvOT,https://i.scdn.co/image/ab67616100005174ae4e8cbd127742fa4e48af7f
2026-04-23,id,Indonesia,160,7,Sammy Simorangkir,374NOHOFF57pYs9QOhuKJq,https://i.scdn.co/image/ab67616100005174b45bda1bf757e8ccd1055ab8
2026-04-23,id,Indonesia,161,16,Tems,687cZJR45JO7jhk1LHIbgq,https://i.scdn.co/image/ab6761610000517422d7d6f8981c7a27bf68a382
2026-04-23,id,Indonesia,162,7,Laufey,7gW0r5CkdEUMm42w9XpyZO,https://i.scdn.co/image/ab67616100005174c751deb23ed62e7cadfb669a
2026-04-23,id,Indonesia,163,3,Maman Fvndy,6hy5Ie6WVvz6TL3RQkU7zl,https://i.scdn.co/image/ab67616d00001e0292235b691166a4f8247b4482
2026-04-23,id,Indonesia,164,2,Linkin Park,6XyY86QOPPrYVGvF9ch6wz,https://i.scdn.co/image/ab67616100005174527d95dabbe8b8b527e8136f
2026-04-23,id,Indonesia,165,3,Ziva Magnolya,2wZWkw5jo8P4NVonVanxYd,https://i.scdn.co/image/ab676161000051742ffc4eab2869146f3a08704e
2026-04-23,id,Indonesia,166,10,ST12,09toGEEhpusLyZ6Nk9AmRf,https://i.scdn.co/image/ab67616d00001e02638c7c6bc078a923a14cdb85
2026-04-23,id,Indonesia,167,Re-Entry,CORTIS,1ebt9HnXdyYA6KgLXr1n4P,https://i.scdn.co/image/ab67616100005174267afab76836557af2bd37c8
2026-04-23,id,Indonesia,168,7,Green Day,7oPftvlwr6VrsViSDV7fJY,https://i.scdn.co/image/ab676161000051746ff0cd5ef2ecf733804984bb
2026-04-23,id,Indonesia,169,5,Threesixty Skatepunk,2pgx5wRVYyEXLRDsRmQt4J,https://i.scdn.co/image/ab676161000051741f332cabf3f3a5e4048df023
2026-04-23,id,Indonesia,170,25,DJ Snake,540vIaP2JwjQb9dm3aArA4,https://i.scdn.co/image/ab67616100005174175df1a8848d8ff67c6d5600
2026-04-23,id,Indonesia,171,3,Diva Aurel,5aOpLMYo7aOOxoXBFkiJ4u,https://i.scdn.co/image/ab67616100005174fa8136ee1545c17483e088e7
2026-04-23,id,Indonesia,172,21,Aisha Retno,1eizIry8svwmH0cSjLUEYy,https://i.scdn.co/image/ab6761610000517456daa3e36833c18cac703cfb
2026-04-23,id,Indonesia,173,17,Sam Smith,2wY79sveU1sp5g7SokKOiI,https://i.scdn.co/image/ab676161000051740e64fb94acbb752960c823e9
2026-04-23,id,Indonesia,174,11,Daun Jatuh,3EaScgA3zh2rORlbrAL8RI,https://i.scdn.co/image/ab67616100005174a9ab7f6e0126d068045f87f1
2026-04-23,id,Indonesia,175,5,Conan Gray,4Uc8Dsxct0oMqx0P6i60ea,https://i.scdn.co/image/ab676161000051744c2b62d4748524454a6f99b0
2026-04-23,id,Indonesia,176,4,Melly Goeslaw,6oM1PyiV3LidEUIHKubg3W,https://i.scdn.co/image/ab6761610000517492e8b7d478b17586c9329a60
2026-04-23,id,Indonesia,177,2,Keisya Levronka,4EiSzlOeMnJcp2U8ayCQ3a,https://i.scdn.co/image/ab67616100005174d2eda3d4eaf6d9aec9226aea
2026-04-23,id,Indonesia,178,8,Sia,5WUlDfRSoLAfcVSX1WnrxN,https://i.scdn.co/image/ab67616100005174cc1806f0a2f6c9e449de9d3c
2026-04-23,id,Indonesia,179,9,Anne-Marie,1zNqDE7qDGCsyzJwohVaoX,https://i.scdn.co/image/ab67616100005174f94a7e185158d0950f07310b
2026-04-23,id,Indonesia,180,1,rumahsakit,1Foqp2ngVCEaD2xKanB7QP,https://i.scdn.co/image/ab67616100005174733dd3c509762665ea199b4f
2026-04-23,id,Indonesia,181,16,Irwansyah,6OZRp5SJfh9kZts1SyIMOa,https://i.scdn.co/image/9ef230ecf9f094abef4957d1bb35ca0d32f102ac
2026-04-23,id,Indonesia,182,Re-Entry,Cakra Khan,6pZzHAdfBLIEkQVRUhB8ps,https://i.scdn.co/image/ab676161000051749d28fe470bfd0442d9fc978e
2026-04-23,id,Indonesia,183,11,Banda Neira,3f49JTIdjQTVVx2Y6ifVLc,https://i.scdn.co/image/ab676161000051741b60759fc037d4155431e541
2026-04-23,id,Indonesia,184,7,Dimas M,2Lp5Ti7LZGpcKPvD3KEthU,https://i.scdn.co/image/ab67616100005174153cdbea4be4225b5602b02b
2026-04-23,id,Indonesia,185,20,Maher Zain,6PUZZX4GCzeFS0GaDWxVwz,https://i.scdn.co/image/ab67616100005174fb01c04b7f3d1e4438aa4726
2026-04-23,id,Indonesia,186,4,D'Bagindas,6IVfG2b4I86tYdigTdpWUa,https://i.scdn.co/image/ab67616d00001e02e8d5e910655cf2c0df7cd235
2026-04-23,id,Indonesia,187,29,Aziz Harun,1dmuM6bG5J8sDFyp26x9Nf,https://i.scdn.co/image/ab67616100005174426549d45eedea59bed985c9
2026-04-23,id,Indonesia,188,15,INDAHKUS,1O4yyjVsY0VUpGMZiK7zNB,https://i.scdn.co/image/ab67616100005174cd0b2ade55e577ad88c482d7
2026-04-23,id,Indonesia,189,11,Khifnu,7eKNo6fozgNsKThGC40ol7,https://i.scdn.co/image/ab676161000051742dc47c9fd32b5a2b18d7376d
2026-04-23,id,Indonesia,190,9,Rombongan Bodonk Koplo,4lMaxyOo5D7cOWzv2wiRZs,https://i.scdn.co/image/ab6761610000517420ca1bfde697b09680fd7347
2026-04-23,id,Indonesia,191,19,LAUV,5JZ7CnR6gTvEMKX4g70Amv,https://i.scdn.co/image/ab676161000051749dde640a32d379dd5869fe4e
2026-04-23,id,Indonesia,192,15,SEVENTEEN,7nqOGRxlXj7N2JYbgNEjYH,https://i.scdn.co/image/ab676161000051748da3a229445fd3cd896cdd5c
2026-04-23,id,Indonesia,193,1,The Jansen,0q3MCOdd2qGlN2TxJdr0SQ,https://i.scdn.co/image/ab676161000051749f267189ab5aabae8ed54a89
2026-04-23,id,Indonesia,194,42,NCT DREAM,1gBUSTR3TyDdTVFIaQnc02,https://i.scdn.co/image/ab67616100005174ed95357b2b295b2be5058b0b
2026-04-23,id,Indonesia,195,3,Agnes Monica,5auFhdM0ZgtH6cXwncgZ4m,https://i.scdn.co/image/ab6761610000517409160e5ffdc256e65713a8a9
2026-04-23,id,Indonesia,196,Re-Entry,Zara Larsson,1Xylc3o4UrD53lo9CvFvVg,https://i.scdn.co/image/ab67616100005174d519a7e349541cba8f85e965
2026-04-23,id,Indonesia,197,2,Padi,6PL8FkAt5nOZwYpPIhuAJg,https://i.scdn.co/image/ab676161000051740fda2a28bf280b2f5f11783c
2026-04-23,id,Indonesia,198,Re-Entry,Barsena Bestandhi,5vZpfzIdyiutGngkSKEb8i,https://i.scdn.co/image/ab676161000051741dfc3a8cdfd8d98fa2d052e4
2026-04-23,id,Indonesia,199,New,Ravyn Lenae,5RTLRtXjbXI2lSXc6jxlAz,https://i.scdn.co/image/ab67616100005174e881d4df24e1b39bd7154778
2026-04-23,id,Indonesia,200,7,ABBA,0LcJLqbBmaGUft1e9Mm8HV,https://i.scdn.co/image/ab67616100005174144d2bd5d672fcb0f38be00b
2026-04-23,th,Thailand,1,–,YOUNGOHM,0AvGycOEDZTaBFLCaiGd9S,https://i.scdn.co/image/ab67616100005174ae5e02b462ee6517e378a502
2026-04-23,th,Thailand,2,–,BTS,3Nrfpe0tUJi4K4DXYWgMUX,https://i.scdn.co/image/ab67616100005174f80ec63ea7a0ef0fba60957d
2026-04-23,th,Thailand,3,–,Saran,3moR9d0X97NAtZRhHWOta5,https://i.scdn.co/image/ab67616100005174c4ad328ec19e61cafddb0f04
2026-04-23,th,Thailand,4,4,Justin Bieber,1uNFoZAHBGtllmzznpCI3s,https://i.scdn.co/image/ab67616100005174af20f7db5288bce9beede034
2026-04-23,th,Thailand,5,–,PUN,6HEMZkIMQAPnd36iLsUlTx,https://i.scdn.co/image/ab676161000051742edd54d999fe4363e292c7c7
2026-04-23,th,Thailand,6,2,LISA,5L1lO4eRHmJ7a0Q6csE5cT,https://i.scdn.co/image/ab676161000051743c88464ba063f0ae5d326738
2026-04-23,th,Thailand,7,1,PURPEECH,3xlC7Dw0uiwprXDHCU9SAu,https://i.scdn.co/image/ab67616100005174de78d771caa3298df27fef89
2026-04-23,th,Thailand,8,1,Cocktail,6JrR3zrG0NQiXb9N9XSyGb,https://i.scdn.co/image/ab67616100005174d7706f75460a24f8fd1132df
2026-04-23,th,Thailand,9,–,Three Man Down,1qAOsY7jv9GFTv4HoVof5P,https://i.scdn.co/image/ab676161000051744851af37442985c4e2258f79
2026-04-23,th,Thailand,10,–,Big Ass,0GsileCtd1UjaVh4OpW7Qv,https://i.scdn.co/image/ab676161000051745280b964a9bc960525efa4c0
2026-04-23,th,Thailand,11,–,Tattoo Colour,5pxvW2nJ0a77b9oX24Unwi,https://i.scdn.co/image/ab67616100005174ed3343e90a0f16dc2a529f2e
2026-04-23,th,Thailand,12,2,WANYAi,3yLZtAIGm6Eq4WSfnimZad,https://i.scdn.co/image/ab676161000051742e236e43579b4e14c1ac9209
2026-04-23,th,Thailand,13,–,Taylor Swift,06HL4z0CvFAxyc27GXpf02,https://i.scdn.co/image/ab67616100005174e2e8e7ff002a4afda1c7147e
2026-04-23,th,Thailand,14,2,Silly Fools,2xjp1njSsecnNhjgKZ35Ok,https://i.scdn.co/image/ab67616100005174fa99b32996831d2db15d9a18
2026-04-23,th,Thailand,15,4,PORZAX,4ykAAPcxGHz8z6N0muxbIP,https://i.scdn.co/image/ab67616100005174d09a781ed519b8c0c3d95a72
2026-04-23,th,Thailand,16,1,Ariana Grande,66CXWjxzNUsdJxJ2JdwvnR,https://i.scdn.co/image/ab6761610000517468412f2d0177a9ebc265ff58
2026-04-23,th,Thailand,17,–,BLVCKHEART,3Ld1g6LjfR2ILDB6SD8aJV,https://i.scdn.co/image/ab676161000051745ca59dadf0f25d49e09e061f
2026-04-23,th,Thailand,18,2,Bodyslam,76VTagPgPgPlFE7hfjT0Zt,https://i.scdn.co/image/ab67616100005174c3a790b0fe3cfddba12ba541
2026-04-23,th,Thailand,19,1,Musketeers,0OjRa6r1EIPF5RZPy1SGz9,https://i.scdn.co/image/ab676161000051749ce1effcd929f5776754ffd8
2026-04-23,th,Thailand,20,1,NONT TANONT,6chmC6o0wvACYVGTITw3Pz,https://i.scdn.co/image/ab67616100005174d88c290d774ae0a19362d54c
2026-04-23,th,Thailand,21,1,The Weeknd,1Xyo4u8uXC1ZmMpatF05PJ,https://i.scdn.co/image/ab67616100005174c1719ac9e6a75c1c25835018
2026-04-23,th,Thailand,22,1,Bruno Mars,0du5cEVh5yTK9QJze8zA0C,https://i.scdn.co/image/ab67616100005174c7688aad1bf03986934d7e26
2026-04-23,th,Thailand,23,1,YUNGTARR,1KXxfYnhxzq9xBkhFZaYxX,https://i.scdn.co/image/ab676161000051749b047817f68d08a6e806b3d6
2026-04-23,th,Thailand,24,2,Z9,4CuVt3p02OaWu4klQuJoDP,https://i.scdn.co/image/ab67616100005174f991a2172c1fec6f0b00f0b1
2026-04-23,th,Thailand,25,5,guncharlie,1qveov8f3HXFhDIWtFO5tG,https://i.scdn.co/image/ab676161000051742a99f871f0dc9fd2d742bb96
2026-04-23,th,Thailand,26,2,Yes'sir Days,5fWMZzHHJQmCVt3W2ejVbV,https://i.scdn.co/image/ab6761610000517421d267033918882d240e92c1
2026-04-23,th,Thailand,27,2,BOWKYLION,2SWWw5uB9cO5m7zJQZqwmr,https://i.scdn.co/image/ab67616100005174c85c2ce8de5aa3b0a9fa014a
2026-04-23,th,Thailand,28,1,P6ICK,52IxFzldfmZmsLcF078dnY,https://i.scdn.co/image/ab676161000051741ed327eb772f3830104992f9
2026-04-23,th,Thailand,29,2,Bedroom Audio,5NTMa7YJCseQqw70zgF7b5,https://i.scdn.co/image/ab676161000051740707524bb976f7caa1d3dc58
2026-04-23,th,Thailand,30,2,atom chanakan,2iLCiSxdwUMDEfqyfkuLEw,https://i.scdn.co/image/ab67616100005174649a00659a3ae5dbc00a3451
2026-04-23,th,Thailand,31,–,Only Monday,2zByTMDKM5g76Kbz4huf0A,https://i.scdn.co/image/ab676161000051747b26927f00861a8cd59cc18a
2026-04-23,th,Thailand,32,3,Season Five,2DWxd6CkiJVMnTqSbtd56H,https://i.scdn.co/image/ab67616100005174ff612652d742be3c2fc3f690
2026-04-23,th,Thailand,33,5,LITTLE JOHN,6IyHyMlpel4mF7hTldZu3m,https://i.scdn.co/image/ab676161000051745716c9d7a459734a6ee95591
2026-04-23,th,Thailand,34,–,Polycat,1ssEwBiz4ZKrbgR6o8vOeg,https://i.scdn.co/image/ab676161000051744662f1c87cd599f65a04c315
2026-04-23,th,Thailand,35,10,Jung Kook,6HaGTQPmzraVmaVxvz6EUc,https://i.scdn.co/image/ab6761610000517471089d18c93e3a51e70ff0dc
2026-04-23,th,Thailand,36,5,KLEAR,2PfxoKmrvMLvTAkn5azNZ6,https://i.scdn.co/image/ab676161000051743385a5a7ce2fc2f1f799d944
2026-04-23,th,Thailand,37,4,fellow fellow,1aEKvjRnbf1laB7DVXFqsG,https://i.scdn.co/image/ab676161000051744c6357dcd2b5996efa7fd190
2026-04-23,th,Thailand,38,2,Dr.Fuu,5ksYtzE6rgRhlJPw0GTvy6,https://i.scdn.co/image/ab676161000051743da6e3dccdedb1dd2184a89c
2026-04-23,th,Thailand,39,2,KRK,69jmffWjz5TWglZkReTYJC,https://i.scdn.co/image/ab67616100005174ce2170ccd9383e7e6e0feaba
2026-04-23,th,Thailand,40,2,SURIYA MQT,47VCMoQZJ0SycPle77t12P,https://i.scdn.co/image/ab676161000051742a47b1d64d285ecd150067ab
2026-04-23,th,Thailand,41,2,Loso,68ASbzKA9iG2gd7JRfPD71,https://i.scdn.co/image/ab67616d00001e02467b0182ff2e5256ff656797
2026-04-23,th,Thailand,42,7,Daniel Caesar,20wkVLutqVOYrc0kxFs7rA,https://i.scdn.co/image/ab67616100005174e4d94f7cbebb17504c25d419
2026-04-23,th,Thailand,43,3,Tilly Birds,4esoPgrgPKbWa6gwU8EGmH,https://i.scdn.co/image/ab67616100005174d5e662c00b7cf85eef046016
2026-04-23,th,Thailand,44,–,Pop Pongkool,1C6qssOWal7Sii2guMg0mx,https://i.scdn.co/image/ab676161000051749f12a899c710861b87ed8ff5
2026-04-23,th,Thailand,45,6,Ink Waruntorn,1Twi7NfmUzbXF7lEMaGCqF,https://i.scdn.co/image/ab676161000051743f4d05b728f104b034df807a
2026-04-23,th,Thailand,46,1,Sexski,6QeYcD1n2YcWygCScfLhRE,https://i.scdn.co/image/ab676161000051742c4870b6076eb1986e15e8d4
2026-04-23,th,Thailand,47,1,Jeff Satur,5xq3BK55BJmutN0X7eTyQB,https://i.scdn.co/image/ab676161000051748b24c2fdf9a1b476eecdb4d7
2026-04-23,th,Thailand,48,6,BILLKIN,2a727ekkPaUHk0bMifk7fj,https://i.scdn.co/image/ab67616100005174ae0120ddb5e0179bccf806fb
2026-04-23,th,Thailand,49,7,Kong Huayrai,0QStHUbJoIoaNtvHVaBMGK,https://i.scdn.co/image/ab67616d00001e0237d3d4177c139e2d8ec12042
2026-04-23,th,Thailand,50,3,D Gerrard,1k7MP2tMC43vM0b0wg8HHg,https://i.scdn.co/image/ab676161000051744c0ae621a5d9335104363c9d
2026-04-23,th,Thailand,51,8,P9d,37OLe0mZxM6b92plhAhDHV,https://i.scdn.co/image/ab67616d00001e0232e9cc6a0e1fc12715be5fd6
2026-04-23,th,Thailand,52,2,JOEY PHUWASIT,5RQZVhw9dwZYc10QQfNMf1,https://i.scdn.co/image/ab67616100005174dc76d6211254ec08f73599e7
2026-04-23,th,Thailand,53,6,YENTED,4tM1FV7wm8Tp4bXhtWjBmX,https://i.scdn.co/image/ab676161000051743ec96d3521528747f2ca7527
2026-04-23,th,Thailand,54,3,Maiyarap,4QLlbZcntdcWpm40NooC2M,https://i.scdn.co/image/ab67616100005174984055973e73c9761eda3a15
2026-04-23,th,Thailand,55,1,Pang Nakarin,6PzfeMetkoQYaQ5GgtInPO,https://i.scdn.co/image/ab676161000051746786142509dc5e8ca9251bfb
2026-04-23,th,Thailand,56,16,Anyma,4iBwchw0U0GZv5RfVYSMxN,https://i.scdn.co/image/ab67616100005174b9c94a315a3b2887eac6fff6
2026-04-23,th,Thailand,57,4,MEYOU,4G5OlxtrOm9ADmu3VZgFbG,https://i.scdn.co/image/ab6761610000517452dee609c17e86bd732dc1e6
2026-04-23,th,Thailand,58,–,JENNIE,250b0Wlc5Vk0CoUsaCY84M,https://i.scdn.co/image/ab676161000051743feb82fe1bb947a2aa65f6b8
2026-04-23,th,Thailand,59,27,Latto,3MdXrJWsbVzdn6fe5JYkSQ,https://i.scdn.co/image/ab676161000051742d805d9a367bdad2096ab817
2026-04-23,th,Thailand,60,8,Labanoon,63vwPO1QheUOil1fkQsv0u,https://i.scdn.co/image/ab67616100005174943644bd0b916b5cfdb8e717
2026-04-23,th,Thailand,61,2,Zeal,6f1tNwK04d6t8jFSOXGvrY,https://i.scdn.co/image/ab67616d00001e02a1e60ff08d6d9a0925ad6780
2026-04-23,th,Thailand,62,20,GAVIN:D,6gYafDbRgLFc6zFKxKCP22,https://i.scdn.co/image/ab676161000051744535b8b7ed25cd6f22ec3cec
2026-04-23,th,Thailand,63,8,Carabao,1LCwH85p61LDPxSg2uWUL9,https://i.scdn.co/image/ab67616100005174a8aa814844949e1b9ca0578e
2026-04-23,th,Thailand,64,4,Lana Del Rey,00FQb4jTyendYWaN8pK0wa,https://i.scdn.co/image/ab67616100005174b99cacf8acd5378206767261
2026-04-23,th,Thailand,65,–,Lipta,2DaMrZndfGgM3yd9ivadRC,https://i.scdn.co/image/ab6761610000517468d2d6d2ba4e659091160b5b
2026-04-23,th,Thailand,66,4,25 hours,5qRaZYOswQo7YMPgvdfU2f,https://i.scdn.co/image/ab676161000051742d6ffdecb039b6ae06029d32
2026-04-23,th,Thailand,67,3,Doja Cat,5cj0lLjcoR7YOSnhnX0Po5,https://i.scdn.co/image/ab676161000051748a0644455ebfa7d3976f5101
2026-04-23,th,Thailand,68,1,ZENTYARB,4Wv4SEO2ZQAOBl4yJcjdxi,https://i.scdn.co/image/ab676161000051747a43b1cfd6fadba49de47569
2026-04-23,th,Thailand,69,2,URBOYTJ,1WLKjYJX9YHSlwufclauhg,https://i.scdn.co/image/ab6761610000517420a3563137da77abf227af81
2026-04-23,th,Thailand,70,9,T!NE,325C5PNmvA8luRIOYy1dmQ,https://i.scdn.co/image/ab67616100005174f081b114f89a307e9e33bba3
2026-04-23,th,Thailand,71,3,Paradox,32bq0Oy4ygWPR5ItUM5J5M,https://i.scdn.co/image/ab676161000051746105cf78fc0c80d76986baa6
2026-04-23,th,Thailand,72,2,Sabrina Carpenter,74KM79TiuVKeVCqs8QtB0B,https://i.scdn.co/image/ab6761610000517478e45cfa4697ce3c437cb455
2026-04-23,th,Thailand,73,7,Maroon 5,04gDigrS5kc9YWfZHwBETP,https://i.scdn.co/image/ab67616100005174f8349dfb619a7f842242de77
2026-04-23,th,Thailand,74,2,SEA.,0uu4cmaCJaaVOiUHQUG2ZC,https://i.scdn.co/image/ab676161000051748f5bde9c59281cef7c00a6bf
2026-04-23,th,Thailand,75,–,Violette Wautier,0XkEUMM4lJHAzfTK9vR0cu,https://i.scdn.co/image/ab676161000051741da43ceee09be7512290305b
2026-04-23,th,Thailand,76,1,getsunova,6vFz8SAf3JBH0kdz8UMSOh,https://i.scdn.co/image/ab6761610000517498467826d8be702757c2e465
2026-04-23,th,Thailand,77,4,AYLA's,2XiaPu2j4nBMhF8pIlt6Bk,https://i.scdn.co/image/ab67616100005174a72413115620884ef0c2f2c9
2026-04-23,th,Thailand,78,7,F.HERO,2MnMuRYL9qsGvWPsZGeDGQ,https://i.scdn.co/image/ab67616100005174cf6dc7909f08fd4c42c59a24
2026-04-23,th,Thailand,79,3,Clash,5rlTTe8s66xwopzOKJrA4n,https://i.scdn.co/image/ab67616d00001e02e156c5ac49c2f64204ad506e
2026-04-23,th,Thailand,80,2,Potato,6RQyog3L4JlA8t8Bf56otE,https://i.scdn.co/image/ab67616100005174ca53aa388eb699d5f5226ae3
2026-04-23,th,Thailand,81,106,Olivia Rodrigo,1McMsnEElThX1knmY4oliG,https://i.scdn.co/image/ab67616100005174b14eb4dcfd2f3858bed06e44
2026-04-23,th,Thailand,82,2,Palmy,3yfUy4dhvq5DwrSMsEE6od,https://i.scdn.co/image/ab676161000051747603d3db96028d5714b73b4f
2026-04-23,th,Thailand,83,9,The Parkinson,25vaRIUlu5PahDqAWeYdxR,https://i.scdn.co/image/ab67616100005174cf61ca217eb695daae9b8fbd
2026-04-23,th,Thailand,84,11,มนต์แคน แก่นคูน,635xSQjkSyPt8dhsnixJNl,https://i.scdn.co/image/ab67616d00001e02a91db29e27806a1b6b12fef7
2026-04-23,th,Thailand,85,6,JayQ,5SLXYrzObBv7IrLzo4I4S6,https://i.scdn.co/image/ab67616100005174ede1e21ef2a3e813d5cf1032
2026-04-23,th,Thailand,86,4,Rifle,3Kyev97NB5IuMYwMP1Ea2D,https://i.scdn.co/image/ab67616100005174de2f474e1855b42b7f834513
2026-04-23,th,Thailand,87,2,SZA,7tYKF4w9nC0nq9CsPZTHyP,https://i.scdn.co/image/ab67616100005174fd0a9fb6c252a3ba44079acf
2026-04-23,th,Thailand,88,5,Bird Thongchai,1UYjFeWiTTiOfDRYvUmJul,https://i.scdn.co/image/ab676161000051744c7a2a933bebc8a7f135efc2
2026-04-23,th,Thailand,89,3,Room 39,3lHykUJhLCSYsiUaOQhIy4,https://i.scdn.co/image/ab67616d00001e020bf540ec21e618f88d0aaa7e
2026-04-23,th,Thailand,90,3,Whatcharawalee,0cGfitvwmFr2sSywioWYNM,https://i.scdn.co/image/ab676161000051740210983da5733f75f37f24d3
2026-04-23,th,Thailand,91,7,SPF,3ZUdKB3VGo26BxRSmnv5n2,https://i.scdn.co/image/ab67616d00001e025fed9088f057bcec9ef9f25a
2026-04-23,th,Thailand,92,3,Anatomy Rabbit,73M9RjjrrKjXnf6Is6hNdg,https://i.scdn.co/image/ab6761610000517433d3be3e296e0c4fc25a1c2a
2026-04-23,th,Thailand,93,1,YEW,2xsBUJ327d3iC1LvL5hYrQ,https://i.scdn.co/image/ab676161000051743fc57329ff1fb5a6419e5ca4
2026-04-23,th,Thailand,94,2,Charlie Puth,6VuMaDnrHyPL1p4EHjYLi7,https://i.scdn.co/image/ab676161000051746721f541fb123145d4cb3ace
2026-04-23,th,Thailand,95,7,Billie Eilish,6qqNVTkY8uBg9cP3Jd7DAH,https://i.scdn.co/image/ab676161000051744a21b4760d2ecb7b0dcdc8da
2026-04-23,th,Thailand,96,7,Pondering,5vzCTzMec4uL6JCNkOFcZ2,https://i.scdn.co/image/ab676161000051742c137efd3bed44346bc5b62b
2026-04-23,th,Thailand,97,2,Mild,2fLbT474RKQfdWHLw8Bf0G,https://i.scdn.co/image/ab676161000051748243b570b9f7d3971e3ae616
2026-04-23,th,Thailand,98,Re-Entry,MaxMillor,4Yk2QTFYbKN55vfo8ghH63,https://i.scdn.co/image/ab676161000051747a22cb895e14921c963e0e48
2026-04-23,th,Thailand,99,7,โชเล่ย์ ชคัทพล,1anYjqWlOJQsVlJOr9VlVg,https://i.scdn.co/image/ab67616d00001e028767fd69795074b9e09f401d
2026-04-23,th,Thailand,100,4,Txrbo,45pQix6T07syL9LwzOoRNg,https://i.scdn.co/image/ab676161000051745ffefad3b3fb99f8b6c60e61
2026-04-23,th,Thailand,101,1,THE TOYS,5pokGZ1K9Hr6etaKPDxSG8,https://i.scdn.co/image/ab676161000051743edf0563fc7413d0c62fd9a7
2026-04-23,th,Thailand,102,5,2Ectasy,4WXkCBHyUCfIPPZrZFcP5m,https://i.scdn.co/image/ab676161000051741a398ff6013238a71679a2fc
2026-04-23,th,Thailand,103,8,โต๋เหน่อ,5G9iWpXCeX0VNftJQzmW6Y,https://i.scdn.co/image/ab67616100005174343f75e7f77341a52c722c13
2026-04-23,th,Thailand,104,4,Dept,1zVBNAJivxfj3HygJZOSw3,https://i.scdn.co/image/ab67616100005174ce5f9b9fe534f0322d7feab1
2026-04-23,th,Thailand,105,4,BLACKPINK,41MozSoPIsD1dJM0CLPjZF,https://i.scdn.co/image/ab67616100005174623538b7014238c54ceee056
2026-04-23,th,Thailand,106,7,Mirrr,5zSQoNQ9o2dnT1LPTzDxg7,https://i.scdn.co/image/ab6761610000517480cd33a44c2bc564f18b674b
2026-04-23,th,Thailand,107,2,OG-ANIC,1OXHqAK6r5mF0FV94nc0pD,https://i.scdn.co/image/ab6761610000517463284547dcbe942ce8233587
2026-04-23,th,Thailand,108,15,MILLI,1eVPKI2R4NlX6P5FIuMXis,https://i.scdn.co/image/ab67616100005174c4ee77ac00ba6f369583202c
2026-04-23,th,Thailand,109,Re-Entry,CORTIS,1ebt9HnXdyYA6KgLXr1n4P,https://i.scdn.co/image/ab67616100005174267afab76836557af2bd37c8
2026-04-23,th,Thailand,110,3,Ed Sheeran,6eUKZXaKkcviH0Ku9w2n3V,https://i.scdn.co/image/ab67616100005174d55c95ad400aed87da52daec
2026-04-23,th,Thailand,111,33,FOURTH,4PtJISxBNvXOwLxuQgUiyQ,https://i.scdn.co/image/ab676161000051749d795f8e718cf663838703aa
2026-04-23,th,Thailand,112,14,Lady Gaga,1HY2Jd0NmPuamShAr6KMms,https://i.scdn.co/image/ab67616100005174aadc18cac8d48124357c38e6
2026-04-23,th,Thailand,113,42,V,3JsHnjpbhX4SnySpvpa9DK,https://i.scdn.co/image/ab6761610000517489a07818e5d02039a6ef3181
2026-04-23,th,Thailand,114,2,BABYMONSTER,1SIocsqdEefUTE6XKGUiVS,https://i.scdn.co/image/ab6761610000517443a4c69b563a55f307bde271
2026-04-23,th,Thailand,115,15,Olivia Dean,00x1fYSGhdqScXBRpSj3DW,https://i.scdn.co/image/ab676161000051745c7577ad44daeb7ce4b941a1
2026-04-23,th,Thailand,116,17,Malcolm Todd,7eKkW1zo5uzW8kUntiiBvz,https://i.scdn.co/image/ab676161000051749f6f7c2d12975d2a4b3a0fd8
2026-04-23,th,Thailand,117,19,sombr,4G9NDjRyZFDlJKMRL8hx3S,https://i.scdn.co/image/ab6761610000517478edaa6468cae153565c2c97
2026-04-23,th,Thailand,118,10,บ่าววี,1Pw4l1jQMJu5bNMlr0yE9l,https://i.scdn.co/image/ab67616d00001e02e6534631b758fefb587da5bf
2026-04-23,th,Thailand,119,5,LYKN,16JoSyjAZcwB1b8SvkTSXj,https://i.scdn.co/image/ab67616100005174c9f22caa4aa6588825ef29b0
2026-04-23,th,Thailand,120,5,ASIA7,5ghOUzxpnQmnPQDwC1thIz,https://i.scdn.co/image/ab6761610000517431ee7760b617314c77030015
2026-04-23,th,Thailand,121,5,Slot Machine,6TNTFjkJA8PhP16Ds7CZnz,https://i.scdn.co/image/ab676161000051745157d7e9a252a04974622d9f
2026-04-23,th,Thailand,122,4,Da Endorphine,7z9oTDasH4sBISUE2Hxrki,https://i.scdn.co/image/ab676161000051742fa98cdea9623246b4472232
2026-04-23,th,Thailand,123,24,NCT JNJM,1LljMyYd0jLd4Q7z1iDR5H,https://i.scdn.co/image/ab67616100005174903067f2ab102406f0ddda97
2026-04-23,th,Thailand,124,57,Jimin,1oSPZhvZMIrWW5I41kPkkY,https://i.scdn.co/image/ab67616100005174cf3a9c35db52ba44f3b921e3
2026-04-23,th,Thailand,125,15,FREEHAND,5zBAiLz5CVwrgeA7UGQZli,https://i.scdn.co/image/ab67616100005174773d57ca107b69e360967526
2026-04-23,th,Thailand,126,–,First Anuwat,4KjqrvqKO5fbI5yDR5yzny,https://i.scdn.co/image/ab676161000051744a8f79cdc59324cf5059284b
2026-04-23,th,Thailand,127,–,Sukrit Wisetkaew,05ycwBAg6CYEweEbZgAYeT,https://i.scdn.co/image/ab67616d00001e02d5ff019a8dad29472e0260eb
2026-04-23,th,Thailand,128,6,BADMIXY,1TNuSqU0unzV0VcUxoQBZ1,https://i.scdn.co/image/ab676161000051748034e4089128eb4c7159a16c
2026-04-23,th,Thailand,129,20,RAYE,5KKpBU5eC2tJDzf0wmlRp2,https://i.scdn.co/image/ab67616100005174d9b6eb671700503c0e6205a9
2026-04-23,th,Thailand,130,7,Rihanna,5pKCCKE2ajJHZ9KAiaK11H,https://i.scdn.co/image/ab67616100005174cb565a8e684e3be458d329ac
2026-04-23,th,Thailand,131,30,Lomosonic,3RnRECOTd7fAWTPgmwRYMc,https://i.scdn.co/image/ab67616100005174674ba0ab11dad9e85198ea76
2026-04-23,th,Thailand,132,15,DIAMOND MQT,0O6y1pr1YIKq65c6N3sI9c,https://i.scdn.co/image/ab676161000051745378fc9a53720ff91c1a1e99
2026-04-23,th,Thailand,133,14,คณะขวัญใจ,2hv2iYyaxT53z0T5qPxIcP,https://i.scdn.co/image/ab67616100005174fcbaea75a48ed7bfd1d6df4a
2026-04-23,th,Thailand,134,8,Katy Perry,6jJ0s89eD6GaHleKKya26X,https://i.scdn.co/image/ab67616100005174cd50e745cf782f905769f482
2026-04-23,th,Thailand,135,3,Arctic Monkeys,7Ln80lUS6He07XvHI8qqHH,https://i.scdn.co/image/ab676161000051747da39dea0a72f581535fb11f
2026-04-23,th,Thailand,136,5,Chase Atlantic,7cYEt1pqMgXJdq00hAwVpT,https://i.scdn.co/image/ab67616100005174a4e2d7045cbcca592ba6c7dd
2026-04-23,th,Thailand,137,13,Ab Normal,61GpNXCcaeUQ72RbwD0S57,https://i.scdn.co/image/ab67616d00001e020f09400afaa84e7f1e6c368d
2026-04-23,th,Thailand,138,2,Taxi,7rDdcCIz0abQeshcaoFVxp,https://i.scdn.co/image/ab67616d00001e02a807ae69005c3aabdb3d5ddf
2026-04-23,th,Thailand,139,10,No One Else,0UAiHanBWs5vRM1tSPf2RJ,https://i.scdn.co/image/ab67616100005174704270d2e87d36d712d461e4
2026-04-23,th,Thailand,140,15,MEAN Band,5fYMwzhko3iLCsqNhy07NG,https://i.scdn.co/image/ab67616100005174ee9705e2394321b9dbbe2aac
2026-04-23,th,Thailand,141,11,HANGMAN,4kTSU70JFddHShDyYIBxZN,https://i.scdn.co/image/ab67616d00001e02662102715c4137a678519412
2026-04-23,th,Thailand,142,18,L.กฮ.,4iIIXXfJzSIdsaqdEPpuOm,https://i.scdn.co/image/ab67616d00001e0225b0ae3b1380d9af77cd9d94
2026-04-23,th,Thailand,143,9,ENHYPEN,5t5FqBwTcgKTaWmfEbwQY9,https://i.scdn.co/image/ab67616100005174f28334d02274b673b8201299
2026-04-23,th,Thailand,144,15,Indigo,5505l53fTUi5P0uWQbRT0w,https://i.scdn.co/image/ab676161000051742e9ddfdb462ba8cf6a7257ca
2026-04-23,th,Thailand,145,8,Drake,3TVXtAsR1Inumwj472S9r4,https://i.scdn.co/image/ab676161000051744293385d324db8558179afd9
2026-04-23,th,Thailand,146,11,Pongsit Kampee,4Y5GE3yA8Ek7541Y8vO7rv,https://i.scdn.co/image/ab6761610000517431661457b5d4253981a643be
2026-04-23,th,Thailand,147,27,KATSEYE,3c0gDdb9lhnHGFtP4prQpn,https://i.scdn.co/image/ab6761610000517404ba72b2749f90d62152ebec
2026-04-23,th,Thailand,148,6,Laufey,7gW0r5CkdEUMm42w9XpyZO,https://i.scdn.co/image/ab67616100005174c751deb23ed62e7cadfb669a
2026-04-23,th,Thailand,149,10,The 38 Years Ago,2SA48aCaiOpXDVgoLQNWX8,https://i.scdn.co/image/ab676161000051747b7b587059c51219bdd045f7
2026-04-23,th,Thailand,150,1,1MILL,18VUKXPiyznwK6LEULTUco,https://i.scdn.co/image/ab67616100005174183155b76a5a89ee0cb33903
2026-04-23,th,Thailand,151,5,BamBam,2p48L95TwEaYkSdn6R7LOr,https://i.scdn.co/image/ab6761610000517412644c9df4324596873dbdcb
2026-04-23,th,Thailand,152,17,SCRUBB,3zSMaWnvUzyNlOW0Tj2s4N,https://i.scdn.co/image/ab67616100005174664d15aaf4a02ccbd29e9f64
2026-04-23,th,Thailand,153,10,K6Y,0QxCgzdTynqgvj1OWRllYt,https://i.scdn.co/image/ab676161000051744248c48014980b4dcf93814e
2026-04-23,th,Thailand,154,2,Lula,6Gymwy9eHYItH2v7MYPRjB,https://i.scdn.co/image/ab67616100005174a2003715ca56bdee004fdaae
2026-04-23,th,Thailand,155,9,NCT DREAM,1gBUSTR3TyDdTVFIaQnc02,https://i.scdn.co/image/ab67616100005174ed95357b2b295b2be5058b0b
2026-04-23,th,Thailand,156,11,Don Toliver,4Gso3d4CscCijv0lmajZWs,https://i.scdn.co/image/ab67616100005174c52b798deb89eb8414a51b7b
2026-04-23,th,Thailand,157,25,Post Malone,246dkjvS1zLTtiykXe5h60,https://i.scdn.co/image/ab67616100005174e17c0aa1714a03d62b5ce4e0
2026-04-23,th,Thailand,158,1,One Direction,4AK6F7OLvEQ5QYCBNiQWHq,https://i.scdn.co/image/45741ba38b51130bb96e00c0e24d17ba311a9293
2026-04-23,th,Thailand,159,18,BUS,5kU6FKYW7YBB2ikPQnk8cS,https://i.scdn.co/image/ab676161000051743489de2127f89c1caef0a120
2026-04-23,th,Thailand,160,13,Coldplay,4gzpq5DPGxSnKTe4SA8HAU,https://i.scdn.co/image/ab676161000051741ba8fc5f5c73e7e9313cc6eb
2026-04-23,th,Thailand,161,40,Asanee & Wasan,1ytUIldTE4urutroCmwsEr,https://i.scdn.co/image/ab67616d00001e02e19cd9819ea807c820245880
2026-04-23,th,Thailand,162,14,PUNYARB,3DxqAGWVgEeW74mJLLwH2q,https://i.scdn.co/image/ab6761610000517470238a4eebeaa89a8a6cf9df
2026-04-23,th,Thailand,163,31,LNGSHOT,2F4oTJOWkcD1JaTeKEa9h6,https://i.scdn.co/image/ab67616100005174866f74c2edeb8dad4ffd7b7d
2026-04-23,th,Thailand,164,11,NewJeans,6HvZYsbFfjnjFrWF950C9d,https://i.scdn.co/image/ab67616100005174841bdcf28a956f3a384ffcf4
2026-04-23,th,Thailand,165,14,SERIOUS BACON,32qeMmjXorbPWS9JOi8O2p,https://i.scdn.co/image/ab6761610000517429fa2354025f0d348508f877
2026-04-23,th,Thailand,166,3,keshi,3pc0bOVB5whxmD50W79wwO,https://i.scdn.co/image/ab676161000051743a0f8f319aeef1aa4115f5e8
2026-04-23,th,Thailand,167,2,Travis Scott,0Y5tJX1MQlPlqiwlOH1tJY,https://i.scdn.co/image/ab6761610000517419c2790744c792d05570bb71
2026-04-23,th,Thailand,168,2,Dominic Fike,6USv9qhCn6zfxlBQIYJ9qs,https://i.scdn.co/image/ab67616100005174f2903326ec44d5ecb37dcad9
2026-04-23,th,Thailand,169,15,Taxi,7GYGQbPxBVlemT6gxPs8Yk,https://i.scdn.co/image/ab67616d00001e0247a43b58b528193f7320da9c
2026-04-23,th,Thailand,170,6,Blackhead,6hkIpu5GwVjcv7l3xnxG8u,https://i.scdn.co/image/ab67616d00001e02d4706f06df4987f0e7c25c20
2026-04-23,th,Thailand,171,2,LUMMUN,6Qk2g62cWGo8Ji8hSBoriS,https://i.scdn.co/image/ab676161000051743b4a81c59b3f5f24b69e2745
2026-04-23,th,Thailand,172,25,9tokyo,3FxGLtMGpuO4myzWo0gktr,https://i.scdn.co/image/ab67616100005174f699bbccaaa0a858bb2552f9
2026-04-23,th,Thailand,173,1,KALA,07dSRuTkFToFyJKutm99lB,https://i.scdn.co/image/ab67616d00001e029dc5a7e3aa25a65bdd538b98
2026-04-23,th,Thailand,174,12,aespa,6YVMFz59CuY7ngCxTxjpxE,https://i.scdn.co/image/ab67616100005174053bbb910dda6d4ab0618b8b
2026-04-23,th,Thailand,175,3,ROSÉ,3eVa5w3URK5duf6eyVDbu9,https://i.scdn.co/image/ab67616100005174cfb4350222919670128ff2dc
2026-04-23,th,Thailand,176,2,AirBorne,2uPPduOPqzYiWESkxR1SpB,https://i.scdn.co/image/ab67616100005174a7d5980f9e49557998c0a6ae
2026-04-23,th,Thailand,177,19,PROXIE,4tNPboeMQnpoUX7IEbPLdF,https://i.scdn.co/image/ab67616100005174dda7e00376580357ea6d92e2
2026-04-23,th,Thailand,178,8,Tai Orathai,03PmA3VuwfyZVA0rel561k,https://i.scdn.co/image/ab676161000051747529f69a1b5a0a64cf5cbdad
2026-04-23,th,Thailand,179,7,TOMORROW X TOGETHER,0ghlgldX5Dd6720Q3qFyQB,https://i.scdn.co/image/ab6761610000517454fc4bff90d96d3ef0179e62
2026-04-23,th,Thailand,180,1,ดา เอ็นโดรฟิน,2hmi6s1Fv2lxH8OurBfLVZ,https://i.scdn.co/image/ab67616d00001e02911786ed03d55ccb1ec19f7a
2026-04-23,th,Thailand,181,5,ETC.,1qz5HLBHOge1yHlMVAZ9hO,https://i.scdn.co/image/ab6761610000517435a56fe47191224ebde81244
2026-04-23,th,Thailand,182,Re-Entry,tinn,1zDqtVjZrcKpg4xwaGdKlC,https://i.scdn.co/image/ab676161000051742eaede16ba6de62bc30206f6
2026-04-23,th,Thailand,183,16,Paper Planes,52VcFYcq5kJEaRYgy58ouW,https://i.scdn.co/image/ab67616100005174f40a5b5e04ef2bcf200d0e9e
2026-04-23,th,Thailand,184,24,Kendrick Lamar,2YZyLoL8N0Wb9xBt1NhZWg,https://i.scdn.co/image/ab6761610000517439ba6dcd4355c03de0b50918
2026-04-23,th,Thailand,185,10,Fujii Kaze,6bDWAcdtVR3WHz2xtiIPUi,https://i.scdn.co/image/ab67616100005174adf53c59da1a6d161a55f6d4
2026-04-23,th,Thailand,186,11,Tony Phee,3e9fZ7KYeCdQg3iEBFbFJN,https://i.scdn.co/image/ab676161000051749bc96dd8f1c15138143a5df3
2026-04-23,th,Thailand,187,16,Basher,5R4RoARrqvWRT5GEjYHcWp,https://i.scdn.co/image/ab67616d00001e02d6f1a81512f909d4dfe42c9c
2026-04-23,th,Thailand,188,8,Instinct,6k1ekEfg7DnWc0FbMDY67I,https://i.scdn.co/image/ab676161000051744a600955d7d365d8350a09d0
2026-04-23,th,Thailand,189,1,Linkin Park,6XyY86QOPPrYVGvF9ch6wz,https://i.scdn.co/image/ab67616100005174527d95dabbe8b8b527e8136f
2026-04-23,th,Thailand,190,Re-Entry,Jin,5vV3bFXnN6D6N3Nj4xRvaV,https://i.scdn.co/image/ab6761610000517481e353e7475955f7e040af5e
2026-04-23,th,Thailand,191,1,Goy Arachaporn,08i92Xw2ejoxy4D1agyMPC,https://i.scdn.co/image/ab676161000051747c31655bf17249b97d32091b
2026-04-23,th,Thailand,192,Re-Entry,LANDOKMAI,4k22J4XE3nfRlv4IH7D5Vt,https://i.scdn.co/image/ab6761610000517428a1becd4e8b2cd479fbdfb8
2026-04-23,th,Thailand,193,Re-Entry,RIIZE,2jOm3cYujQx6o1dxuiuqaX,https://i.scdn.co/image/ab6761610000517450c63abdb4c2f17093aaf63f
2026-04-23,th,Thailand,194,9,Oasis,2DaxqgrOhkeH0fpeiQq2f4,https://i.scdn.co/image/ab67616100005174b4ddbc39706ef0f2ae0f7c9b
2026-04-23,th,Thailand,195,15,KISS OF LIFE,4TEK9tIkcoxib4GxT3O4ky,https://i.scdn.co/image/ab676161000051744b89abdc6c414c949aa45cbe
2026-04-23,th,Thailand,196,14,Boyd Kosiyabong,7LiltnpnD4Q60750gWXrgB,https://i.scdn.co/image/ab67616100005174b536dc6d99a16f475734c1be
2026-04-23,th,Thailand,197,Re-Entry,Joji,3MZsBdqDrRTJihTHQrO6Dq,https://i.scdn.co/image/ab67616100005174b6d7836808e8b99fc8c7aadc
2026-04-23,th,Thailand,198,1,ธีร์ ทีเร็กซ์,1wBKqtKuTLR9USugFJok2j,https://i.scdn.co/image/ab67616100005174b674023758acc712c0890acc
2026-04-23,th,Thailand,199,6,Pancake,47FfXpy7XLVK5guGnK8NTL,https://i.scdn.co/image/ab676161000051747ce20b23c58dcbc18948c527
2026-04-23,th,Thailand,200,11,LE SSERAFIM,4SpbR6yFEvexJuaBpgAU5p,https://i.scdn.co/image/ab67616100005174d4037f03c5f92e7e6ea89b9e
2026-04-23,tw,Taiwan,1,1,Justin Bieber,1uNFoZAHBGtllmzznpCI3s,https://i.scdn.co/image/ab67616100005174af20f7db5288bce9beede034
2026-04-23,tw,Taiwan,2,1,Jay Chou,2elBjNSdBE2Y3f0j1mjrql,https://i.scdn.co/image/ab6761610000517487fbbe9ed03fbb500595e720
2026-04-23,tw,Taiwan,3,–,BTS,3Nrfpe0tUJi4K4DXYWgMUX,https://i.scdn.co/image/ab67616100005174f80ec63ea7a0ef0fba60957d
2026-04-23,tw,Taiwan,4,–,G.E.M.,7aRC4L63dBn3CiLDuWaLSI,https://i.scdn.co/image/ab676161000051748b385b6aa7b47570adbeff7b
2026-04-23,tw,Taiwan,5,–,Crowd Lu,2JBUyLiFvpFPWdZGqIGYLD,https://i.scdn.co/image/ab6761610000517498fa6078d8edd6830afc3b8b
2026-04-23,tw,Taiwan,6,–,Taylor Swift,06HL4z0CvFAxyc27GXpf02,https://i.scdn.co/image/ab67616100005174e2e8e7ff002a4afda1c7147e
2026-04-23,tw,Taiwan,7,1,JJ Lin,7Dx7RhX0mFuXhCOUgB01uM,https://i.scdn.co/image/ab67616100005174181b3f24c2a457e7fa3edb59
2026-04-23,tw,Taiwan,8,1,TWICE,7n2Ycct7Beij7Dj7meI4X0,https://i.scdn.co/image/ab676161000051743d8820046fd455b38d644864
2026-04-23,tw,Taiwan,9,–,Stefanie Sun,0SIXZXJCAhNU8sxK0qm7hn,https://i.scdn.co/image/ab67616100005174744989ed737112f4edbd2cc3
2026-04-23,tw,Taiwan,10,–,A-Lin,28gf2piFx6cAKOMIwcky5a,https://i.scdn.co/image/ab67616100005174389f780e71f9c2697c6637e3
2026-04-23,tw,Taiwan,11,–,Bruno Mars,0du5cEVh5yTK9QJze8zA0C,https://i.scdn.co/image/ab67616100005174c7688aad1bf03986934d7e26
2026-04-23,tw,Taiwan,12,–,A-Mei Chang,6noxsCszBEEK04kCehugOp,https://i.scdn.co/image/ab676161000051741b44d5d4d2e564f28f4046cf
2026-04-23,tw,Taiwan,13,1,aespa,6YVMFz59CuY7ngCxTxjpxE,https://i.scdn.co/image/ab67616100005174053bbb910dda6d4ab0618b8b
2026-04-23,tw,Taiwan,14,1,Eric Chou,5fEQLwq1BWWQNR8GzhOIvi,https://i.scdn.co/image/ab6761610000517432cabef34602bad95decc49e
2026-04-23,tw,Taiwan,15,2,IVE,6RHTUrRF63xao58xh9FXYJ,https://i.scdn.co/image/ab67616100005174e9134cc9371327f8238b1840
2026-04-23,tw,Taiwan,16,–,Amazing Show,3n16EAnJtz6SZGx2zJssrI,https://i.scdn.co/image/ab67616100005174fd24a4173ff53fdacfee2f0c
2026-04-23,tw,Taiwan,17,–,BABYMONSTER,1SIocsqdEefUTE6XKGUiVS,https://i.scdn.co/image/ab6761610000517443a4c69b563a55f307bde271
2026-04-23,tw,Taiwan,18,2,SEVENTEEN,7nqOGRxlXj7N2JYbgNEjYH,https://i.scdn.co/image/ab676161000051748da3a229445fd3cd896cdd5c
2026-04-23,tw,Taiwan,19,3,Pets Tseng,1he19XnDUahODrmRwKlC8w,https://i.scdn.co/image/ab676161000051741ea29d61b14c46e5d3b5a14b
2026-04-23,tw,Taiwan,20,2,JOLIN,1r9DuPTHiQ7hnRRZ99B8nL,https://i.scdn.co/image/ab67616100005174c4b4416e53fb403c4612a822
2026-04-23,tw,Taiwan,21,46,ONE OK ROCK,7k73EtZwoPs516ZxE72KsO,https://i.scdn.co/image/ab6761610000517465f3ecf43652596ef75f3293
2026-04-23,tw,Taiwan,22,3,TOMORROW X TOGETHER,0ghlgldX5Dd6720Q3qFyQB,https://i.scdn.co/image/ab6761610000517454fc4bff90d96d3ef0179e62
2026-04-23,tw,Taiwan,23,4,Yorushika,4UK2Lzi6fBfUi9rpDt6cik,https://i.scdn.co/image/ab67616100005174e62cff9c6018ae5616b01eab
2026-04-23,tw,Taiwan,24,3,Mayday,16s0YTFcyjP4kgFwt7ktrY,https://i.scdn.co/image/ab676161000051740c2b8e4e8172563052a19e50
2026-04-23,tw,Taiwan,25,1,Sabrina Carpenter,74KM79TiuVKeVCqs8QtB0B,https://i.scdn.co/image/ab6761610000517478e45cfa4697ce3c437cb455
2026-04-23,tw,Taiwan,26,5,Charlie Puth,6VuMaDnrHyPL1p4EHjYLi7,https://i.scdn.co/image/ab676161000051746721f541fb123145d4cb3ace
2026-04-23,tw,Taiwan,27,4,BLACKPINK,41MozSoPIsD1dJM0CLPjZF,https://i.scdn.co/image/ab67616100005174623538b7014238c54ceee056
2026-04-23,tw,Taiwan,28,13,The Kid LAROI,2tIP7SsRs7vjIcLrU85W8J,https://i.scdn.co/image/ab676161000051741cea74b0fa7d098d5e80cd87
2026-04-23,tw,Taiwan,29,–,Ariana Grande,66CXWjxzNUsdJxJ2JdwvnR,https://i.scdn.co/image/ab6761610000517468412f2d0177a9ebc265ff58
2026-04-23,tw,Taiwan,30,6,Patrick Brasca,1xCrrnnj9xif5G0y3ie5dM,https://i.scdn.co/image/ab6761610000517461045169a644208fecec5d88
2026-04-23,tw,Taiwan,31,4,Khalil Fong,1YrtUPrWcPfgdl9BaD9nhd,https://i.scdn.co/image/ab6761610000517495983b263941317ed7d90c58
2026-04-23,tw,Taiwan,32,4,Joker Xue,1cg0bYpP5e2DNG0RgK2CMN,https://i.scdn.co/image/ab67616100005174c7d5e1d63afde24400794e32
2026-04-23,tw,Taiwan,33,–,玖壹壹,3w8fdvgPp2aKgy125EBgVg,https://i.scdn.co/image/ab676161000051746c8a67c134ac7f710c8c67d9
2026-04-23,tw,Taiwan,34,4,en王翊恩,7z7tLLiBfmH0kZ2lNVs8LW,https://i.scdn.co/image/ab6761610000517461235ccdfac3f210ed3e3505
2026-04-23,tw,Taiwan,35,1,告五人,6xErgeZYatiaQ36SB5bvi8,https://i.scdn.co/image/ab676161000051742c7bf89266d2f1131db61cb4
2026-04-23,tw,Taiwan,36,8,Ed Sheeran,6eUKZXaKkcviH0Ku9w2n3V,https://i.scdn.co/image/ab67616100005174d55c95ad400aed87da52daec
2026-04-23,tw,Taiwan,37,5,BIGBANG,4Kxlr1PRlDKEB0ekOCyHgX,https://i.scdn.co/image/ab6761610000517441f3b91c5c5bf6651da98956
2026-04-23,tw,Taiwan,38,31,陳華,5ZxRmJ21NzjxD2ZGBxi7um,https://i.scdn.co/image/ab67616100005174fb55fffa822f943ad7c74cb2
2026-04-23,tw,Taiwan,39,–,The Weeknd,1Xyo4u8uXC1ZmMpatF05PJ,https://i.scdn.co/image/ab67616100005174c1719ac9e6a75c1c25835018
2026-04-23,tw,Taiwan,40,2,EggPlantEgg,6g641431O1Xkl7HAs2yFEg,https://i.scdn.co/image/ab67616100005174ba2eed4f30e35db2d476d6cb
2026-04-23,tw,Taiwan,41,1,Fish Leong,3aIDSTKS9yH745GUQBxDcS,https://i.scdn.co/image/ab6761610000517414806436e1fc9d977a3709dd
2026-04-23,tw,Taiwan,42,16,PLAVE,0k2zyzGq6HX383VlMBOvRG,https://i.scdn.co/image/ab6761610000517471b906c9b276122f7c9b680b
2026-04-23,tw,Taiwan,43,6,頑童Mj116,7aMQdNM05rPkcHS1ethHUx,https://i.scdn.co/image/ab676161000051743ca01ea6de9d68b5b2ef0aa7
2026-04-23,tw,Taiwan,44,1,Sam Lee,7ya3wFqG9X35S7L7XSrE2i,https://i.scdn.co/image/ab6761610000517439c9a76ede6adbf78e172925
2026-04-23,tw,Taiwan,45,9,Eason Chan,2QcZxAgcs2I1q7CtCkl6MI,https://i.scdn.co/image/ab67616100005174438e5730e9e86121f329d2dd
2026-04-23,tw,Taiwan,46,–,JENNIE,250b0Wlc5Vk0CoUsaCY84M,https://i.scdn.co/image/ab676161000051743feb82fe1bb947a2aa65f6b8
2026-04-23,tw,Taiwan,47,5,Bestards,0Awqm7GXGiBp8fJNGvywra,https://i.scdn.co/image/ab676161000051740a346cd59f3425f4f7ed1c36
2026-04-23,tw,Taiwan,48,18,V,3JsHnjpbhX4SnySpvpa9DK,https://i.scdn.co/image/ab6761610000517489a07818e5d02039a6ef3181
2026-04-23,tw,Taiwan,49,14,Stray Kids,2dIgFjalVxs4ThymZ67YCE,https://i.scdn.co/image/ab6761610000517491be1e574fd2e0992f94decb
2026-04-23,tw,Taiwan,50,2,keshi,3pc0bOVB5whxmD50W79wwO,https://i.scdn.co/image/ab676161000051743a0f8f319aeef1aa4115f5e8
2026-04-23,tw,Taiwan,51,6,YOASOBI,64tJ2EAv1R6UaZqc4iOCyj,https://i.scdn.co/image/ab67616100005174192be4e9b455c2d5dd5dfe09
2026-04-23,tw,Taiwan,52,1,LE SSERAFIM,4SpbR6yFEvexJuaBpgAU5p,https://i.scdn.co/image/ab67616100005174d4037f03c5f92e7e6ea89b9e
2026-04-23,tw,Taiwan,53,6,艾薇 Ivy,0RaC2hXyniYsju0mCSNz90,https://i.scdn.co/image/ab6761610000517493b528fd30fe5fb813b69bfa
2026-04-23,tw,Taiwan,54,19,DIOR 大穎,0czbvTRVGHfCdRsJLxbBGQ,https://i.scdn.co/image/ab6761610000517468f626579122faae33b7802d
2026-04-23,tw,Taiwan,55,3,i-dle,2AfmfGFbe0A0WsTYm0SDTx,https://i.scdn.co/image/ab67616100005174a6d269fc34884864c3f0f914
2026-04-23,tw,Taiwan,56,7,ROSÉ,3eVa5w3URK5duf6eyVDbu9,https://i.scdn.co/image/ab67616100005174cfb4350222919670128ff2dc
2026-04-23,tw,Taiwan,57,3,G-DRAGON,30b9WulBM8sFuBo17nNq9c,https://i.scdn.co/image/ab67616100005174783a6a578e8eb992bfd74765
2026-04-23,tw,Taiwan,58,8,Ronghao Li,0rTP0x4vRFSDbhtqcCqc8K,https://i.scdn.co/image/ab676161000051743f4e09ab33764db5726e120f
2026-04-23,tw,Taiwan,59,–,高爾宣 OSN,4TcOznbEZBqev21LzAH4KE,https://i.scdn.co/image/ab676161000051744d833125cdb31b9110a95e01
2026-04-23,tw,Taiwan,60,3,Tanya Chua,376pcuw4IgWBMOUwCr8kIm,https://i.scdn.co/image/ab676161000051746a0678a926bd4812fb8a4099
2026-04-23,tw,Taiwan,61,6,Kenshi Yonezu,1snhtMLeb2DYoMOcVbb8iB,https://i.scdn.co/image/ab67616100005174a39642d6f3ba26f42d54ac98
2026-04-23,tw,Taiwan,62,–,Wu Bai,5H8TJITZE1sPjVR2ACzXNS,https://i.scdn.co/image/ab676161000051743c0869956dd3913fd83db126
2026-04-23,tw,Taiwan,63,–,Maroon 5,04gDigrS5kc9YWfZHwBETP,https://i.scdn.co/image/ab67616100005174f8349dfb619a7f842242de77
2026-04-23,tw,Taiwan,64,10,David Tao,40tNK2YedBV2jRFAHxpifB,https://i.scdn.co/image/ab67616d00001e02110af1ee291450d9e86a05a4
2026-04-23,tw,Taiwan,65,12,Ricky Hsiao,0E6oEhZZtQvj811iXQFLrB,https://i.scdn.co/image/ab6761610000517450457f2104a149feedc40afe
2026-04-23,tw,Taiwan,66,10,Lady Gaga,1HY2Jd0NmPuamShAr6KMms,https://i.scdn.co/image/ab67616100005174aadc18cac8d48124357c38e6
2026-04-23,tw,Taiwan,67,4,SZA,7tYKF4w9nC0nq9CsPZTHyP,https://i.scdn.co/image/ab67616100005174fd0a9fb6c252a3ba44079acf
2026-04-23,tw,Taiwan,68,47,CORTIS,1ebt9HnXdyYA6KgLXr1n4P,https://i.scdn.co/image/ab67616100005174267afab76836557af2bd37c8
2026-04-23,tw,Taiwan,69,1,NewJeans,6HvZYsbFfjnjFrWF950C9d,https://i.scdn.co/image/ab67616100005174841bdcf28a956f3a384ffcf4
2026-04-23,tw,Taiwan,70,17,Billie Eilish,6qqNVTkY8uBg9cP3Jd7DAH,https://i.scdn.co/image/ab676161000051744a21b4760d2ecb7b0dcdc8da
2026-04-23,tw,Taiwan,71,4,颜人中,5PNcqs6EtD6gSXgUiiJIUU,https://i.scdn.co/image/ab67616d00001e02dbc44cb806214a1372ff98d0
2026-04-23,tw,Taiwan,72,8,icyball 冰球樂團,4GsjZQZJ3viOq4Uw8wZDbW,https://i.scdn.co/image/ab67616100005174149a4e6f4b1b84e43f6e6aaf
2026-04-23,tw,Taiwan,73,3,F.I.R.,5oqLnVZzJJXE3YnzzZfRKu,https://i.scdn.co/image/ab67616100005174d9939d240016befcc2095b26
2026-04-23,tw,Taiwan,74,2,Zhang Zhen Yue,6PNEi9i2MxUgRufqYr76Xt,https://i.scdn.co/image/ab6761610000517466a909756400366c24bf1568
2026-04-23,tw,Taiwan,75,Re-Entry,Olivia Rodrigo,1McMsnEElThX1knmY4oliG,https://i.scdn.co/image/ab67616100005174b14eb4dcfd2f3858bed06e44
2026-04-23,tw,Taiwan,76,1,Daniel Caesar,20wkVLutqVOYrc0kxFs7rA,https://i.scdn.co/image/ab67616100005174e4d94f7cbebb17504c25d419
2026-04-23,tw,Taiwan,77,16,Post Malone,246dkjvS1zLTtiykXe5h60,https://i.scdn.co/image/ab67616100005174e17c0aa1714a03d62b5ce4e0
2026-04-23,tw,Taiwan,78,14,Jimin,1oSPZhvZMIrWW5I41kPkkY,https://i.scdn.co/image/ab67616100005174cf3a9c35db52ba44f3b921e3
2026-04-23,tw,Taiwan,79,3,Hearts2Hearts,1ZLU77nRzQIaP23mVSYpCQ,https://i.scdn.co/image/ab67616100005174595f4bc18c610ea08065bdc5
2026-04-23,tw,Taiwan,80,2,KPop Demon Hunters Cast,7mW7Tv7NvywKKXqafZo0Lc,https://i.scdn.co/image/ab67616d00001e026c1334650ced0e28f0b2e13f
2026-04-23,tw,Taiwan,81,14,Fujii Kaze,6bDWAcdtVR3WHz2xtiIPUi,https://i.scdn.co/image/ab67616100005174adf53c59da1a6d161a55f6d4
2026-04-23,tw,Taiwan,82,1,Jin,5vV3bFXnN6D6N3Nj4xRvaV,https://i.scdn.co/image/ab6761610000517481e353e7475955f7e040af5e
2026-04-23,tw,Taiwan,83,2,Silence Wang,0PdNEiQ3MsJGCEgE13Tz60,https://i.scdn.co/image/ab67616100005174e031c2c433fefe3fd10f5caa
2026-04-23,tw,Taiwan,84,5,The Chainsmokers,69GGBxA162lTqCwzJG5jLp,https://i.scdn.co/image/ab676161000051744567279fac84a0375c3d819b
2026-04-23,tw,Taiwan,85,6,ILLIT,36cgvBn0aadzOijnjjwqMN,https://i.scdn.co/image/ab676161000051747fabcc2491d95050faa5b710
2026-04-23,tw,Taiwan,86,1,Coldplay,4gzpq5DPGxSnKTe4SA8HAU,https://i.scdn.co/image/ab676161000051741ba8fc5f5c73e7e9313cc6eb
2026-04-23,tw,Taiwan,87,22,tuki.,1Y5vJqABeI6QI6R95EDV6o,https://i.scdn.co/image/ab676161000051748f46c09be6b50e67ecfbcbb7
2026-04-23,tw,Taiwan,88,8,ITZY,2KC9Qb60EaY0kW4eH68vr3,https://i.scdn.co/image/ab67616100005174a60be8af61d6184cd0402f80
2026-04-23,tw,Taiwan,89,9,郑润泽,6KKqrrPtPB4eR1T5DT6dJ4,https://i.scdn.co/image/ab67616100005174e4247ddaa12cac20177cb997
2026-04-23,tw,Taiwan,90,8,Karencici,6v6qfXRvTRGGsmGfDvtMIK,https://i.scdn.co/image/ab6761610000517419c77f103b37d0773d2948a1
2026-04-23,tw,Taiwan,91,–,IU,3HqSLMAZ3g3d5poNaI7GOU,https://i.scdn.co/image/ab67616100005174789f38042e5ef8911fc3826b
2026-04-23,tw,Taiwan,92,15,Firdhaus,6fOqdhRNsMQqtwRwgo3NUv,https://i.scdn.co/image/ab676161000051746f9e419c4ae583483afcd152
2026-04-23,tw,Taiwan,93,7,WeiBird,7y3HnWCFEvWj4KM9GFSkiX,https://i.scdn.co/image/ab67616100005174718c8531e1eef6e3f930b8d5
2026-04-23,tw,Taiwan,94,7,Jody Chiang,3jPL2UtbCi2DuvuK2dolR6,https://i.scdn.co/image/ab67616d00001e020d146a714c4f4c27d80ec29e
2026-04-23,tw,Taiwan,95,4,刘宇宁,5k5iMDK1nWLbb0eqMnpuKl,https://i.scdn.co/image/ab67616100005174ef8a4b5ab8540785ae6817b7
2026-04-23,tw,Taiwan,96,8,Don Toliver,4Gso3d4CscCijv0lmajZWs,https://i.scdn.co/image/ab67616100005174c52b798deb89eb8414a51b7b
2026-04-23,tw,Taiwan,97,20,Vicky Chen,01u3qI3xMGFvktXyRSMGRZ,https://i.scdn.co/image/ab6761610000517453571927f57b474771be9929
2026-04-23,tw,Taiwan,98,5,Hebe Tien,14bJhryXGk6H6qlGzwj3W5,https://i.scdn.co/image/ab67616100005174232bf5570b8772b76850f202
2026-04-23,tw,Taiwan,99,15,KATSEYE,3c0gDdb9lhnHGFtP4prQpn,https://i.scdn.co/image/ab6761610000517404ba72b2749f90d62152ebec
2026-04-23,tw,Taiwan,100,14,Shawn Mendes,7n2wHs1TKAczGzO7Dd2rGr,https://i.scdn.co/image/ab6761610000517458b4b9419486550f6fda0535
2026-04-23,tw,Taiwan,101,4,Ado,6mEQK9m2krja6X1cfsAjfl,https://i.scdn.co/image/ab67616100005174bcb1c184c322688f10cdce7a
2026-04-23,tw,Taiwan,102,12,Shi Shi,4XKp9GFAQfsh2NflSRnHQi,https://i.scdn.co/image/ab67616100005174913c43db32646fbce3d4406d
2026-04-23,tw,Taiwan,103,7,Yisa Yu,75CM5fojYdKYD0xYSFh22Z,https://i.scdn.co/image/ab67616100005174e8a0377aa7a535f90a34e128
2026-04-23,tw,Taiwan,104,8,Vaundy,2IUl3m1H1EQ7QfNbNWvgru,https://i.scdn.co/image/ab67616100005174b718d2d3988005d3a72f22c9
2026-04-23,tw,Taiwan,105,4,Power Station,6zCAdMK7SVxKyGMnAc26Cy,https://i.scdn.co/image/ab676161000051746bc97df0259a87265b49fb14
2026-04-23,tw,Taiwan,106,6,李浩瑋 Howard Lee,7EkkWNWPiWFQ0rA9IEmMXs,https://i.scdn.co/image/ab67616100005174e6ff9d59c18af204ff264f86
2026-04-23,tw,Taiwan,107,3,Karen Mok,6jlz5QSUqbKE4vnzo2qfP1,https://i.scdn.co/image/ab676161000051749a48f2e7dd96f09c723c887c
2026-04-23,tw,Taiwan,108,5,sodagreen,3WYT2b8pOLsLsqSaoWYr7U,https://i.scdn.co/image/ab676161000051740b46989f88510c6eaa01e447
2026-04-23,tw,Taiwan,109,4,Jung Kook,6HaGTQPmzraVmaVxvz6EUc,https://i.scdn.co/image/ab6761610000517471089d18c93e3a51e70ff0dc
2026-04-23,tw,Taiwan,110,16,HWASA,7bmYpVgQub656uNTu6qGNQ,https://i.scdn.co/image/ab676161000051740e82a43b4f076a736c515e6f
2026-04-23,tw,Taiwan,111,5,LAUV,5JZ7CnR6gTvEMKX4g70Amv,https://i.scdn.co/image/ab676161000051749dde640a32d379dd5869fe4e
2026-04-23,tw,Taiwan,112,2,Alan Walker,7vk5e3vY1uw9plTHJAMwjN,https://i.scdn.co/image/ab67616100005174572a8eae56feae217f618078
2026-04-23,tw,Taiwan,113,5,LNGSHOT,2F4oTJOWkcD1JaTeKEa9h6,https://i.scdn.co/image/ab67616100005174866f74c2edeb8dad4ffd7b7d
2026-04-23,tw,Taiwan,114,12,LaLa Hsu,3dI4Io8XE33J2o04ZwjR0Y,https://i.scdn.co/image/ab67616100005174144b3cc38337efa33159cd11
2026-04-23,tw,Taiwan,115,30,One Direction,4AK6F7OLvEQ5QYCBNiQWHq,https://i.scdn.co/image/45741ba38b51130bb96e00c0e24d17ba311a9293
2026-04-23,tw,Taiwan,116,9,Dua Lipa,6M2wZ9GZgrQXHCFfjv46we,https://i.scdn.co/image/ab676161000051740c68f6c95232e716f0abee8d
2026-04-23,tw,Taiwan,117,15,KISS OF LIFE,4TEK9tIkcoxib4GxT3O4ky,https://i.scdn.co/image/ab676161000051744b89abdc6c414c949aa45cbe
2026-04-23,tw,Taiwan,118,6,LBI利比,1xMn0bhYRWHDV01mU8gP1J,https://i.scdn.co/image/ab67616100005174caaa95720c660b8918ecaa9e
2026-04-23,tw,Taiwan,119,6,张远,4Q6r8rqOodVCDkbAYm7F18,https://i.scdn.co/image/ab6761610000517482aad24e9408892778d4c5cc
2026-04-23,tw,Taiwan,120,21,Cheer Chen,4m0xrEWYU0yCUFMaga015T,https://i.scdn.co/image/ab67616100005174b15d2308d22d6346908ab679
2026-04-23,tw,Taiwan,121,New,Sean Kingston,6S0dmVVn4udvppDhZIWxCr,https://i.scdn.co/image/ab67616100005174ee205e5029a04bd0460e16e4
2026-04-23,tw,Taiwan,122,7,Drake,3TVXtAsR1Inumwj472S9r4,https://i.scdn.co/image/ab676161000051744293385d324db8558179afd9
2026-04-23,tw,Taiwan,123,12,OneRepublic,5Pwc4xIPtQLFEnJriah9YJ,https://i.scdn.co/image/ab676161000051743202f1bcacc6d8f581f32ffd
2026-04-23,tw,Taiwan,124,50,Park Hyo Shin,57htMBtzpppc1yoXgjbslj,https://i.scdn.co/image/ab676161000051747a7d4f77e962baf427eeea80
2026-04-23,tw,Taiwan,125,6,Hikaru Utada,7lbSsjYACZHn1MSDXPxNF2,https://i.scdn.co/image/ab67616100005174ec39ca0a437af73deb84a09a
2026-04-23,tw,Taiwan,126,10,于冬然,7mJv2vnmyEbD8eyI7tMLKs,https://i.scdn.co/image/ab67616d00001e0268c60c834b6e9dec1b70222f
2026-04-23,tw,Taiwan,127,7,831,3TtgOeQcNkf9WVDA4xPBJM,https://i.scdn.co/image/ab67616100005174b943813c4d35b7707faf19de
2026-04-23,tw,Taiwan,128,54,T.O.P,4yiB30K5scGkjmAgHGIH8Y,https://i.scdn.co/image/ab676161000051746604b4c3d09336e28e835276
2026-04-23,tw,Taiwan,129,13,ENHYPEN,5t5FqBwTcgKTaWmfEbwQY9,https://i.scdn.co/image/ab67616100005174f28334d02274b673b8201299
2026-04-23,tw,Taiwan,130,12,Olivia Dean,00x1fYSGhdqScXBRpSj3DW,https://i.scdn.co/image/ab676161000051745c7577ad44daeb7ce4b941a1
2026-04-23,tw,Taiwan,131,6,Fire EX.,7qBIgabdHdcr6NLujDxWAU,https://i.scdn.co/image/ab676161000051747acaae77a8a62be983b354e4
2026-04-23,tw,Taiwan,132,–,Phil Chang,7g65zUBhUAbiu4pAcoyWRd,https://i.scdn.co/image/ab67616d00001e02c227a9973d3c54e1abca93b1
2026-04-23,tw,Taiwan,133,2,Tate McRae,45dkTj5sMRSjrmBSBeiHym,https://i.scdn.co/image/ab67616100005174bed8016bd64422793ff3bc75
2026-04-23,tw,Taiwan,134,11,NMIXX,28ot3wh4oNmoFOdVajibBl,https://i.scdn.co/image/ab676161000051745dff706e8c9ec07f7850f014
2026-04-23,tw,Taiwan,135,1,Gummy B,041GibkKYtPdNlIAqxs1gs,https://i.scdn.co/image/ab67616100005174b0fb2714efc1af21491d7754
2026-04-23,tw,Taiwan,136,41,GIVĒON,4fxd5Ee7UefO4CUXgwJ7IP,https://i.scdn.co/image/ab67616100005174e357870455bc56f7ef4147f8
2026-04-23,tw,Taiwan,137,3,Cyndi Wang,3AroL2oDPiAnMpTmIQv3KP,https://i.scdn.co/image/ab676161000051748baa4f890691b73ec50ccb70
2026-04-23,tw,Taiwan,138,4,Doja Cat,5cj0lLjcoR7YOSnhnX0Po5,https://i.scdn.co/image/ab676161000051748a0644455ebfa7d3976f5101
2026-04-23,tw,Taiwan,139,18,PIZZALI,5AIqzRLM5XgtjdCjnbvJx7,https://i.scdn.co/image/ab67616100005174ef5da5c8f94b9b96aba7577b
2026-04-23,tw,Taiwan,140,9,Pei-Yu Hung,0rARfHZ4ZteUlzbAuxUwAs,https://i.scdn.co/image/ab676161000051747c711a4e552b8145f7c8c7c3
2026-04-23,tw,Taiwan,141,8,Kendrick Lamar,2YZyLoL8N0Wb9xBt1NhZWg,https://i.scdn.co/image/ab6761610000517439ba6dcd4355c03de0b50918
2026-04-23,tw,Taiwan,142,12,TWS,4GgBKgxhc649frZDHcXIEz,https://i.scdn.co/image/ab6761610000517450686aae536e7ad1f1d131a2
2026-04-23,tw,Taiwan,143,15,EJAE,0RMJOzHDhAKY1o2j0W0vxY,https://i.scdn.co/image/ab67616100005174126261d917be27ceaf9046e3
2026-04-23,tw,Taiwan,144,17,Top Barry,3CSQfCUHVB3sZBfUfdWuph,https://i.scdn.co/image/ab676161000051748244fd526819267d9c71ecc4
2026-04-23,tw,Taiwan,145,2,落日飛車 Sunset Rollercoaster,7BqRcZsHYYQeqMAOp7e532,https://i.scdn.co/image/ab6761610000517417dd503b5c1841cd238c9aa7
2026-04-23,tw,Taiwan,146,45,sombr,4G9NDjRyZFDlJKMRL8hx3S,https://i.scdn.co/image/ab6761610000517478edaa6468cae153565c2c97
2026-04-23,tw,Taiwan,147,1,David Guetta,1Cs0zKBU1kc0i8ypK3B9ai,https://i.scdn.co/image/ab67616100005174f150017ca69c8793503c2d4f
2026-04-23,tw,Taiwan,148,2,Leehom Wang,2F5W6Rsxwzg0plQ0w8dSyt,https://i.scdn.co/image/ab676161000051746527b7513831feda18b2abf1
2026-04-23,tw,Taiwan,149,6,Harry Styles,6KImCVD70vtIoJWnq6nGn3,https://i.scdn.co/image/ab67616100005174e309f8c3056a59f20d0968ca
2026-04-23,tw,Taiwan,150,35,Della,1EUq1MC4vfYYxcVK9aJnXf,https://i.scdn.co/image/ab6761610000517460a6fcd2fb0777cfbbc000cf
2026-04-23,tw,Taiwan,151,29,LANY,49tQo2QULno7gxHutgccqF,https://i.scdn.co/image/ab676161000051748218332656745840f9ed0a50
2026-04-23,tw,Taiwan,152,1,TAEYEON,3qNVuliS40BLgXGxhdBdqu,https://i.scdn.co/image/ab67616100005174d3cee7772514a1bcef46a9b6
2026-04-23,tw,Taiwan,153,14,XG,0LOK81e9H5lr61HlGGHqwA,https://i.scdn.co/image/ab6761610000517433976622533d0a586741d4f9
2026-04-23,tw,Taiwan,154,1,Jacky Cheung,1Hu58yHg2CXNfDhlPd7Tdd,https://i.scdn.co/image/ab67616100005174f1496a59885e3470c2644879
2026-04-23,tw,Taiwan,155,17,Gareth.T,6R57JlNKlnNrYaji0vw8xx,https://i.scdn.co/image/ab676161000051746316f683565f5609c5377de8
2026-04-23,tw,Taiwan,156,9,Rainie Yang,0MEchSWR9pJvw1S5CV3Kuk,https://i.scdn.co/image/ab6761610000517415d902102a31b157a6b29e80
2026-04-23,tw,Taiwan,157,4,Travis Scott,0Y5tJX1MQlPlqiwlOH1tJY,https://i.scdn.co/image/ab6761610000517419c2790744c792d05570bb71
2026-04-23,tw,Taiwan,158,26,LISA,5L1lO4eRHmJ7a0Q6csE5cT,https://i.scdn.co/image/ab676161000051743c88464ba063f0ae5d326738
2026-04-23,tw,Taiwan,159,5,Evangeline Wong,7sEIHkZXRzGa3OBUCCxzU5,https://i.scdn.co/image/ab67616100005174440d2bbf3a3e53411995f189
2026-04-23,tw,Taiwan,160,8,芒果醬 Mango Jump,1t1GIb4bb1lARAXwWEekUN,https://i.scdn.co/image/ab6761610000517400fbf932715af8f9a179aaf2
2026-04-23,tw,Taiwan,161,1,瘦子E.SO,2qXGNIlmY3JrYkxOWyXZsd,https://i.scdn.co/image/ab6761610000517411712828e77add59b7fad891
2026-04-23,tw,Taiwan,162,Re-Entry,Zara Larsson,1Xylc3o4UrD53lo9CvFvVg,https://i.scdn.co/image/ab67616100005174d519a7e349541cba8f85e965
2026-04-23,tw,Taiwan,163,11,TRASH,3KZMUYrA5eIfgZdIFRmNe4,https://i.scdn.co/image/ab67616100005174046880a0a1de61362c642788
2026-04-23,tw,Taiwan,164,1,Elva Hsiao,6yTAPw3o7oDH7lhj34jvbH,https://i.scdn.co/image/ab67616100005174875f7b128d178605583338b4
2026-04-23,tw,Taiwan,165,14,King Gnu,6wxfx1yhyqjCPYwwxJktR2,https://i.scdn.co/image/ab676161000051744ec795dffef81475326da642
2026-04-23,tw,Taiwan,166,7,Imagine Dragons,53XhwfbYqKCa1cC15pYq2q,https://i.scdn.co/image/ab67616100005174ab47d8dae2b24f5afe7f9d38
2026-04-23,tw,Taiwan,167,1,Andrew Tan,5AhK8gDgOZT7lE1UlbyF1c,https://i.scdn.co/image/ab67616100005174ff647c0797b1ee3bd69c71af
2026-04-23,tw,Taiwan,168,24,AKMU,6OwKE9Ez6ALxpTaKcT5ayv,https://i.scdn.co/image/ab676161000051741d615b0cee186e63bd735c19
2026-04-23,tw,Taiwan,169,20,HUNTR/X,2yNNYQBChuox9A5Ka93BIn,https://i.scdn.co/image/ab67616d00001e026c1334650ced0e28f0b2e13f
2026-04-23,tw,Taiwan,170,3,承桓,3ZYhFl4nztqc9vx35vKdUI,https://i.scdn.co/image/ab67616100005174c83640dc44a63b3c282cbb52
2026-04-23,tw,Taiwan,171,15,AUDREY NUNA,0Wwji82sLA0Hcvtuak3omb,https://i.scdn.co/image/ab67616100005174ebb65b7285befc7aa0b0cf14
2026-04-23,tw,Taiwan,172,15,REI AMI,6U1dV7aL68N7Gb0Naq34V5,https://i.scdn.co/image/ab67616100005174eb39ded0900c3e50e3d7ba68
2026-04-23,tw,Taiwan,173,3,Ren Ran,6f4srX54JFrLNK4aTJe2Sc,https://i.scdn.co/image/ab67616100005174f275b5cd5f576cf23bad5f94
2026-04-23,tw,Taiwan,174,5,TANK 呂建忠,39LWbzZB6lcrRviPzrAVdZ,https://i.scdn.co/image/ab67616100005174a2799aa65f8990013f63596a
2026-04-23,tw,Taiwan,175,–,R-chord,5XkrVVn0lQIVPkH55nbTgZ,https://i.scdn.co/image/ab6761610000517458def9455843e88cd235520c
2026-04-23,tw,Taiwan,176,12,陳粒,3SyC3U06X0DjdWd2Jf6V8Q,https://i.scdn.co/image/ab67616d00001e025108846a5856e34da7892064
2026-04-23,tw,Taiwan,177,3,BY2,3DOs7Bsr9x4eJHqv6ViPvR,https://i.scdn.co/image/ab6761610000517420808f30ae9ca8eb8b51b96d
2026-04-23,tw,Taiwan,178,12,Halsey,26VFTg2z8YR0cCuwLzESi2,https://i.scdn.co/image/ab6761610000517415136101a0f63f0b2800b9dc
2026-04-23,tw,Taiwan,179,1,S.H.E,2lWShxOL8iTlI0pmtVKvEh,https://i.scdn.co/image/ab67616100005174e63ea6a16870991fe10d1025
2026-04-23,tw,Taiwan,180,18,PA PUN BAND,0jz8mea3EKbqvOxZY6skBz,https://i.scdn.co/image/ab6761610000517412c90f27117e9abad83c5913
2026-04-23,tw,Taiwan,181,8,back number,6rs1KAoQnFalSqSU4LTh8g,https://i.scdn.co/image/ab676161000051744344b16f251fbbd9d34f3d5a
2026-04-23,tw,Taiwan,182,11,Claire Kuo,6OiFtK426XJWnOJ2HYlSbf,https://i.scdn.co/image/ab67616100005174282d2cbd6637862222af2b3e
2026-04-23,tw,Taiwan,183,New,NCT WISH,4FqmqIspLaUGtxAFFLsZxc,https://i.scdn.co/image/ab67616100005174dfdce70f030eccd2feb56318
2026-04-23,tw,Taiwan,184,Re-Entry,Joji,3MZsBdqDrRTJihTHQrO6Dq,https://i.scdn.co/image/ab67616100005174b6d7836808e8b99fc8c7aadc
2026-04-23,tw,Taiwan,185,13,TAEYANG,6udveWUgX4vu75FF0DTrXV,https://i.scdn.co/image/ab676161000051747418a76d26fdc76f7b9ffa23
2026-04-23,tw,Taiwan,186,40,EXO,3cjEqqelV9zb4BYE3qDQ4O,https://i.scdn.co/image/ab67616100005174447a60e587e104c24ed3c890
2026-04-23,tw,Taiwan,187,20,The Chairs,4IlxI05VmVDx8ShdgKEnLK,https://i.scdn.co/image/ab676161000051747ae6d77815389271766a5551
2026-04-23,tw,Taiwan,188,5,Laufey,7gW0r5CkdEUMm42w9XpyZO,https://i.scdn.co/image/ab67616100005174c751deb23ed62e7cadfb669a
2026-04-23,tw,Taiwan,189,8,Yuuri,0ixzjrK1wkN2zWBXt3VW3W,https://i.scdn.co/image/ab67616100005174b7810275be6eafe82b8f5f00
2026-04-23,tw,Taiwan,190,4,隊長,4SpsVETdnMLwPHyOW0FlQz,https://i.scdn.co/image/ab67616100005174116d227d87d930d4f3899c36
2026-04-23,tw,Taiwan,191,8,Rihanna,5pKCCKE2ajJHZ9KAiaK11H,https://i.scdn.co/image/ab67616100005174cb565a8e684e3be458d329ac
2026-04-23,tw,Taiwan,192,New,Michael Jackson,3fMbdgg4jU18AjLCKBhRSm,https://i.scdn.co/image/ab67616100005174997cc9a4aec335d46c9481fd
2026-04-23,tw,Taiwan,193,5,Mrs. GREEN APPLE,4QvgGvpgzgyUOo8Yp8LDm9,https://i.scdn.co/image/ab676161000051740b6fd24c14a46a5027d65e47
2026-04-23,tw,Taiwan,194,Re-Entry,Katy Perry,6jJ0s89eD6GaHleKKya26X,https://i.scdn.co/image/ab67616100005174cd50e745cf782f905769f482
2026-04-23,tw,Taiwan,195,13,INDEcompany,3bFdBTYErmHlLmdRZZxffh,https://i.scdn.co/image/ab67616d00001e02b581842eaf194382c21a30da
2026-04-23,tw,Taiwan,196,24,DAY6,5TnQc2N1iKlFjYD7CPGvFc,https://i.scdn.co/image/ab676161000051746bf26f017d7397f06df7b254
2026-04-23,tw,Taiwan,197,2,Soft Lipa,3Xp3DA50zRP4TYOtNR7k1T,https://i.scdn.co/image/ab67616d00001e02002a9043bf1e4c11126e30c9
2026-04-23,tw,Taiwan,198,Re-Entry,Zhou Shen,0BezPR1Hn38i8qShQKunSD,https://i.scdn.co/image/ab67616100005174555f21234ccc27d609c6f000
2026-04-23,tw,Taiwan,199,Re-Entry,BOYNEXTDOOR,4hnHLgMSOiqERWBL4jINP1,https://i.scdn.co/image/ab67616100005174d9aa688429b2947aa7d3649c
2026-04-23,tw,Taiwan,200,31,NICKTHEREAL,1fHw35wWkpOw05sswFSl70,https://i.scdn.co/image/ab6761610000517421c699833e32b66c04cfb8b3
2026-04-23,jp,Japan,1,–,Mrs. GREEN APPLE,4QvgGvpgzgyUOo8Yp8LDm9,https://i.scdn.co/image/ab676161000051740b6fd24c14a46a5027d65e47
2026-04-23,jp,Japan,2,–,back number,6rs1KAoQnFalSqSU4LTh8g,https://i.scdn.co/image/ab676161000051744344b16f251fbbd9d34f3d5a
2026-04-23,jp,Japan,3,–,BTS,3Nrfpe0tUJi4K4DXYWgMUX,https://i.scdn.co/image/ab67616100005174f80ec63ea7a0ef0fba60957d
2026-04-23,jp,Japan,4,–,Kenshi Yonezu,1snhtMLeb2DYoMOcVbb8iB,https://i.scdn.co/image/ab67616100005174a39642d6f3ba26f42d54ac98
2026-04-23,jp,Japan,5,–,HANA,7fmXV2O48buswss04YetaN,https://i.scdn.co/image/ab67616100005174bc476542962c8cf6b4dfc8a7
2026-04-23,jp,Japan,6,3,OFFICIAL HIGE DANDISM,5Vo1hnCRmCM6M4thZCInCj,https://i.scdn.co/image/ab67616100005174a603edbfe14a6bced859d7e1
2026-04-23,jp,Japan,7,–,Vaundy,2IUl3m1H1EQ7QfNbNWvgru,https://i.scdn.co/image/ab67616100005174b718d2d3988005d3a72f22c9
2026-04-23,jp,Japan,8,2,RADWIMPS,1EowJ1WwkMzkCkRomFhui7,https://i.scdn.co/image/ab67616100005174f7374b42bee7c71b9649ac83
2026-04-23,jp,Japan,9,3,Mr.Children,1qma7XhwZotCAucL7NHVLY,https://i.scdn.co/image/ab6761610000517441c848bbc09aaee85e93675d
2026-04-23,jp,Japan,10,2,ARASHI,1XYuC1vxinTjHCNd5clB8C,https://i.scdn.co/image/ab676161000051743567e2453e512fadc53284f5
2026-04-23,jp,Japan,11,–,M!LK,4jhJ8cnJ9vYKyCh289nuwQ,https://i.scdn.co/image/ab6761610000517488f8a66a56a8eb9340fb194c
2026-04-23,jp,Japan,12,2,Yorushika,4UK2Lzi6fBfUi9rpDt6cik,https://i.scdn.co/image/ab67616100005174e62cff9c6018ae5616b01eab
2026-04-23,jp,Japan,13,1,CHANMINA,2vjeuQwzSP5ErC1S41gONX,https://i.scdn.co/image/ab676161000051743c6a121a9f2ce9015fefdad1
2026-04-23,jp,Japan,14,1,King Gnu,6wxfx1yhyqjCPYwwxJktR2,https://i.scdn.co/image/ab676161000051744ec795dffef81475326da642
2026-04-23,jp,Japan,15,8,Justin Bieber,1uNFoZAHBGtllmzznpCI3s,https://i.scdn.co/image/ab67616100005174af20f7db5288bce9beede034
2026-04-23,jp,Japan,16,1,Hikaru Utada,7lbSsjYACZHn1MSDXPxNF2,https://i.scdn.co/image/ab67616100005174ec39ca0a437af73deb84a09a
2026-04-23,jp,Japan,17,2,Fujii Kaze,6bDWAcdtVR3WHz2xtiIPUi,https://i.scdn.co/image/ab67616100005174adf53c59da1a6d161a55f6d4
2026-04-23,jp,Japan,18,2,Aimyon,5kVZa4lFUmAQlBogl1fkd6,https://i.scdn.co/image/ab6761610000517487c4f7794417bdb0265c4f70
2026-04-23,jp,Japan,19,1,sakanaction,0hCWVMGGQnRVfDgmhwLIxq,https://i.scdn.co/image/ab676161000051741e8db52efb13e0ffe6c4264f
2026-04-23,jp,Japan,20,1,ONE OK ROCK,7k73EtZwoPs516ZxE72KsO,https://i.scdn.co/image/ab6761610000517465f3ecf43652596ef75f3293
2026-04-23,jp,Japan,21,1,Macaroni Empitsu,1t17z3vfuc82cxSDMrvryJ,https://i.scdn.co/image/ab676161000051745863d65e9f2d0c497d995a02
2026-04-23,jp,Japan,22,4,Number_i,4XFkDALFTsSHVnRtJSsaMN,https://i.scdn.co/image/ab67616100005174cf8f761f9fc22e2757ce06c2
2026-04-23,jp,Japan,23,1,=LOVE,1j2WhcTW00Zd2SjFYsJVc6,https://i.scdn.co/image/ab67616100005174b149d5f4072db1fd0b6f6252
2026-04-23,jp,Japan,24,3,BE:FIRST,4wCW8kZ8LL7QIdcE8EOKPP,https://i.scdn.co/image/ab676161000051746bf365c18c1577d55108e361
2026-04-23,jp,Japan,25,9,TOMORROW X TOGETHER,0ghlgldX5Dd6720Q3qFyQB,https://i.scdn.co/image/ab6761610000517454fc4bff90d96d3ef0179e62
2026-04-23,jp,Japan,26,1,SPITZ,5kjGRHClVacSyllOUqU1S0,https://i.scdn.co/image/ab6761610000517414d0c0355c57727a30e120d4
2026-04-23,jp,Japan,27,1,YOASOBI,64tJ2EAv1R6UaZqc4iOCyj,https://i.scdn.co/image/ab67616100005174192be4e9b455c2d5dd5dfe09
2026-04-23,jp,Japan,28,2,TWICE,7n2Ycct7Beij7Dj7meI4X0,https://i.scdn.co/image/ab676161000051743d8820046fd455b38d644864
2026-04-23,jp,Japan,29,2,B'z,7i9bNUSGORP5MIgrii3cJc,https://i.scdn.co/image/ab67616100005174994596af8939409b16204bb1
2026-04-23,jp,Japan,30,2,King & Prince,1nzId6SLDDTUTRV7lNbgxp,https://i.scdn.co/image/ab67616100005174803ee4e39ec766603154830f
2026-04-23,jp,Japan,31,–,Snow Man,0UuiWPm9FpWvRuWNrXO98N,https://i.scdn.co/image/ab6761610000517408a80e48ce227f77d2a4d759
2026-04-23,jp,Japan,32,3,Yuuri,0ixzjrK1wkN2zWBXt3VW3W,https://i.scdn.co/image/ab67616100005174b7810275be6eafe82b8f5f00
2026-04-23,jp,Japan,33,–,Saucy Dog,4WqXqPmUuenMIr4QaFrZXN,https://i.scdn.co/image/ab676161000051742209db79b2ac606645bbe932
2026-04-23,jp,Japan,34,2,Bruno Mars,0du5cEVh5yTK9QJze8zA0C,https://i.scdn.co/image/ab67616100005174c7688aad1bf03986934d7e26
2026-04-23,jp,Japan,35,–,SOUTHERN ALL STARS,79nkC8XZ5ohEVU0Xlf5Ael,https://i.scdn.co/image/ab6761610000517463ce4f0c936577d7ce0cc37d
2026-04-23,jp,Japan,36,–,HIRAIDAI,7JthQ6zwNzfxRfIEjp6wUs,https://i.scdn.co/image/ab67616100005174c557a2bcff31a30a7c79b6a9
2026-04-23,jp,Japan,37,–,Gen Hoshino,1S2S00lgLYLGHWA44qGEUs,https://i.scdn.co/image/ab67616100005174a8f478bba7af946e0754a207
2026-04-23,jp,Japan,38,9,IVE,6RHTUrRF63xao58xh9FXYJ,https://i.scdn.co/image/ab67616100005174e9134cc9371327f8238b1840
2026-04-23,jp,Japan,39,1,Ado,6mEQK9m2krja6X1cfsAjfl,https://i.scdn.co/image/ab67616100005174bcb1c184c322688f10cdce7a
2026-04-23,jp,Japan,40,1,BUMP OF CHICKEN,0hSFeqPehe7FtCNWuQ6Bsy,https://i.scdn.co/image/ab6761610000517414784e52826dcdaa6358ecd8
2026-04-23,jp,Japan,41,4,aiko,6TDMbiQCWeMClsMr9ORLRK,https://i.scdn.co/image/ab67616100005174f198c31fe8f9380be933a4ab
2026-04-23,jp,Japan,42,8,SEKAI NO OWARI,7HwzlRPa9Ad0I8rK0FPzzK,https://i.scdn.co/image/ab67616100005174e819f4a2d148b4c10f359c86
2026-04-23,jp,Japan,43,1,Taylor Swift,06HL4z0CvFAxyc27GXpf02,https://i.scdn.co/image/ab67616100005174e2e8e7ff002a4afda1c7147e
2026-04-23,jp,Japan,44,2,Kana Nishino,4DDoAL8n6ob19r3jOZEbJI,https://i.scdn.co/image/ab67616100005174beb3f68f75212c2356fb487f
2026-04-23,jp,Japan,45,4,Creep Hyp,6POfB0fHdzXFLWL3RHxLv8,https://i.scdn.co/image/ab67616100005174bb66b102ab85c531397ec6b2
2026-04-23,jp,Japan,46,8,XG,0LOK81e9H5lr61HlGGHqwA,https://i.scdn.co/image/ab6761610000517433976622533d0a586741d4f9
2026-04-23,jp,Japan,47,5,Shota Shimizu,2ZjWbNQAjL74Pf4aqikIz2,https://i.scdn.co/image/ab6761610000517449b792517635443b9cd987a1
2026-04-23,jp,Japan,48,–,Novelbright,0jWCX6zp4RjWrmZRxJ2uri,https://i.scdn.co/image/ab67616100005174190c9ec03398a2b39799de51
2026-04-23,jp,Japan,49,5,Stray Kids,2dIgFjalVxs4ThymZ67YCE,https://i.scdn.co/image/ab6761610000517491be1e574fd2e0992f94decb
2026-04-23,jp,Japan,50,7,SixTONES,7dhueqtbx2NVq1leXyqaNl,https://i.scdn.co/image/ab67616100005174a375fd3abda12722ce3b91d1
2026-04-23,jp,Japan,51,12,aespa,6YVMFz59CuY7ngCxTxjpxE,https://i.scdn.co/image/ab67616100005174053bbb910dda6d4ab0618b8b
2026-04-23,jp,Japan,52,9,LANA,4dEHIhldHT2U8CMQ6nNgDT,https://i.scdn.co/image/ab6761610000517485dbfda697c02bc156872fcd
2026-04-23,jp,Japan,53,3,Sheena Ringo,2XjqKvB2Xz9IdyjWPIHaXi,https://i.scdn.co/image/ab676161000051748378fc68491c113e5379ceca
2026-04-23,jp,Japan,54,1,GReeeeN,14T8NkbwXVZgbOvwnuGV89,https://i.scdn.co/image/ab676161000051742e1a2e83a7e8e20111271187
2026-04-23,jp,Japan,55,2,Tatsuya Kitani,7mvhRvEAHiCTQHUnH7fgnv,https://i.scdn.co/image/ab6761610000517447d98389d5bd1c196a287938
2026-04-23,jp,Japan,56,2,ZUTOMAYO,38WbKH6oKAZskBhqDFA8Uj,https://i.scdn.co/image/ab6761610000517439f876095d0486fc3a54e4cf
2026-04-23,jp,Japan,57,2,natori,6WmXWHmfBMhupyIs8MSqtu,https://i.scdn.co/image/ab67616100005174494cf503cef48c0439f9907b
2026-04-23,jp,Japan,58,4,yangskinny,3VVMRDGpbQR2SK9nHX3DW5,https://i.scdn.co/image/ab67616100005174dd6b3b08a42b6c7e5916a182
2026-04-23,jp,Japan,59,6,JO1,2koP6FEfIEVk4l2Fe6jFhu,https://i.scdn.co/image/ab676161000051741202ea00feef6b714b95858e
2026-04-23,jp,Japan,60,–,Creepy Nuts,0pWR7TsFhvSCnbmHDjWgrE,https://i.scdn.co/image/ab6761610000517471c03bb9c1fe71f40a5fe1dc
2026-04-23,jp,Japan,61,10,MAZZEL,5Zy2tdfVQKbDwpqWcjXg42,https://i.scdn.co/image/ab6761610000517473e5aa79a570cb175d89c552
2026-04-23,jp,Japan,62,4,SUPER BEAVER,0SMhG4gXGD4gzLMMz08cQU,https://i.scdn.co/image/ab67616100005174eb68a0c673c995d5328edf42
2026-04-23,jp,Japan,63,3,Charlie Puth,6VuMaDnrHyPL1p4EHjYLi7,https://i.scdn.co/image/ab676161000051746721f541fb123145d4cb3ace
2026-04-23,jp,Japan,64,–,BAD HOP,3FCZbxRcaSgYfklG2HCFh2,https://i.scdn.co/image/ab67616100005174c698767fca74c57fc23c3ec3
2026-04-23,jp,Japan,65,13,MISIA,3uyDATzOGjbGCts7v2eszk,https://i.scdn.co/image/ab67616100005174cd2a6129239d32f1c75e9415
2026-04-23,jp,Japan,66,1,Ed Sheeran,6eUKZXaKkcviH0Ku9w2n3V,https://i.scdn.co/image/ab67616100005174d55c95ad400aed87da52daec
2026-04-23,jp,Japan,67,4,Lilas,1qM11R4ylJyQiPJ0DffE9z,https://i.scdn.co/image/ab67616100005174e7e06c8b801ff60df39d7c10
2026-04-23,jp,Japan,68,3,LE SSERAFIM,4SpbR6yFEvexJuaBpgAU5p,https://i.scdn.co/image/ab67616100005174d4037f03c5f92e7e6ea89b9e
2026-04-23,jp,Japan,69,3,Takaya Kawasaki,3BjFX1nExMNHvSaoLd1I1k,https://i.scdn.co/image/ab676161000051742b939b3cb8b1c2f4048be777
2026-04-23,jp,Japan,70,3,Jimin,1oSPZhvZMIrWW5I41kPkkY,https://i.scdn.co/image/ab67616100005174cf3a9c35db52ba44f3b921e3
2026-04-23,jp,Japan,71,2,Ariana Grande,66CXWjxzNUsdJxJ2JdwvnR,https://i.scdn.co/image/ab6761610000517468412f2d0177a9ebc265ff58
2026-04-23,jp,Japan,72,4,DREAMS COME TRUE,2mJOGcLR3aCHkM1uAF93or,https://i.scdn.co/image/ab67616100005174380bfcdb81906c5cd2173f1f
2026-04-23,jp,Japan,73,7,Koresawa,6sX1XKgDIiAcVZof0SgWUe,https://i.scdn.co/image/ab676161000051741864c79ab1ec0da907d8d88f
2026-04-23,jp,Japan,74,4,SEVENTEEN,7nqOGRxlXj7N2JYbgNEjYH,https://i.scdn.co/image/ab676161000051748da3a229445fd3cd896cdd5c
2026-04-23,jp,Japan,75,8,EXILE,6zGmypGQUBXD4ZC9EbfMme,https://i.scdn.co/image/ab67616100005174bb3a3428e3e0689dd500e642
2026-04-23,jp,Japan,76,–,Ayumi Hamasaki,3Mvc8kRgr8LRYYgvFmlZqn,https://i.scdn.co/image/ab67616100005174f7500923dca99a8b9e409670
2026-04-23,jp,Japan,77,2,&TEAM,2xfxRiKxoHl5tI0MKyvqV7,https://i.scdn.co/image/ab676161000051749335ea44961b19a970ed2dfe
2026-04-23,jp,Japan,78,7,ILLIT,36cgvBn0aadzOijnjjwqMN,https://i.scdn.co/image/ab676161000051747fabcc2491d95050faa5b710
2026-04-23,jp,Japan,79,2,Uru,6le80R1opKnTlP4o3KvA2k,https://i.scdn.co/image/ab67616100005174639e68ed8f694027c429fd73
2026-04-23,jp,Japan,80,1,AiNA THE END,5k7KS34gxQbzdQaXWSOVKC,https://i.scdn.co/image/ab67616100005174c8800fcf49294bfef74b36d7
2026-04-23,jp,Japan,81,7,ENHYPEN,5t5FqBwTcgKTaWmfEbwQY9,https://i.scdn.co/image/ab67616100005174f28334d02274b673b8201299
2026-04-23,jp,Japan,82,9,WANIMA,6YqdtpUutxodni6lUD4stM,https://i.scdn.co/image/ab67616100005174520143c4a096de1bb3c0d9e6
2026-04-23,jp,Japan,83,1,Ryokuoushoku Shakai,4SJ7qRgJYNXB9Yttzs4aSa,https://i.scdn.co/image/ab67616100005174f347697819b75af450666bd1
2026-04-23,jp,Japan,84,4,My Hair is Bad,0d4XqzcMpgP6eQZ6TIW2pI,https://i.scdn.co/image/ab676161000051747096da9ff104ee8150d143d2
2026-04-23,jp,Japan,85,3,Ketsumeishi,4FyAgiZa3q0eeljDvcOXFh,https://i.scdn.co/image/ab676161000051747422d67cfd28d0050695f3a9
2026-04-23,jp,Japan,86,12,INI,73kxDUq2Hl7Upy4o0yFxXv,https://i.scdn.co/image/ab67616100005174c02fb5aa223672efff064554
2026-04-23,jp,Japan,87,15,Jin,5vV3bFXnN6D6N3Nj4xRvaV,https://i.scdn.co/image/ab6761610000517481e353e7475955f7e040af5e
2026-04-23,jp,Japan,88,4,iLiFE!,539GTPlYhFLCL6eh4jnbYy,https://i.scdn.co/image/ab67616100005174596c6e6deeba5e4ef3855953
2026-04-23,jp,Japan,89,3,Nogizaka46,08lN7bm4Etec8ETFxaTUmq,https://i.scdn.co/image/ab67616100005174c96143215b72aba93c19b4d2
2026-04-23,jp,Japan,90,3,BLACKPINK,41MozSoPIsD1dJM0CLPjZF,https://i.scdn.co/image/ab67616100005174623538b7014238c54ceee056
2026-04-23,jp,Japan,91,2,Maroon 5,04gDigrS5kc9YWfZHwBETP,https://i.scdn.co/image/ab67616100005174f8349dfb619a7f842242de77
2026-04-23,jp,Japan,92,7,KOBUKURO,0llYwFIMgF9Jzmp4ZY7wbr,https://i.scdn.co/image/ab676161000051740726412b2f488105fe0f84c1
2026-04-23,jp,Japan,93,3,Sukima Switch,0wRzWf3I4lUl9hdFF5uL0m,https://i.scdn.co/image/ab6761610000517489aaa8561d1293f4347a2cbb
2026-04-23,jp,Japan,94,1,Da-iCE,71UIOLnsacxQHlU55TvfiH,https://i.scdn.co/image/ab6761610000517490f2f9270ade80795fe0df18
2026-04-23,jp,Japan,95,1,Superfly,5M8AXrOifBT8elkLKbGPQZ,https://i.scdn.co/image/ab676161000051741b15afc624e84a07071c5c0c
2026-04-23,jp,Japan,96,–,sumika,0ySFZq3Wd0SQUyJUzmJAeb,https://i.scdn.co/image/ab6761610000517488cfb553e85ace965d53e7ac
2026-04-23,jp,Japan,97,–,FRUITS ZIPPER,4v5IVXt3oH0iNuxW9O36BV,https://i.scdn.co/image/ab67616100005174d1296bbf164ea0b769e9fd09
2026-04-23,jp,Japan,98,5,Ikimonogakari,5YneEA2nLtAhkD5t2769lZ,https://i.scdn.co/image/ab676161000051742fb3e753bdc81f5aa105233d
2026-04-23,jp,Japan,99,4,Travis Japan,28IJpwoVi5R92MtHxkj2Lk,https://i.scdn.co/image/ab676161000051742680eb5f2bdc6c0bcbb77655
2026-04-23,jp,Japan,100,1,PornoGraffitti,5jQa0f5MIMPEK7udL7UpI6,https://i.scdn.co/image/ab676161000051743cac31b07a4c40489c207340
2026-04-23,jp,Japan,101,1,BABYMONSTER,1SIocsqdEefUTE6XKGUiVS,https://i.scdn.co/image/ab6761610000517443a4c69b563a55f307bde271
2026-04-23,jp,Japan,102,7,Jung Kook,6HaGTQPmzraVmaVxvz6EUc,https://i.scdn.co/image/ab6761610000517471089d18c93e3a51e70ff0dc
2026-04-23,jp,Japan,103,4,かぐや(cv.夏吉ゆうこ),2pxkowIU5N8WKEPOYLdres,
2026-04-23,jp,Japan,104,23,Sakurazaka46,0Ti7MfCiVVQAK8zLSiqlto,https://i.scdn.co/image/ab67616100005174fdcc165625ec3cfed153e286
2026-04-23,jp,Japan,105,–,Sabrina Carpenter,74KM79TiuVKeVCqs8QtB0B,https://i.scdn.co/image/ab6761610000517478e45cfa4697ce3c437cb455
2026-04-23,jp,Japan,106,1,SUDA MASAKI,6n4SsAp5VjvIBg3s9QCcPX,https://i.scdn.co/image/ab67616100005174da512e7eb85751f92e9b6f7f
2026-04-23,jp,Japan,107,1,NewJeans,6HvZYsbFfjnjFrWF950C9d,https://i.scdn.co/image/ab67616100005174841bdcf28a956f3a384ffcf4
2026-04-23,jp,Japan,108,4,CUTIE STREET,3PLCOySHJ9zwED5yZvDtPZ,https://i.scdn.co/image/ab67616100005174a4c55459a9a5898fc8e937d7
2026-04-23,jp,Japan,109,3,SHISHAMO,6MGHit7sV38BhpChZYByFv,https://i.scdn.co/image/ab676161000051740424d6894e37cdcbb6da32f1
2026-04-23,jp,Japan,110,1,One Direction,4AK6F7OLvEQ5QYCBNiQWHq,https://i.scdn.co/image/45741ba38b51130bb96e00c0e24d17ba311a9293
2026-04-23,jp,Japan,111,2,Keisuke Kuwata,6YIqgghQqnkNne8BKQpW6v,https://i.scdn.co/image/ab67616100005174f28ce2299171bdada79a6a06
2026-04-23,jp,Japan,112,8,Eve,58oPVy7oihAEXE0Ott6JOf,https://i.scdn.co/image/ab676161000051745f10809c41ee1ae69b94fdbb
2026-04-23,jp,Japan,113,Re-Entry,NCT WISH,4FqmqIspLaUGtxAFFLsZxc,https://i.scdn.co/image/ab67616100005174dfdce70f030eccd2feb56318
2026-04-23,jp,Japan,114,7,BIGBANG,4Kxlr1PRlDKEB0ekOCyHgX,https://i.scdn.co/image/ab6761610000517441f3b91c5c5bf6651da98956
2026-04-23,jp,Japan,115,–,Aimer,0bAsR2unSRpn6BQPEnNlZm,https://i.scdn.co/image/ab67616100005174ecb2f33d56d05407f877aa81
2026-04-23,jp,Japan,116,14,Naniwa Danshi,5V0oa9WaeYkBszHV6ItVD6,https://i.scdn.co/image/ab67616100005174d9c2cd1744f2df811214c0ed
2026-04-23,jp,Japan,117,3,Lady Gaga,1HY2Jd0NmPuamShAr6KMms,https://i.scdn.co/image/ab67616100005174aadc18cac8d48124357c38e6
2026-04-23,jp,Japan,118,8,NiziU,3z8diLlUCkN1j9N9ZdnfBJ,https://i.scdn.co/image/ab676161000051746006ecb95bf696ebd05bf2d1
2026-04-23,jp,Japan,119,3,ASIAN KUNG-FU GENERATION,0MK8l3nURwwQIjafvXoJJt,https://i.scdn.co/image/ab676161000051747640113b83bd03884a0bb258
2026-04-23,jp,Japan,120,14,Watson,0pq3BIPRIccDxXRCzlCePX,https://i.scdn.co/image/ab6761610000517415a04111503ff5c3316d56f5
2026-04-23,jp,Japan,121,3,Ai Otsuka,0q7KOr99MYmwKxivChxpSd,https://i.scdn.co/image/ab67616100005174d4d93f689fdd35f19676fe1c
2026-04-23,jp,Japan,122,1,Hitsujibungaku,6S8w5rLsEwjN21jQeRES0n,https://i.scdn.co/image/ab676161000051741833f4534ed3dd88d9e12c8b
2026-04-23,jp,Japan,123,4,tuki.,1Y5vJqABeI6QI6R95EDV6o,https://i.scdn.co/image/ab676161000051748f46c09be6b50e67ecfbcbb7
2026-04-23,jp,Japan,124,2,Hey! Say! JUMP,64BB3FFJokfd3owfpnwxb0,https://i.scdn.co/image/ab67616100005174721bf11e25ef037a0cc3f1c2
2026-04-23,jp,Japan,125,–,AK-69,4Wet9Sqa5LrEjBeV4k6edh,https://i.scdn.co/image/ab67616100005174c5d24f34f669e7e04b5c4780
2026-04-23,jp,Japan,126,2,ZARD,2NKadilSWCwuqGp5QoDeUS,https://i.scdn.co/image/ab67616100005174ebe8d7cb3a567c8724138c9f
2026-04-23,jp,Japan,127,10,Hearts2Hearts,1ZLU77nRzQIaP23mVSYpCQ,https://i.scdn.co/image/ab67616100005174595f4bc18c610ea08065bdc5
2026-04-23,jp,Japan,128,2,¥ellow Bucks,1Fe6FA7A57suR2KAaERpqH,https://i.scdn.co/image/ab67616100005174488f85a955e8d57356f39e55
2026-04-23,jp,Japan,129,11,月見ヤチヨ(cv.早見沙織),1QKkhBYoDQdMEaJNp2YuVD,
2026-04-23,jp,Japan,130,11,LiSA,0blbVefuxOGltDBa00dspv,https://i.scdn.co/image/ab67616100005174d973b7036523ee044d272f88
2026-04-23,jp,Japan,131,2,Every Little Thing,7dZHl3ZmH21XpCwvcMlnml,https://i.scdn.co/image/ab6761610000517499cc74b62feb4c1d0d2a7bde
2026-04-23,jp,Japan,132,5,Marcy,7oQ6zxSp4eQjvVkk9rGIDV,https://i.scdn.co/image/ab6761610000517402b99695febac95630d5284f
2026-04-23,jp,Japan,133,1,milet,45ft4DyTCEJfQwTBHXpdhM,https://i.scdn.co/image/ab67616100005174872ac9361447312857940765
2026-04-23,jp,Japan,134,5,UVERworld,6m14xgA0m3w92UM7ujJgky,https://i.scdn.co/image/ab67616100005174ae3d2ebb32cb7109a152ceb0
2026-04-23,jp,Japan,135,27,J SOUL BROTHERS III,1g51NlHKUXlgfvGP22m0uD,https://i.scdn.co/image/ab676161000051747da8e171ee051bf2cc2a5755
2026-04-23,jp,Japan,136,4,Tani Yuuki,0B1ce3uNrzkdm76NXI4mhX,https://i.scdn.co/image/ab676161000051742d6cdcda470f59669bdc5b91
2026-04-23,jp,Japan,137,6,ORANGE RANGE,4upiYMjsFfLRieGo8RVRzD,https://i.scdn.co/image/ab67616100005174ac2b83edd94711a30aaafd83
2026-04-23,jp,Japan,138,1,yama,7kOrrFIBIBc8uCu2zbxbLv,https://i.scdn.co/image/ab67616100005174102509e6ae5000293ad834c5
2026-04-23,jp,Japan,139,3,Noriyuki Makihara,3vVDusnDA0LcPH3NvZpoyM,https://i.scdn.co/image/ab67616100005174c90cf6fc7f731c55ac940dba
2026-04-23,jp,Japan,140,2,Mariya Takeuchi,3WwGRA2o4Ux1RRMYaYDh7N,https://i.scdn.co/image/ab676161000051741daad2142894adbb71a7cb09
2026-04-23,jp,Japan,141,4,GLAY,00AFbqxvdDK6T1D6MQZ9c1,https://i.scdn.co/image/ab67616100005174067263d9fd65fd21563ab6cd
2026-04-23,jp,Japan,142,11,あんさんぶるスターズ！！,1mWiumgVzg1qWJKIU42Evx,https://i.scdn.co/image/ab676161000051749f443a0cf196c60ae2413a78
2026-04-23,jp,Japan,143,3,Rokudenashi,4kpQdAU7yPjqtiJsFcBTBb,https://i.scdn.co/image/ab6761610000517414043c4068014df671543a02
2026-04-23,jp,Japan,144,5,Joe Hisaishi,7nzSoJISlVJsn7O0yTeMOB,https://i.scdn.co/image/ab67616100005174255e3fb8af57399bc9975c61
2026-04-23,jp,Japan,145,9,HY,3x621ItlHMtX7mrJ8QnEjM,https://i.scdn.co/image/ab67616100005174b3c7c1bfa7d56f5b37e8fee3
2026-04-23,jp,Japan,146,2,Miliyah,29D4iRqjepAsZt6o5hccND,https://i.scdn.co/image/ab676161000051742f4e68005574d92256b788ea
2026-04-23,jp,Japan,147,13,indigo la End,26ZBeXl5Gqr3TAv2itmyCU,https://i.scdn.co/image/ab67616100005174564bb3ded4625478ab9bcc98
2026-04-23,jp,Japan,148,2,DISH//,0jJmZHZHNe8n24Y33z5Nil,https://i.scdn.co/image/ab676161000051747179efe64bfdf1f820bad916
2026-04-23,jp,Japan,149,6,YUZU,7lNFzeAXmSIKexINNgO6bu,https://i.scdn.co/image/ab67616100005174f942a8461c91c4f2fa9d6538
2026-04-23,jp,Japan,150,3,Yumi Matsutoya,1LQQtqc1vQ1neUgZrjYlEU,https://i.scdn.co/image/ab6761610000517410588e49397ab79da2ba465c
2026-04-23,jp,Japan,151,9,Hoshimachi Suisei,726WiFmWkohzodUxK3XjHX,https://i.scdn.co/image/ab67616100005174de6b03e1ce3f4d3427e8cdf9
2026-04-23,jp,Japan,152,15,Avicii,1vCWHaC5f2uS3yhpwWbIA6,https://i.scdn.co/image/ab67616100005174ae07171f989fb39736674113
2026-04-23,jp,Japan,153,6,neguse.,7jiFTNRWSw8zYgUj9wNJld,https://i.scdn.co/image/ab67616100005174fb3164dbfe5efbb266626c71
2026-04-23,jp,Japan,154,6,KEIJU,7K3bqkZs0SVUS9K13bnwHL,https://i.scdn.co/image/ab6761610000517481c777205f304a42f10efd3a
2026-04-23,jp,Japan,155,28,KAT-TUN,5HQAzIHOdemXR2DoevwhjT,https://i.scdn.co/image/ab676161000051740a8b691e90ff80f788bdd460
2026-04-23,jp,Japan,156,4,Motohiro Hata,706WzkJEacBrtkHKRpBU2q,https://i.scdn.co/image/ab67616100005174781882e96c035b29f257cd47
2026-04-23,jp,Japan,157,1,The Beatles,3WrFJ7ztbogyGnTHbHJFl2,https://i.scdn.co/image/ab67616100005174119b61b35985e3b957c5ecb7
2026-04-23,jp,Japan,158,Re-Entry,Hi-STANDARD,5bqCpmhZzNzRzzKSbbDkeH,https://i.scdn.co/image/ab6761610000517442c819a464e427397cc0613b
2026-04-23,jp,Japan,159,9,timelesz,1ZFfhzyXjPvbzSYPlCIwo3,https://i.scdn.co/image/ab676161000051747037f4c7b980521f9c344e27
2026-04-23,jp,Japan,160,3,globe,5O6t6gb6MeNqzOBAq1oLad,https://i.scdn.co/image/ab676161000051746bbebc4bbbff3a44883c1923
2026-04-23,jp,Japan,161,2,[Alexandros],1luOe8HkZQ7zwuaO2wuJqI,https://i.scdn.co/image/ab67616100005174bbde0ca8aa8b0dbbc2240eb1
2026-04-23,jp,Japan,162,2,STUTS,0qC4CNzOUtgdmdVzRqCa1d,https://i.scdn.co/image/ab67616100005174e336579d56d6fb5a0174c23a
2026-04-23,jp,Japan,163,28,Remioromen,4Yz1LjHwgQ5DFWJrZL8bC8,https://i.scdn.co/image/ab67616100005174603546ce2d7ff0fede4b9702
2026-04-23,jp,Japan,164,8,WurtS,6oued35Hkg7GIEXqVfBrQK,https://i.scdn.co/image/ab67616100005174da7f203573c6da5792a36f56
2026-04-23,jp,Japan,165,3,IMP.,2ahbTOVqWJKyj6TUXqFcf1,https://i.scdn.co/image/ab6761610000517410336c65a668f72cd965b630
2026-04-23,jp,Japan,166,10,Koji Tamaki,5KLvrcsAUwqMOqxErwSJmD,https://i.scdn.co/image/ab67616100005174551fe6fe3f6a90466a11f561
2026-04-23,jp,Japan,167,9,Masaharu Fukuyama,5FGlhIQqewJRV8fx24toG0,https://i.scdn.co/image/ab67616100005174e91439edd535a7c6e9dbdfb1
2026-04-23,jp,Japan,168,24,YZERR,7z8eFxohsIg2Tu5evbNXXo,https://i.scdn.co/image/ab6761610000517449bfdf589b66f97bef1cdd05
2026-04-23,jp,Japan,169,18,初星学園,4C9binD0PqNg8nLD93FQpr,https://i.scdn.co/image/ab67616100005174d3db44be8fba9517ffac21ff
2026-04-23,jp,Japan,170,5,chotokkyu,0udR1QMfgT37SQnL1QClTU,https://i.scdn.co/image/ab6761610000517426de3dd02767d32a939eef28
2026-04-23,jp,Japan,171,15,Kvi Baba,5VxQzcVrakID2E4UxaDPNs,https://i.scdn.co/image/ab67616100005174357747d575d09d59bf39e877
2026-04-23,jp,Japan,172,3,L'Arc-en-Ciel,6jTjjAjvYvMYfaqi837p5x,https://i.scdn.co/image/ab67616100005174aca8e5ff6666f21a688a54b6
2026-04-23,jp,Japan,173,8,KATSEYE,3c0gDdb9lhnHGFtP4prQpn,https://i.scdn.co/image/ab6761610000517404ba72b2749f90d62152ebec
2026-04-23,jp,Japan,174,3,Tiji Jojo,2ZEOC8FatCSFTFVtt1laOt,https://i.scdn.co/image/ab6761610000517420fd2ed278855c65c84a2933
2026-04-23,jp,Japan,175,1,The Weeknd,1Xyo4u8uXC1ZmMpatF05PJ,https://i.scdn.co/image/ab67616100005174c1719ac9e6a75c1c25835018
2026-04-23,jp,Japan,176,6,AKB48,01wau5CL3Z1vfJJWkzBkqg,https://i.scdn.co/image/ab67616100005174a06ad70a82807dc3a45a67d2
2026-04-23,jp,Japan,177,16,KPop Demon Hunters Cast,7mW7Tv7NvywKKXqafZo0Lc,https://i.scdn.co/image/ab67616d00001e026c1334650ced0e28f0b2e13f
2026-04-23,jp,Japan,178,1,BOØWY,0pr3ep0knQaPHEZ2X8niA0,https://i.scdn.co/image/ab6761610000517420640f2f6dfa188d77200639
2026-04-23,jp,Japan,179,4,Elle Teresa,3eP3EbQEnina3kh1UTNvbj,https://i.scdn.co/image/ab676161000051740743d3553f2243e5865c97f5
2026-04-23,jp,Japan,180,Re-Entry,WEST.,0VbpS8goXhAQ8vnwiJUNf3,https://i.scdn.co/image/ab676161000051742d89f1df7021a3b572feb17d
2026-04-23,jp,Japan,181,3,Seiko Matsuda,3E5NLQpQbd0eJ18XO9zC0h,https://i.scdn.co/image/ab67616100005174c28a295d3df576729a5d2ca7
2026-04-23,jp,Japan,182,7,Ken Hirai,6jIhEiXcCAyBsuEI7qZ9vc,https://i.scdn.co/image/ab67616100005174bfa2e97328402729c0812038
2026-04-23,jp,Japan,183,10,TREASURE,3KonOYiLsU53m4yT7gNotP,https://i.scdn.co/image/ab676161000051744b4f8f2f8b8a9557d5dcfde2
2026-04-23,jp,Japan,184,31,Kohjiya,1jn7KGhS5f79E6efpgukdK,https://i.scdn.co/image/ab67616100005174690111631ae96dcf39b3b10c
2026-04-23,jp,Japan,185,5,ayaka,22FsmLO3ZyvgWBy5QbfcQi,https://i.scdn.co/image/ab676161000051740e011642cc34a156de69141b
2026-04-23,jp,Japan,186,17,ryo (supercell),5Ud2lekREUXjinNlIGjJIX,https://i.scdn.co/image/ab6761610000517438e83bc49b6d002b61704559
2026-04-23,jp,Japan,187,–,Miyuki Nakajima,0caDIM0rTovLDe5UdFvK1t,https://i.scdn.co/image/ab67616100005174df198b8c6f14f8d540b19720
2026-04-23,jp,Japan,188,6,α Healing,1ky9AutfgEv5IsgVnFgA6K,https://i.scdn.co/image/ab67616d00001e02b8ffaba4424401993db07304
2026-04-23,jp,Japan,189,Re-Entry,Shogo Hamada,46Y4IAsvxi9vMQjqL2wdfy,https://i.scdn.co/image/ab67616100005174e87d8da31d0d021b34d0da2d
2026-04-23,jp,Japan,190,19,TWS,4GgBKgxhc649frZDHcXIEz,https://i.scdn.co/image/ab6761610000517450686aae536e7ad1f1d131a2
2026-04-23,jp,Japan,191,4,YUI,5WBO8UyOuJ1l7ZBqqBimpO,https://i.scdn.co/image/ab676161000051748f1a9645d31010a8f81b7e89
2026-04-23,jp,Japan,192,4,KANA-BOON,3PWp9R5HvbQgxI5KBx5kVd,https://i.scdn.co/image/ab67616100005174efc58ab999928508a102151d
2026-04-23,jp,Japan,193,3,Billie Eilish,6qqNVTkY8uBg9cP3Jd7DAH,https://i.scdn.co/image/ab676161000051744a21b4760d2ecb7b0dcdc8da
2026-04-23,jp,Japan,194,10,HOYO-MiX,2YvlK6lKiKVjXxsjvNbnqg,https://i.scdn.co/image/ab676161000051749e83221b244b3ec23d8faa58
2026-04-23,jp,Japan,195,1,CANDY TUNE,4Yq4M6kdQTjkPBOp7aPJrA,https://i.scdn.co/image/ab67616100005174cbe8b62221ab634f350bc981
2026-04-23,jp,Japan,196,3,RIIZE,2jOm3cYujQx6o1dxuiuqaX,https://i.scdn.co/image/ab6761610000517450c63abdb4c2f17093aaf63f
2026-04-23,jp,Japan,197,1,Shawn Mendes,7n2wHs1TKAczGzO7Dd2rGr,https://i.scdn.co/image/ab6761610000517458b4b9419486550f6fda0535
2026-04-23,jp,Japan,198,2,AI,0aD7NQx7yauKlVDnqOxk6q,https://i.scdn.co/image/ab67616100005174369c1ac41672ce94be12d2dc
2026-04-23,jp,Japan,199,1,Kento Nakajima,3KJigfhLjMfuE2HXsgXbln,https://i.scdn.co/image/ab67616100005174e86c5324bcad1d8e5f23330b
2026-04-23,jp,Japan,200,Re-Entry,noa,2rUfBClgdqQ4Svcg0A6gIl,https://i.scdn.co/image/ab676161000051741b93f75974cfba6e7a095161
2026-04-23,kr,South Korea,1,–,BTS,3Nrfpe0tUJi4K4DXYWgMUX,https://i.scdn.co/image/ab67616100005174f80ec63ea7a0ef0fba60957d
2026-04-23,kr,South Korea,2,–,AKMU,6OwKE9Ez6ALxpTaKcT5ayv,https://i.scdn.co/image/ab676161000051741d615b0cee186e63bd735c19
2026-04-23,kr,South Korea,3,1,Justin Bieber,1uNFoZAHBGtllmzznpCI3s,https://i.scdn.co/image/ab67616100005174af20f7db5288bce9beede034
2026-04-23,kr,South Korea,4,1,HANRORO,5wVJpXzuKV6Xj7Yhsf2uYx,https://i.scdn.co/image/ab676161000051742b1eca3debf68d26f7f25816
2026-04-23,kr,South Korea,5,1,HAON,2krUNMgFZYm5s4Nn0g91W9,https://i.scdn.co/image/ab67616100005174aae8ad30b0c3f56562bb59b1
2026-04-23,kr,South Korea,6,1,BIGBANG,4Kxlr1PRlDKEB0ekOCyHgX,https://i.scdn.co/image/ab6761610000517441f3b91c5c5bf6651da98956
2026-04-23,kr,South Korea,7,2,NOWIMYOUNG,66LxteaHD7NvxCnkQoyw2G,https://i.scdn.co/image/ab67616100005174e74a98a67555e0019197491d
2026-04-23,kr,South Korea,8,3,PLAVE,0k2zyzGq6HX383VlMBOvRG,https://i.scdn.co/image/ab6761610000517471b906c9b276122f7c9b680b
2026-04-23,kr,South Korea,9,61,NCT WISH,4FqmqIspLaUGtxAFFLsZxc,https://i.scdn.co/image/ab67616100005174dfdce70f030eccd2feb56318
2026-04-23,kr,South Korea,10,2,NewJeans,6HvZYsbFfjnjFrWF950C9d,https://i.scdn.co/image/ab67616100005174841bdcf28a956f3a384ffcf4
2026-04-23,kr,South Korea,11,2,Hearts2Hearts,1ZLU77nRzQIaP23mVSYpCQ,https://i.scdn.co/image/ab67616100005174595f4bc18c610ea08065bdc5
2026-04-23,kr,South Korea,12,3,The Black Skirts,6WeDO4GynFmK4OxwkBzMW8,https://i.scdn.co/image/ab676161000051748609536d21beed6769d09d7f
2026-04-23,kr,South Korea,13,–,Jin,5vV3bFXnN6D6N3Nj4xRvaV,https://i.scdn.co/image/ab6761610000517481e353e7475955f7e040af5e
2026-04-23,kr,South Korea,14,–,BOL4,4k5fFEYgkWYrYvtOK3zVBl,https://i.scdn.co/image/ab676161000051744a970fe13b80298b5621d657
2026-04-23,kr,South Korea,15,2,Bruno Mars,0du5cEVh5yTK9QJze8zA0C,https://i.scdn.co/image/ab67616100005174c7688aad1bf03986934d7e26
2026-04-23,kr,South Korea,16,6,Royal 44,6I5eyZiVUpuPwE8mTXp7hC,https://i.scdn.co/image/ab676161000051745a5ba53e9569d30282b8465f
2026-04-23,kr,South Korea,17,1,Kenshi Yonezu,1snhtMLeb2DYoMOcVbb8iB,https://i.scdn.co/image/ab67616100005174a39642d6f3ba26f42d54ac98
2026-04-23,kr,South Korea,18,6,Sik-K,5DIi2JWfQPTKffaVBlIYRn,https://i.scdn.co/image/ab676161000051741a6cc6e3939ab528f3b4feea
2026-04-23,kr,South Korea,19,–,DAY6,5TnQc2N1iKlFjYD7CPGvFc,https://i.scdn.co/image/ab676161000051746bf26f017d7397f06df7b254
2026-04-23,kr,South Korea,20,4,Jung Kook,6HaGTQPmzraVmaVxvz6EUc,https://i.scdn.co/image/ab6761610000517471089d18c93e3a51e70ff0dc
2026-04-23,kr,South Korea,21,1,IU,3HqSLMAZ3g3d5poNaI7GOU,https://i.scdn.co/image/ab67616100005174789f38042e5ef8911fc3826b
2026-04-23,kr,South Korea,22,1,Jimin,1oSPZhvZMIrWW5I41kPkkY,https://i.scdn.co/image/ab67616100005174cf3a9c35db52ba44f3b921e3
2026-04-23,kr,South Korea,23,2,aespa,6YVMFz59CuY7ngCxTxjpxE,https://i.scdn.co/image/ab67616100005174053bbb910dda6d4ab0618b8b
2026-04-23,kr,South Korea,24,7,TOMORROW X TOGETHER,0ghlgldX5Dd6720Q3qFyQB,https://i.scdn.co/image/ab6761610000517454fc4bff90d96d3ef0179e62
2026-04-23,kr,South Korea,25,1,Yorushika,4UK2Lzi6fBfUi9rpDt6cik,https://i.scdn.co/image/ab67616100005174e62cff9c6018ae5616b01eab
2026-04-23,kr,South Korea,26,8,Kanye West,5K4W6rqBFWDnAN6FQUkS6x,https://i.scdn.co/image/ab676161000051746e835a500e791bf9c27a422a
2026-04-23,kr,South Korea,27,2,ILLIT,36cgvBn0aadzOijnjjwqMN,https://i.scdn.co/image/ab676161000051747fabcc2491d95050faa5b710
2026-04-23,kr,South Korea,28,5,데이먼스 이어 Damons year,2T5KKZuEEudb7alCJ1pCus,https://i.scdn.co/image/ab67616100005174341c85848c698e505bb967b4
2026-04-23,kr,South Korea,29,2,Taylor Swift,06HL4z0CvFAxyc27GXpf02,https://i.scdn.co/image/ab67616100005174e2e8e7ff002a4afda1c7147e
2026-04-23,kr,South Korea,30,8,Lil Moshpit,0tVSrjQ0NpDlecsJwGmrMy,https://i.scdn.co/image/ab676161000051747788f8e4ea79048cd4064c91
2026-04-23,kr,South Korea,31,8,Epik High,5snNHNlYT2UrtZo5HCJkiw,https://i.scdn.co/image/ab67616100005174a1875d1827aa452e009137d8
2026-04-23,kr,South Korea,32,4,10CM,6zn0ihyAApAYV51zpXxdEp,https://i.scdn.co/image/ab676161000051744ba512bb460561c888f239b0
2026-04-23,kr,South Korea,33,1,BLACKPINK,41MozSoPIsD1dJM0CLPjZF,https://i.scdn.co/image/ab67616100005174623538b7014238c54ceee056
2026-04-23,kr,South Korea,34,1,"Car, the garden",7c1HgFDe8ogy5NOZ1ANCJQ,https://i.scdn.co/image/ab67616100005174c01f9208391fe683603a0617
2026-04-23,kr,South Korea,35,7,Charlie Puth,6VuMaDnrHyPL1p4EHjYLi7,https://i.scdn.co/image/ab676161000051746721f541fb123145d4cb3ace
2026-04-23,kr,South Korea,36,7,Loco,2e4G04F77jxVuDYo44TCSm,https://i.scdn.co/image/ab676161000051745e7434d5fdfde7dbc146eb10
2026-04-23,kr,South Korea,37,4,Yerin Baek,6dhfy4ByARPJdPtMyrUYJK,https://i.scdn.co/image/ab6761610000517436fb1d2c40997cd05363de1f
2026-04-23,kr,South Korea,38,5,G-DRAGON,30b9WulBM8sFuBo17nNq9c,https://i.scdn.co/image/ab67616100005174783a6a578e8eb992bfd74765
2026-04-23,kr,South Korea,39,5,LE SSERAFIM,4SpbR6yFEvexJuaBpgAU5p,https://i.scdn.co/image/ab67616100005174d4037f03c5f92e7e6ea89b9e
2026-04-23,kr,South Korea,40,2,Sung Si Kyung,7jFUYMpMUBDL4JQtMZ5ilc,https://i.scdn.co/image/ab676161000051745c85d1892bed878af193285e
2026-04-23,kr,South Korea,41,4,IVE,6RHTUrRF63xao58xh9FXYJ,https://i.scdn.co/image/ab67616100005174e9134cc9371327f8238b1840
2026-04-23,kr,South Korea,42,2,The Weeknd,1Xyo4u8uXC1ZmMpatF05PJ,https://i.scdn.co/image/ab67616100005174c1719ac9e6a75c1c25835018
2026-04-23,kr,South Korea,43,2,BOYNEXTDOOR,4hnHLgMSOiqERWBL4jINP1,https://i.scdn.co/image/ab67616100005174d9aa688429b2947aa7d3649c
2026-04-23,kr,South Korea,44,8,OSUN,5B0qfgiKQ1593oBKreR5Fb,https://i.scdn.co/image/ab67616100005174b8e0e5feffa3d496f67f372e
2026-04-23,kr,South Korea,45,1,Leellamarz,79g2STpP2iV1xfgHuhrhX0,https://i.scdn.co/image/ab676161000051744eaf216b35e7c5ac20f91c4d
2026-04-23,kr,South Korea,46,2,ENHYPEN,5t5FqBwTcgKTaWmfEbwQY9,https://i.scdn.co/image/ab67616100005174f28334d02274b673b8201299
2026-04-23,kr,South Korea,47,17,BIG Naughty,7cEaNXXTHx3LokbjUUyHal,https://i.scdn.co/image/ab67616100005174c165956d3d04700c1e890a31
2026-04-23,kr,South Korea,48,1,OFFICIAL HIGE DANDISM,5Vo1hnCRmCM6M4thZCInCj,https://i.scdn.co/image/ab67616100005174a603edbfe14a6bced859d7e1
2026-04-23,kr,South Korea,49,7,JANNABI,2SY6OktZyMLdOnscX3DCyS,https://i.scdn.co/image/ab67616100005174776565cc2d97c46f4d000134
2026-04-23,kr,South Korea,50,–,YENA,49muoiIu4uea4PO8vueUNN,https://i.scdn.co/image/ab67616100005174a0cbe5ecc3014288c0bbbf4d
2026-04-23,kr,South Korea,51,1,Ariana Grande,66CXWjxzNUsdJxJ2JdwvnR,https://i.scdn.co/image/ab6761610000517468412f2d0177a9ebc265ff58
2026-04-23,kr,South Korea,52,5,Vaundy,2IUl3m1H1EQ7QfNbNWvgru,https://i.scdn.co/image/ab67616100005174b718d2d3988005d3a72f22c9
2026-04-23,kr,South Korea,53,–,Crush,6aLdhHUqgdKE86xbtNmY8g,https://i.scdn.co/image/ab67616100005174bf0c39864a4e7361818c2a1a
2026-04-23,kr,South Korea,54,5,GroovyRoom,29HqjVbJr3vsc2l6BTI4eB,https://i.scdn.co/image/ab67616100005174c669bd3ef0cb1bd511ab7e5e
2026-04-23,kr,South Korea,55,4,TWS,4GgBKgxhc649frZDHcXIEz,https://i.scdn.co/image/ab6761610000517450686aae536e7ad1f1d131a2
2026-04-23,kr,South Korea,56,8,TWICE,7n2Ycct7Beij7Dj7meI4X0,https://i.scdn.co/image/ab676161000051743d8820046fd455b38d644864
2026-04-23,kr,South Korea,57,56,YANGHONGWON,1SsVqqC31h54Hg08g7uQhM,https://i.scdn.co/image/ab67616100005174173030fcb47d03c0328a9a5c
2026-04-23,kr,South Korea,58,1,LEE MU JIN,4Xj0peBt3EZHbdF20JmdWC,https://i.scdn.co/image/ab67616100005174474f4a0aa10dd7732bc679df
2026-04-23,kr,South Korea,59,1,Daniel Caesar,20wkVLutqVOYrc0kxFs7rA,https://i.scdn.co/image/ab67616100005174e4d94f7cbebb17504c25d419
2026-04-23,kr,South Korea,60,1,Kid Milli,7IWshUcKfJyDWrbiF2XT8J,https://i.scdn.co/image/ab67616100005174f132a47755eeab007a292a3f
2026-04-23,kr,South Korea,61,4,LUCY,4eh2JeBpQaScfHKKXZh5vO,https://i.scdn.co/image/ab676161000051742cd1196569576dff6dfc70c8
2026-04-23,kr,South Korea,62,4,SEVENTEEN,7nqOGRxlXj7N2JYbgNEjYH,https://i.scdn.co/image/ab676161000051748da3a229445fd3cd896cdd5c
2026-04-23,kr,South Korea,63,1,Roy Kim,3ErHVJMsxTq2lLSmnONBm9,https://i.scdn.co/image/ab676161000051747d60d4ff10d35a469946b4f6
2026-04-23,kr,South Korea,64,4,Sabrina Carpenter,74KM79TiuVKeVCqs8QtB0B,https://i.scdn.co/image/ab6761610000517478e45cfa4697ce3c437cb455
2026-04-23,kr,South Korea,65,2,Mrs. GREEN APPLE,4QvgGvpgzgyUOo8Yp8LDm9,https://i.scdn.co/image/ab676161000051740b6fd24c14a46a5027d65e47
2026-04-23,kr,South Korea,66,18,Park Hyo Shin,57htMBtzpppc1yoXgjbslj,https://i.scdn.co/image/ab676161000051747a7d4f77e962baf427eeea80
2026-04-23,kr,South Korea,67,12,pH-1,2u7CP5T30c8ctenzXgEV1W,https://i.scdn.co/image/ab67616100005174b4e1a93443ecd2faf97cc2e1
2026-04-23,kr,South Korea,68,2,fromis_9,24nUVBIlCGi4twz4nYxJum,https://i.scdn.co/image/ab6761610000517461de39dee8dae4e850948c6a
2026-04-23,kr,South Korea,69,–,Busker Busker,6jgrgDBt1SbtNbc25sLaTH,https://i.scdn.co/image/ab67616100005174354f59f3c926ef815f9af7ff
2026-04-23,kr,South Korea,70,7,Ed Sheeran,6eUKZXaKkcviH0Ku9w2n3V,https://i.scdn.co/image/ab67616100005174d55c95ad400aed87da52daec
2026-04-23,kr,South Korea,71,8,TOIL,698zn8fEOIr1OrfqG4283S,https://i.scdn.co/image/ab67616100005174078840d41e1ac86f88d7522e
2026-04-23,kr,South Korea,72,3,JENNIE,250b0Wlc5Vk0CoUsaCY84M,https://i.scdn.co/image/ab676161000051743feb82fe1bb947a2aa65f6b8
2026-04-23,kr,South Korea,73,2,Stray Kids,2dIgFjalVxs4ThymZ67YCE,https://i.scdn.co/image/ab6761610000517491be1e574fd2e0992f94decb
2026-04-23,kr,South Korea,74,20,Raf Sandou,4FBKTurCVdtC6Fq8mSQgj8,https://i.scdn.co/image/ab6761610000517422e6f76f9d596825b469dc69
2026-04-23,kr,South Korea,75,6,BUZZ,4SdXXEHKFa5NSoh10QxeN2,https://i.scdn.co/image/ab6761610000517448455877cc3ba10743bc5683
2026-04-23,kr,South Korea,76,7,Zion.T,5HenzRvMtSrgtvU16XAoby,https://i.scdn.co/image/ab67616100005174451e705e650fa08297953ef8
2026-04-23,kr,South Korea,77,21,RIIZE,2jOm3cYujQx6o1dxuiuqaX,https://i.scdn.co/image/ab6761610000517450c63abdb4c2f17093aaf63f
2026-04-23,kr,South Korea,78,10,SZA,7tYKF4w9nC0nq9CsPZTHyP,https://i.scdn.co/image/ab67616100005174fd0a9fb6c252a3ba44079acf
2026-04-23,kr,South Korea,79,7,TAEYEON,3qNVuliS40BLgXGxhdBdqu,https://i.scdn.co/image/ab67616100005174d3cee7772514a1bcef46a9b6
2026-04-23,kr,South Korea,80,4,King Gnu,6wxfx1yhyqjCPYwwxJktR2,https://i.scdn.co/image/ab676161000051744ec795dffef81475326da642
2026-04-23,kr,South Korea,81,18,Primary,4QDcs3XrA8uHUZ7Xt9Ytep,https://i.scdn.co/image/ab67616d00001e0230b6adc29d752c16f25ff834
2026-04-23,kr,South Korea,82,14,Beenzino,7IrDIIq3j04exsiF3Z7CPg,https://i.scdn.co/image/ab67616100005174ff26398cc4399702e8124986
2026-04-23,kr,South Korea,83,4,D.O.,2CQZr2RPZmrcvDnaod1ldC,https://i.scdn.co/image/ab676161000051742d48f6ba136061fb9ff1676a
2026-04-23,kr,South Korea,84,–,MC MONG,6gEWl778wJTkq4Uk5eBvgD,https://i.scdn.co/image/ab67616100005174e30f465a9378e55bfecd3410
2026-04-23,kr,South Korea,85,11,Post Malone,246dkjvS1zLTtiykXe5h60,https://i.scdn.co/image/ab67616100005174e17c0aa1714a03d62b5ce4e0
2026-04-23,kr,South Korea,86,3,Nosun,0BHYZCuuyLl53LVgeC3pUa,https://i.scdn.co/image/ab67616100005174491f4067247dd222b89ec56f
2026-04-23,kr,South Korea,87,7,Maroon 5,04gDigrS5kc9YWfZHwBETP,https://i.scdn.co/image/ab67616100005174f8349dfb619a7f842242de77
2026-04-23,kr,South Korea,88,3,george,2pRZp2WxvnWWiSPcSSYkNV,https://i.scdn.co/image/ab67616100005174e51697d5a851560c26205257
2026-04-23,kr,South Korea,89,14,LEE CHANHYUK,4RkTSLr5Qf79FfUkeaDKbl,https://i.scdn.co/image/ab676161000051747f7c380b0b079d8ea86b4bc0
2026-04-23,kr,South Korea,90,14,PSY,2dd5mrQZvg6SmahdgVKDzh,https://i.scdn.co/image/ab6761610000517424b5185226d5b7c6aa91db5a
2026-04-23,kr,South Korea,91,5,ZENE THE ZILLA,1MMbv4LTpwbh2APtXuwaZN,https://i.scdn.co/image/ab676161000051748bd5b71d17a832329dc0ad04
2026-04-23,kr,South Korea,92,14,KiiiKiii,63sat2XSMKdwKfqspmYQKP,https://i.scdn.co/image/ab67616100005174bb46a2477f053c63ff093867
2026-04-23,kr,South Korea,93,7,Heize,5dCvSnVduaFleCnyy98JMo,https://i.scdn.co/image/ab6761610000517429117e38caf056aba53cc80c
2026-04-23,kr,South Korea,94,4,WOODZ,6y9nlaoynxSvoTGY09Vdcy,https://i.scdn.co/image/ab67616100005174bca2d3a56c90d3a50fb0597d
2026-04-23,kr,South Korea,95,–,Red Velvet,1z4g3DjTBBZKhvAroFlhOM,https://i.scdn.co/image/ab67616100005174d6c6537054755d396684e629
2026-04-23,kr,South Korea,96,20,Nerd Connection,5WKUZJPvN1SScyggtPFShK,https://i.scdn.co/image/ab676161000051741bbcb5844b6855c332e40ad9
2026-04-23,kr,South Korea,97,30,EXO,3cjEqqelV9zb4BYE3qDQ4O,https://i.scdn.co/image/ab67616100005174447a60e587e104c24ed3c890
2026-04-23,kr,South Korea,98,14,DAVICHI,4z6yrDz5GfKXkeQZjOaZdq,https://i.scdn.co/image/ab6761610000517440e9bd998a98de7a1c1ef354
2026-04-23,kr,South Korea,99,3,BABYMONSTER,1SIocsqdEefUTE6XKGUiVS,https://i.scdn.co/image/ab6761610000517443a4c69b563a55f307bde271
2026-04-23,kr,South Korea,100,27,Fleeky Bang,4whHCEnN1w4cexp2J7h4OC,https://i.scdn.co/image/ab67616100005174b74815827e9b499cf5d570f5
2026-04-23,kr,South Korea,101,16,hamo,7bQHemX2QBqGaERdrfraNW,https://i.scdn.co/image/ab6761610000517439d99645a0415cc7f50a3b9c
2026-04-23,kr,South Korea,102,9,Drake,3TVXtAsR1Inumwj472S9r4,https://i.scdn.co/image/ab676161000051744293385d324db8558179afd9
2026-04-23,kr,South Korea,103,6,YOASOBI,64tJ2EAv1R6UaZqc4iOCyj,https://i.scdn.co/image/ab67616100005174192be4e9b455c2d5dd5dfe09
2026-04-23,kr,South Korea,104,10,KC,0hQTMC0zU4pFW0Lc7ExB6f,https://i.scdn.co/image/ab6761610000517401556b546c226f43c58ace5a
2026-04-23,kr,South Korea,105,–,LAUV,5JZ7CnR6gTvEMKX4g70Amv,https://i.scdn.co/image/ab676161000051749dde640a32d379dd5869fe4e
2026-04-23,kr,South Korea,106,9,back number,6rs1KAoQnFalSqSU4LTh8g,https://i.scdn.co/image/ab676161000051744344b16f251fbbd9d34f3d5a
2026-04-23,kr,South Korea,107,1,NMIXX,28ot3wh4oNmoFOdVajibBl,https://i.scdn.co/image/ab676161000051745dff706e8c9ec07f7850f014
2026-04-23,kr,South Korea,108,–,HYUKOH,57okaLdCtv3nVBSn5otJkp,https://i.scdn.co/image/ab67616100005174a83b7860635940ed829ee09b
2026-04-23,kr,South Korea,109,9,ROSÉ,3eVa5w3URK5duf6eyVDbu9,https://i.scdn.co/image/ab67616100005174cfb4350222919670128ff2dc
2026-04-23,kr,South Korea,110,3,Coldplay,4gzpq5DPGxSnKTe4SA8HAU,https://i.scdn.co/image/ab676161000051741ba8fc5f5c73e7e9313cc6eb
2026-04-23,kr,South Korea,111,29,KISS OF LIFE,4TEK9tIkcoxib4GxT3O4ky,https://i.scdn.co/image/ab676161000051744b89abdc6c414c949aa45cbe
2026-04-23,kr,South Korea,112,2,Kendrick Lamar,2YZyLoL8N0Wb9xBt1NhZWg,https://i.scdn.co/image/ab6761610000517439ba6dcd4355c03de0b50918
2026-04-23,kr,South Korea,113,Re-Entry,CORTIS,1ebt9HnXdyYA6KgLXr1n4P,https://i.scdn.co/image/ab67616100005174267afab76836557af2bd37c8
2026-04-23,kr,South Korea,114,10,RADWIMPS,1EowJ1WwkMzkCkRomFhui7,https://i.scdn.co/image/ab67616100005174f7374b42bee7c71b9649ac83
2026-04-23,kr,South Korea,115,10,wave to earth,5069JTmv5ZDyPeZaCCXiCg,https://i.scdn.co/image/ab6761610000517411fa75d331351ecfc2e93faf
2026-04-23,kr,South Korea,116,23,Younha,6GwM5CHqhWXzG3l5kzRSAS,https://i.scdn.co/image/ab676161000051748c224704a778341352d015d3
2026-04-23,kr,South Korea,117,2,VINXEN,4T6xiCykTP9rCNaEPU7D4q,https://i.scdn.co/image/ab676161000051741249e0e4671a04aa0d786386
2026-04-23,kr,South Korea,118,2,Don Toliver,4Gso3d4CscCijv0lmajZWs,https://i.scdn.co/image/ab67616100005174c52b798deb89eb8414a51b7b
2026-04-23,kr,South Korea,119,27,Jung Junhyuk,3AfvvgMrTONEdoXOfWrBoS,https://i.scdn.co/image/ab6761610000517440692414ce256353b0a6346a
2026-04-23,kr,South Korea,120,7,GIRIBOY,2MtHuR0W2idZdF7x4wddqq,https://i.scdn.co/image/ab67616100005174bddc6fbd6f3557379cc671b0
2026-04-23,kr,South Korea,121,5,V,3JsHnjpbhX4SnySpvpa9DK,https://i.scdn.co/image/ab6761610000517489a07818e5d02039a6ef3181
2026-04-23,kr,South Korea,122,25,DEAN,3eCd0TZrBPm2n9cDG6yWfF,https://i.scdn.co/image/ab676161000051740380068b5097515265c51f4b
2026-04-23,kr,South Korea,123,37,Woo,5a8EJtOEbUJDF4RX3mKK02,https://i.scdn.co/image/ab67616100005174c6d18bfd181b078ba9760653
2026-04-23,kr,South Korea,124,2,N.Flying,2ZmXexIJAD7PgABrj0qQRb,https://i.scdn.co/image/ab676161000051747622e352087ab6a303b33275
2026-04-23,kr,South Korea,125,4,ZUTOMAYO,38WbKH6oKAZskBhqDFA8Uj,https://i.scdn.co/image/ab6761610000517439f876095d0486fc3a54e4cf
2026-04-23,kr,South Korea,126,11,BE'O,5NUVwRESNqYBUTRbiATjy7,https://i.scdn.co/image/ab67616100005174a3cf406befb223896bf736b2
2026-04-23,kr,South Korea,127,10,Harry Styles,6KImCVD70vtIoJWnq6nGn3,https://i.scdn.co/image/ab67616100005174e309f8c3056a59f20d0968ca
2026-04-23,kr,South Korea,128,8,natori,6WmXWHmfBMhupyIs8MSqtu,https://i.scdn.co/image/ab67616100005174494cf503cef48c0439f9907b
2026-04-23,kr,South Korea,129,24,Silica Gel,2kxVxKOgoefmgkwoHipHsn,https://i.scdn.co/image/ab6761610000517413400fbc8e055088b5acf81b
2026-04-23,kr,South Korea,130,New,BILL STAX,459tVR1zPUmVwOROer0adD,https://i.scdn.co/image/ab67616100005174ccdcaea752636aab7b2964f3
2026-04-23,kr,South Korea,131,8,Travis Scott,0Y5tJX1MQlPlqiwlOH1tJY,https://i.scdn.co/image/ab6761610000517419c2790744c792d05570bb71
2026-04-23,kr,South Korea,132,–,CHANGMO,3hvinNZRzTLoREmqFiKr1b,https://i.scdn.co/image/ab67616100005174bb73111f9404833bd8df8816
2026-04-23,kr,South Korea,133,6,SYSTEM SEOUL,1YBOO3E40cq9VVNUHeQGDm,https://i.scdn.co/image/ab67616100005174932bf99e9314c9423fe32b60
2026-04-23,kr,South Korea,134,3,ASH ISLAND,7IEhlwWQA7pCkEvzwwHehE,https://i.scdn.co/image/ab676161000051743e4becdd5732e924b98d4d9a
2026-04-23,kr,South Korea,135,7,Choi Yu Ree,6qvVoPGEqNCyYSjYCgfV1v,https://i.scdn.co/image/ab6761610000517416f4c9e7abde9edb616bc421
2026-04-23,kr,South Korea,136,1,Redoor,5xhi1KB7WkPiTYb5Fm3YvS,https://i.scdn.co/image/ab676161000051747bcdd2468196ac16303587b3
2026-04-23,kr,South Korea,137,Re-Entry,ksmartboi,6iBjPtCEGarFwpdJUc39P9,https://i.scdn.co/image/ab67616100005174839949737de121278da5b88c
2026-04-23,kr,South Korea,138,4,M.C the Max,3MaRWfwKpbYnkYHC5gRKYo,https://i.scdn.co/image/ab67616100005174326ead2c66cb0e3e2942776c
2026-04-23,kr,South Korea,139,8,Dynamicduo,4nvFFLtv7ZqoTr83387uK4,https://i.scdn.co/image/ab676161000051748f66ec26f9ae0a3238df995e
2026-04-23,kr,South Korea,140,3,Girls' Generation,0Sadg1vgvaPqGTOjxu0N6c,https://i.scdn.co/image/ab67616100005174385df356841aaec34a0914aa
2026-04-23,kr,South Korea,141,3,Billie Eilish,6qqNVTkY8uBg9cP3Jd7DAH,https://i.scdn.co/image/ab676161000051744a21b4760d2ecb7b0dcdc8da
2026-04-23,kr,South Korea,142,1,ZICO,4XpUIb8uuNlIWVKmgKZXC0,https://i.scdn.co/image/ab67616100005174abf246ea3cc5db3a70d97496
2026-04-23,kr,South Korea,143,42,lIlBOI,25wMXkplvEHJpJHX8A6Ved,https://i.scdn.co/image/ab676161000051743731e543846227488b936651
2026-04-23,kr,South Korea,144,14,Lady Gaga,1HY2Jd0NmPuamShAr6KMms,https://i.scdn.co/image/ab67616100005174aadc18cac8d48124357c38e6
2026-04-23,kr,South Korea,145,31,MASON HOME,6fUWivVaWaEgN2G0m7c0Wa,https://i.scdn.co/image/ab67616100005174bb0d81179459b8f1b1df2157
2026-04-23,kr,South Korea,146,13,KATSEYE,3c0gDdb9lhnHGFtP4prQpn,https://i.scdn.co/image/ab6761610000517404ba72b2749f90d62152ebec
2026-04-23,kr,South Korea,147,10,Fujii Kaze,6bDWAcdtVR3WHz2xtiIPUi,https://i.scdn.co/image/ab67616100005174adf53c59da1a6d161a55f6d4
2026-04-23,kr,South Korea,148,–,CODE KUNST,4WnO2VmlwdTX77ANsThWLQ,https://i.scdn.co/image/ab676161000051747de6ec03eb1dc3952f2afe89
2026-04-23,kr,South Korea,149,Re-Entry,Xdinary Heroes,1khChLj7REGqjM043PlYyn,https://i.scdn.co/image/ab676161000051745303067167c8126003bd15d1
2026-04-23,kr,South Korea,150,5,COOL,0w3PsroIezW7uRTNxEJLb9,https://i.scdn.co/image/ab676161000051741530818c6d2cde31b1992559
2026-04-23,kr,South Korea,151,5,Imagine Dragons,53XhwfbYqKCa1cC15pYq2q,https://i.scdn.co/image/ab67616100005174ab47d8dae2b24f5afe7f9d38
2026-04-23,kr,South Korea,152,14,NCT DREAM,1gBUSTR3TyDdTVFIaQnc02,https://i.scdn.co/image/ab67616100005174ed95357b2b295b2be5058b0b
2026-04-23,kr,South Korea,153,3,Leessang,0JGN9XIqm3vfg7hhPHjExI,https://i.scdn.co/image/ab67616d00001e02dc7284b710f1e8612d6dc71f
2026-04-23,kr,South Korea,154,5,PATEKO,0J372uvAXbRjLFSoAVE2lp,https://i.scdn.co/image/ab676161000051745f24b3c8fd7e66d0433803cd
2026-04-23,kr,South Korea,155,38,The Kid LAROI,2tIP7SsRs7vjIcLrU85W8J,https://i.scdn.co/image/ab676161000051741cea74b0fa7d098d5e80cd87
2026-04-23,kr,South Korea,156,8,Ghvstclub,3xZZnLrFVGNdJh0CMoBcwy,https://i.scdn.co/image/ab67616d00001e02add449efca98f27c220d71ab
2026-04-23,kr,South Korea,157,1,Yuuri,0ixzjrK1wkN2zWBXt3VW3W,https://i.scdn.co/image/ab67616100005174b7810275be6eafe82b8f5f00
2026-04-23,kr,South Korea,158,18,PENOMECO,1MAUqH0haKBYbjpknTfreY,https://i.scdn.co/image/ab6761610000517412740107b3c79348a79b1f41
2026-04-23,kr,South Korea,159,10,Latto,3MdXrJWsbVzdn6fe5JYkSQ,https://i.scdn.co/image/ab676161000051742d805d9a367bdad2096ab817
2026-04-23,kr,South Korea,160,1,Doja Cat,5cj0lLjcoR7YOSnhnX0Po5,https://i.scdn.co/image/ab676161000051748a0644455ebfa7d3976f5101
2026-04-23,kr,South Korea,161,Re-Entry,Olivia Rodrigo,1McMsnEElThX1knmY4oliG,https://i.scdn.co/image/ab67616100005174b14eb4dcfd2f3858bed06e44
2026-04-23,kr,South Korea,162,3,LNGSHOT,2F4oTJOWkcD1JaTeKEa9h6,https://i.scdn.co/image/ab67616100005174866f74c2edeb8dad4ffd7b7d
2026-04-23,kr,South Korea,163,8,Paul Kim,4qRXrzUmdy3p33lgvJEzdv,https://i.scdn.co/image/ab67616100005174ab3e74a61b74a0586ee2273e
2026-04-23,kr,South Korea,164,1,LEEHI,7cVZApDoQZpS447nHTsNqu,https://i.scdn.co/image/ab676161000051743c34da519a773ed07b3d9c44
2026-04-23,kr,South Korea,165,New,GGM Kimbo,6bOmh7MQ7xtlCFE6YTFMak,https://i.scdn.co/image/ab67616100005174e9bc1285cf837a44f01c09bf
2026-04-23,kr,South Korea,166,8,Ado,6mEQK9m2krja6X1cfsAjfl,https://i.scdn.co/image/ab67616100005174bcb1c184c322688f10cdce7a
2026-04-23,kr,South Korea,167,5,ALLDAY PROJECT,4gEMn0YPOdotLOygnk0Ng2,https://i.scdn.co/image/ab676161000051741c4e96c09862074fddbbbf1f
2026-04-23,kr,South Korea,168,7,MAKTUB,0frNU3rG4ltOP4GNBA1g4j,https://i.scdn.co/image/ab67616100005174f17a4539a230317f3a0f0942
2026-04-23,kr,South Korea,169,7,Dua Lipa,6M2wZ9GZgrQXHCFfjv46we,https://i.scdn.co/image/ab676161000051740c68f6c95232e716f0abee8d
2026-04-23,kr,South Korea,170,4,Frank Ocean,2h93pZq0e7k5yf4dywlkpM,https://i.scdn.co/image/ab67616100005174ee3123e593174208f9754fab
2026-04-23,kr,South Korea,171,6,SG Wannabe,2c3IakpImjWyeXNvyyGsdn,https://i.scdn.co/image/ab67616d00001e02a4e38b2719387cd1cd2d8e81
2026-04-23,kr,South Korea,172,20,XG,0LOK81e9H5lr61HlGGHqwA,https://i.scdn.co/image/ab6761610000517433976622533d0a586741d4f9
2026-04-23,kr,South Korea,173,New,Rich Iggy,0NTtQahShERuGuakUaydEe,https://i.scdn.co/image/ab676161000051745cb5dfc85a9e22f15c720672
2026-04-23,kr,South Korea,174,20,KPop Demon Hunters Cast,7mW7Tv7NvywKKXqafZo0Lc,https://i.scdn.co/image/ab67616d00001e026c1334650ced0e28f0b2e13f
2026-04-23,kr,South Korea,175,4,Lee Moon Sae,2eVlgLy3Aym09gM3dqx6cq,https://i.scdn.co/image/ab67616d00001e02fd3108c3d964134489f4da9f
2026-04-23,kr,South Korea,176,6,MeloMance,6k4r73Wq8nhkCDoUsECL1e,https://i.scdn.co/image/ab67616100005174a0e601a6151cf62e4ff2ced2
2026-04-23,kr,South Korea,177,43,tuki.,1Y5vJqABeI6QI6R95EDV6o,https://i.scdn.co/image/ab676161000051748f46c09be6b50e67ecfbcbb7
2026-04-23,kr,South Korea,178,–,Jazzyfact,7l9DszIMmxbcc24RJwqJY8,https://i.scdn.co/image/ab67616d00001e0265d0f9ea6722f503b33e93f0
2026-04-23,kr,South Korea,179,11,K.Will,1XNC9ksvgXeD1xRJruSA5t,https://i.scdn.co/image/ab67616100005174d07d4a4d320cc06bef26ce7d
2026-04-23,kr,South Korea,180,6,Roh Yun Ha,4F0KZ0SXe4z5xrgX6TXAPy,https://i.scdn.co/image/ab67616100005174db4573f73df42f4c4c352f6f
2026-04-23,kr,South Korea,181,14,j-hope,0b1sIQumIAsNbqAoIClSpy,https://i.scdn.co/image/ab67616100005174ff9ce914c873a6879cf78f38
2026-04-23,kr,South Korea,182,1,Lim Jae Hyun,3GXxRsiCLmZvM5oSeHbNdO,https://i.scdn.co/image/ab67616d00001e02cf40f40bb6163fc44c8b4253
2026-04-23,kr,South Korea,183,2,Jay Park,4XDi67ZENZcbfKnvMnTYsI,https://i.scdn.co/image/ab676161000051746f5dc265d9c3a0e907360aea
2026-04-23,kr,South Korea,184,New,DIMO REX,0GAYGBzZBTtYKkHIZs9ADH,https://i.scdn.co/image/ab676161000051743acb943a00626ac299c3d755
2026-04-23,kr,South Korea,185,3,Jung Seung Hwan,7l8rOFwZFQ3G0sgZ7gjGng,https://i.scdn.co/image/ab6761610000517470e421846bdd71847716d87d
2026-04-23,kr,South Korea,186,6,Punch,2FgZrgTMX6Sk0VNcOsEPmm,https://i.scdn.co/image/ab67616100005174065608c797a38d142082fc8a
2026-04-23,kr,South Korea,187,2,Shawn Mendes,7n2wHs1TKAczGzO7Dd2rGr,https://i.scdn.co/image/ab6761610000517458b4b9419486550f6fda0535
2026-04-23,kr,South Korea,188,4,Aimyon,5kVZa4lFUmAQlBogl1fkd6,https://i.scdn.co/image/ab6761610000517487c4f7794417bdb0265c4f70
2026-04-23,kr,South Korea,189,1,Dominic Fike,6USv9qhCn6zfxlBQIYJ9qs,https://i.scdn.co/image/ab67616100005174f2903326ec44d5ecb37dcad9
2026-04-23,kr,South Korea,190,17,Jang Beom June,529ZdRwFoSKtQ0LPwKxGiu,https://i.scdn.co/image/ab676161000051743947648525dc7c070a1de0e9
2026-04-23,kr,South Korea,191,Re-Entry,Swings,6F5tPDq3TIduDv2ki6O1Oq,https://i.scdn.co/image/ab6761610000517473f51614c61ec947471a4e1c
2026-04-23,kr,South Korea,192,2,2NE1,1l0mKo96Jh9HVYONcRl3Yp,https://i.scdn.co/image/ab67616100005174cd3114c3d3dc89d5ec1c9145
2026-04-23,kr,South Korea,193,3,Dj Samir,6U0dJxYVB41L8WDZ02Nwuk,https://i.scdn.co/image/ab67616100005174270d26c1be427fd625aa56dd
2026-04-23,kr,South Korea,194,20,Playboi Carti,699OTQXzgjhIYAHMy9RyPD,https://i.scdn.co/image/ab67616100005174ba50ca67ffc3097f6ea1710a
2026-04-23,kr,South Korea,195,16,Olivia Dean,00x1fYSGhdqScXBRpSj3DW,https://i.scdn.co/image/ab676161000051745c7577ad44daeb7ce4b941a1
2026-04-23,kr,South Korea,196,67,Ye,3NlsBPwqJuDgtXZ2rv5Dmq,https://i.scdn.co/image/ab67616100005174592816284c71eee455ff7093
2026-04-23,kr,South Korea,197,46,Tray B,4GSbZvuTa6GeWVt4LtPzX5,https://i.scdn.co/image/ab67616100005174ae51335ab4a79ce38270fd1f
2026-04-23,kr,South Korea,198,11,keshi,3pc0bOVB5whxmD50W79wwO,https://i.scdn.co/image/ab676161000051743a0f8f319aeef1aa4115f5e8
2026-04-23,kr,South Korea,199,24,GFRIEND,0qlWcS66ohOIi0M8JZwPft,https://i.scdn.co/image/ab67616100005174147d34b8d51da48913a8d023
2026-04-23,kr,South Korea,200,3,Oasis,2DaxqgrOhkeH0fpeiQq2f4,https://i.scdn.co/image/ab67616100005174b4ddbc39706ef0f2ae0f7c9b
2026-04-23,vn,Vietnam,1,–,BTS,3Nrfpe0tUJi4K4DXYWgMUX,https://i.scdn.co/image/ab67616100005174f80ec63ea7a0ef0fba60957d
2026-04-23,vn,Vietnam,2,–,HIEUTHUHAI,5HZtdKfC4xU0wvhEyYDWiY,https://i.scdn.co/image/ab67616100005174f39f3b8365b39fd757b442d7
2026-04-23,vn,Vietnam,3,9,Justin Bieber,1uNFoZAHBGtllmzznpCI3s,https://i.scdn.co/image/ab67616100005174af20f7db5288bce9beede034
2026-04-23,vn,Vietnam,4,–,Jung Kook,6HaGTQPmzraVmaVxvz6EUc,https://i.scdn.co/image/ab6761610000517471089d18c93e3a51e70ff0dc
2026-04-23,vn,Vietnam,5,2,GREY D,6d0dLenjy5CnR5ZMn2agiV,https://i.scdn.co/image/ab676161000051749f18e7cce7be5f16dc7103f8
2026-04-23,vn,Vietnam,6,1,Dangrangto,5xY6E5PMZNtz9jDvxTRiGI,https://i.scdn.co/image/ab67616100005174c8896f8c830d7f1d55ac3195
2026-04-23,vn,Vietnam,7,1,JustaTee,3rjcQ5VIWCN4q7UFetzdeO,https://i.scdn.co/image/ab6761610000517432ef88cff38b5ff46fa0004a
2026-04-23,vn,Vietnam,8,–,buitruonglinh,7Cp2hGcriAaDUAWpXnSEwm,https://i.scdn.co/image/ab6761610000517447c2f0663c194a6534ef13b0
2026-04-23,vn,Vietnam,9,–,"ANH TRAI ""SAY HI""",4wZ6awunqaaVLl5j0WpDFu,https://i.scdn.co/image/ab676161000051746f1640bbb255a2921955ec7f
2026-04-23,vn,Vietnam,10,–,Low G,6TITnFVRcl0AcZ4syE7Toe,https://i.scdn.co/image/ab67616100005174458922055cf6250e3b6df382
2026-04-23,vn,Vietnam,11,4,Sơn Tùng M-TP,5dfZ5uSmzR7VQK0udbAVpf,https://i.scdn.co/image/ab676161000051748885185d1e914c51c15c3a13
2026-04-23,vn,Vietnam,12,1,SOOBIN,6CGGvCBHWqQ4HXtn5aLhbh,https://i.scdn.co/image/ab6761610000517430db194110c51d9e7fd3c7e7
2026-04-23,vn,Vietnam,13,–,Vũ.,57g2v7gJZepcwsuwssIfZs,https://i.scdn.co/image/ab676161000051742d7150aa7e90e9a85610ab3d
2026-04-23,vn,Vietnam,14,–,B Ray,1WvNgEoB66jmHodcj15Zi9,https://i.scdn.co/image/ab6761610000517469b0142434aee6cd70a581bc
2026-04-23,vn,Vietnam,15,–,Obito,0ZbgKh0FgPYeFP38nVaEGp,https://i.scdn.co/image/ab676161000051741e5be0003167776bef2fc911
2026-04-23,vn,Vietnam,16,4,Latto,3MdXrJWsbVzdn6fe5JYkSQ,https://i.scdn.co/image/ab676161000051742d805d9a367bdad2096ab817
2026-04-23,vn,Vietnam,17,–,MIN,0IdAjS2LRieBR3gzoazdAw,https://i.scdn.co/image/ab676161000051747a2969bce359f6c1a39b26a8
2026-04-23,vn,Vietnam,18,2,Phùng Khánh Linh,23Gbd21nBxC1kCtcG2Cd0C,https://i.scdn.co/image/ab676161000051743d72fd994882153be8113e7d
2026-04-23,vn,Vietnam,19,1,tlinh,3diftVOq7aEIebXKkC34oR,https://i.scdn.co/image/ab67616100005174cd3c7bfb73a04b6b481e9357
2026-04-23,vn,Vietnam,20,7,Da LAB,6zUWZmyi5MLOEynQ5wCI5f,https://i.scdn.co/image/ab6761610000517462c092ca08054a8ce883ef7e
2026-04-23,vn,Vietnam,21,2,Vũ Cát Tường,7yquVKfxBuNFJbG9cy2R8A,https://i.scdn.co/image/ab676161000051745f8ecdf749f805691a999711
2026-04-23,vn,Vietnam,22,1,Shiki,3hRnvEdu1iPyB6EzMBbuZq,https://i.scdn.co/image/ab6761610000517471581ba96c0dfa03f23beeb9
2026-04-23,vn,Vietnam,23,1,Negav,4fg8aMZ23d2bxKz7r2vt9v,https://i.scdn.co/image/ab67616100005174425c4e3964f7fd024842ec76
2026-04-23,vn,Vietnam,24,1,AMEE,2aQnC3DbZB9GbauvhAw7ve,https://i.scdn.co/image/ab67616100005174fd70279a04a9b3796e7dcd4d
2026-04-23,vn,Vietnam,25,4,RPT MCK,1zSv9qZANOWB4HRE8sxeTL,https://i.scdn.co/image/ab676161000051746a6065f675433dde99716a7e
2026-04-23,vn,Vietnam,26,4,Wxrdie,1Jmkhzve9TuXHUUWGmpANw,https://i.scdn.co/image/ab67616100005174f7ac790a43867c10ef8a7d29
2026-04-23,vn,Vietnam,27,1,VSTRA,2aMo0CYbTieTisS0BlWc59,https://i.scdn.co/image/ab67616100005174eb9745ccb0034f57e7d9b6a0
2026-04-23,vn,Vietnam,28,–,Binz,2nSO7JYDbJrYbJmP39qUzj,https://i.scdn.co/image/ab676161000051743022fca05b4ea1cba89fc9be
2026-04-23,vn,Vietnam,29,3,Dương Domic,4KPyQxL1zqEiBcTwW6c9HE,https://i.scdn.co/image/ab67616100005174c4dec6cbe0dcd58ebac32bfe
2026-04-23,vn,Vietnam,30,1,marzuz,3y6Lfjkrdn5TgkbgDxbpvM,https://i.scdn.co/image/ab676161000051748983bdda7697fd4fbbff483f
2026-04-23,vn,Vietnam,31,1,Hoàng Dũng,6OzE2OdvV2tGAxSBsBuZ74,https://i.scdn.co/image/ab67616100005174737a9da0ddb330f242cf16d5
2026-04-23,vn,Vietnam,32,1,Ronboogz,0dBcEvEklr1jx4uZuhFX5e,https://i.scdn.co/image/ab676161000051748de0c8ed480aabd579520b48
2026-04-23,vn,Vietnam,33,2,The Weeknd,1Xyo4u8uXC1ZmMpatF05PJ,https://i.scdn.co/image/ab67616100005174c1719ac9e6a75c1c25835018
2026-04-23,vn,Vietnam,34,2,Đen,1LEtM3AleYg1xabW6CRkpi,https://i.scdn.co/image/ab6761610000517491d2d39877c13427a2651af5
2026-04-23,vn,Vietnam,35,1,Tyronee,04xz9bIBYTIqEpmRvQkfvu,https://i.scdn.co/image/ab676161000051746162b401151ff8da80ac577a
2026-04-23,vn,Vietnam,36,4,Taylor Swift,06HL4z0CvFAxyc27GXpf02,https://i.scdn.co/image/ab67616100005174e2e8e7ff002a4afda1c7147e
2026-04-23,vn,Vietnam,37,1,BMZ,3euFcFd5Dc7JAz6t7oKg7m,https://i.scdn.co/image/ab6761610000517472ee71305a5799765ff63db4
2026-04-23,vn,Vietnam,38,1,DONAL,3rSAej8VUifF02zpsGjsRZ,https://i.scdn.co/image/ab67616100005174daf49778344410bbdd1f38fd
2026-04-23,vn,Vietnam,39,2,Chillies,2xvW7dgL1640K8exTcRMS4,https://i.scdn.co/image/ab67616100005174685a3ddc903029189b9c01c5
2026-04-23,vn,Vietnam,40,1,Hngle,7kBsX15IDun9YxuVmKCMYJ,https://i.scdn.co/image/ab6761610000517494ffe077b80ca5ec6623fd04
2026-04-23,vn,Vietnam,41,1,RHYDER,1W2pigH6UYwuTuFbwoSfVZ,https://i.scdn.co/image/ab676161000051743a413ecb08d6a5b0a496d3c0
2026-04-23,vn,Vietnam,42,11,Thắng,1oD9fKbb7qQ2nhn9JJC24F,https://i.scdn.co/image/ab6761610000517443adea396c358455ecc0e73f
2026-04-23,vn,Vietnam,43,74,CORTIS,1ebt9HnXdyYA6KgLXr1n4P,https://i.scdn.co/image/ab67616100005174267afab76836557af2bd37c8
2026-04-23,vn,Vietnam,44,–,Ariana Grande,66CXWjxzNUsdJxJ2JdwvnR,https://i.scdn.co/image/ab6761610000517468412f2d0177a9ebc265ff58
2026-04-23,vn,Vietnam,45,2,VƯƠNG BÌNH,351mBX7BjjI2plbfozIzqb,https://i.scdn.co/image/ab67616100005174d9d6e74731705eb9547ab101
2026-04-23,vn,Vietnam,46,–,Phương Ly,5Kh0ta0UY4uJ4g2CIdq9V9,https://i.scdn.co/image/ab67616100005174d44b24dd66374b59c07e319e
2026-04-23,vn,Vietnam,47,2,"EM XINH ""SAY HI""",1I5CkmtLVWLUygTT3cLr5X,https://i.scdn.co/image/ab676161000051746f627123ba2c74ec534c85f7
2026-04-23,vn,Vietnam,48,5,HURRYKNG,5ulyphh5uJrH4Gb1JpSMkV,https://i.scdn.co/image/ab676161000051743b7998f162dea56d0961bd97
2026-04-23,vn,Vietnam,49,2,W/N,6NF9Oa4ThQWCj6mogFSrVD,https://i.scdn.co/image/ab67616100005174316c0f0bc6cf3a29c203ab1e
2026-04-23,vn,Vietnam,50,1,Bruno Mars,0du5cEVh5yTK9QJze8zA0C,https://i.scdn.co/image/ab67616100005174c7688aad1bf03986934d7e26
2026-04-23,vn,Vietnam,51,3,Quang Hùng MasterD,0slOzRzTQb1RBBVJbvRITP,https://i.scdn.co/image/ab67616100005174114e6e6e87d44db768bc8cea
2026-04-23,vn,Vietnam,52,3,Rhymastic,0gGd4WhPXBSgDX6fdOHcOw,https://i.scdn.co/image/ab67616100005174925504351e48c2dbdcad135f
2026-04-23,vn,Vietnam,53,1,Quân A.P,2NRcG7E1j2sSi8vnUzCcpi,https://i.scdn.co/image/ab67616100005174dcf9d96bc4ce9e0b4bd68fba
2026-04-23,vn,Vietnam,54,6,Hoàng Tôn,6xRZoWlE9twEkMC5NW4Z9f,https://i.scdn.co/image/ab67616100005174ab6f21bdd29462d76d15c554
2026-04-23,vn,Vietnam,55,9,BigDaddy,3Tehj7YghQc7zH0I1faGc6,https://i.scdn.co/image/ab676161000051749162b656f506ae82d3cea5ac
2026-04-23,vn,Vietnam,56,16,Charlie Puth,6VuMaDnrHyPL1p4EHjYLi7,https://i.scdn.co/image/ab676161000051746721f541fb123145d4cb3ace
2026-04-23,vn,Vietnam,57,7,Táo,23xCr75lKvnFvKi8ImHE7S,https://i.scdn.co/image/ab676161000051749b8293cdd868056794436d84
2026-04-23,vn,Vietnam,58,3,Minh Huy,5zT1Ku9mzzl6RW5y4z0hUK,https://i.scdn.co/image/ab676161000051743d51e7e8667668bfba17b9af
2026-04-23,vn,Vietnam,59,7,Wren Evans,5M3ffmRiOX9Q8Y4jNeR5wu,https://i.scdn.co/image/ab676161000051749df9185bb090509181d1f275
2026-04-23,vn,Vietnam,60,4,Changg,1nX1HVIUo1Zfs3e2v3lFb9,https://i.scdn.co/image/ab67616100005174cee74d91e3b503a98e7c52c1
2026-04-23,vn,Vietnam,61,4,Ari,6cV92JqHZPWNfa7T4oAvR9,https://i.scdn.co/image/ab67616100005174ad55601d0e53397ba2e7a933
2026-04-23,vn,Vietnam,62,4,Ngọt,0V2DfUrZvBuUReS1LFo5ZI,https://i.scdn.co/image/ab6761610000517466e0a040a53996e8bf19f9b5
2026-04-23,vn,Vietnam,63,8,Orange,5lAfakPZgxFKgiJD6xAF1G,https://i.scdn.co/image/ab676161000051744d926e0d5f8aed417f5c08ad
2026-04-23,vn,Vietnam,64,1,Lou Hoàng,75Ki5hBCOpDtKGoFyTvLxP,https://i.scdn.co/image/ab676161000051741ecb294a0e1b2749d648f555
2026-04-23,vn,Vietnam,65,2,PC,3HD3V1nGFPwepBO7064Ij0,https://i.scdn.co/image/ab67616100005174383a6f0e2827b499dfe97ed7
2026-04-23,vn,Vietnam,66,7,Bảo Anh,4fCHhderLwLacsIOIKgu3J,https://i.scdn.co/image/ab67616100005174c8a99b7d4971c74cd6dc0eaa
2026-04-23,vn,Vietnam,67,3,Juky San,51wGpVg4Z3lv1IjuZAQjXn,https://i.scdn.co/image/ab67616100005174ef0c005b4dc65823d62c486e
2026-04-23,vn,Vietnam,68,7,Đạt G,4R3mugkUqCALXgkwSptTbg,https://i.scdn.co/image/ab676161000051747e12570933149f7b470e7915
2026-04-23,vn,Vietnam,69,7,24k.Right,0hUr8xEtATxbq2OTiJFAP0,https://i.scdn.co/image/ab67616100005174c7640a527b2fae36c66681f6
2026-04-23,vn,Vietnam,70,1,ERIK,1L1VfizWn4DkFt602yD80U,https://i.scdn.co/image/ab67616100005174916407e907705dc1ab9010c3
2026-04-23,vn,Vietnam,71,5,JENNIE,250b0Wlc5Vk0CoUsaCY84M,https://i.scdn.co/image/ab676161000051743feb82fe1bb947a2aa65f6b8
2026-04-23,vn,Vietnam,72,1,Pháp Kiều,13c4ijEkXNvEFoxGxwp5Su,https://i.scdn.co/image/ab6761610000517426a712a3489480dbfa0853ae
2026-04-23,vn,Vietnam,73,1,RAP VIỆT,1cPpd989kghzlZqfpP4KwL,https://i.scdn.co/image/ab676161000051749d2bdcb58736ac5fbd385d11
2026-04-23,vn,Vietnam,74,9,Mason Nguyen,39UJlviUwzZGZrA8DiQy31,https://i.scdn.co/image/ab67616100005174bc2269df158246cfaf72ac7d
2026-04-23,vn,Vietnam,75,4,Karik,2Bwp23pD4UVsSkchHDZw4F,https://i.scdn.co/image/ab676161000051742ef6756afdf74f9b7e3a1861
2026-04-23,vn,Vietnam,76,8,itsnk,0hy8mfXxfD8kQ6MRQkDVrn,https://i.scdn.co/image/ab676161000051741ff3a6c0093a42e89c103982
2026-04-23,vn,Vietnam,77,5,Lil Zpoet,0T8DkuhhFhdWAMN0bdeLL7,https://i.scdn.co/image/ab67616100005174a16b6342decb67ddf909306f
2026-04-23,vn,Vietnam,78,1,Thanh Hưng,14W31zJumZnGDgZuPXclTJ,https://i.scdn.co/image/ab67616100005174394f4bba5e758ad7adc00a3c
2026-04-23,vn,Vietnam,79,12,Emcee L (Da LAB),4bPYvyUn1mWwUwIW57oST2,https://i.scdn.co/image/ab6761610000517492dc4a2cbffbddb59f825fe0
2026-04-23,vn,Vietnam,80,9,Mr. Siro,35HU1GT1q797EwZsP8uduO,https://i.scdn.co/image/ab676161000051749544c5cacd4bb0da2e789621
2026-04-23,vn,Vietnam,81,3,52Hz,1y28JlO6rDMUB5rkcA4RAh,https://i.scdn.co/image/ab67616100005174ac435bec101735e4f6da93c1
2026-04-23,vn,Vietnam,82,3,Phan Mạnh Quỳnh,0aNyWetkjBvIdZvJY00yEa,https://i.scdn.co/image/ab6761610000517490e8f2fa6b253ae181e8daf4
2026-04-23,vn,Vietnam,83,3,Lana Del Rey,00FQb4jTyendYWaN8pK0wa,https://i.scdn.co/image/ab67616100005174b99cacf8acd5378206767261
2026-04-23,vn,Vietnam,84,3,H2O Remix,5sK9cYMRqNOdY9Og2DKAgs,https://i.scdn.co/image/ab6761610000517411d0c44719cdfe387924215d
2026-04-23,vn,Vietnam,85,4,Madihu,1OIYKbmhG0RxPXvVPNj3NN,https://i.scdn.co/image/ab676161000051743bcc23d31e8962897b7d3e2c
2026-04-23,vn,Vietnam,86,9,Dick,1tikl40deDgJWS57GTKiVh,https://i.scdn.co/image/ab6761610000517485bee23f43891262df072714
2026-04-23,vn,Vietnam,87,3,RIO,4dH6uW4FU977FDuTcCHGUf,https://i.scdn.co/image/ab676161000051745945466601ecd281e4916187
2026-04-23,vn,Vietnam,88,5,Only C,5GBXwBVQufRCmwI1bNRIUo,https://i.scdn.co/image/ab67616100005174c7c8ae4ffa1d7f3bfd4aadfa
2026-04-23,vn,Vietnam,89,4,Andiez,0tBmmwc8j8zbJxISwdsvjA,https://i.scdn.co/image/ab67616100005174e0234d1d97449dec5e9a4417
2026-04-23,vn,Vietnam,90,13,Andree Right Hand,4grjJqg7iwQ8RKHs8d9Snh,https://i.scdn.co/image/ab67616100005174dfe57061d76082712e9c27ec
2026-04-23,vn,Vietnam,91,3,Đức Phúc,5FWPIKz9czXWaiNtw45KQs,https://i.scdn.co/image/ab67616100005174e4b06740e275331ee84c5a26
2026-04-23,vn,Vietnam,92,16,30 Pictures,4fuBxSAuP6X7YxDZYVaLsz,https://i.scdn.co/image/ab676161000051748de8b6f628258d20034c6058
2026-04-23,vn,Vietnam,93,4,MeMe Media,1dm0F6bc96vbMWFy5pz8UR,https://i.scdn.co/image/ab6761610000517465b44e9ce58ded063edf68a1
2026-04-23,vn,Vietnam,94,2,Orinn,08xn7sYY4KworP8Vc3GoiU,https://i.scdn.co/image/ab676161000051744fdf52f134b5262c39d66ce5
2026-04-23,vn,Vietnam,95,15,Fishy,7kSmS2G15QIw8rllwGex9r,https://i.scdn.co/image/ab67616100005174d19cebcdbba85c9b30a301c9
2026-04-23,vn,Vietnam,96,8,Thịnh Suy,2xK6qcvfXuFFbU0NL95aeo,https://i.scdn.co/image/ab6761610000517430f9ed21d498b489f97a3dc6
2026-04-23,vn,Vietnam,97,1,Noo Phước Thịnh,3mibIJiduF0MVLLAvHZAxw,https://i.scdn.co/image/ab676161000051743b16d0a6d1fdf9d4ef9503fd
2026-04-23,vn,Vietnam,98,12,MAYDAYs,2iYUs3FoNodbZXKf4mkjGM,https://i.scdn.co/image/ab67616100005174b6e04d06044cc9ec4158d106
2026-04-23,vn,Vietnam,99,5,Lyly,4POahBr8YCPNKGErIiofyx,https://i.scdn.co/image/ab67616100005174d626667b97f1e52c16856e7c
2026-04-23,vn,Vietnam,100,21,Thazh,5wS0UASd1414G9lpEetQHB,https://i.scdn.co/image/ab67616d00001e02b93823d1b10918c2d6166406
2026-04-23,vn,Vietnam,101,1,T.R.I,2rVYwIYNEsMxtt8j5yemHb,https://i.scdn.co/image/ab6761610000517426aa77c2e8c55324a976a7d5
2026-04-23,vn,Vietnam,102,3,JSOL,6EybZ5zwPNEtEngfrEMevN,https://i.scdn.co/image/ab67616100005174715ebe01233a751b87f5f65b
2026-04-23,vn,Vietnam,103,23,TOMORROW X TOGETHER,0ghlgldX5Dd6720Q3qFyQB,https://i.scdn.co/image/ab6761610000517454fc4bff90d96d3ef0179e62
2026-04-23,vn,Vietnam,104,5,WEAN,30eFAXoU2kTjJPf2cq80B8,https://i.scdn.co/image/ab676161000051748ad6d7511aa55cbf0f8f1595
2026-04-23,vn,Vietnam,105,7,SZA,7tYKF4w9nC0nq9CsPZTHyP,https://i.scdn.co/image/ab67616100005174fd0a9fb6c252a3ba44079acf
2026-04-23,vn,Vietnam,106,1,Daniel Caesar,20wkVLutqVOYrc0kxFs7rA,https://i.scdn.co/image/ab67616100005174e4d94f7cbebb17504c25d419
2026-04-23,vn,Vietnam,107,16,OgeNus,5mPbBOU2KMFfStepNZ027p,https://i.scdn.co/image/ab67616100005174a16543fbcd6cb3b93e9e90d7
2026-04-23,vn,Vietnam,108,5,BIGBANG,4Kxlr1PRlDKEB0ekOCyHgX,https://i.scdn.co/image/ab6761610000517441f3b91c5c5bf6651da98956
2026-04-23,vn,Vietnam,109,1,Jey B,4nxHXVJhEDW8IBb2oUwWxA,https://i.scdn.co/image/ab67616100005174f176f2866649dd074c041237
2026-04-23,vn,Vietnam,110,9,Ngô Kiến Huy,7at0gkjCnhOBrxwQlJPJ4s,https://i.scdn.co/image/ab67616100005174ec2fb4af19564f5f5b20931a
2026-04-23,vn,Vietnam,111,15,Bùi Anh Tuấn,2Gvp79Cmni6PX13CAlSGex,https://i.scdn.co/image/ab67616100005174f2db4875c81f4d103aefc81a
2026-04-23,vn,Vietnam,112,10,2Pillz,0XtC2d9ZVigYA7iMy5YkW0,https://i.scdn.co/image/ab67616100005174673968ae32081d29534e61d1
2026-04-23,vn,Vietnam,113,10,TeuYungBoy,3oD2yI1g6aT3KawHD8ZYaU,https://i.scdn.co/image/ab67616100005174f0d96b347abec2c6872333d4
2026-04-23,vn,Vietnam,114,1,Pinny,3qkLndunlLATOqHJeefh7J,https://i.scdn.co/image/ab6761610000517403381b35a1c3c40e7b894be1
2026-04-23,vn,Vietnam,115,7,Quang Đăng Trần,2LX2SKJhvZjyH4Z7XMptjd,https://i.scdn.co/image/ab67616100005174b9097a928b3621fd6eded78d
2026-04-23,vn,Vietnam,116,11,Khoi Vu,71Cy7nzbfpuGJAS5FGxm93,https://i.scdn.co/image/ab676161000051743ef33166869d5f6f927efc88
2026-04-23,vn,Vietnam,117,1,Lâm Bảo Ngọc,3E0b68wCGYihuHBtlasfm9,https://i.scdn.co/image/ab676161000051746c3b47777655c69d0f3fb627
2026-04-23,vn,Vietnam,118,12,14 Casper,0zo8kCJVktn7oPnzpkbC2p,https://i.scdn.co/image/ab67616100005174b10b054b00f811b74f02c41d
2026-04-23,vn,Vietnam,119,29,NHONHO,041DA9FPVMgbwaE8XuAM8m,https://i.scdn.co/image/ab67616100005174503d07a65d9e0ee1a45f1fe8
2026-04-23,vn,Vietnam,120,9,Bon Nghiêm,6hnfLIkvDl6pjlAe1YRGXY,https://i.scdn.co/image/ab67616100005174b06867d9c9459c8248b7d49c
2026-04-23,vn,Vietnam,121,7,Minh Tốc & Lam,27RoKwun6jKycKbH2iYUFU,https://i.scdn.co/image/ab676161000051749356dc60a510083595847fe6
2026-04-23,vn,Vietnam,122,3,Jack - J97,3KJopZ2uUclqEtLxQg0FNn,https://i.scdn.co/image/ab67616100005174590faf0dfd50885b67186aab
2026-04-23,vn,Vietnam,123,15,Ngô Lan Hương,3y0Tmt0epaxAHy6L89dGGC,https://i.scdn.co/image/ab67616100005174bb4132356e7bc0500cbb0032
2026-04-23,vn,Vietnam,124,16,Hustlang Robber,3JWIaDWHJq11w1xPqJStEv,https://i.scdn.co/image/ab6761610000517445af20cc2a9e69d0164be5aa
2026-04-23,vn,Vietnam,125,9,MONSTAR,2CLdtsyD2NsTOBBOVr7fi8,https://i.scdn.co/image/ab67616100005174670d1bbea09cde81f7a7893c
2026-04-23,vn,Vietnam,126,1,CoolKid,1Qia4CTwh6x0CZbD0079zi,https://i.scdn.co/image/ab67616100005174d827dadbf77d77cf5e207c1a
2026-04-23,vn,Vietnam,127,9,Hipz,3g8l4a4JtYNpYKqSMZMnK0,https://i.scdn.co/image/ab6761610000517491012b71d91feb21a041faae
2026-04-23,vn,Vietnam,128,Re-Entry,Olivia Rodrigo,1McMsnEElThX1knmY4oliG,https://i.scdn.co/image/ab67616100005174b14eb4dcfd2f3858bed06e44
2026-04-23,vn,Vietnam,129,10,CONGB,0n5wPsNoNc7w1bElyNzY4Z,https://i.scdn.co/image/ab676161000051745a65ba9225aaddb96df52cea
2026-04-23,vn,Vietnam,130,2,Hà Anh Tuấn,3FwYnbtGNt8hJfjNuOfpeG,https://i.scdn.co/image/ab67616100005174e790217ff9f7f2922524b93e
2026-04-23,vn,Vietnam,131,2,Billie Eilish,6qqNVTkY8uBg9cP3Jd7DAH,https://i.scdn.co/image/ab676161000051744a21b4760d2ecb7b0dcdc8da
2026-04-23,vn,Vietnam,132,1,Masew,3nGqUwkJHiLPDECMVrX1Sq,https://i.scdn.co/image/ab676161000051745994d6460124b6bca750c455
2026-04-23,vn,Vietnam,133,9,Shartnuss,2BoU3GzyaG397l5ci1twa9,https://i.scdn.co/image/ab67616100005174418ea7fde203b96661e581f0
2026-04-23,vn,Vietnam,134,4,BLACKPINK,41MozSoPIsD1dJM0CLPjZF,https://i.scdn.co/image/ab67616100005174623538b7014238c54ceee056
2026-04-23,vn,Vietnam,135,6,Kai Đinh,3E6LGptA8lBEXPHAQCE3vr,https://i.scdn.co/image/ab676161000051742294463c85487b93510b854c
2026-04-23,vn,Vietnam,136,8,Tr.D,6jiITlNS4hrm3dq90ZDftJ,https://i.scdn.co/image/ab676161000051744d856374dcdb83b155ea49c6
2026-04-23,vn,Vietnam,137,–,Hoàng Duyên,3LbBKYlyMaATS8IIe7HJ0d,https://i.scdn.co/image/ab67616100005174359afbad4ad160ea1550fe29
2026-04-23,vn,Vietnam,138,38,Ân ngờ,3Myoe574gxIKLU5bKqjkFk,https://i.scdn.co/image/ab67616100005174761ae59040d6f5a41004f4db
2026-04-23,vn,Vietnam,139,18,Ed Sheeran,6eUKZXaKkcviH0Ku9w2n3V,https://i.scdn.co/image/ab67616100005174d55c95ad400aed87da52daec
2026-04-23,vn,Vietnam,140,50,Malcolm Todd,7eKkW1zo5uzW8kUntiiBvz,https://i.scdn.co/image/ab676161000051749f6f7c2d12975d2a4b3a0fd8
2026-04-23,vn,Vietnam,141,2,Gill,5Hv9MhUFvGlYurce5BDRUh,https://i.scdn.co/image/ab67616100005174722a075e1fdc0ee93fc27e69
2026-04-23,vn,Vietnam,142,22,ROSÉ,3eVa5w3URK5duf6eyVDbu9,https://i.scdn.co/image/ab67616100005174cfb4350222919670128ff2dc
2026-04-23,vn,Vietnam,143,4,MANBO,2rKtPYcwYmevNcaqzJOwvf,https://i.scdn.co/image/ab67616100005174aba0f73db3e1c7b04738a4c6
2026-04-23,vn,Vietnam,144,9,WOKEUP,0qAJ604EZMbkbpZ9NN6W6d,https://i.scdn.co/image/ab67616100005174dfe775d97f72658dc91ec3ea
2026-04-23,vn,Vietnam,145,5,Doja Cat,5cj0lLjcoR7YOSnhnX0Po5,https://i.scdn.co/image/ab676161000051748a0644455ebfa7d3976f5101
2026-04-23,vn,Vietnam,146,10,Phankeo,2rv0GwxSEWKhz54nLluNhK,https://i.scdn.co/image/ab67616100005174d7d413616a4fed81f0969b5a
2026-04-23,vn,Vietnam,147,2,Đức Trường,4R2engiAed6QeIV63PDAz0,https://i.scdn.co/image/ab6761610000517406f528770312eb9028634e71
2026-04-23,vn,Vietnam,148,2,Sabrina Carpenter,74KM79TiuVKeVCqs8QtB0B,https://i.scdn.co/image/ab6761610000517478e45cfa4697ce3c437cb455
2026-04-23,vn,Vietnam,149,8,Bùi Công Nam,6oqtpFuvCTISMPeGv6P2sj,https://i.scdn.co/image/ab67616100005174fdc66d4545e55019735ac629
2026-04-23,vn,Vietnam,150,1,antransax,3E3VtUZsU5Ci439SjOdCd0,https://i.scdn.co/image/ab67616100005174f3b48aee2e37bcbe923c64d5
2026-04-23,vn,Vietnam,151,7,Lady Gaga,1HY2Jd0NmPuamShAr6KMms,https://i.scdn.co/image/ab67616100005174aadc18cac8d48124357c38e6
2026-04-23,vn,Vietnam,152,13,Tóc Tiên,4YkqEuVf1Jf2x2XDqJ2CvC,https://i.scdn.co/image/ab67616100005174f81a6b0a0df8b6fc45487a1f
2026-04-23,vn,Vietnam,153,1,The Masked Singer,1dwfi5uS5pfQMhAic73Q7L,https://i.scdn.co/image/ab676161000051747438c02cbeee407d99b4db43
2026-04-23,vn,Vietnam,154,2,Puppy,2dC1IBU9NOD9xsQJ5RE7j7,https://i.scdn.co/image/ab6761610000517414cc527aa87afe69def5ed51
2026-04-23,vn,Vietnam,155,12,Kha,6tWaQSIL7reD85PKStNk28,https://i.scdn.co/image/ab6761610000517460146cdde1ca9bcbc53eb5d1
2026-04-23,vn,Vietnam,156,5,Lil Liem,5WtJZwEnoNM2Te1jh6Uftx,https://i.scdn.co/image/ab676161000051745e5d7afd713ae57b3aba0596
2026-04-23,vn,Vietnam,157,15,Văn Mai Hương,63SNH9m8M034lCGELVC1dm,https://i.scdn.co/image/ab67616100005174bae0a409d0f24e971ad52f1d
2026-04-23,vn,Vietnam,158,10,The Marías,2sSGPbdZJkaSE2AbcGOACx,https://i.scdn.co/image/ab67616100005174af586afa2b397f1288683a76
2026-04-23,vn,Vietnam,159,4,Bích Phương,5fa13NJjmn2uQ3dxZDi2Ge,https://i.scdn.co/image/ab67616100005174906404e01b48537145d163ba
2026-04-23,vn,Vietnam,160,12,EREN,1CmpPe389rlcewV0pAmxyq,https://i.scdn.co/image/ab67616100005174cbc4dc002fe53e203e7173ae
2026-04-23,vn,Vietnam,161,13,Đông,6oAI2yPQe2rJI5WBxMJBPI,https://i.scdn.co/image/ab67616d00001e02b93823d1b10918c2d6166406
2026-04-23,vn,Vietnam,162,4,Cigarettes After Sex,1QAJqy2dA3ihHBFIHRphZj,https://i.scdn.co/image/ab676161000051742e08fd554de35c3ef1db7fd9
2026-04-23,vn,Vietnam,163,14,Nguyễn Trung Đức,0AOAMHZgHaxM71om8IDGsv,https://i.scdn.co/image/ab6761610000517409453f84c72838ae4e6da2d3
2026-04-23,vn,Vietnam,164,3,CAPTAIN BOY,1pKPrziZw7C4GvOlBIXqP5,https://i.scdn.co/image/ab6761610000517407acd610dcd9331a409abe41
2026-04-23,vn,Vietnam,165,15,Jack Harlow,2LIk90788K0zvyj2JJVwkJ,https://i.scdn.co/image/ab67616100005174f7019a4ae65738627db5c56c
2026-04-23,vn,Vietnam,166,5,DatKaa,6mMxOJfr3bN1QPUiForaWf,https://i.scdn.co/image/ab6761610000517428353ac7e823dca1597fa88f
2026-04-23,vn,Vietnam,167,12,NewJeans,6HvZYsbFfjnjFrWF950C9d,https://i.scdn.co/image/ab67616100005174841bdcf28a956f3a384ffcf4
2026-04-23,vn,Vietnam,168,15,Lê Bảo Bình,3frEbqapobDOWI7JexlrTW,https://i.scdn.co/image/ab67616100005174d86bff671d99c6c51b892991
2026-04-23,vn,Vietnam,169,25,JustaTee,2ZN2K5xz3BDmfWYaA5dgce,https://i.scdn.co/image/ab67616d00001e02250a58ea8d2598d93712c850
2026-04-23,vn,Vietnam,170,10,Phương Mỹ Chi,1BcjfrXV4Oe3fK0c8dnxFF,https://i.scdn.co/image/ab676161000051748d5b489f0bf1c9befc948159
2026-04-23,vn,Vietnam,171,12,Donald Gold,3oB1lv9FWDKbNOUvdTw75Q,https://i.scdn.co/image/ab6761610000517478b8ad9a7c878386f18e0d29
2026-04-23,vn,Vietnam,172,6,Don Toliver,4Gso3d4CscCijv0lmajZWs,https://i.scdn.co/image/ab67616100005174c52b798deb89eb8414a51b7b
2026-04-23,vn,Vietnam,173,11,Hứa Kim Tuyền,3Ufoo4BPShhahtCSjgpBLP,https://i.scdn.co/image/ab67616100005174a42e0a19eabe7885296b4a69
2026-04-23,vn,Vietnam,174,22,Hino,46eYlws2VfnJJsyPk4cP7o,https://i.scdn.co/image/ab67616100005174cac29bf3f1ce9cf6ad7c8437
2026-04-23,vn,Vietnam,175,4,Maroon 5,04gDigrS5kc9YWfZHwBETP,https://i.scdn.co/image/ab67616100005174f8349dfb619a7f842242de77
2026-04-23,vn,Vietnam,176,12,Mỹ Mỹ,21trGUfOb8qkRjI4EyF1qm,https://i.scdn.co/image/ab67616100005174fc6f6ca391a4cfde17764f65
2026-04-23,vn,Vietnam,177,8,Tiên Tiên,5OvCh1Nin8AGw7OkxYinBe,https://i.scdn.co/image/ab67616100005174367ac417cc3e77ffb8362e0a
2026-04-23,vn,Vietnam,178,9,Khắc Việt,7luDDYsfkSivBsoTz3BKMq,https://i.scdn.co/image/ab67616100005174c32849c5f5cbb46eb84ad6cc
2026-04-23,vn,Vietnam,179,10,Jack,5j4Qb00HAANZ6woW2a5py1,https://i.scdn.co/image/ab6761610000517487abe41e26c5b7664fb86377
2026-04-23,vn,Vietnam,180,32,Pháo,4en2ObzSYlIYbCGknXjgG9,https://i.scdn.co/image/ab676161000051745f26b5d877569b6661e6cccc
2026-04-23,vn,Vietnam,181,12,LAMOON,5kT9ftAJylK1roRMcdcsw2,https://i.scdn.co/image/ab676161000051741548cecbd6a320f72ecbaa98
2026-04-23,vn,Vietnam,182,9,ACV,6HaRFcGE0OIbGpWbfyPVD0,https://i.scdn.co/image/ab67616100005174050094a022180d1a75577a3a
2026-04-23,vn,Vietnam,183,9,Nguyễn Thạc Bảo Ngọc,2X46RGDHpDXFMPSBKT2bIE,https://i.scdn.co/image/ab6761610000517442bc6de4e4b62471c3f72e88
2026-04-23,vn,Vietnam,184,Re-Entry,The Kid LAROI,2tIP7SsRs7vjIcLrU85W8J,https://i.scdn.co/image/ab676161000051741cea74b0fa7d098d5e80cd87
2026-04-23,vn,Vietnam,185,2,Travis Scott,0Y5tJX1MQlPlqiwlOH1tJY,https://i.scdn.co/image/ab6761610000517419c2790744c792d05570bb71
2026-04-23,vn,Vietnam,186,2,CM1X,40sNxijTOeMVc8osrueLNw,https://i.scdn.co/image/ab67616100005174e797c7cdc9cdab00b82c06f2
2026-04-23,vn,Vietnam,187,5,GDucky,3T3DOlgOEkr243zdzFCrXW,https://i.scdn.co/image/ab6761610000517431e23460f634b62ad79247fa
2026-04-23,vn,Vietnam,188,8,Laufey,7gW0r5CkdEUMm42w9XpyZO,https://i.scdn.co/image/ab67616100005174c751deb23ed62e7cadfb669a
2026-04-23,vn,Vietnam,189,12,Rocky CDE,2lnesmkx2eGDj0wTUv61Ch,https://i.scdn.co/image/ab676161000051745ef64317a07c9477c6b9b772
2026-04-23,vn,Vietnam,190,6,V#,3XevJv2rTKu5WYtD0LW6om,https://i.scdn.co/image/ab67616100005174fcb3c22ee1984b9122d99afa
2026-04-23,vn,Vietnam,191,10,Quốc Thiên,2xyztcPkhFKucM2ghmSme2,https://i.scdn.co/image/ab676161000051740b6a5f7d62796debd1f9f5e7
2026-04-23,vn,Vietnam,192,14,MONO,5jTFNkoZebPnX90CbB3F2A,https://i.scdn.co/image/ab67616100005174a0936954c350fe8e9aaf1add
2026-04-23,vn,Vietnam,193,Re-Entry,NICKY,006RBJU7ScwRg9eouP4kJw,https://i.scdn.co/image/ab67616100005174993eb5c71861834a746aaa27
2026-04-23,vn,Vietnam,194,3,Tăng Duy Tân,1n9JKdEdLxrbgJiqz1WZFJ,https://i.scdn.co/image/ab67616100005174f62a5dda940d17262800d582
2026-04-23,vn,Vietnam,195,25,Đặng Vĩnh Thịnh,5HoKHEC3OTaMgMDnCqc00B,https://i.scdn.co/image/ab676161000051741ab533220e7448221161306b
2026-04-23,vn,Vietnam,196,Re-Entry,Emily,2XKlSkrslCs0egLOvSB4Ul,https://i.scdn.co/image/ab67616100005174480b2e6599c8c70f266afd1c
2026-04-23,vn,Vietnam,197,22,Dfoxie37,4zg9WrDAFl1dGh2eSWLnOG,https://i.scdn.co/image/ab67616100005174ea4b4ff79465a25678b33d86
2026-04-23,vn,Vietnam,198,12,Kendrick Lamar,2YZyLoL8N0Wb9xBt1NhZWg,https://i.scdn.co/image/ab6761610000517439ba6dcd4355c03de0b50918
2026-04-23,vn,Vietnam,199,Re-Entry,Anh Quân Idol,0jF7Zlz8P5p74zcH7YwcMU,https://i.scdn.co/image/ab676161000051746de9928758293981d54da8b2
2026-04-23,vn,Vietnam,200,7,Ricky Star,4jQZaxfgwiUJFQagCyZNV4,https://i.scdn.co/image/ab67616100005174700bae43e792f20ae9160d20
2026-04-23,my,Malaysia,1,–,Justin Bieber,1uNFoZAHBGtllmzznpCI3s,https://i.scdn.co/image/ab67616100005174af20f7db5288bce9beede034
2026-04-23,my,Malaysia,2,1,Bruno Mars,0du5cEVh5yTK9QJze8zA0C,https://i.scdn.co/image/ab67616100005174c7688aad1bf03986934d7e26
2026-04-23,my,Malaysia,3,1,BTS,3Nrfpe0tUJi4K4DXYWgMUX,https://i.scdn.co/image/ab67616100005174f80ec63ea7a0ef0fba60957d
2026-04-23,my,Malaysia,4,–,Taylor Swift,06HL4z0CvFAxyc27GXpf02,https://i.scdn.co/image/ab67616100005174e2e8e7ff002a4afda1c7147e
2026-04-23,my,Malaysia,5,1,Ariana Grande,66CXWjxzNUsdJxJ2JdwvnR,https://i.scdn.co/image/ab6761610000517468412f2d0177a9ebc265ff58
2026-04-23,my,Malaysia,6,1,The Weeknd,1Xyo4u8uXC1ZmMpatF05PJ,https://i.scdn.co/image/ab67616100005174c1719ac9e6a75c1c25835018
2026-04-23,my,Malaysia,7,–,Daniel Caesar,20wkVLutqVOYrc0kxFs7rA,https://i.scdn.co/image/ab67616100005174e4d94f7cbebb17504c25d419
2026-04-23,my,Malaysia,8,–,Jay Chou,2elBjNSdBE2Y3f0j1mjrql,https://i.scdn.co/image/ab6761610000517487fbbe9ed03fbb500595e720
2026-04-23,my,Malaysia,9,–,Nadhif Basalamah,6UgERnTHmjk3qXM9x5vzyO,https://i.scdn.co/image/ab6761610000517461c119ec8c5fb2f77f1f7f43
2026-04-23,my,Malaysia,10,–,Billie Eilish,6qqNVTkY8uBg9cP3Jd7DAH,https://i.scdn.co/image/ab676161000051744a21b4760d2ecb7b0dcdc8da
2026-04-23,my,Malaysia,11,22,Olivia Rodrigo,1McMsnEElThX1knmY4oliG,https://i.scdn.co/image/ab67616100005174b14eb4dcfd2f3858bed06e44
2026-04-23,my,Malaysia,12,1,SZA,7tYKF4w9nC0nq9CsPZTHyP,https://i.scdn.co/image/ab67616100005174fd0a9fb6c252a3ba44079acf
2026-04-23,my,Malaysia,13,1,Sabrina Carpenter,74KM79TiuVKeVCqs8QtB0B,https://i.scdn.co/image/ab6761610000517478e45cfa4697ce3c437cb455
2026-04-23,my,Malaysia,14,1,JENNIE,250b0Wlc5Vk0CoUsaCY84M,https://i.scdn.co/image/ab676161000051743feb82fe1bb947a2aa65f6b8
2026-04-23,my,Malaysia,15,1,Maroon 5,04gDigrS5kc9YWfZHwBETP,https://i.scdn.co/image/ab67616100005174f8349dfb619a7f842242de77
2026-04-23,my,Malaysia,16,3,Katy Perry,6jJ0s89eD6GaHleKKya26X,https://i.scdn.co/image/ab67616100005174cd50e745cf782f905769f482
2026-04-23,my,Malaysia,17,2,Tenxi,6vP4azTCk053nGL0xAYnVH,https://i.scdn.co/image/ab6761610000517429c41392ae281462cbc7f140
2026-04-23,my,Malaysia,18,1,Drake,3TVXtAsR1Inumwj472S9r4,https://i.scdn.co/image/ab676161000051744293385d324db8558179afd9
2026-04-23,my,Malaysia,19,3,Dato' Sri Siti Nurhaliza,5d0bxRte3J74ZXyEGRL8uU,https://i.scdn.co/image/ab67616100005174120ff7351940b1a526f6faa1
2026-04-23,my,Malaysia,20,3,Charlie Puth,6VuMaDnrHyPL1p4EHjYLi7,https://i.scdn.co/image/ab676161000051746721f541fb123145d4cb3ace
2026-04-23,my,Malaysia,21,5,One Direction,4AK6F7OLvEQ5QYCBNiQWHq,https://i.scdn.co/image/45741ba38b51130bb96e00c0e24d17ba311a9293
2026-04-23,my,Malaysia,22,4,Lana Del Rey,00FQb4jTyendYWaN8pK0wa,https://i.scdn.co/image/ab67616100005174b99cacf8acd5378206767261
2026-04-23,my,Malaysia,23,3,Anirudh Ravichander,4zCH9qm4R2DADamUHMCa6O,https://i.scdn.co/image/ab676161000051740f0be2054fe9594026a6b843
2026-04-23,my,Malaysia,24,2,Coldplay,4gzpq5DPGxSnKTe4SA8HAU,https://i.scdn.co/image/ab676161000051741ba8fc5f5c73e7e9313cc6eb
2026-04-23,my,Malaysia,25,4,Don Toliver,4Gso3d4CscCijv0lmajZWs,https://i.scdn.co/image/ab67616100005174c52b798deb89eb8414a51b7b
2026-04-23,my,Malaysia,26,6,Ed Sheeran,6eUKZXaKkcviH0Ku9w2n3V,https://i.scdn.co/image/ab67616100005174d55c95ad400aed87da52daec
2026-04-23,my,Malaysia,27,13,Raim Laode,5LcNPa8f8bRmZqELgoRFkN,https://i.scdn.co/image/ab67616100005174f0835eb9adc7cee5169194d0
2026-04-23,my,Malaysia,28,1,Rihanna,5pKCCKE2ajJHZ9KAiaK11H,https://i.scdn.co/image/ab67616100005174cb565a8e684e3be458d329ac
2026-04-23,my,Malaysia,29,5,Hyper Act,0zo8fkOQyrawuBfIhy99jb,https://i.scdn.co/image/ab67616100005174c732cb80f5386ceae6aa263d
2026-04-23,my,Malaysia,30,5,BIGBANG,4Kxlr1PRlDKEB0ekOCyHgX,https://i.scdn.co/image/ab6761610000517441f3b91c5c5bf6651da98956
2026-04-23,my,Malaysia,31,6,Lady Gaga,1HY2Jd0NmPuamShAr6KMms,https://i.scdn.co/image/ab67616100005174aadc18cac8d48124357c38e6
2026-04-23,my,Malaysia,32,5,Sal Priadi,1NjxFrpEGZTV2Ny0OJxeWu,https://i.scdn.co/image/ab67616100005174c8be343422f882f309e2508e
2026-04-23,my,Malaysia,33,3,BLACKPINK,41MozSoPIsD1dJM0CLPjZF,https://i.scdn.co/image/ab67616100005174623538b7014238c54ceee056
2026-04-23,my,Malaysia,34,–,Mahalini,3wOsYKZM0zcKNasi3I7fP4,https://i.scdn.co/image/ab6761610000517426a4b25e52cf825e21f3d182
2026-04-23,my,Malaysia,35,8,Cigarettes After Sex,1QAJqy2dA3ihHBFIHRphZj,https://i.scdn.co/image/ab676161000051742e08fd554de35c3ef1db7fd9
2026-04-23,my,Malaysia,36,8,ENHYPEN,5t5FqBwTcgKTaWmfEbwQY9,https://i.scdn.co/image/ab67616100005174f28334d02274b673b8201299
2026-04-23,my,Malaysia,37,1,Judika,5fS7aONqrIhiw6YzgKVOsd,https://i.scdn.co/image/ab676161000051744a9ae23945e92356f3ac41fe
2026-04-23,my,Malaysia,38,1,Nadin Amizah,20zafXaLhm5IcXnSU93rNn,https://i.scdn.co/image/ab676161000051744d660de1fb435119dfc4adbf
2026-04-23,my,Malaysia,39,3,Laufey,7gW0r5CkdEUMm42w9XpyZO,https://i.scdn.co/image/ab67616100005174c751deb23ed62e7cadfb669a
2026-04-23,my,Malaysia,40,9,Jemsii,5PTw7KmM8c9QfBjU5caHWs,https://i.scdn.co/image/ab6761610000517483f0ccfd0b973d94cb83c16f
2026-04-23,my,Malaysia,41,5,Hafiz Suip,08nApps9ThD6cZD2jXC4vW,https://i.scdn.co/image/ab67616100005174312c4f7f7ee63b5104110cd3
2026-04-23,my,Malaysia,42,1,Hindia,51kyrUsAVqUBcoDEMFkX12,https://i.scdn.co/image/ab67616100005174b786cb6de7505caff17fe11f
2026-04-23,my,Malaysia,43,2,A.R. Rahman,1mYsTxnqsietFxj1OgoGbG,https://i.scdn.co/image/ab67616100005174b19af0ea736c6228d6eb539c
2026-04-23,my,Malaysia,44,3,KATSEYE,3c0gDdb9lhnHGFtP4prQpn,https://i.scdn.co/image/ab6761610000517404ba72b2749f90d62152ebec
2026-04-23,my,Malaysia,45,2,Insomniacks,3uSnvyMAFJTm7XkZJFo0xP,https://i.scdn.co/image/ab67616100005174b069a34f81857b259aa1318b
2026-04-23,my,Malaysia,46,6,Ella,2ZQY8HKMtEjGdxgcuW2574,https://i.scdn.co/image/ab67616100005174a1d2569dcf178e5c4b19ab02
2026-04-23,my,Malaysia,47,29,Iklim,6JC3uifC84pTUZssGSnBD5,https://i.scdn.co/image/ab67616d00001e02a714f85d59f4f328a918447d
2026-04-23,my,Malaysia,48,13,Adele,4dpARuHxo51G3z768sgnrY,https://i.scdn.co/image/ab6761610000517468f6e5892075d7f22615bd17
2026-04-23,my,Malaysia,49,4,Doja Cat,5cj0lLjcoR7YOSnhnX0Po5,https://i.scdn.co/image/ab676161000051748a0644455ebfa7d3976f5101
2026-04-23,my,Malaysia,50,23,Exists,1ibFtPHzpqHJKA0PdAC8TH,https://i.scdn.co/image/ab67616100005174ff1e575ce21d2247320c67e1
2026-04-23,my,Malaysia,51,1,Joji,3MZsBdqDrRTJihTHQrO6Dq,https://i.scdn.co/image/ab67616100005174b6d7836808e8b99fc8c7aadc
2026-04-23,my,Malaysia,52,1,Adira Suhaimi,3BwdkvUUHLP8pZj9hN4FiF,https://i.scdn.co/image/ab676161000051740aa546c12ffe10528d90d551
2026-04-23,my,Malaysia,53,19,sombr,4G9NDjRyZFDlJKMRL8hx3S,https://i.scdn.co/image/ab6761610000517478edaa6468cae153565c2c97
2026-04-23,my,Malaysia,54,5,Malcolm Todd,7eKkW1zo5uzW8kUntiiBvz,https://i.scdn.co/image/ab676161000051749f6f7c2d12975d2a4b3a0fd8
2026-04-23,my,Malaysia,55,1,Alan Walker,7vk5e3vY1uw9plTHJAMwjN,https://i.scdn.co/image/ab67616100005174572a8eae56feae217f618078
2026-04-23,my,Malaysia,56,1,Travis Scott,0Y5tJX1MQlPlqiwlOH1tJY,https://i.scdn.co/image/ab6761610000517419c2790744c792d05570bb71
2026-04-23,my,Malaysia,57,9,The Neighbourhood,77SW9BnxLY8rJ0RciFqkHh,https://i.scdn.co/image/ab67616100005174df0b5ac84376a0a4b2166816
2026-04-23,my,Malaysia,58,14,Olivia Dean,00x1fYSGhdqScXBRpSj3DW,https://i.scdn.co/image/ab676161000051745c7577ad44daeb7ce4b941a1
2026-04-23,my,Malaysia,59,10,TWICE,7n2Ycct7Beij7Dj7meI4X0,https://i.scdn.co/image/ab676161000051743d8820046fd455b38d644864
2026-04-23,my,Malaysia,60,10,James Arthur,4IWBUUAFIplrNtaOHcJPRM,https://i.scdn.co/image/ab676161000051745a55e66595e80fb12dc5f5fa
2026-04-23,my,Malaysia,61,13,Shawn Mendes,7n2wHs1TKAczGzO7Dd2rGr,https://i.scdn.co/image/ab6761610000517458b4b9419486550f6fda0535
2026-04-23,my,Malaysia,62,4,Wali,5pnSNZZRyYViu2n58Zlw1J,https://i.scdn.co/image/ab67616100005174f53732d89bdcdc56f2cd3db4
2026-04-23,my,Malaysia,63,1,Chase Atlantic,7cYEt1pqMgXJdq00hAwVpT,https://i.scdn.co/image/ab67616100005174a4e2d7045cbcca592ba6c7dd
2026-04-23,my,Malaysia,64,4,TOMORROW X TOGETHER,0ghlgldX5Dd6720Q3qFyQB,https://i.scdn.co/image/ab6761610000517454fc4bff90d96d3ef0179e62
2026-04-23,my,Malaysia,65,6,The Marías,2sSGPbdZJkaSE2AbcGOACx,https://i.scdn.co/image/ab67616100005174af586afa2b397f1288683a76
2026-04-23,my,Malaysia,66,30,Aisha Retno,1eizIry8svwmH0cSjLUEYy,https://i.scdn.co/image/ab6761610000517456daa3e36833c18cac703cfb
2026-04-23,my,Malaysia,67,10,Afgan,4cgBCGxtlfap2g6jveB7du,https://i.scdn.co/image/ab676161000051748d58eb4a3cd3941609327ec4
2026-04-23,my,Malaysia,68,7,ROSÉ,3eVa5w3URK5duf6eyVDbu9,https://i.scdn.co/image/ab67616100005174cfb4350222919670128ff2dc
2026-04-23,my,Malaysia,69,6,SEVENTEEN,7nqOGRxlXj7N2JYbgNEjYH,https://i.scdn.co/image/ab676161000051748da3a229445fd3cd896cdd5c
2026-04-23,my,Malaysia,70,23,Ukays,7y3tizrdDAAfh7BWCYLXcI,https://i.scdn.co/image/ab67616d00001e02640c578aeffcfe00cb436d7f
2026-04-23,my,Malaysia,71,8,Zara Larsson,1Xylc3o4UrD53lo9CvFvVg,https://i.scdn.co/image/ab67616100005174d519a7e349541cba8f85e965
2026-04-23,my,Malaysia,72,78,Sean Kingston,6S0dmVVn4udvppDhZIWxCr,https://i.scdn.co/image/ab67616100005174ee205e5029a04bd0460e16e4
2026-04-23,my,Malaysia,73,19,Naykilla,79omf4LgzaVAnXIRWPkJUq,https://i.scdn.co/image/ab676161000051741a08868838044f7110d743de
2026-04-23,my,Malaysia,74,31,Chris Brown,7bXgB6jMjp9ATFy66eO08Z,https://i.scdn.co/image/ab67616100005174913ab85302df0ddfb77131e9
2026-04-23,my,Malaysia,75,9,Arctic Monkeys,7Ln80lUS6He07XvHI8qqHH,https://i.scdn.co/image/ab676161000051747da39dea0a72f581535fb11f
2026-04-23,my,Malaysia,76,11,Kendrick Lamar,2YZyLoL8N0Wb9xBt1NhZWg,https://i.scdn.co/image/ab6761610000517439ba6dcd4355c03de0b50918
2026-04-23,my,Malaysia,77,6,Piche Kota,5zAYPlhV1TirCul0R4NKGM,https://i.scdn.co/image/ab676161000051744a93d0e5644403a74c01f97b
2026-04-23,my,Malaysia,78,10,dia,6WgjNWwGACXaBy7NZripBu,https://i.scdn.co/image/ab676161000051740ac4a3c55b333dbee6abe24d
2026-04-23,my,Malaysia,79,12,Sufian Suhaimi,6KEEEdAqmCL7PYOrjZCnEa,https://i.scdn.co/image/ab67616100005174f32842e00b164f01cc51e028
2026-04-23,my,Malaysia,80,3,Harry Styles,6KImCVD70vtIoJWnq6nGn3,https://i.scdn.co/image/ab67616100005174e309f8c3056a59f20d0968ca
2026-04-23,my,Malaysia,81,4,Tate McRae,45dkTj5sMRSjrmBSBeiHym,https://i.scdn.co/image/ab67616100005174bed8016bd64422793ff3bc75
2026-04-23,my,Malaysia,82,2,JJ Lin,7Dx7RhX0mFuXhCOUgB01uM,https://i.scdn.co/image/ab67616100005174181b3f24c2a457e7fa3edb59
2026-04-23,my,Malaysia,83,14,Slam,6ZK1l84rj8SLSn2tXVgCsf,https://i.scdn.co/image/ab67616100005174d4a736393d6142fcf101bd8d
2026-04-23,my,Malaysia,84,3,Linkin Park,6XyY86QOPPrYVGvF9ch6wz,https://i.scdn.co/image/ab67616100005174527d95dabbe8b8b527e8136f
2026-04-23,my,Malaysia,85,1,Tame Impala,5INjqkS1o8h1imAzPqGZBb,https://i.scdn.co/image/ab67616100005174e412a782245eb20d9626c601
2026-04-23,my,Malaysia,86,60,The Kid LAROI,2tIP7SsRs7vjIcLrU85W8J,https://i.scdn.co/image/ab676161000051741cea74b0fa7d098d5e80cd87
2026-04-23,my,Malaysia,87,29,Post Malone,246dkjvS1zLTtiykXe5h60,https://i.scdn.co/image/ab67616100005174e17c0aa1714a03d62b5ce4e0
2026-04-23,my,Malaysia,88,6,Noah,31aMmlq8isIAgojvmIwiS4,https://i.scdn.co/image/ab67616100005174ae2e045bcd6f904c9e3b365c
2026-04-23,my,Malaysia,89,11,The Chainsmokers,69GGBxA162lTqCwzJG5jLp,https://i.scdn.co/image/ab676161000051744567279fac84a0375c3d819b
2026-04-23,my,Malaysia,90,18,GIVĒON,4fxd5Ee7UefO4CUXgwJ7IP,https://i.scdn.co/image/ab67616100005174e357870455bc56f7ef4147f8
2026-04-23,my,Malaysia,91,3,Mojo,1nxfzZDDm0a0msuLz0W4lx,https://i.scdn.co/image/ab6761610000517427e77650df0b797b71dcae08
2026-04-23,my,Malaysia,92,2,NIKI,2kxP07DLgs4xlWz8YHlvfh,https://i.scdn.co/image/ab676161000051740654e511623cba4e0e9e2f0c
2026-04-23,my,Malaysia,93,1,keshi,3pc0bOVB5whxmD50W79wwO,https://i.scdn.co/image/ab676161000051743a0f8f319aeef1aa4115f5e8
2026-04-23,my,Malaysia,94,32,Kanye West,5K4W6rqBFWDnAN6FQUkS6x,https://i.scdn.co/image/ab676161000051746e835a500e791bf9c27a422a
2026-04-23,my,Malaysia,95,2,Jung Kook,6HaGTQPmzraVmaVxvz6EUc,https://i.scdn.co/image/ab6761610000517471089d18c93e3a51e70ff0dc
2026-04-23,my,Malaysia,96,1,BABYMONSTER,1SIocsqdEefUTE6XKGUiVS,https://i.scdn.co/image/ab6761610000517443a4c69b563a55f307bde271
2026-04-23,my,Malaysia,97,8,Wings,7c5278WShlxTk3vS9XoTf8,https://i.scdn.co/image/ab67616d00001e02e3b47e1f7305cb023abe301a
2026-04-23,my,Malaysia,98,–,LNGSHOT,2F4oTJOWkcD1JaTeKEa9h6,https://i.scdn.co/image/ab67616100005174866f74c2edeb8dad4ffd7b7d
2026-04-23,my,Malaysia,99,18,IVE,6RHTUrRF63xao58xh9FXYJ,https://i.scdn.co/image/ab67616100005174e9134cc9371327f8238b1840
2026-04-23,my,Malaysia,100,22,LANY,49tQo2QULno7gxHutgccqF,https://i.scdn.co/image/ab676161000051748218332656745840f9ed0a50
2026-04-23,my,Malaysia,101,13,Sheila On 7,6q87vizIEdEN4NvlR6mjfT,https://i.scdn.co/image/ab676161000051742017fda314b1745c3e96e0d5
2026-04-23,my,Malaysia,102,3,Stray Kids,2dIgFjalVxs4ThymZ67YCE,https://i.scdn.co/image/ab6761610000517491be1e574fd2e0992f94decb
2026-04-23,my,Malaysia,103,1,G.E.M.,7aRC4L63dBn3CiLDuWaLSI,https://i.scdn.co/image/ab676161000051748b385b6aa7b47570adbeff7b
2026-04-23,my,Malaysia,104,3,NewJeans,6HvZYsbFfjnjFrWF950C9d,https://i.scdn.co/image/ab67616100005174841bdcf28a956f3a384ffcf4
2026-04-23,my,Malaysia,105,6,EXO,3cjEqqelV9zb4BYE3qDQ4O,https://i.scdn.co/image/ab67616100005174447a60e587e104c24ed3c890
2026-04-23,my,Malaysia,106,9,Radiohead,4Z8W4fKeB5YxbusRsdQVPb,https://i.scdn.co/image/ab676161000051744104fbd80f1f795728abbd59
2026-04-23,my,Malaysia,107,11,Gareth.T,6R57JlNKlnNrYaji0vw8xx,https://i.scdn.co/image/ab676161000051746316f683565f5609c5377de8
2026-04-23,my,Malaysia,108,1,My Chemical Romance,7FBcuc1gsnv6Y1nwFtNRCb,https://i.scdn.co/image/ab676161000051749c00ad0308287b38b8fdabc2
2026-04-23,my,Malaysia,109,67,Michael Jackson,3fMbdgg4jU18AjLCKBhRSm,https://i.scdn.co/image/ab67616100005174997cc9a4aec335d46c9481fd
2026-04-23,my,Malaysia,110,60,Spring,2DHROEfQ05NhnciQxReWk6,https://i.scdn.co/image/ab67616d00001e02e3f808f350c9984ec3f8c8a2
2026-04-23,my,Malaysia,111,8,Idgitaf,7pFWMC2E7h8eL3SZyHRsRq,https://i.scdn.co/image/ab67616100005174b748df720ee03ebcea072341
2026-04-23,my,Malaysia,112,19,Camila Cabello,4nDoRrQiYLoBzwC5BhVJzF,https://i.scdn.co/image/ab6761610000517476470faf6330235edbcb90a9
2026-04-23,my,Malaysia,113,19,Avenged Sevenfold,0nmQIMXWTXfhgOBdNzhGOs,https://i.scdn.co/image/ab676161000051748cfc647b093867d3c7ced5a9
2026-04-23,my,Malaysia,114,9,Feby Putri,66NmU5epI0ONGmdCRbLpmW,https://i.scdn.co/image/ab6761610000517465ea942b970be4593418461f
2026-04-23,my,Malaysia,115,24,David Guetta,1Cs0zKBU1kc0i8ypK3B9ai,https://i.scdn.co/image/ab67616100005174f150017ca69c8793503c2d4f
2026-04-23,my,Malaysia,116,6,Sai Abhyankkar,5jJrJU7VVmxQQLcLAmmxXc,https://i.scdn.co/image/ab676161000051740a27dbc5eb270fd2e78b9cbb
2026-04-23,my,Malaysia,117,Re-Entry,CORTIS,1ebt9HnXdyYA6KgLXr1n4P,https://i.scdn.co/image/ab67616100005174267afab76836557af2bd37c8
2026-04-23,my,Malaysia,118,17,Hazama,5jKjGIfQbctItoit4X95XI,https://i.scdn.co/image/ab67616100005174da4ec7b86259e2c43f55bbd5
2026-04-23,my,Malaysia,119,54,ZAYN,5ZsFI1h6hIdQRw2ti0hz81,https://i.scdn.co/image/ab67616100005174830845d2fa6c5c7874176951
2026-04-23,my,Malaysia,120,14,Najwa Latif,5uuA00QFo3PFnc16RVZwwt,https://i.scdn.co/image/ab676161000051748e3f94eb8bdcee47e8323122
2026-04-23,my,Malaysia,121,11,Nuca,5x3nSujruZLuB6xBicI6Ai,https://i.scdn.co/image/ab6761610000517417e09dfcf1504d02658b58ee
2026-04-23,my,Malaysia,122,–,Sia,5WUlDfRSoLAfcVSX1WnrxN,https://i.scdn.co/image/ab67616100005174cc1806f0a2f6c9e449de9d3c
2026-04-23,my,Malaysia,123,4,Fourtwnty,46cVq2dwPgzPE3X1VR9TMj,https://i.scdn.co/image/ab67616100005174d56a4e114e63de49e1458707
2026-04-23,my,Malaysia,124,3,Harris Jayaraj,29aw5YCdIw2FEXYyAJZI8l,https://i.scdn.co/image/ab676161000051741263a7722e01be16b21ab944
2026-04-23,my,Malaysia,125,23,Search,4LADVWbGgajvchOHelqZv2,https://i.scdn.co/image/ab676161000051746d2a8385532c31078360e5b9
2026-04-23,my,Malaysia,126,35,Mega,5KJO8SHDZrO7mvLq0FKu7b,https://i.scdn.co/image/ab6761610000517406b8b08da91e6317ae23df6d
2026-04-23,my,Malaysia,127,15,LE SSERAFIM,4SpbR6yFEvexJuaBpgAU5p,https://i.scdn.co/image/ab67616100005174d4037f03c5f92e7e6ea89b9e
2026-04-23,my,Malaysia,128,12,ST12,09toGEEhpusLyZ6Nk9AmRf,https://i.scdn.co/image/ab67616d00001e02638c7c6bc078a923a14cdb85
2026-04-23,my,Malaysia,129,2,Fiq7,1qTtRgrpqIXPRJnmc8QlMR,https://i.scdn.co/image/ab676161000051746d05d3ad1496497fef220cce
2026-04-23,my,Malaysia,130,10,Eminem,7dGJo4pcD2V6oG8kP0tJRR,https://i.scdn.co/image/ab67616100005174a00b11c129b27a88fc72f36b
2026-04-23,my,Malaysia,131,7,Backstreet Boys,5rSXSAkZ67PYJSvpUpkOr7,https://i.scdn.co/image/ab676161000051747b3634864a78ab6bd1d77c36
2026-04-23,my,Malaysia,132,16,Tems,687cZJR45JO7jhk1LHIbgq,https://i.scdn.co/image/ab6761610000517422d7d6f8981c7a27bf68a382
2026-04-23,my,Malaysia,133,8,Dua Lipa,6M2wZ9GZgrQXHCFfjv46we,https://i.scdn.co/image/ab676161000051740c68f6c95232e716f0abee8d
2026-04-23,my,Malaysia,134,19,Pitbull,0TnOYISbd1XYRBk9myaseg,https://i.scdn.co/image/ab676161000051748d8ac7290d0fe2d12fb6e4d9
2026-04-23,my,Malaysia,135,28,Aziz Harun,1dmuM6bG5J8sDFyp26x9Nf,https://i.scdn.co/image/ab67616100005174426549d45eedea59bed985c9
2026-04-23,my,Malaysia,136,23,KPop Demon Hunters Cast,7mW7Tv7NvywKKXqafZo0Lc,https://i.scdn.co/image/ab67616d00001e026c1334650ced0e28f0b2e13f
2026-04-23,my,Malaysia,137,1,LISA,5L1lO4eRHmJ7a0Q6csE5cT,https://i.scdn.co/image/ab676161000051743c88464ba063f0ae5d326738
2026-04-23,my,Malaysia,138,4,6ixth Sense,5AUIOCOwfhbmaASDMPjvhw,https://i.scdn.co/image/ab67616d00001e022788466558c79f70ffa66562
2026-04-23,my,Malaysia,139,9,Khalid,6LuN9FCkKOj5PcnpouEgny,https://i.scdn.co/image/ab676161000051748f77c3eddc1869e9542b04bc
2026-04-23,my,Malaysia,140,New,Sammi Cheng,3XCnp5UV5wnNw49Xuka9qH,https://i.scdn.co/image/ab6761610000517419fef81c3997064588c011d9
2026-04-23,my,Malaysia,141,4,Zynakal,3Cs5QQYz6pMhbEKaBNCtfi,https://i.scdn.co/image/ab67616100005174f5322fef6cb6f28ed40b672a
2026-04-23,my,Malaysia,142,25,aespa,6YVMFz59CuY7ngCxTxjpxE,https://i.scdn.co/image/ab67616100005174053bbb910dda6d4ab0618b8b
2026-04-23,my,Malaysia,143,9,Halsey,26VFTg2z8YR0cCuwLzESi2,https://i.scdn.co/image/ab6761610000517415136101a0f63f0b2800b9dc
2026-04-23,my,Malaysia,144,–,Ungu,4HHdjvdn30koo54zQ6QeF5,https://i.scdn.co/image/ab67616100005174c50b47762637e0cadef83be6
2026-04-23,my,Malaysia,145,15,Pamungkas,7d86ERlvO5UG44j7Va0Y0C,https://i.scdn.co/image/ab676161000051748df7886de4d41f73bff9abda
2026-04-23,my,Malaysia,146,18,Eric Chou,5fEQLwq1BWWQNR8GzhOIvi,https://i.scdn.co/image/ab6761610000517432cabef34602bad95decc49e
2026-04-23,my,Malaysia,147,14,Gracie Abrams,4tuJ0bMpJh08umKkEXKUI5,https://i.scdn.co/image/ab6761610000517418e3675ebfda9c29cfb2b57e
2026-04-23,my,Malaysia,148,5,LAUV,5JZ7CnR6gTvEMKX4g70Amv,https://i.scdn.co/image/ab676161000051749dde640a32d379dd5869fe4e
2026-04-23,my,Malaysia,149,4,Dominic Fike,6USv9qhCn6zfxlBQIYJ9qs,https://i.scdn.co/image/ab67616100005174f2903326ec44d5ecb37dcad9
2026-04-23,my,Malaysia,150,5,d4vd,5y8tKLUfMvliMe8IKamR32,https://i.scdn.co/image/ab676161000051747dad3e7c38bc881e6d2ae432
2026-04-23,my,Malaysia,151,25,SIENNA SPIRO,02gSuSAWEdWa5UOvqzjX6v,https://i.scdn.co/image/ab67616100005174fb0ab819bbd4502028cd1feb
2026-04-23,my,Malaysia,152,1,Andmesh,6IDsZZ4IHgs9VblBgQQSmt,https://i.scdn.co/image/ab67616100005174f89ddd2d4c1723297636f4ff
2026-04-23,my,Malaysia,153,3,Fabio Asher,6FTLayBxjkQeanFdUusk1I,https://i.scdn.co/image/ab67616100005174a93966ec214f99921445386a
2026-04-23,my,Malaysia,154,3,The Script,3AQRLZ9PuTAozP28Skbq8V,https://i.scdn.co/image/ab6761610000517439cf57b090fcaefe756c91c3
2026-04-23,my,Malaysia,155,30,Sam Smith,2wY79sveU1sp5g7SokKOiI,https://i.scdn.co/image/ab676161000051740e64fb94acbb752960c823e9
2026-04-23,my,Malaysia,156,27,ILLIT,36cgvBn0aadzOijnjjwqMN,https://i.scdn.co/image/ab676161000051747fabcc2491d95050faa5b710
2026-04-23,my,Malaysia,157,9,PinkPantheress,78rUTD7y6Cy67W1RVzYs7t,https://i.scdn.co/image/ab676161000051746bf10d74063b45938f5d8656
2026-04-23,my,Malaysia,158,6,Anuar Zain,4jseSNWUg2haVIdUZS8R1a,https://i.scdn.co/image/ab67616d00001e0223b3f8b76e40cb847fe94304
2026-04-23,my,Malaysia,159,7,G. V. Prakash,5VVN3xZw1i2qihfITZlvCZ,https://i.scdn.co/image/ab676161000051740a5c692089af5c0f9cf839f3
2026-04-23,my,Malaysia,160,2,MASDO,2r1WoyhX1FSc7AmcF8rkoO,https://i.scdn.co/image/ab676161000051747f4f1d75a9819eb756b85382
2026-04-23,my,Malaysia,161,–,Yuvan Shankar Raja,6AiX12wXdXFoGJ2vk8zBjy,https://i.scdn.co/image/ab67616100005174e60d7a790ebea50d205bda93
2026-04-23,my,Malaysia,162,44,D’MASIV,1hioeMAsVwJ3bvcb9lxBpB,https://i.scdn.co/image/ab67616100005174f8c7decf4f411c26cb8ab3f6
2026-04-23,my,Malaysia,163,Re-Entry,Calvin Harris,7CajNmpbOovFoOoasH2HaY,https://i.scdn.co/image/ab676161000051748ebba5e60113b48de8c11f6b
2026-04-23,my,Malaysia,164,10,Armada,6H857CtcaYMSxOB4jvSIZf,https://i.scdn.co/image/ab67616100005174e10ac63eab57635741b31eb9
2026-04-23,my,Malaysia,165,7,Rex Orange County,7pbDxGE6nQSZVfiFdq9lOL,https://i.scdn.co/image/ab67616100005174d2d3b00d5839e840357cb660
2026-04-23,my,Malaysia,166,29,DJ Snake,540vIaP2JwjQb9dm3aArA4,https://i.scdn.co/image/ab67616100005174175df1a8848d8ff67c6d5600
2026-04-23,my,Malaysia,167,3,JVKE,164Uj4eKjl6zTBKfJLFKKK,https://i.scdn.co/image/ab676161000051749028079005146db88f6133d0
2026-04-23,my,Malaysia,168,21,Lyodra,6Sv2jkzH9sWQjwghW5ArMG,https://i.scdn.co/image/ab676161000051748a3037f177ab9b5b306cdb89
2026-04-23,my,Malaysia,169,New,Ifan Seventeen,2vbWy0ntJGJ2H1erLJFMZZ,https://i.scdn.co/image/ab67616100005174e8e1025f0e82cd50b7f763bd
2026-04-23,my,Malaysia,170,7,Arijit Singh,4YRxDV8wJFPHPTeXepOstw,https://i.scdn.co/image/ab67616100005174adfb0b2df04b77e43b5f7375
2026-04-23,my,Malaysia,171,4,Cakra Khan,6pZzHAdfBLIEkQVRUhB8ps,https://i.scdn.co/image/ab676161000051749d28fe470bfd0442d9fc978e
2026-04-23,my,Malaysia,172,13,Eason Chan,2QcZxAgcs2I1q7CtCkl6MI,https://i.scdn.co/image/ab67616100005174438e5730e9e86121f329d2dd
2026-04-23,my,Malaysia,173,49,Hujan,7FxVB5xQi2szfC6Us1ag9A,https://i.scdn.co/image/ab67616100005174bccc14b142d0d5381abeffa9
2026-04-23,my,Malaysia,174,New,Spin,1eOfgUpfvNT0GJ3ksDiYs9,https://i.scdn.co/image/ab67616d00001e02bba806ad67f4948a8652dd36
2026-04-23,my,Malaysia,175,13,Imagine Dragons,53XhwfbYqKCa1cC15pYq2q,https://i.scdn.co/image/ab67616100005174ab47d8dae2b24f5afe7f9d38
2026-04-23,my,Malaysia,176,5,Conan Gray,4Uc8Dsxct0oMqx0P6i60ea,https://i.scdn.co/image/ab676161000051744c2b62d4748524454a6f99b0
2026-04-23,my,Malaysia,177,3,Selena Gomez,0C8ZW7ezQVs4URX5aX7Kqx,https://i.scdn.co/image/ab67616100005174815e520e3ce7fe210046ba66
2026-04-23,my,Malaysia,178,9,G-DRAGON,30b9WulBM8sFuBo17nNq9c,https://i.scdn.co/image/ab67616100005174783a6a578e8eb992bfd74765
2026-04-23,my,Malaysia,179,7,Tulus,2iDVt6mFbtbDEZG5ax0dTi,https://i.scdn.co/image/ab67616100005174e2569eea1e32fe495d52c9a3
2026-04-23,my,Malaysia,180,11,PARTYNEXTDOOR,2HPaUgqeutzr3jx5a9WyDV,https://i.scdn.co/image/ab67616100005174957320981e31e862bc2fb844
2026-04-23,my,Malaysia,181,32,RAYE,5KKpBU5eC2tJDzf0wmlRp2,https://i.scdn.co/image/ab67616100005174d9b6eb671700503c0e6205a9
2026-04-23,my,Malaysia,182,Re-Entry,Bernadya,47z98pKd71yIbgXwe9LPVC,https://i.scdn.co/image/ab67616100005174128f966173343498818ae8c6
2026-04-23,my,Malaysia,183,15,Peterpan,29vPfjqj8X5ri4AJRt8wVM,https://i.scdn.co/image/ab6761610000517419fd0c20ed2bed2ea04754cf
2026-04-23,my,Malaysia,184,19,Hearts2Hearts,1ZLU77nRzQIaP23mVSYpCQ,https://i.scdn.co/image/ab67616100005174595f4bc18c610ea08065bdc5
2026-04-23,my,Malaysia,185,8,For Revenge,0f6TyESD8E1mD2oLJ4TGv1,https://i.scdn.co/image/ab67616100005174fbbbbf6f0e25af5ab222eb85
2026-04-23,my,Malaysia,186,11,Stefanie Sun,0SIXZXJCAhNU8sxK0qm7hn,https://i.scdn.co/image/ab67616100005174744989ed737112f4edbd2cc3
2026-04-23,my,Malaysia,187,8,Frank Ocean,2h93pZq0e7k5yf4dywlkpM,https://i.scdn.co/image/ab67616100005174ee3123e593174208f9754fab
2026-04-23,my,Malaysia,188,Re-Entry,Demi Lovato,6S2OmqARrzebs0tKUEyXyp,https://i.scdn.co/image/ab6761610000517442d7061876b87861d7c8f3fb
2026-04-23,my,Malaysia,189,Re-Entry,Naim Daniel,5PCDJjJ5dx6Py83CvfvRIO,https://i.scdn.co/image/ab676161000051741ab8cb22799a0f6aa6d9791b
2026-04-23,my,Malaysia,190,Re-Entry,Miley Cyrus,5YGY8feqx7naU7z4HrwZM6,https://i.scdn.co/image/ab67616100005174b14a2f1cede69cef4fb03b60
2026-04-23,my,Malaysia,191,9,Khalil Fong,1YrtUPrWcPfgdl9BaD9nhd,https://i.scdn.co/image/ab6761610000517495983b263941317ed7d90c58
2026-04-23,my,Malaysia,192,2,Madison Beer,2kRfqPViCqYdSGhYSM9R0Q,https://i.scdn.co/image/ab67616100005174e49a051508f6c1eeaecff664
2026-04-23,my,Malaysia,193,3,Akon,0z4gvV4rjIZ9wHck67ucSV,https://i.scdn.co/image/ab676161000051743adb5ae14cf81ab05cf3a9e5
2026-04-23,my,Malaysia,194,6,Ravyn Lenae,5RTLRtXjbXI2lSXc6jxlAz,https://i.scdn.co/image/ab67616100005174e881d4df24e1b39bd7154778
2026-04-23,my,Malaysia,195,10,Reedzwann,4w9Ukwue8Yj5zmMGPd1jok,https://i.scdn.co/image/ab676161000051741eb76cdb6b10d943d69b7a87
2026-04-23,my,Malaysia,196,16,Metro Boomin,0iEtIxbK0KxaSlF7G42ZOp,https://i.scdn.co/image/ab6761610000517428f1e72b31e756ea3f3a51e7
2026-04-23,my,Malaysia,197,Re-Entry,Tyla,3SozjO3Lat463tQICI9LcE,https://i.scdn.co/image/ab6761610000517469719e4164b893213a525d25
2026-04-23,my,Malaysia,198,Re-Entry,DIOR 大穎,0czbvTRVGHfCdRsJLxbBGQ,https://i.scdn.co/image/ab6761610000517468f626579122faae33b7802d
2026-04-23,my,Malaysia,199,–,Future,1RyvyyTE3xzB2ZywiAwp0i,https://i.scdn.co/image/ab676161000051742c472c891062acb4f3068583
2026-04-23,my,Malaysia,200,23,IamNeeta,6g7i9qhTwxhEuxNUhU1mCg,https://i.scdn.co/image/ab67616d00001e02bf756658c87ef23a4b1579cf
2026-04-23,in,India,1,–,Arijit Singh,4YRxDV8wJFPHPTeXepOstw,https://i.scdn.co/image/ab67616100005174adfb0b2df04b77e43b5f7375
2026-04-23,in,India,2,–,Pritam,1wRPtKGflJrBx9BmLsSwlU,https://i.scdn.co/image/ab67616100005174cb6926f44f620555ba444fca
2026-04-23,in,India,3,–,Shreya Ghoshal,0oOet2f43PA68X5RxKobEy,https://i.scdn.co/image/ab67616100005174e7ce89a9f5d11e0ba26677eb
2026-04-23,in,India,4,–,A.R. Rahman,1mYsTxnqsietFxj1OgoGbG,https://i.scdn.co/image/ab67616100005174b19af0ea736c6228d6eb539c
2026-04-23,in,India,5,–,Shashwat Sachdev,465OXuCU8YZNmVG1leLwQ9,https://i.scdn.co/image/ab6761610000517454f120e72388f1c5c3aa3edd
2026-04-23,in,India,6,2,Anirudh Ravichander,4zCH9qm4R2DADamUHMCa6O,https://i.scdn.co/image/ab676161000051740f0be2054fe9594026a6b843
2026-04-23,in,India,7,–,Alka Yagnik,3gBKY0y3dFFVRqicLnVZYz,https://i.scdn.co/image/ab67616100005174935b2dd507212bd72a71d7f9
2026-04-23,in,India,8,2,Irshad Kamil,3GdSQUH1BRtl9UrrtuwJlP,https://i.scdn.co/image/ab6761610000517447b943824370b9eb2fb9607f
2026-04-23,in,India,9,–,Udit Narayan,70B80Lwx2sxti0M1Ng9e8K,https://i.scdn.co/image/ab676161000051748de0e6e7e55d7773931ab7f4
2026-04-23,in,India,10,1,Sachin-Jigar,1mBydYMVBECdDmMfE2sEUO,https://i.scdn.co/image/ab67616100005174bb4064bef3a825344d5eb79e
2026-04-23,in,India,11,1,Amitabh Bhattacharya,2fMqTqiTxUDlmcOEPaQSsx,https://i.scdn.co/image/ab6761610000517406f04f40ecb8ca92cb714908
2026-04-23,in,India,12,–,S. P. Balasubrahmanyam,2ae6PxICSOZHvjqiCcgon8,https://i.scdn.co/image/ab67616100005174ea2b56271cf92bcff45c0ae9
2026-04-23,in,India,13,–,Masoom Sharma,36iDrP3UnCxsSH9LuSdkDj,https://i.scdn.co/image/ab676161000051742cf6d06726cbbf929c6d37d8
2026-04-23,in,India,14,–,Atif Aslam,2oSONSC9zQ4UonDKnLqksx,https://i.scdn.co/image/ab67616100005174c40600e02356cc86f0debe84
2026-04-23,in,India,15,–,Karan Aujla,6DARBhWbfcS9E4yJzcliqQ,https://i.scdn.co/image/ab676161000051748a4c60d0eebe893f72e42979
2026-04-23,in,India,16,–,Mithoon,09UmIX92EUH9hAK4bxvHx6,https://i.scdn.co/image/ab676161000051749bd641ceb72d35b63fbb314a
2026-04-23,in,India,17,–,Vishal-Shekhar,6Mv8GjQa7LKUGCAqa9qqdb,https://i.scdn.co/image/ab6761610000517490b6c3d093f9b02aad628eaf
2026-04-23,in,India,18,2,Sayeed Quadri,2pGRniGOJSOvYoK3dGaBb8,https://i.scdn.co/image/ab6761610000517414a57d7e162d32020e68cc88
2026-04-23,in,India,19,–,Tanishk Bagchi,4f7KfxeHq9BiylGmyXepGt,https://i.scdn.co/image/ab6761610000517496f049daefd1875282baab0a
2026-04-23,in,India,20,1,Kumar Sanu,4K6blSRoklNdpw4mzLxwfn,https://i.scdn.co/image/ab67616100005174c7d2a4212ee745b2c72298e0
2026-04-23,in,India,21,1,Sonu Nigam,1dVygo6tRFXC8CSWURQJq2,https://i.scdn.co/image/ab67616100005174bc959d7569618ec2af2210f5
2026-04-23,in,India,22,1,K. S. Chithra,2IUtwMti1OiT3lkW6RubgH,https://i.scdn.co/image/ab6761610000517427852ef557c522e357664824
2026-04-23,in,India,23,5,Jasmine Sandlas,0mJDQBWytBhOh5JB1DOQ1c,https://i.scdn.co/image/ab67616100005174be92f9dbbfb53388aea9308c
2026-04-23,in,India,24,1,KK,4fEkbug6kZzzJ8eYX6Kbbp,https://i.scdn.co/image/ab67616100005174b09a31f853166e721d4d46b2
2026-04-23,in,India,25,1,Ilaiyaraaja,3m49WVMU4zCkaVEKb8kFW7,https://i.scdn.co/image/ab67616100005174ec891c36864eb59b28f65cf8
2026-04-23,in,India,26,–,Devi Sri Prasad,5sSzCxHtgL82pYDvx2QyEU,https://i.scdn.co/image/ab67616100005174aa5350248841ba12e12467af
2026-04-23,in,India,27,–,Lata Mangeshkar,61JrslREXq98hurYL2hYoc,https://i.scdn.co/image/ab67616100005174a0199b159c0c5a9f62333d32
2026-04-23,in,India,28,–,Sunidhi Chauhan,3eDT9fwXKuHWFvgZaaYC5v,https://i.scdn.co/image/ab67616100005174a45f7ef3e1c982461f2dad6b
2026-04-23,in,India,29,2,Harris Jayaraj,29aw5YCdIw2FEXYyAJZI8l,https://i.scdn.co/image/ab676161000051741263a7722e01be16b21ab944
2026-04-23,in,India,30,2,Nadeem Shravan,0xHXoShMJw3xDArjL8IHtt,https://i.scdn.co/image/ab67616d00001e026b777a57ea3a09c00433e03b
2026-04-23,in,India,31,2,Yuvan Shankar Raja,6AiX12wXdXFoGJ2vk8zBjy,https://i.scdn.co/image/ab67616100005174e60d7a790ebea50d205bda93
2026-04-23,in,India,32,3,Himesh Reshammiya,0sSxphmGskGCKlwB9xa6WU,https://i.scdn.co/image/ab676161000051742cfc402fa29cd2949023a8bf
2026-04-23,in,India,33,2,Shankar Mahadevan,1SJOL9HJ08YOn92lFcYf8a,https://i.scdn.co/image/ab676161000051743f27a828c24d73cf0427e2e7
2026-04-23,in,India,34,4,Yo Yo Honey Singh,7uIbLdzzSEqnX0Pkrb56cR,https://i.scdn.co/image/ab676161000051740d980c444c93fded5715e1b4
2026-04-23,in,India,35,1,Shankar-Ehsaan-Loy,0L5GV6LN8SWWUWIdBbTLTZ,https://i.scdn.co/image/ab676161000051743db0499a689aa9b4a47ebba3
2026-04-23,in,India,36,4,G. V. Prakash,5VVN3xZw1i2qihfITZlvCZ,https://i.scdn.co/image/ab676161000051740a5c692089af5c0f9cf839f3
2026-04-23,in,India,37,1,Sid Sriram,7qjJw7ZM2ekDSahLXPjIlN,https://i.scdn.co/image/ab67616100005174ef6a8800763bf428e85940a6
2026-04-23,in,India,38,2,Gur Sidhu,0QntOArZgiNHoemAzwJPu5,https://i.scdn.co/image/ab67616100005174ce6061ee369719403537b902
2026-04-23,in,India,39,2,Vishal Mishra,5wJ1H6ud777odtZl5gG507,https://i.scdn.co/image/ab676161000051742ab7328003efce0578d1ed91
2026-04-23,in,India,40,1,Chinmayi,5UJ2sHO2ELrgW6aXeRLTQQ,https://i.scdn.co/image/ab676161000051748b1862a929651ee5ff4ce67c
2026-04-23,in,India,41,2,Rahat Fateh Ali Khan,3OLGltG8UPIea8sA4w0yg0,https://i.scdn.co/image/ab67616100005174ac45eaf028dc58810df0f382
2026-04-23,in,India,42,1,Manoj Muntashir,4cAERazLlAzVGA10ORWaUP,https://i.scdn.co/image/ab67616100005174e47745d8954f918f2a41c315
2026-04-23,in,India,43,2,Sai Abhyankkar,5jJrJU7VVmxQQLcLAmmxXc,https://i.scdn.co/image/ab676161000051740a27dbc5eb270fd2e78b9cbb
2026-04-23,in,India,44,–,Anu Malik,71hjb5G92mGoKRSAW3Cj00,https://i.scdn.co/image/ab67616100005174d7e0f6a3b721c781859ce6bc
2026-04-23,in,India,45,3,Kishore Kumar,0GF4shudTAFv8ak9eWdd4Y,https://i.scdn.co/image/ab67616100005174c9ac92d87de28795c1c49730
2026-04-23,in,India,46,2,Mohit Chauhan,5GnnSrwNCGyfAU4zuIytiS,https://i.scdn.co/image/ab6761610000517416691117e2ba803946b203ba
2026-04-23,in,India,47,1,Sajid-Wajid,3qdu3XhzSzkRhbwdFKnSuw,https://i.scdn.co/image/ab6761610000517465cf6599905816df2347a58a
2026-04-23,in,India,48,1,Ikky,3nqS8jzqmsPKFJTp0BOIel,https://i.scdn.co/image/ab67616100005174f4d9ec31f98d559d7918b21d
2026-04-23,in,India,49,2,Diljit Dosanjh,2FKWNmZWDBZR4dE5KX4plR,https://i.scdn.co/image/ab67616100005174fc043bea91ac91c222d235c9
2026-04-23,in,India,50,3,Jeet Gannguli,2kkQthS9OLpK4UqNWYqoVl,https://i.scdn.co/image/ab676161000051746adc98db259e563ee2352b85
2026-04-23,in,India,51,1,Sidhu Moose Wala,4PULA4EFzYTrxYvOVlwpiQ,https://i.scdn.co/image/ab676161000051749973157bdaedef3f77ef8e13
2026-04-23,in,India,52,2,Hariharan,2NoJ7NuNs9nyj8Thoh1kbu,https://i.scdn.co/image/ab676161000051749042ffa2a66773410eca8870
2026-04-23,in,India,53,2,Cheema Y,0uOUeC51AxGnP6hB8gurwt,https://i.scdn.co/image/ab676161000051748acd9439506d057719cb4446
2026-04-23,in,India,54,7,Asha Bhosle,5as8A4G47Ohu9NSWs3Je8U,https://i.scdn.co/image/ab676161000051747c6855a92b408b6f82f3e6d1
2026-04-23,in,India,55,1,Amit Trivedi,7HCqGPJcQTyGJ2yqntbuyr,https://i.scdn.co/image/ab67616100005174a37271f7a4862a6e99ce345f
2026-04-23,in,India,56,5,Thaman S,2FgHPfRprDaylrSRVf1UlN,https://i.scdn.co/image/ab676161000051741edc6d40afbea5426d0cfe0f
2026-04-23,in,India,57,7,Faheem Abdullah,05etL4pzWd6TSv1x5WrlG3,https://i.scdn.co/image/ab67616100005174c3342f506f238d63c9dee119
2026-04-23,in,India,58,1,Sameer Anjaan,5sifufajls8Q6k04Y4F8mH,https://i.scdn.co/image/ab676161000051742479b87faa4bf7a93abd1b33
2026-04-23,in,India,59,9,Dhanda Nyoliwala,2rN8LHqK4TBI7y3d9POvJb,https://i.scdn.co/image/ab67616100005174816ad67bfe38d59ad0bc3a88
2026-04-23,in,India,60,–,AP Dhillon,6LEG9Ld1aLImEFEVHdWNSB,https://i.scdn.co/image/ab67616100005174fb505b37709fa86cfd8f55b3
2026-04-23,in,India,61,4,R. D. Burman,2JSYASbWU5Y0fVpts3Eq7g,https://i.scdn.co/image/ab67616100005174d3b213d51e0ea60f0c768a38
2026-04-23,in,India,62,3,Sachet-Parampara,1SyKki7JI1AZNKwgNMkn25,https://i.scdn.co/image/ab676161000051749415df28058107b5d54f9fad
2026-04-23,in,India,63,5,Banjaare,7IbxsPdlYelceWNyHAor55,https://i.scdn.co/image/ab67616100005174964421905a996a363c3a8802
2026-04-23,in,India,64,1,Jubin Nautiyal,1tqysapcCh1lWEAc9dIFpa,https://i.scdn.co/image/ab67616100005174716a9e718655bd0374073ef7
2026-04-23,in,India,65,3,BTS,3Nrfpe0tUJi4K4DXYWgMUX,https://i.scdn.co/image/ab67616100005174f80ec63ea7a0ef0fba60957d
2026-04-23,in,India,66,7,Shubh,5r3wPya2PpeTTsXsGhQU8O,https://i.scdn.co/image/ab676161000051749dfbd284ba8a7d4876a181e3
2026-04-23,in,India,67,–,Karthik,0LSPREIgGMZXCuKVel7LVD,https://i.scdn.co/image/ab676161000051748478d51aae43fba6a503054c
2026-04-23,in,India,68,2,Aditya Rikhari,3ozYqVCLohfpXIhalkhM8D,https://i.scdn.co/image/ab67616100005174482c8b15eab378fdebc5e05e
2026-04-23,in,India,69,1,Anuv Jain,4gdMJYnopf2nEUcanAwstx,https://i.scdn.co/image/ab67616100005174a837a6cb82dd949d5e1f9b53
2026-04-23,in,India,70,1,Pawan Singh,1T7MiVJ2MJlR5GKi11w4VT,https://i.scdn.co/image/ab67616100005174337a8e086da8cc3ff50f41a8
2026-04-23,in,India,71,3,Anuradha Paudwal,4hkB2bR5ek6lJChj6aunCn,https://i.scdn.co/image/ab676161000051749c22e0ff8c09b0128f67393e
2026-04-23,in,India,72,–,Amaal Mallik,76fuWYgIf3TVIopTs3vaJ6,https://i.scdn.co/image/ab67616100005174c1559c29cb61d249075a8b86
2026-04-23,in,India,73,1,Vishal Dadlani,6CXEwIaXYfVJ84biCxqc9k,https://i.scdn.co/image/ab6761610000517476328e37a2c1280ab9adb90c
2026-04-23,in,India,74,4,Vivek,25Pa1Vz1ZuTHmXPiYeMcgx,https://i.scdn.co/image/ab67616d00001e02f5f2a6705dfe3c2fe11028c8
2026-04-23,in,India,75,4,Javed Ali,4W91bbPB2CTSsHwt7eqNl7,https://i.scdn.co/image/ab6761610000517484e0829f8e8abff52255fbd3
2026-04-23,in,India,76,–,Shilpa Rao,19LIHDDSHBD5NyYHI3gpzB,https://i.scdn.co/image/ab67616100005174ada368118a052fb40d3f1a68
2026-04-23,in,India,77,2,Kunaal Vermaa,52XgeWw24o4klNdfwvB0Vx,https://i.scdn.co/image/ab67616100005174187491994c7bb4d30d7c8e6e
2026-04-23,in,India,78,1,Shilpi Raj,12HVwm3qt6gOkKhDoj00m4,https://i.scdn.co/image/ab6761610000517434b1b490b6090336abbae4af
2026-04-23,in,India,79,9,Badshah,0y59o4v8uw5crbN9M3JiL1,https://i.scdn.co/image/ab67616100005174c2b02f1ca1503fa275fb7a10
2026-04-23,in,India,80,11,Swara Verma,1p8AG9V0Y60vhvdYdRbxqn,https://i.scdn.co/image/ab676161000051741d4583c5c2de3a08d106ed84
2026-04-23,in,India,81,–,Jatin-Lalit,4YgUVg4p7xtMOrOS4GjiJZ,https://i.scdn.co/image/ab676161000051741dc3081fe7fea3d0e55f3d85
2026-04-23,in,India,82,2,Sachet Tandon,6WOdPJmexxFINcKMkP2jMG,https://i.scdn.co/image/ab67616100005174e34fad78221a2cb31da57946
2026-04-23,in,India,83,1,Guru Randhawa,5rQoBDKFnd1n6BkdbgVaRL,https://i.scdn.co/image/ab67616100005174531f6fb5759f44e7c3d707d6
2026-04-23,in,India,84,1,Parampara Tandon,1E6arsXf5Fgsnv9YpSzjpE,https://i.scdn.co/image/ab6761610000517448674ec2817092d55d514c91
2026-04-23,in,India,85,1,Mani Sharma,3AMxH9QIPZbK8ND8C9j4Ss,https://i.scdn.co/image/ab6761610000517470c34ba2f2f6f7f670700007
2026-04-23,in,India,86,2,S. Janaki,5Xpg6PBSUOoho2lI9qLjiu,https://i.scdn.co/image/ab6772690000bac3efaf8882f562760329d1edf6
2026-04-23,in,India,87,–,K. J. Yesudas,2wPsNCwhEGb0KvChZ5DD52,https://i.scdn.co/image/ab67616100005174dd746a334ae236bb7a95c1d5
2026-04-23,in,India,88,2,Jaani,5gZhfbckaWo89OzDSk3gdT,https://i.scdn.co/image/ab6761610000517425745e4d94f2f780b62fdee3
2026-04-23,in,India,89,–,Neeti Mohan,3ZxZ03fj3tXBZHZWzvaLSM,https://i.scdn.co/image/ab67616100005174212d83a063eaf99fc525040e
2026-04-23,in,India,90,1,Rochak Kohli,3dN9MQpjIyNxyeRfz4EDZe,https://i.scdn.co/image/ab67616100005174e09b58bac3afccac3e6e546b
2026-04-23,in,India,91,1,Abhijeet,2ZRrPOjBIWoKK5rHedLijj,https://i.scdn.co/image/ab6761610000517420508d4335cdc0a3ec65a3aa
2026-04-23,in,India,92,2,Ajay-Atul,5fvTHKKzW44A9867nPDocM,https://i.scdn.co/image/ab67616100005174155a680a466ced2ee6679e54
2026-04-23,in,India,93,43,Justin Bieber,1uNFoZAHBGtllmzznpCI3s,https://i.scdn.co/image/ab67616100005174af20f7db5288bce9beede034
2026-04-23,in,India,94,2,Vidyasagar,5TB837uKG65w8Jnz5D0bS5,https://i.scdn.co/image/ab67616100005174c44f0959a67fd5f94761041a
2026-04-23,in,India,95,10,Satinder Sartaaj,4rgw8A5vcYinpZLDKHrEdV,https://i.scdn.co/image/ab67616100005174e9ebc5af995a559c6b73f978
2026-04-23,in,India,96,4,Tulsi Kumar,0T1CMVkqffHlqEk4BcAph1,https://i.scdn.co/image/ab676161000051742f10dee0091f95a8207aacfb
2026-04-23,in,India,97,1,Armaan Malik,4IKVDbCSBTxBeAsMKjAuTs,https://i.scdn.co/image/ab67616100005174363d9b8ebe3df4a4ce2d91e0
2026-04-23,in,India,98,5,Shaarib Toshi,0FJz7XR37hH69traaHLijA,https://i.scdn.co/image/ab676161000051742fc11c068e71fdc6f848d1ab
2026-04-23,in,India,99,6,Anand-Milind,2owjgBZQ70LoCNHIgW3gSk,https://i.scdn.co/image/ab67616d00001e02f5fc91a05e4380122d8359b3
2026-04-23,in,India,100,3,The Weeknd,1Xyo4u8uXC1ZmMpatF05PJ,https://i.scdn.co/image/ab67616100005174c1719ac9e6a75c1c25835018
2026-04-23,in,India,101,4,Haricharan,1QvyquqkuuwUzdszyoKIy4,https://i.scdn.co/image/ab67616100005174384fd0e7c27c17a9a21adbe7
2026-04-23,in,India,102,–,Neha Kakkar,5f4QpKfy7ptCHwTqspnSJI,https://i.scdn.co/image/ab676161000051742c3c6dc56635014fa90b32a6
2026-04-23,in,India,103,1,Madhubanti Bagchi,4ojkMVHjuDZgDXSJy5qs2h,https://i.scdn.co/image/ab67616100005174d2e401323c697e59fdfd03b8
2026-04-23,in,India,104,3,B Praak,56SjZARoEvag3RoKWIb16j,https://i.scdn.co/image/ab676161000051740e03d94a7d567c5d4f73d3ed
2026-04-23,in,India,105,6,Anand Raj Anand,5ixQ5hSywFLUaxoaA0uVaH,https://i.scdn.co/image/ab67616100005174d0c4050859e273477e1f2b9b
2026-04-23,in,India,106,–,Kailash Kher,4oVMLzAqW6qhRpZWt8fNw4,https://i.scdn.co/image/ab67616100005174c6d179e514b5cfe685f19a2e
2026-04-23,in,India,107,12,Nusrat Fateh Ali Khan,5HcunTidTUrOaf8V0iJcvl,https://i.scdn.co/image/ab6761610000517446444c5c2069fe5470bec996
2026-04-23,in,India,108,2,Vairamuthu,1hFqbxc2MxieBIU4MqIEWm,https://i.scdn.co/image/ab67616100005174f94fe0ddce6b7868f4142f5b
2026-04-23,in,India,109,3,Na.Muthukumar,3xRtandQusLOaCPqLJ0ia2,https://i.scdn.co/image/ab67616d00001e02a4c14fb65103b81557ac21a2
2026-04-23,in,India,110,2,Palak Muchhal,3yMmYEklQ7gLOZXEFNd3xr,https://i.scdn.co/image/ab676161000051740608ee2e47f6f470211831b9
2026-04-23,in,India,111,4,Mohammed Rafi,0gXDpqwYNDODn7fB0RDN8J,https://i.scdn.co/image/ab67616100005174261c13ddd720afec5c1dfd4e
2026-04-23,in,India,112,1,Sujatha,2JEjaa7hWhE1BbL3OcoeFR,https://i.scdn.co/image/ab676161000051741515f0d5724076f9cfaf8b27
2026-04-23,in,India,113,2,Laxmikant–Pyarelal,3yS84AjNFqhmuJlIXy7sax,https://i.scdn.co/image/ab67616d00001e02fe77bd21eb38ff74b5f21524
2026-04-23,in,India,114,4,Benny Dayal,61if35zz1W11GejEkxTLEQ,https://i.scdn.co/image/ab67616100005174c88897f144b4df438ec58727
2026-04-23,in,India,115,1,Sadhana Sargam,1HGMG8RHvcu1mfdM9MeTek,https://i.scdn.co/image/ab676161000051749ec194a489e4f6c0d9515b60
2026-04-23,in,India,116,4,Arjan Dhillon,64DvMieEUCdrYKmEIhDt8G,https://i.scdn.co/image/ab67616100005174b27bbc694979e8164b6da141
2026-04-23,in,India,117,7,Kausar Munir,3GBSge8pq7mpezUQl0GAOA,https://i.scdn.co/image/ab676161000051741d00708b0445af3d31f3d67c
2026-04-23,in,India,118,1,Santhosh Narayanan,5FVBduYaeVBb6JIghza7v6,https://i.scdn.co/image/ab67616100005174a52538772891f66547e1ebc3
2026-04-23,in,India,119,2,Hiphop Tamizha,7zFBW2JxM4bgTTKxCRcS8Q,https://i.scdn.co/image/ab6761610000517467a9c256bee82482d82f2716
2026-04-23,in,India,120,11,Armaan Khan,68CFADZWUwvJMqkCeqmxMJ,https://i.scdn.co/image/ab67616100005174d14f7fe0a0f6c3e30f5620b6
2026-04-23,in,India,121,2,Dhanush,2F3KtUVtrt2GLjcl6pB4cz,https://i.scdn.co/image/ab676161000051744624051fef26f472c786d7c0
2026-04-23,in,India,122,7,Amanraj Gill,07hzX8SH6CEg7B2yl4hoKs,https://i.scdn.co/image/ab676161000051748fee197e04a339b998ec5922
2026-04-23,in,India,123,7,Talwiinder,6QoCrBHsojKnOrsGNfRcTN,https://i.scdn.co/image/ab67616100005174deee9abf607a1dd10f28756e
2026-04-23,in,India,124,1,Rashmi Virag,5r2baeTwcCJnuIsDIlxUJo,https://i.scdn.co/image/ab676161000051749b85b43f50d7d58935e6c3a0
2026-04-23,in,India,125,1,Sukhwinder Singh,19MVxKZZdPj2X0F8pi0OCT,https://i.scdn.co/image/ab67616100005174c89e803f887e3829819bf82a
2026-04-23,in,India,126,2,Darshan Raval,2GoeZ0qOTt6kjsWW4eA6LS,https://i.scdn.co/image/ab67616100005174b26146b5962c243babaa11f0
2026-04-23,in,India,127,5,Vikram Sarkar,4naSOUBsPQeISuibs56w6Y,https://i.scdn.co/image/ab6761610000517466c49b2a809de1ce4762cc8c
2026-04-23,in,India,128,3,M. M. Keeravaani,12l1SqSNsg2mI2IcXpPWjR,https://i.scdn.co/image/ab6761610000517452d0a69e1840de19b3d651b6
2026-04-23,in,India,129,1,Gajendra Verma,1yzgJmZf5CxtFfGfRFm4Si,https://i.scdn.co/image/ab67616100005174c0d6c475ec2156fa07a11c67
2026-04-23,in,India,130,4,Deva,1aXtuiimQwgW8Xqztgp4Kf,https://i.scdn.co/image/ab67616100005174ae1ab045d5dbbe65256d7d2c
2026-04-23,in,India,131,2,M. G. Sreekumar,3wjaprBWmoSJn4KP9tgkxt,https://i.scdn.co/image/ab67616100005174420ab40f8683e3e34251859f
2026-04-23,in,India,132,–,Kavita Krishnamurthy,6WPmTGeeoymoVlXVtsCwz7,https://i.scdn.co/image/ab676161000051744f1d4019906979d45f7200a3
2026-04-23,in,India,133,6,Salim–Sulaiman,6ohaQzKaXrobAL8paLSaxq,https://i.scdn.co/image/ab6761610000517413a6f2195deea1f736d046e4
2026-04-23,in,India,134,1,Shiva Choudhary,3KOSRNy74RLnTAFn0u1tmN,https://i.scdn.co/image/ab6761610000517490ccd6d2b91358eb55e166b3
2026-04-23,in,India,135,8,Zubeen Garg,3mpgtUc7wYBNjr04gEiQ4u,https://i.scdn.co/image/ab67616100005174c921245b32947c7d61a7356c
2026-04-23,in,India,136,19,Khan Saab,5Uo28tAylVBPPW2Cs8LFwN,https://i.scdn.co/image/ab67616d00001e0232f791707c47d5f7636f3982
2026-04-23,in,India,137,2,Ankit Tiwari,0E02VcvA5p1ndkLdqWD5JB,https://i.scdn.co/image/ab67616100005174508b6c4016930382af5ea17f
2026-04-23,in,India,138,–,Roop Kumar Rathod,03SZmfKAgYRQKUwy0EoJUa,https://i.scdn.co/image/ab67616100005174ed9f71fa78741d6b30cb7d49
2026-04-23,in,India,139,4,Vijay Prakash,4iA6bUhiZyvRKJf4FNVX39,https://i.scdn.co/image/ab67616100005174dd9861f139278c57ca97f0be
2026-04-23,in,India,140,4,Shaan,5cB4d4jPYjMT326sjihQ4m,https://i.scdn.co/image/ab676161000051742573d940f1062a6646891e50
2026-04-23,in,India,141,–,Taylor Swift,06HL4z0CvFAxyc27GXpf02,https://i.scdn.co/image/ab67616100005174e2e8e7ff002a4afda1c7147e
2026-04-23,in,India,142,–,Khesari Lal Yadav,69WMBCOrVeaxtZJCowDJ0a,https://i.scdn.co/image/ab67616100005174034aea83b2e079e11db4eb53
2026-04-23,in,India,143,2,Jonita Gandhi,00sCATpEvwH48ays7PlQFU,https://i.scdn.co/image/ab67616100005174a308d2dbeeb587cb5e9220db
2026-04-23,in,India,144,5,Jasleen Royal,74OaRjmyh0XyRZsQQQ5l7c,https://i.scdn.co/image/ab67616100005174e420e50a3b2dba350dfa2d01
2026-04-23,in,India,145,3,Ashu Twinkle,5J23fam8Qq5thmzmk91qob,https://i.scdn.co/image/ab67616100005174801d3cba60860a723ff35781
2026-04-23,in,India,146,–,Sooraj Santhosh,66PGnr0hE7ZIcWir6IwitB,https://i.scdn.co/image/ab676161000051741bd321ac4d233a1a6438589c
2026-04-23,in,India,147,8,Shafqat Amanat Ali,5SuRAj1A9FEHj5NxS86YAm,https://i.scdn.co/image/ab676161000051743a597aea2383628fa4993388
2026-04-23,in,India,148,3,Asees Kaur,1sVmXkzX2ukc6QvasrDBES,https://i.scdn.co/image/ab67616100005174c907b6b1feb4d6b09a3fbde1
2026-04-23,in,India,149,3,Raj Shekhar,2DFCHTDIA0t638a4mm37dK,https://i.scdn.co/image/ab67616100005174b608a48715214fba34187a8b
2026-04-23,in,India,150,13,Reble,3MsxNLVtDVGxjEaxgKAoi0,https://i.scdn.co/image/ab67616100005174f43b173d37b8cc00df37e804
2026-04-23,in,India,151,11,Vignesh Shivan,1yzwPGlvrRLlhYkCRYde5z,https://i.scdn.co/image/ab67616d00001e0215ddf097f78e749a9eda365c
2026-04-23,in,India,152,1,Divya Kumar,0NErdIJtuKBjtxKmlqaWdj,https://i.scdn.co/image/ab6761610000517483a8f2d61713ae45395f79ad
2026-04-23,in,India,153,1,Shweta Mohan,1rdQOMFFtoskDXXUVjiGo9,https://i.scdn.co/image/ab676161000051746c88b5f7f43673d7da82976e
2026-04-23,in,India,154,7,Bappi Lahiri,2jqTyPt0UZGrthPF4KMpeN,https://i.scdn.co/image/ab6761610000517455a6d0bb223dbe4d87b8470b
2026-04-23,in,India,155,15,Sudhir Yaduvanshi,586UieDtNlK2F8hEMayYbb,https://i.scdn.co/image/ab676161000051744bf4e0ab5b100719b11d4aa5
2026-04-23,in,India,156,7,Mustafa Zahid,71oGOxg5ez52Hh1Ye41A98,https://i.scdn.co/image/ab676161000051749e1e7dbe7d055ed49783cf61
2026-04-23,in,India,157,7,Vaali,7m3MZA0qYo7ZHvsDONlc5r,https://i.scdn.co/image/ab67616d00001e02ff3e3dcc8b72e3315b7a04d9
2026-04-23,in,India,158,3,Naresh Iyer,7FaGCZiP3s6X7jQTB8EhfI,https://i.scdn.co/image/ab6761610000517491b1fee63c1f640fac0e9201
2026-04-23,in,India,159,1,Gopi Sundar,4xlqU0G9EloUPHL1qlmWY6,https://i.scdn.co/image/ab676161000051741a17377fa816d625eb8e7435
2026-04-23,in,India,160,4,Navjot Ahuja,7pVf872VEuJQBwiuRFSg4w,https://i.scdn.co/image/ab67616100005174fc25b09e6a4ca0fae1ce7adb
2026-04-23,in,India,161,7,Shruti Haasan,06vOoTzj6cIac9FMbNXz9h,https://i.scdn.co/image/ab67616100005174552a9c09b6a94be0a0510ee8
2026-04-23,in,India,162,5,Mxrci,5Us2dsq4VHlfLbKOrskg7K,https://i.scdn.co/image/ab6761610000517450ff28ec23b5ba4c4e51f488
2026-04-23,in,India,163,New,Sheheryar Rehan,4uulqSsU6e7BdsYYos6kfS,https://i.scdn.co/image/ab67616100005174d2f3837be86f0095dd12e6eb
2026-04-23,in,India,164,1,Jakes Bejoy,3Q80PCEUBCiRhLSWdQApNt,https://i.scdn.co/image/ab676161000051745a2cc853c42d0043ac5aca82
2026-04-23,in,India,165,4,Neeraj Shridhar,3tHD07u1ON4uHxmnT9rwqZ,https://i.scdn.co/image/ab67616d00001e02f636f602313d09930701de59
2026-04-23,in,India,166,–,Ramajogayya Sastry,4GISoVSxo2LkF5EyorXs9W,https://i.scdn.co/image/ab67616d00001e026d97b3dc154dfdbe2321fb5c
2026-04-23,in,India,167,5,Tippu,0PykiHCcDsMPRV7s67qZ1B,https://i.scdn.co/image/ab67616100005174b6206906f4aa197f662b43f5
2026-04-23,in,India,168,9,Justin Prabhakaran,3ocTwOjekTkFdD695eKuQr,https://i.scdn.co/image/ab67616100005174f3d44f3a6041376f07f5caaa
2026-04-23,in,India,169,9,Navaan Sandhu,6PdJJhJWHFRtoERTQ8JGq1,https://i.scdn.co/image/ab67616100005174c6c0a2c74c38c968caf37e3e
2026-04-23,in,India,170,1,Mano,3NzhVoa20crNtp1p4zE8um,https://i.scdn.co/image/ab6761610000517430d23167c4efff2a76c76d1f
2026-04-23,in,India,171,New,Zoha Waseem,20DlRoUeIcVHGEEgYuvvZ8,https://i.scdn.co/image/ab67616100005174f635120bb7ba0b8adb9d2051
2026-04-23,in,India,172,1,V. Harikrishna,2zPbgeprcP9vP4hbb0xQUX,https://i.scdn.co/image/ab67616100005174f9053f59750d5427d0f2735c
2026-04-23,in,India,173,10,Kabilan,2MxriAGmcX5lgQt3SFyru6,https://i.scdn.co/image/ab67616d00001e0288e8556a37352792279e50fa
2026-04-23,in,India,174,5,Mika Singh,5T2I75UlGBcWd5nVyfmL13,https://i.scdn.co/image/ab676161000051748c08bdd45ae222cad2f7ef1a
2026-04-23,in,India,175,2,Vijay Antony,6CtYzQvENTdGq5LPPsePdV,https://i.scdn.co/image/ab6772690000bac351320f1823e1b38521de23fd
2026-04-23,in,India,176,26,Mitta Ror,3qWCWW0lyHpnj6E1cYwtKV,https://i.scdn.co/image/ab6761610000517475ccc386ec0099e681754115
2026-04-23,in,India,177,3,Kushagra,2IKfr1JgPRXmXKAWwrABc6,https://i.scdn.co/image/ab67616100005174533b5cebeb16ff7c8d6d0d04
2026-04-23,in,India,178,8,Neelkamal Singh,2pywmTkxO0H1CY8ZXSJTSC,https://i.scdn.co/image/ab67616100005174f659e690afaf665d7752edf9
2026-04-23,in,India,179,5,Saaheal,29S4JzoFUP1MCyMgKd83zM,https://i.scdn.co/image/ab67616100005174f9fd3dcde864e6aecdd61a5e
2026-04-23,in,India,180,4,Swarnalatha,7N0SBLJFpCyQSsv4MfRJ5d,https://i.scdn.co/image/ab67616d00001e02c0752734410c291146adf138
2026-04-23,in,India,181,7,Gurlez Akhtar,55kkrbuMkdzPGD7YGA6xrJ,https://i.scdn.co/image/ab67616100005174dad91d06dd67ad61e0252fd3
2026-04-23,in,India,182,–,D. Imman,1QcBqYUeQ4Ux3itkdDaFi0,https://i.scdn.co/image/ab67616100005174859ef7414772b7d07526d40a
2026-04-23,in,India,183,5,Altamash Faridi,38IHJBGBuaYXHEkIQd4DtF,https://i.scdn.co/image/ab67616d00001e02130330c03519a50ed76ad3f6
2026-04-23,in,India,184,8,Nikhita Gandhi,3tPQOjkxO3mrYrrgkTeXgH,https://i.scdn.co/image/ab67616100005174628dbda01ef16646aac182b6
2026-04-23,in,India,185,–,Javed Akhtar,3UpmjPgIFSGqnxXuiwD014,https://i.scdn.co/image/ab67616100005174e238fdbc572e920322b68d4e
2026-04-23,in,India,186,–,Mahalakshmi Iyer,0Yb0T3wUUNiIvHjqnfkbuH,https://i.scdn.co/image/ab67616100005174917bf7b3a0d7e8621a0bbed0
2026-04-23,in,India,187,6,Vinayak Sasikumar,51jfCC7m2rTGPDz06E2nvS,https://i.scdn.co/image/ab676161000051749eaf19623207dfe5105c731b
2026-04-23,in,India,188,1,Gulzar,0yRC5n90spXG0d3aiDQ0vB,https://i.scdn.co/image/ab6761610000517427444a2555c1538c36d54c61
2026-04-23,in,India,189,22,Paresh Pahuja,0DHOOKfXu4aU7LsWjTdrIN,https://i.scdn.co/image/ab67616100005174bf947af29147d3bf81b329c3
2026-04-23,in,India,190,3,Anuradha Sriram,5ObQXIcqKtQENK14lQyqiy,https://i.scdn.co/image/ab6761610000517438b24892ba1c9fbdb1a5e050
2026-04-23,in,India,191,–,Shekhar Ravjiani,4xd7mLI7urqrxELaXhAvzw,https://i.scdn.co/image/ab676161000051740263d0b9ef1904e610765d56
2026-04-23,in,India,192,3,Pradeep Kumar,15ClyGUe5g2vllncIC4tp6,https://i.scdn.co/image/ab676161000051748bad2f4b1b3159d8c3d29f45
2026-04-23,in,India,193,Re-Entry,Bharath,1zD9gVg8wPOmVfYxTjMHaT,https://i.scdn.co/image/ab676161000051740f227a1cae8b098eabb2315b
2026-04-23,in,India,194,2,Nakash Aziz,4kq8z3vydHjPDggxb16ErB,https://i.scdn.co/image/ab6761610000517427dcf20a4ef3aea2712aa3e5
2026-04-23,in,India,195,2,Meet Bros.,0qpsFfOT3SmdGmnyV6rOhS,https://i.scdn.co/image/ab67616100005174594a6a4881926600966cddb0
2026-04-23,in,India,196,Re-Entry,Hansika Pareek,0RVfcqug2nB820dxIGycIW,https://i.scdn.co/image/ab6761610000517469eec340b6cae152bd866fbf
2026-04-23,in,India,197,23,Afsana Khan,4z0z82pXirH1TrygipQlOo,https://i.scdn.co/image/ab67616100005174ec3983f042918239cd955474
2026-04-23,in,India,198,23,Shiv Tandan,74wYoI5DV3XZGJri7l9cOP,https://i.scdn.co/image/ab67616100005174c577bcdd6deee88e62c16db2
2026-04-23,in,India,199,1,Sean Roldan,3TUNkjIHkcvEy9oeK2D4hU,https://i.scdn.co/image/ab676161000051743d12758bbbdf8c00145dda1d
2026-04-23,in,India,200,Re-Entry,Sohail Sen,1bTROl5p3rGTpvKeWnGgrw,https://i.scdn.co/image/ab6761610000517493129f8524598bf1ef06ddb7